# callgrind format
version: 1
creator: callgrind-3.18.1
pid: 334254
cmd:  ./main 5
part: 1


desc: I1 cache: 
desc: D1 cache: 
desc: LL cache: 

desc: Timerange: Basic block 0 - 98452944
desc: Trigger: Program termination

positions: line
events: Ir
summary: 241906647


ob=(5) /usr/lib/x86_64-linux-gnu/libgomp.so.1.0.0
fl=(145) ???
fn=(1304) 0x000000000001dac0
0 3388
cfn=(1286) 0x00000000000206b0
calls=77 0 
0 271652
0 113417
cfn=(1286)
calls=56670 0 
0 87008020
0 509672
cob=(6) /home/calo8122/HPP/SudokuSolverC/main
cfi=(183) /home/calo8122/HPP/SudokuSolverC/main.c
cfn=(1318) is_valid_placement_parallel._omp_fn.0
calls=56673 356 
0 7436441
0 113346
cfn=(1346) 0x0000000000020910
calls=56673 0 
0 87257047
0 170010

fn=(1324) 0x000000000000ef80
0 1438104

fn=(810) 0x00000000000318a0
0 35
cob=(2) ???
cfi=(50) ???
cfn=(812) 0x0000000004883910
calls=1 0 
0 842
0 5

fn=(1346)
0 108044188

fn=(1396) 0x000000000001f740
0 23058

fn=(1110) GOMP_parallel_sections
0 53816
cfn=(1112) 0x00000000000147e0
calls=3844 0 
0 130696
0 11532
cfn=(1126) 0x000000000001dc40
calls=3844 0 
0 324445
0 49972
cfn=(1164) 0x000000000001de50
calls=3844 0 
0 35711025
0 7686
cob=(6)
cfi=(183)
cfn=(1318)
calls=3843 356 
0 487160
0 23058
cfn=(1378) GOMP_parallel_end
calls=3843 0 
0 21106110

fn=(1112)
0 130696

fn=(1286)
0 117759052

fn=(1336) GOMP_sections_end_nowait
0 1028772

fn=(1378)
0 88389
cfn=(1346)
calls=3843 0 
0 20787141
0 19215
cfn=(1396)
calls=3843 0 
0 23058
0 3843
cfn=(1402) 0x0000000000016f10
calls=3843 0 
0 57645
0 126819

fn=(944) 0x000000000001f650
0 4
cfn=(654) 0x000000000000d840
calls=1 0 
0 193
0 5
cfn=(948) 0x0000000000016ea0
calls=1 0 
0 18
0 5
cob=(2)
cfi=(50)
cfn=(952) 0x0000000004883cf0
calls=1 0 
0 1039
0 3

fn=(1190) 0x000000000000d8a0
0 24
cob=(2)
cfi=(50)
cfn=(1192) 0x0000000004883b00
calls=6 0 
0 2252
0 24

fn=(1322) GOMP_sections_next
0 576384
cfn=(1324)
calls=72048 0 
0 1438104
0 659964

fn=(500) 0x000000000000bb90
0 13
cob=(2)
cfi=(50)
cfn=(502) 0x00000000048836d0
calls=1 0 
0 1101
0 5
cfn=(518) 0x000000000000b020
calls=1 0 
0 404
0 3
cfn=(518)
calls=1 0 
0 422
0 3
cfn=(518)
calls=1 0 
0 422
0 5
cfn=(532) 0x000000000000b230
calls=1 0 
0 459
0 2
cob=(2)
cfi=(50)
cfn=(502)
calls=1 0 
0 404
0 8
cfn=(532)
calls=1 0 
0 459
0 2
cob=(2)
cfi=(50)
cfn=(502)
calls=1 0 
0 386
0 10
cfn=(534) 0x000000000000b100
calls=1 0 
0 436
0 8
cfn=(532)
calls=1 0 
0 1225
0 1
cfn=(582) 0x0000000000020090
calls=1 0 
0 11346
0 4
cob=(2)
cfi=(50)
cfn=(502)
calls=1 0 
0 386
0 10
cfn=(532)
calls=1 0 
0 441
0 5
cfn=(532)
calls=1 0 
0 459
0 2
cob=(2)
cfi=(50)
cfn=(502)
calls=1 0 
0 386
0 9
cfn=(534)
calls=1 0 
0 436
0 5
cob=(2)
cfi=(50)
cfn=(502)
calls=1 0 
0 386
0 6
cob=(2)
cfi=(50)
cfn=(502)
calls=1 0 
0 404
0 6
cob=(2)
cfi=(50)
cfn=(502)
calls=1 0 
0 404
0 5
cob=(2)
cfi=(50)
cfn=(502)
calls=1 0 
0 386
0 8
cob=(2)
cfi=(50)
cfn=(502)
calls=1 0 
0 386
0 9
cob=(2)
cfi=(50)
cfn=(768) 0x0000000004883970
calls=1 0 
0 864
0 2
cfn=(778) 0x000000000000b9c0
calls=1 0 
0 410
0 4
cfn=(778)
calls=1 0 
0 410
0 4
cob=(2)
cfi=(50)
cfn=(502)
calls=1 0 
0 386
0 8
cfn=(532)
calls=1 0 
0 441
0 6
cob=(2)
cfi=(50)
cfn=(502)
calls=1 0 
0 386
0 5
cob=(2)
cfi=(50)
cfn=(502)
calls=1 0 
0 404
0 4
cfn=(810)
calls=1 0 
0 882
0 18
cfn=(518)
calls=1 0 
0 404
0 27
cob=(2)
cfi=(50)
cfn=(572) 0x0000000004883780
calls=1 0 
0 392
0 12

fn=(532)
0 72
cfn=(534)
calls=6 0 
0 3346
0 66

fn=(1140) 0x000000000000d8d0
0 42
cob=(2)
cfi=(50)
cfn=(1142) 0x0000000004883a30
calls=6 0 
0 3469
0 24

fn=(1158) 0x000000000001f6a0
0 61504

fn=(1164)
0 303676
cfn=(948)
calls=3844 0 
0 69192
0 79033
cfn=(948)
calls=77 0 
0 1386
0 1309
cob=(2)
cfi=(50)
cfn=(1234) 0x0000000004883b20
calls=77 0 
0 86371
0 2317257
cfn=(948)
calls=56608 0 
0 1018944
0 1321276
cfn=(1286)
calls=3838 0 
0 30408022
0 18
cfn=(1286)
calls=6 0 
0 71358
0 30811
cfn=(1190)
calls=6 0 
0 2300
0 72

fn=(518)
0 32
cob=(2)
cfi=(50)
cfn=(502)
calls=4 0 
0 1580
0 40

fn=(654)
0 32
cob=(2)
cfi=(50)
cfn=(656) 0x0000000004883a50
calls=8 0 
0 2499
0 32

fn=(948)
0 1089540

fn=(1402)
0 57645

fn=(534)
0 121
cob=(2)
cfi=(50)
cfn=(572)
calls=1 0 
0 1171
0 120
cob=(2)
cfi=(50)
cfn=(502)
calls=7 0 
0 2792
0 14

fn=(1126)
0 50014
cfn=(1140)
calls=6 0 
0 3535
0 84
cfn=(1158)
calls=6 0 
0 96
0 26866
cfn=(1158)
calls=3838 0 
0 61408
0 180662
cfn=(654)
calls=6 0 
0 1480
0 60
cob=(2)
cfi=(50)
cfn=(952)
calls=6 0 
0 228
0 12

fn=(494) 0x000000000000d830
0 12

fn=(582)
0 5
cob=(2)
cfi=(50)
cfn=(584) 0x0000000004883bb0
calls=1 0 
0 6883
0 5
cfn=(654)
calls=1 0 
0 890
0 2
cob=(2)
cfi=(50)
cfn=(666) 0x0000000004883b50
calls=1 0 
0 735
0 7
cob=(2)
cfi=(50)
cfn=(674) 0x0000000004883c60
calls=1 0 
0 1254
0 5
cob=(2)
cfi=(50)
cfn=(690) 0x0000000004883830
calls=1 0 
0 906
0 654

fn=(778)
0 22
cob=(2)
cfi=(50)
cfn=(502)
calls=2 0 
0 772
0 26

fn=(848) 0x000000000000d740
0 5
cob=(2)
cfi=(50)
cfn=(812)
calls=1 0 
0 27
0 4

fn=(942) omp_set_num_threads
0 8
cfn=(944)
calls=1 0 
0 1267
0 6

ob=(1) /usr/lib/x86_64-linux-gnu/ld-linux-x86-64.so.2
fl=(128) ./elf/../sysdeps/nptl/dl-mutex.c
fn=(416) __rtld_mutex_init
30 2
+10 3
-10 1
+10 2
-10 1
+7 1
+3 2
cfi=(129) ./elf/./elf/dl-lookup-direct.c
cfn=(418) _dl_lookup_direct
calls=1 +34 
* 175
+4 2
+1 8
+2 3
-2 1
+2 3
cfi=(129)
cfn=(418)
calls=1 +27 
* 198
+4 2
+1 6
+1 2
-1 1
+1 2

fl=(15) ./elf/../sysdeps/x86/dl-get-cpu-features.c
fn=(420) __x86_cpu_features
71 1
-32 3
+32 2

fn=(32) _dl_x86_init_cpu_features
37 1
+2 3
+2 1
cfi=(16) ./elf/../sysdeps/x86/cpu-features.c
cfn=(34) init_cpu_features.constprop.0
calls=1 399 
* 10192

fl=(137) ./elf/./elf/dl-runtime.c
fn=(442) _dl_fixup
46 128
+2 80
+1 16
+6 16
fi=(250) ./elf/../sysdeps/x86_64/dl-runtime.h
-27 16
fe=(137)
+21 16
+5 16
+1 16
-6 16
+6 32
+1 16
+2 16
-2 16
+2 16
-2 80
+7 32
+4 32
+4 48
+4 48
+1 64
-7 64
+16 16
-1 16
+1 32
+10 160
cfi=(78) ./elf/./elf/dl-lookup.c
cfn=(278) _dl_lookup_symbol_x
calls=16 840 
* 11251
* 16
+4 80
+10 160
+15 64
+9 48
+26 48
fi=(6) ./elf/../sysdeps/x86_64/dl-machine.h
+70 16
fe=(137)
-66 96

fl=(10) ./elf/./elf/dl-tunables.c
fn=(18) __GI___tunables_init
282 9
-9 7
71 170
+6 55
-3 55
+3 4726
-3 55
-3 110
357 8
81 110
+5 165
fi=(11) ./elf/./elf/dl-tunables.h
+54 55
fe=(10)
-54 55
fi=(11)
+54 55
+1 132
-1 77
+1 22
-1 55
+1 110
fe=(10)
323 220
-18 7700
+6 12100
fi=(11)
140 495
+1 990
-1 77
+1 308
-1 385
fe=(10)

fn=(54) __GI___tunable_set_val
157 15
-55 5
+55 5
-55 5
+55 5
-55 35
+9 5
+1 5
fi=(251) ./elf/./dl-tunable-types.h
-22 10
fe=(10)
+22 20
+1 40
fi=(11)
+8 10
+1 5
fe=(10)
-6 15
fi=(11)
+15 5
fe=(10)
-12 10
+4 10
+7 10
+1 10
+3 30
+1 5
+1 5
+1 5
+24 5
fi=(11)
-30 15
fe=(10)

fn=(24) __tunable_get_val
405 34
+3 238
+9 34
-9 130
+9 10
+17 170
+2 34
-9 24
+1 24

fl=(2) ./elf/./elf/rtld.c
fn=(250) version_check_doit
696 3
+2 4
cfi=(74) ./elf/./elf/dl-version.c
cfn=(252) _dl_check_all_versions
calls=1 361 
* 8656
* 2
+4 2

fn=(256) init_tls
756 3
+2 1
+4 1
-4 1
+4 2
+11 1
fi=(28) ./elf/../include/rtld-malloc.h
44 1
fe=(2)
768 1
+4 1
fi=(28)
44 1
cfi=(27) ./elf/./elf/dl-minimal-malloc.c
cfn=(72) __minimal_calloc
calls=1 +34 
* 36
fe=(2)
783 1
-12 1
+6 1
-9 1
+11 1
+4 1
+2 3
-1 2
+3 10
+4 2
+2 2
-2 4
-5 2
-1 4
+10 3
+3 2
cfi=(46) ./elf/../elf/dl-tls.c
cfn=(258) _dl_tls_static_surplus_init
calls=1 97 
* 79
+3 1
cfi=(46)
cfn=(260) _dl_determine_tlsoffset
calls=1 221 
* 111
+7 1
cfi=(46)
cfn=(262) _dl_allocate_tls_storage
calls=1 422 
* 442
* 1
+1 2
+6 1
+3 2
-3 1
+3 6
+3 1
cfi=(24) ./elf/../sysdeps/nptl/dl-tls_init_tp.c
cfn=(264) __tls_init_tp
calls=1 68 
* 75
+1 1
+3 5
-39 3
-1 7

fn=(2) _dl_start
527 10
85 1
fi=(6)
-40 1
fe=(2)
557 1
-4 1
85 2
556 1
85 1
fi=(3) ./elf/./get-dynamic-info.h
-40 1
fe=(2)
556 1
fi=(3)
45 2
+9 1
+5 1
+3 1
+2 1
+4 1
-7 1
-3 1
-3 14
+13 4
-23 16
+23 14
-23 56
+4 36
+5 20
+2 5
+3 4
fi=(4) ./elf/../sysdeps/generic/ldsodefs.h
+21 1
fi=(3)
-8 3
+10 4
+1 4
+1 4
+1 4
+2 4
+5 4
+1 4
+1 4
+3 3
+5 2
+7 3
+1 3
+8 2
+1 2
+5 3
+3 3
fe=(2)
573 1
fi=(6)
71 1
fe=(2)
573 42
fi=(6)
414 1
fi=(5) ./elf/./elf/do-rel.h
86 1
fe=(2)
573 2
fi=(5)
49 1
+37 1
-37 1
+37 1
+2 1
-2 1
+2 1
-2 1
+27 2
-27 1
fe=(2)
573 2
fi=(5)
49 1
+37 1
-37 1
+37 1
+2 1
-2 1
+2 1
-2 1
+27 3
+1 2
fi=(6)
534 2
fi=(5)
114 282
fi=(6)
534 282
+1 142
fi=(5)
113 142
fi=(6)
535 284
fi=(5)
113 284
+5 4
+8 7
fi=(6)
326 12
fi=(5)
126 21
+2 7
+2 7
-2 7
fi=(6)
287 7
fi=(5)
130 7
-2 7
+1 14
fi=(6)
287 14
+9 70
+3 14
+27 33
fe=(2)
573 6
fi=(5)
50 1
fi=(4)
+30 2
fi=(6)
326 2
+20 12
+1 6
fe=(2)
575 1
+13 1
cfi=(7) ./elf/./elf/dl-minimal.c
cfn=(12) __rtld_malloc_init_stubs
calls=1 42 
* 10
+4 2
85 1
488 2
85 3
488 1
cfi=(8) ./elf/./elf/dl-setup_hash.c
cfn=(14) _dl_setup_hash
calls=1 25 
* 29
+2 2
-1 1
+1 2
+17 1
-15 1
-2 1
+17 1
-15 1
+9 1
-11 1
+17 1
cfi=(9) ./elf/../elf/dl-sysdep.c
cfn=(16) _dl_sysdep_start
calls=1 85 
* 189177
* 1
+2 2
+98 9
fi=(3)
62 4
+2 4
fe=(2)
573 3

fn=(154) handle_preload_list
894 10
+5 1
-5 2
+5 2
+6 1
-64 1
+54 3
+7 3
cfi=(49) ./string/../sysdeps/x86_64/strcspn.S
cfn=(156) strcspn
calls=1 25 
* 233
* 1
+1 3
+9 1
191 1
914 2
191 2
916 2
-80 1
+5 5
-10 1
+8 1
-4 1
+1 1
+1 1
+4 1
cob=(2)
cfi=(50)
cfn=(158) 0x0000000004002080
calls=1 0 
* 2784
+1 3
+8 3
+67 1
-18 2
+21 9
-15 4
cfi=(29) ./string/../sysdeps/x86_64/multiarch/memmove-vec-unaligned-erms.S
cfn=(80) memcpy
calls=1 212 
* 19
+1 2

fn=(168) map_doit
663 2
+2 1
-2 1
+2 1
+1 2
-1 2
+1 3
cfi=(31) ./elf/./elf/dl-load.c
cfn=(170) _dl_map_object
calls=1 2022 
* 2683
* 1
+2 2

fn=(64) dl_main
1320 2
205 1
311 1
1320 2
2818 1
1320 3
2829 1
1320 2
2698 1
1320 2
311 1
1320 3
207 1
310 1
205 1
+99 3
1332 1
cfi=(24)
cfn=(66) __tls_pre_init_tp
calls=1 53 
* 17
2677 3
+6 5
-4 1
+4 1
+2 3
cfi=(25) ./elf/./elf/dl-environ.c
cfn=(68) _dl_next_ld_env_entry
calls=1 28 
* 67
* 4
cfi=(25)
cfn=(68)
calls=2 28 
* 318
* 9
+4 6
-2 2
+2 6
+1 2
-1 6
+1 17
-1 89
+9 12
2845 4
+32 2
1348 1
+1 2
-1 2
+1 2
2774 3
+1 3
-56 2
+7 2
1627 9
cfi=(26) ./elf/./elf/dl-object.c
cfn=(70) _dl_new_object
calls=1 59 
* 230
* 1
+2 2
+1 1
+6 2
-6 1
+1 2
+1 3
+4 1
cfi=(26)
cfn=(82) _dl_add_to_namespace_list
calls=1 31 
* 36
+1 2
1140 1
1326 1
1169 1
-29 1
+11 1
+18 2
-21 1
+21 1
-19 1
-4 1
+23 1
-21 1
+21 2
+57 1
-83 1
+23 1
+4 1
+19 1
+22 1
+15 5
-56 116
1275 4
+2 1
1169 18
fi=(30) ./elf/../sysdeps/x86/dl-prop.h
105 2
fe=(2)
1282 22
+6 4
cfi=(31)
cfn=(88) _dl_process_pt_gnu_property
calls=1 868 
* 20
-7 26
+1 13
+6 13
-6 26
fi=(30)
212 4
+1 2
95 8
+10 2
212 1
105 1
-2 1
-3 1
+2 1
+3 1
-4 2
+92 4
-1 1
-87 3
+3 3
+1 2
+1 2
+4 3
+4 3
+3 3
+1 2
+4 1
+1 4
+58 3
+2 4
-56 4
+1 2
+3 4
+3 2
+1 8
+5 4
+2 4
+5 4
+14 2
-1 4
+2 2
fe=(2)
1174 1
-5 1
+5 2
-5 2
+30 1
-9 1
+27 1
-27 1
+2 1
-3 1
+10 2
-20 2
-10 1
+10 1
+1 9
-11 2
+57 4
-1 4
+1 8
-1 4
+2 8
+1 1
+2 12
+1 14
+4 8
+1 8
+1 4
+1 10
+1 1
+4 1
-74 1
+74 2
-74 2
+74 3
-74 3
+74 6
-74 6
fi=(30)
165 2
fe=(2)
1271 1
1169 1
1271 1
1169 2
1294 1
+3 2
+2 1
-5 2
+3 2
+2 2
+2 2
1662 3
+2 1
-1 1
+1 2
+1 2
-2 1
+2 1
-2 2
cfi=(32) ./string/../sysdeps/x86_64/strcmp.S
cfn=(90) strcmp
calls=1 108 
* 34
* 2
+7 1
+3 1
-5 1
+3 1
+2 1
+1 2
+4 2
+2 2
fi=(3)
39 3
+6 1
-2 1
+2 2
+9 1
+5 1
+3 1
+2 1
-3 1
-3 1
-3 17
+13 5
-23 20
+23 22
-23 88
+4 54
+5 24
+2 5
+16 3
+25 3
+5 2
+7 2
+1 3
+22 3
+5 2
+2 2
+2 2
+2 2
+1 1
+3 3
+2 3
+1 2
+9 2
+6 2
+1 2
+3 2
fe=(2)
1688 3
+7 2
cfi=(8)
cfn=(14)
calls=1 25 
* 29
+3 2
fi=(33) ./elf/./setup-vdso.h
24 2
fi=(35) ./elf/../sysdeps/unix/sysv/linux/dl-vdso-setup.h
+21 1
fe=(2)
1723 1
cfi=(13) ./elf/../sysdeps/unix/sysv/linux/dl-sysdep.c
cfn=(100) _dl_discover_osversion
calls=1 46 
* 90
* 8
fi=(37) ./elf/./dl-main.h
109 5
cfi=(31)
cfn=(106) _dl_init_paths
calls=1 706 
* 2718
fe=(2)
1731 3
cfi=(45) ./elf/./elf/dl-debug.c
cfn=(144) _dl_debug_initialize
calls=1 56 
* 30
+7 1
-7 1
+2 1
+5 1
+4 1
+3 1
-3 3
+1 2
+3 1
+5 1
-7 1
+7 1
+1 3
+12 2
+1 2
+5 1
-3 2
+2 1
+1 2
+5 3
+1 5
-1 2
233 1
-1 1
+1 3
+1 2
-2 1
+2 2
1793 2
+5 1
-1 1
+1 1
+24 1
cfi=(46)
cfn=(146) _dl_count_modids
calls=1 197 
* 6
* 1
fi=(47) ./elf/../sysdeps/generic/dl-debug.h
29 3
+1 2
fe=(2)
1828 2
+1 1
cfi=(45)
cfn=(150) _dl_debug_state
calls=1 116 
* 2
+1 1
+4 3
cfi=(48) ./elf/./elf/dl-audit.c
cfn=(152) _dl_audit_activity_map
calls=1 28 
* 16
+5 3
+2 1
+2 2
+9 2
+16 4
cfi=(64) ./io/../sysdeps/unix/sysv/linux/access.c
cfn=(206) access
calls=1 25 
* 9
* 2
+76 4
+16 3
85 1
1970 1
85 2
1970 2
85 1
1970 5
cfi=(65) ./elf/./elf/dl-deps.c
cfn=(208) _dl_map_object_deps
calls=1 159 
* 15379
92 1
1976 1
92 2
+9 2
1976 2
+1 5
-1 4
+1 8
-1 16
+4 4
+1 3
+1 1
+2 2
+1 4
-1 13
+1 12
+12 3
+1 2
+2 1
+2 3
+2 1
-4 1
+5 1
-1 2
+14 2
+1 2
+1 3
+11 2
+2 1
-2 1
+2 2
-2 1
+1 2
+1 1
-1 2
+1 1
cfi=(51) ./elf/./elf/dl-error-skeleton.c
cfn=(248) _dl_receive_error
calls=1 238 
* 8684
+10 2
+1 2
+3 2
862 1
fi=(252) ./elf/../sysdeps/unix/sysv/linux/dl-osinfo.h
64 2
fe=(2)
864 1
+6 1
+3 1
+7 1
-5 1
2052 3
2282 3
1778 2
+6 1
-6 2
+6 1
+2 3
fi=(30)
198 4
+2 1
+1 1
+2 1
-3 3
+3 1
fi=(3)
59 4
+3 4
+2 4
fi=(34) ./elf/../sysdeps/unix/sysv/linux/dl-vdso.h
-24 1
+1 2
fe=(2)
2331 1
1325 1
2342 1
-4 2
+10 1
-6 1
+6 1
+3 2
+8 1
fi=(30)
36 1
fe=(2)
2359 1
fi=(30)
37 3
+3 1
+13 7
-13 4
+9 8
-9 1
+9 25
+4 20
-16 15
+34 3
cfi=(76) ./elf/../sysdeps/x86/dl-cet.c
cfn=(268) _dl_cet_check
calls=1 252 
* 30
fe=(2)
2361 2
+54 3
+3 1
85 4
2422 1
+1 19
+2 10
+5 10
+2 10
+6 5
+2 15
+1 32
cfi=(77) ./elf/./elf/dl-reloc.c
cfn=(270) _dl_relocate_object
calls=4 194 
* 106193
+4 14
+1 4
-23 2
+23 2
cfi=(46)
cfn=(396) _dl_add_to_slotinfo
calls=2 1015 
* 56
-23 8
92 3
+1 1
2454 1
93 1
2454 1
+5 4
+2 1
+7 3
cfi=(46)
cfn=(398) _dl_allocate_tls_init
calls=1 528 
* 243
+3 2
fi=(3)
72 2
+10 3
+1 4
+1 4
+1 4
+2 4
+5 4
+1 4
+1 5
fi=(35)
-64 3
+3 1
+3 1
+3 1
fi=(34)
+16 2
fe=(2)
2434 1
+1 1
-3 2
+49 3
+2 4
+10 1
cfi=(124) ./elf/./elf/dl-find_object.c
cfn=(400) _dl_find_object_init
calls=1 561 
* 718
+5 2
cfi=(7)
cfn=(408) __rtld_malloc_init_real
calls=1 76 
* 2548
+3 1
cfi=(128)
cfn=(416)
calls=1 30 
* 415
85 1
2507 1
+1 3
85 3
2508 2
cfi=(77)
cfn=(270)
calls=1 194 
* 5070
92 3
+9 2
2516 3
cfi=(130) ./elf/./elf/dl-call-libc-early-init.c
cfn=(422) _dl_call_libc_early_init
calls=1 27 
* 1341
+7 1
cfi=(9)
cfn=(448) _dl_sysdep_start_cleanup
calls=1 262 
* 2
+4 3
cfi=(48)
cfn=(450) _dl_audit_activity_nsid
calls=1 40 
* 21
+5 2
cfi=(45)
cfn=(184) _dl_debug_update
calls=1 38 
* 7
+1 1
-1 1
+2 1
cfi=(45)
cfn=(150)
calls=1 116 
* 2
+1 1
+4 1
cfi=(67) ./elf/./elf/dl-cache.c
cfn=(452) _dl_unload_cache
calls=1 537 
* 18
+5 8
1741 4
1995 2
+50 2
cfn=(256)
calls=1 756 
* 828
* 2
2726 4
+2 2
+1 1
+46 2
+2 1
+1 1
-1 1
+1 1
+1 1
85 1
1847 1
85 2
1847 1
85 1
1847 2
cfn=(154)
calls=1 894 
* 3107
* 1
92 3
+9 3
1948 16
+1 1
-1 1
+4 3
+1 1
+1 2
+1 2
-7 2
fi=(30)
170 3
-39 2
fe=(2)

fl=(78)
fn=(278)
840 1440
+10 144
-10 288
+10 144
-10 144
+10 144
204 144
840 144
204 720
581 576
-1 288
+2 144
-1 144
+1 432
-1 432
+1 1822
-1 1822
+1 5466
-1 5466
+2 144
846 144
-4 144
+1 144
+7 144
-8 144
+1 144
+7 540
+3 144
+2 288
-2 144
+6 288
-7 864
+7 50
+1 2016
cfn=(280) do_lookup_x
calls=144 363 
* 58794
* 432
+28 144
-23 144
+23 144
-23 288
+24 788
+7 134
-7 134
+40 536
+79 268
-65 402
+3 402
-62 144
+69 1296
-86 60
+18 30
+59 2

fn=(282) check_match
70 142
+3 142
-3 1704
+3 562
+13 139
-13 139
+13 139
-13 139
+13 417
+3 578
cfi=(32)
cfn=(90)
calls=75 +19 
* 4022
* 150
+4 139
+1 278
+2 274
+19 274
+1 1096
+2 10
-40 134
+84 804
-18 4
+2 4
+1 2
-1 4
+1 6
-1 4
+9 5
+7 48
-45 396
cfi=(32)
cfn=(90)
calls=132 -9 
* 3616
* 264
-44 12
+82 6

fn=(280)
363 1152
+1 144
-1 720
+48 144
-30 288
-11 144
+41 144
-30 432
+30 144
fi=(79) ./elf/../sysdeps/generic/dl-protected.h
44 432
fe=(78)
381 144
fi=(79)
44 576
fe=(78)
395 1737
+4 579
+4 579
-3 579
+3 2316
+1 1737
+3 579
+1 1158
+7 579
-3 1158
-2 579
+5 2316
+3 4053
570 1341
374 1162
+3 1162
+4 1178
+4 1158
+4 1158
+88 268
fi=(4)
137 268
+1 402
fe=(78)
528 268
fi=(79)
29 268
fe=(78)
535 1016
+16 268
+1 134
+1 268
422 572
-1 286
+2 286
+2 1692
+13 534
-10 1560
+3 142
-1 284
+1 142
-1 142
+2 284
-1 1704
cfn=(282)
calls=142 70 
* 15653
+4 426
+3 16
573 10
+1 1152
-35 42
-70 14
171 49
452 1072

fl=(72) ./malloc/./malloc/scratch_buffer_set_array_size.c
fn=(238) __libc_scratch_buffer_set_array_size
30 30
+4 3
+1 6
+11 3
-1 6
+18 12

fl=(52) ./setjmp/../sysdeps/x86_64/setjmp.S
fn=(166) __sigsetjmp
30 5
+2 5
+9 5
+1 10
+1 5
+4 5
+1 5
+1 5
+1 5
+1 5
+2 10
+2 5
+1 5
+1 5
+2 10
+2 5
+8 5
+3 5
+1 5
+7 5
+1 5

fl=(23) ./elf/../misc/sbrk.c
fn=(62) sbrk
37 5
+3 1
+18 2
+4 2
+16 5

fl=(27)
fn=(76) __minimal_malloc
35 145
+1 29
+11 29
-11 58
+11 58
+3 29
-3 29
+3 166
+18 29
+1 29
+2 116
-16 8
+1 4
+2 2
+1 14
cfi=(59) ./misc/../sysdeps/unix/sysv/linux/mmap64.c
cfn=(192) mmap
calls=2 -12 
* 18
* 2
+2 4
+2 4
+2 2
+4 2
-4 4
-23 1
-1 1
+1 1
+1 2
-2 2

fn=(72)
78 10
+4 10
-4 40
+7 10
+1 30
fi=(28)
-30 10
cfi=(27)
cfn=(76)
calls=10 -21 
* 285
fe=(27)

fn=(142) __minimal_free
95 4
+2 16

fl=(24)
fn=(66)
53 3
+3 8
+5 1
-5 1
+5 1
+1 1
-6 1
+8 1

fn=(264)
68 2
fi=(253) ./elf/../include/list.h
-24 1
fe=(24)
+24 1
fi=(253)
-25 1
fe=(24)
+26 1
+3 1
fi=(253)
-29 1
+1 1
+1 1
+2 1
fe=(24)
+28 4
+1 2
+1 1
+5 2
+5 1
+6 1
-3 1
+3 1
-6 3
+6 1
+13 3
fi=(75) ./elf/../sysdeps/unix/sysv/linux/rseq-internal.h
-72 1
fe=(24)
+72 1
cfi=(10)
cfn=(24)
calls=1 405 
* 20
fi=(75)
-74 3
+2 6
+3 2
+3 1
fe=(24)
+83 3
+7 2
+2 1
+1 1
+1 3

fn=(84) rtld_mutex_dummy
42 10
+2 20

fl=(59)
fn=(192)
47 32
+3 32
+8 64
+2 16

fl=(129)
fn=(418)
74 30
+2 3
-2 3
+4 3
-4 3
+2 3
+2 9
+37 3
-37 9
+1 6
+2 12
+3 25
-52 3
+54 6
-54 3
+54 3
-54 9
+1 9
+2 6
+1 6
+12 12
+3 3
+2 3
-2 3
+2 9
cfi=(32)
cfn=(90)
calls=3 +55 
* 207
* 6
+4 6
+1 3
-1 3
+1 18
+1 9
cfi=(32)
cfn=(90)
calls=3 +49 
* 75
* 6
+57 27
-23 6

fl=(41) ./elf/./elf/dl-hwcaps_split.c
fn=(116) _dl_hwcaps_split_masked
51 40
-25 42
+4 24
+4 48
+1 12
-1 24
+2 24
+5 27
cfi=(42) ./string/../sysdeps/x86_64/multiarch/../strchr.S
cfn=(118) index
calls=9 -18 
* 216
+1 18
+3 6
+11 12
+1 12
+1 6
-1 6
+1 6
-2 6
+1 6
+1 3
-1 3
+1 15
cfn=(120) _dl_hwcaps_contains
calls=3 +8 
* 15
* 6
-3 5
+7 32
-19 6
cfi=(22) ./string/../sysdeps/x86_64/multiarch/strlen-vec.S
cfn=(60) strlen
calls=3 -2 
* 51
* 3

fn=(120)
66 3
+1 6
+1 3
+9 3

fn=(122) _dl_hwcaps_split
25 4
+1 3
+21 1
-20 1
+20 3

fl=(26)
fn=(70)
59 56
+3 8
+18 3
+3 3
-3 3
+3 3
cfi=(22)
cfn=(60)
calls=3 -42 
* 69
+4 6
-4 6
+9 6
fi=(28)
-48 9
cfi=(27)
cfn=(72)
calls=3 +34 
* 136
fe=(26)
+48 1
fi=(28)
-48 3
cfi=(27)
cfn=(72)
calls=1 +34 
* 43
* 4
fe=(26)
+51 8
+5 4
-2 4
+6 4
-4 4
+4 4
-5 4
+4 4
+1 4
-1 4
+1 8
cfi=(29)
cfn=(80)
calls=4 212 
* 55
* 8
+2 4
+13 8
+6 1
+2 7
+3 2
-3 21
+3 6
+9 4
-7 4
+4 4
+3 17
+2 1
-2 3
+2 15
-2 45
+16 8
-5 4
+5 4
-6 4
+6 4
-6 4
+6 8
+2 6
+3 6
-3 6
+7 12
+4 6
+8 2
+3 2
+10 3
-10 6
+10 9
+2 3
+21 3
-21 3
cfi=(22)
cfn=(60)
calls=3 41 
* 105
* 9
+17 3
-13 9
+50 9
cfi=(29)
cfn=(126) mempcpy
calls=3 -46 
* 55
* 3
+5 6
+1 6
-1 106
+1 106
+2 6
+3 3
+3 3
+4 36
131 11
-12 6
+34 1
+7 4
+8 12
fi=(28)
56 6
cfi=(27)
cfn=(76)
calls=3 -21 
* 75
* 3
fe=(26)
200 12
64 2
+2 3
+1 2
+10 5
-6 2

fn=(82)
31 8
+2 4
-2 8
+2 4
-2 8
+2 4
cfi=(24)
cfn=(84)
calls=4 +9 
* 12
+2 31
+3 36
+2 3
+2 3
+4 3
+4 3
-4 6
+1 3
+4 3
-4 3
+1 3
+3 3
-3 3
+3 3
-1 3
cfi=(24)
cfn=(84)
calls=3 -8 
* 9
-4 1
+4 1
-4 2
+1 1
+4 1
-4 1
+1 1
+3 1
-3 1
+3 1
-1 1
cfi=(24)
cfn=(84)
calls=1 -8 
* 3
-5 2

fl=(136) ./elf/../sysdeps/x86_64/dl-trampoline.h
fn=(440) _dl_runtime_resolve_fxsave
67 16
+5 16
+3 16
+2 16
+3 16
+13 16
+1 16
+1 16
+1 16
+1 16
+1 16
+1 16
+2 16
+23 16
+1 16
+1 16
cfi=(137)
cfn=(442)
calls=16 -80 
* 12787
+1 16
+3 16
+6 16
+1 16
+1 16
+1 16
+1 16
+1 16
+1 16
+2 16
+2 16
+4 16
+2 16

fl=(8)
fn=(14)
25 5
+3 5
-3 5
+3 10
+3 15
+1 10
+2 5
-1 5
+3 15
+1 5
+4 5
-3 5
+7 5
-4 5
-3 5
+2 10
+5 5
-5 5
-2 5
+7 5
-5 5
+10 5

fl=(42)
fn=(118)
23 18
+1 18
+1 18
+1 18
+1 18
+1 18
+1 18
+1 18
+1 18
+1 18
+1 18
+1 18
+1 18
+1 18
+1 18
+1 18
+1 18
+1 18
+1 16
+4 16
+1 16
+1 16
+1 16
+2 16
+4 2
+1 2
+1 2
+1 2
+1 2
+1 2
+1 2
+1 2
+1 2
+1 2
+1 2
+1 2
+1 2
+1 2
+1 2
+1 2
+1 2
+1 2
+1 2
+1 2
+1 2
+1 2
+1 2
+1 2
+52 2
+4 2
+1 2
+1 2
+1 2
+2 2

fl=(63) ./io/../sysdeps/unix/sysv/linux/close_nocancel.c
fn=(202) __GI___close_nocancel
25 4
+1 16
+1 4

fl=(58) ./io/../sysdeps/unix/sysv/linux/fstatat64.c
fn=(190) fstatat
153 26
-55 26
+70 31
+1 5
-2 16
+1 16

fl=(49)
fn=(156)
25 1
+2 1
+7 1
+1 1
+2 1
+1 1
+1 1
+1 1
+1 33
+3 3
+7 1
+1 1
+1 1
+1 1
+2 1
+1 1
+1 1
+1 1
+2 1
+1 1
+1 1
+9 3
+12 1
+2 1
+1 1
+1 1
-4 12
+2 12
+1 12
+1 12
+2 13
+1 13
+1 13
+2 13
+1 13
+1 13
+2 13
+1 13
+1 13
+2 1
+1 1
+1 1
+2 1
+7 1
+4 1

fl=(71) ./misc/../sysdeps/unix/syscall-template.S
fn=(236) mprotect
117 30
+5 6

fn=(454) munmap
117 5
+5 1

fl=(45)
fn=(150)
116 2
+1 2

fn=(144)
56 1
+3 2
+4 1
-6 1
+4 1
+2 2
+22 2
+5 2
+1 1
+1 1
-1 1
-1 1
+5 2
+4 2
+8 2
-43 2
+32 6

fn=(184)
38 4
+3 4
-1 8
+4 8
+4 4

fl=(65)
fn=(212) openaux
61 12
+7 4
-4 8
+1 4
-1 32
cfi=(31)
cfn=(170)
calls=4 2022 
* 12933
* 4
+5 8

fn=(208)
159 5
+1 3
-1 1
+1 1
-1 2
+1 1
-1 3
+1 1
-1 4
+1 12
-8 1
-7 1
+15 1
-14 1
+6 1
+8 1
-15 1
+7 1
-8 1
+1 1
+7 1
-7 1
+31 3
-28 3
-2 1
+31 1
-33 2
+2 2
+30 2
-30 1
-1 4
+7 4
+24 2
-32 1
+60 1
-60 2
+36 1
fi=(73) ./elf/../include/scratch_buffer.h
77 3
fe=(65)
198 1
fi=(73)
78 1
fe=(65)
200 2
+98 1
198 1
+4 1
+7 1
+4 4
-4 4
+4 16
+11 14
-18 2
+18 4
433 15
+2 3
+3 3
-3 6
+3 3
fi=(28)
56 3
cfi=(27)
cfn=(76)
calls=3 -21 
* 75
* 3
fe=(65)
439 6
+6 3
+1 15
cfi=(29)
cfn=(80)
calls=3 212 
* 33
+1 15
cfi=(29)
cfn=(80)
calls=3 212 
* 33
+4 3
-1 3
+5 20
204 12
458 12
-1 5
+1 10
199 3
+27 15
+5 3
+6 3
-5 3
-1 3
+2 6
+4 12
-31 3
+31 3
+1 9
+6 12
cfi=(31)
cfn=(210) _dl_dst_count
calls=3 -6 
* 150
* 4
cfi=(31)
cfn=(210)
calls=1 -6 
* 42
* 12
+4 8
-2 4
+2 8
cob=(2)
cfi=(50)
cfn=(162) 0x0000000004002050
calls=4 0 
* 13249
+1 8
+9 4
+2 8
+5 15
+6 3
+2 3
-8 6
+3 3
+1 3
+1 3
+1 3
+4 15
+4 12
+1 6
-43 312
+1 150
+44 222
-38 8
fi=(73)
85 3
fe=(65)
464 6
+1 1
+3 4
+11 3
fi=(28)
56 1
cfi=(27)
cfn=(76)
calls=1 -21 
* 25
* 1
fe=(65)
481 2
+5 3
+1 1
-1 2
+4 2
-2 1
+2 1
-2 2
+13 4
+5 4
-16 12
-2 4
+6 4
+7 4
-2 8
-5 1
+7 1
-2 2
+2 2
+5 1
-16 6
+19 2
+52 3
+37 3
+15 1
-11 1
+11 1
-14 2
+20 1
-1 3
+1 3
-1 5
cfi=(12) ./elf/./elf/dl-sort-maps.c
cfn=(244) _dl_sort_maps
calls=1 290 
* 324
+5 1
+3 1
-1 1
+2 2
+7 3
+3 3
+3 8
214 32
+3 3
fi=(73)
-86 9
cfi=(72)
cfn=(238)
calls=3 30 
* 60
fe=(65)
+86 6
+4 9
613 2
cfi=(29)
cfn=(80)
calls=1 212 
* 19
* 1
-53 2
160 2
380 8

fl=(19) ./elf/../sysdeps/x86/dl-cacheinfo.h
fn=(46) handle_intel.constprop.0
255 24
-5 24
+16 12
-16 72
+13 12
+1 36
-3 24
+11 60
+5 24
+2 12
+1 12
-1 12
+5 48
cfn=(48) intel_check_word.constprop.0
calls=12 123 
* 3936
+2 24
+3 60
cfn=(48)
calls=12 123 
* 2463
+2 24
+3 45
cfn=(48)
calls=9 123 
* 180
+2 18
+3 45
cfn=(48)
calls=9 123 
* 1699
+2 18
-35 3
+39 3
+5 96

fn=(48)
123 126
-4 126
+10 168
-10 42
+10 84
+2 84
+71 264
-71 170
+2 99
+2 198
+8 198
+51 198
+22 99
fi=(20) ./elf/../bits/stdlib-bsearch.h
28 99
-1 198
+4 198
+1 99
fe=(19)
+78 198
fi=(20)
-79 342
+1 171
fe=(19)
+78 342
+3 621
fi=(20)
-84 1239
+2 762
+1 381
fe=(19)
+78 762
221 90
+14 38
131 3
236 3
131 3
-6 31
246 168
fi=(20)
37 192
-8 405
fe=(19)
223 11
+2 22
+3 14
+3 8
+1 8
-3 6
-2 8

fn=(52) get_common_cache_info.constprop.0
481 1
+17 1
-17 4
+16 1
-16 1
+15 1
-15 3
+18 1
-1 1
+9 2
+3 3
+11 1
-11 1
-5 1
+21 3
+4 2
681 4
+1 5
+4 2
+9 2
-2 1
+2 2
-1 1
+1 3
535 6
+3 8
+7 2
-7 9
+7 6
+3 26
+14 2
+4 1
+3 1
+1 1
-4 2
+3 3
+6 2
-37 6
+15 2
+4 1
+1 1
-1 2
+18 2
-68 6
+74 4
+8 7
+2 2
+4 3
+2 1
+2 5
-4 1
+16 1
-16 3
+21 2
-21 4
+3 1
+1 4
-4 1
+6 4
+3 2
+5 1
+2 2
+1 1
+1 1
-2 2
+1 1
-19 5
+46 2
+1 1
+1 2
+2 2
-1 3
-23 2
+7 1
+2 2
-16 1
+22 1
-6 2
+1 1
+5 1

fl=(124)
fn=(400)
561 4
+3 1
+2 2
+13 1
cfn=(404) _dlfo_process_initial
calls=1 474 
* 95
+1 1
-1 1
+1 1
fi=(28)
56 1
cfi=(27)
cfn=(76)
calls=1 -21 
* 25
fe=(124)
580 1
fi=(28)
56 1
fe=(124)
582 2
+3 2
+5 1
+1 1
cfn=(404)
calls=1 474 
* 363
+3 3
+10 4
-37 2
cfi=(125) ./elf/./dl-find_object.h
cfn=(402) _dl_find_object_from_map
calls=1 95 
* 68
* 1
+29 2
cfn=(406) _dlfo_sort_mappings
calls=1 -60 
* 128
+3 6
+2 1

fn=(404)
474 2
+3 2
-3 2
+1 2
+3 4
+26 14
+1 6
+1 10
-1 20
+3 36
+3 32
-7 10
+25 2
+2 8
-18 24
+3 8
-1 8
cfi=(125)
cfn=(402)
calls=4 95 
* 252
+2 16

fn=(406)
536 1
+1 2
+3 4
+4 1
+1 1
-1 1
+1 2
-1 2
+1 2
-1 2
+1 10
+1 36
-1 18
+8 9
+1 6
-1 3
-13 6
+14 9
+1 6
-15 6
+17 1

fl=(39) ./elf/../sysdeps/x86_64/dl-hwcaps-subdirs.c
fn=(110) _dl_hwcaps_subdirs_active
29 1
fi=(18) ./elf/../sysdeps/x86/get-isa-level.h
+2 1
fe=(39)
+7 1
fi=(18)
-7 2
-1 2
fe=(39)
+22 1
fi=(18)
-20 3
+4 1
fe=(39)
+2 1
fi=(18)
-2 2
+3 4
+1 4
+5 1
fe=(39)
-7 1
fi=(18)
+7 3
fe=(39)
-2 1
fi=(18)
+5 2
fe=(39)

fl=(43) ./string/../sysdeps/x86_64/multiarch/memset-vec-unaligned-erms.S
fn=(130) memset
125 173
+1 865
+6 173
+1 173
+1 173
+1 173
+2 1
+1 1
+1 1
+65 4
+1 4
+2 4
+76 172
+1 172
+5 172
+3 172
+1 172
+3 168
+1 168
+13 168
+1 168
+2 168
+3 85
+3 170
+3 85
+1 85
+1 85
+1 85
+1 85
+1 85
+1 85
-6 37
+1 37
+1 37
+1 37
+1 37
+1 37
+1 37
+3 168
+1 168
+1 168
+1 168
+5 168

fl=(36) ./posix/../sysdeps/unix/syscall-template.S
fn=(102) uname
120 5
+2 1

fl=(76)
fn=(268)
252 8
42 1
+9 1
-10 1
+4 1
-4 1
+3 1
+4 2
+1 2
-1 2
+14 2
254 8

fl=(9)
fn=(16)
85 4
+25 1
-25 6
+25 1
-1 1
+1 174
+11 1
-8 1
+1 1
-4 1
+3 1
+6 1
+2 13
-34 1
-1 1
+36 113
+3 1
+1 1
-5 85
+57 1
-57 1
+58 1
-1 1
-57 3
+29 1
-29 1
+30 1
-1 1
-29 3
+41 1
-41 1
+42 1
-1 1
-41 3
+35 1
-35 1
+36 1
-1 1
-35 3
+32 1
-32 1
+33 1
-1 1
-32 4
+13 1
-13 1
+14 1
-1 1
-13 3
+10 1
-10 1
+11 1
-1 1
-10 3
+7 1
-7 4
224 1
cfi=(10)
cfn=(18)
calls=1 +58 
* 28306
+3 1
cfi=(12)
cfn=(22) _dl_sort_maps_init
calls=1 +54 
* 32
fi=(13)
36 2
cfi=(14) ./elf/../sysdeps/unix/sysv/linux/brk.c
cfn=(28) brk
calls=1 -1 
* 8
fi=(6)
215 1
cfi=(15)
cfn=(32)
calls=1 37 
* 10197
fe=(9)
+23 3
+1 1
cfi=(22)
cfn=(60)
calls=1 41 
* 33
* 1
+2 2
cfi=(23)
cfn=(62)
calls=1 37 
* 15
* 3
+12 3
+3 5
cfi=(2)
cfn=(64)
calls=1 1320 
* 150091
+2 9

fn=(448)
262 1
+1 1

fl=(32)
fn=(90)
108 316
+33 316
+1 316
+2 316
+1 316
+21 316
+1 316
+1 266
+1 266
+1 213
+1 213
+1 213
+1 213
+21 213
+1 213
+1 213
+1 213
+1 213
+1 213
+1 213
+5 16
+1 48
+9 16
+1 16
+1 16
+1 16
+1 16
+1 16
+1 16
+1 16
-7 103
+1 103
+1 103
+1 103
+1 103
+1 103
+1 103
+1 103
+1 110
+1 72
+1 72
+1 72
+2 72
+1 72
+1 72
+1 72
+1 72
+1 72
-5 38
+1 38
+1 38
+1 38
+1 38
+1 38
+10 9
+1 9
+1 9
+2 9
+6 9
+1 9
+1 9
+1 9
+1 9
+5 9
+2 3
+1 3
+1 6
+8 3
+1 3
+3 3
+1 3
+1 3
+1 3
+1 3
+1 3
568 6
+1 6
+1 6
+1 6
+1 6
+2 6
+1 6
+1 6
+1 6
+1 6
+1 6
+1 6
+1 1
+4 1
+1 1
+1 1
+6 1
+1 1
+1 2
+4 1
+1 1
+3 1
+1 1
+1 1
+3 1
+1 1
+1 1
+6 1
+1 1
+1 1
+1 1
+1 1
+1 1
+72 1
+1 1
+1 1
+1 1
+1 1
+2 1
+1 1
+1 1
+1 1
+1 1
+1 1
+1 1
+1 1
+4 1
+1 1
+1 1
+6 1
+1 1
+1 2
+4 1
+1 1
+3 1
+1 1
+1 1
+3 1
+1 1
+1 1
+6 1
+1 1
+1 1
+1 1
+1 1
+1 1
+72 1
+1 1
+1 1
+1 1
+1 1
+2 1
+1 1
+1 1
+1 1
+1 1
+1 1
+1 1
+1 1
+4 1
+1 1
+1 1
+6 1
+1 1
+1 2
+4 1
+1 1
+3 1
+1 1
+1 1
+3 1
+1 1
+1 1
+6 1
+1 1
+1 1
+1 1
+1 1
+1 1
+72 4
+1 4
+1 4
+1 4
+1 4
+2 4
+1 4
+1 4
+1 4
+1 4
+1 4
+1 4
+1 3
+4 3
+1 3
+1 3
+6 3
+1 3
+1 6
+4 3
+1 3
+3 3
+1 3
+1 3
+3 3
+1 3
+1 3
+6 3
+1 3
+1 3
+1 3
+1 3
+1 3
+72 7
+1 7
+1 7
+1 7
+1 7
+2 7
+1 7
+1 7
+1 7
+1 7
+1 7
+1 7
+1 2
+4 2
+1 2
+1 2
+6 2
+1 2
+1 4
+4 2
+1 2
+3 2
+1 2
+1 2
+3 2
+1 2
+1 2
+6 2
+1 2
+1 2
+1 2
+1 2
+1 2
+7 1
+1 1
+2 1
+1 1
+2 1
+1 1
+1 1
+3 1
+1 1
+1 1
+6 1
+1 1
+1 1
+1 1
+1 1
+1 1
+41 12
+1 12
+1 12
+1 12
+1 12
+2 12
+1 12
+1 12
+1 12
+1 12
+1 12
+1 12
+1 7
+4 7
+1 7
+1 7
+6 7
+1 7
+1 14
+4 7
+1 7
+3 7
+1 7
+1 7
+3 7
+1 7
+1 7
+6 7
+1 7
+1 7
+1 7
+1 7
+1 7
+72 10
+1 10
+1 10
+1 10
+1 10
+2 10
+1 10
+1 10
+1 10
+1 10
+1 10
+1 10
+1 9
+4 9
+1 9
+1 9
+6 9
+1 9
+1 18
+4 9
+1 9
+3 9
+1 9
+1 9
+3 9
+1 9
+1 9
+6 9
+1 9
+1 9
+1 9
+1 9
+1 9
+72 2
+1 2
+1 2
+1 2
+1 2
+2 2
+1 2
+1 2
+1 2
+1 2
+1 2
+1 2
1568 17
+1 17
+1 17
+1 17
+1 17
+2 17
+1 17
+1 17
+1 17
+1 17
+1 17
+1 17
+1 5
+4 5
+1 5
+1 5
+6 5
+1 5
+1 10
+4 5
+1 5
+3 5
+1 5
+1 5
+3 5
+1 5
+1 5
+6 5
+1 5
+1 5
+1 5
+1 5
+1 5
+72 8
+1 8
+1 8
+1 8
+1 8
+2 8
+1 8
+1 8
+1 8
+1 8
+1 8
+1 8
+1 3
+4 3
+1 3
+1 3
+6 3
+1 3
+1 6
+4 3
+1 3
+3 3
+1 3
+1 3
+3 3
+1 3
+1 3
+6 3
+1 3
+1 3
+1 3
+1 3
+1 3
+72 8
+1 8
+1 8
+1 8
+1 8
+2 8
+1 8
+1 8
+1 8
+1 8
+1 8
+1 8
+1 6
+4 6
+1 6
+1 6
+6 6
+1 6
+1 12
+4 6
+1 6
+3 6
+1 6
+1 6
+3 6
+1 6
+1 6
+6 6
+1 6
+1 6
+1 6
+1 6
+1 6
+72 8
+1 8
+1 8
+1 8
+1 8
+2 8
+1 8
+1 8
+1 8
+1 8
+1 8
+1 8
+1 6
+4 6
+1 6
+1 6
+6 6
+1 6
+1 12
+4 6
+1 6
+3 6
+1 6
+1 6
+3 6
+1 6
+1 6
+6 6
+1 6
+1 6
+1 6
+1 6
+1 6
+72 26
+1 26
+1 26
+1 26
+1 26
+2 26
+1 26
+1 26
+1 26
+1 26
+1 26
+1 26
+2 9
+4 9
+1 9
+1 9
+6 9
+1 9
+2 18
+4 9
+1 9
+3 9
+1 9
+1 9
+3 9
+1 9
+1 9
+6 9
+1 9
+1 9
+1 9
+1 9
+1 9
+74 56
+2 56
+1 56
+1 56
+1 56
-3 63
+1 63
+1 63
+1 63
+1 144
+5 72
+6 72
+1 72
+8 72
+1 72
-16 244
+6 244
+1 244
+8 244
+1 244

fl=(67)
fn=(220) _dl_load_cache_lookup
416 20
+2 4
+3 6
+69 3
+5 1
208 1
495 3
208 1
495 2
+3 6
fi=(69) ./elf/../sysdeps/x86/dl-procinfo.h
39 4
+3 6
cfi=(32)
cfn=(90)
calls=2 +66 
* 90
* 14
cfi=(32)
cfn=(90)
calls=2 +66 
* 100
* 10
fe=(67)
212 12
cfi=(10)
cfn=(24)
calls=2 405 
* 42
* 2
+16 4
-16 2
+6 4
+10 2
-7 10
+9 6
+1 2
-37 4
+37 2
+4 4
-5 54
+1 18
-37 36
+37 18
+4 36
+4 60
cfn=(228) _dl_cache_libcmp
calls=20 370 
* 1526
+1 40
359 18
+3 16
228 16
360 10
228 26
+2 10
+20 10
+3 10
+2 20
cfn=(228)
calls=5 370 
* 628
* 10
+2 3
-9 10
-30 4
+1 2
+95 2
-95 2
-1 16
+96 6
+41 8
-88 8
+10 8
+1 6
fi=(68) ./elf/../sysdeps/generic/dl-cache.h
125 10
fe=(67)
294 4
+9 4
+3 4
+2 6
+1 4
+5 4
+1 8
+7 4
+21 8
513 4
+12 4
cfi=(22)
cfn=(60)
calls=2 41 
* 70
* 24
+1 2
-1 2
+1 2
-1 2
+1 2
cfi=(29)
cfn=(80)
calls=2 212 
* 30
* 2
+1 2
cfi=(44) ./string/./string/strdup.c
cfn=(138) strdup
calls=2 40 
* 186
+1 16
-3 4
424 4
cfi=(53) ./elf/./elf/dl-misc.c
cfn=(222) _dl_sysdep_read_whole_file
calls=1 36 
* 91
* 1
+8 5
+1 8
+3 4
+1 1
-1 3
fi=(68)
194 1
+1 5
fe=(67)
444 1
+1 2

fn=(228)
370 25
+1 25
+32 25
-33 50
+1 60
+2 141
+2 141
-2 282
+20 272
+2 272
-12 116
+2 116
+14 116
+1 116
-29 232
+32 15
-28 10
+8 5
-2 10
+1 10
-1 5
+2 15
+2 5
-3 5
+3 15
+2 10
+9 60

fn=(452)
537 1
+1 4
-1 1
+3 2
cfi=(71)
cfn=(454)
calls=1 117 
* 6
+1 1
+4 1
+2 2

fl=(25)
fn=(68)
28 3
+1 3
+3 63
+13 53
-13 106
+2 110
+1 38
+5 2
-3 2
+3 2
+2 2
+7 1

fl=(46)
fn=(398)
528 10
+1 2
+4 1
+6 1
-6 1
+6 1
cfi=(24)
cfn=(84)
calls=1 42 
* 3
+3 3
+12 1
-18 1
-1 1
+43 3
-19 13
+9 6
+1 4
+6 6
+1 2
+2 4
-2 2
+6 2
-4 4
+4 2
-4 4
+3 4
+4 4
+1 8
+2 4
+1 4
+17 2
-8 2
+8 2
+2 6
cfi=(29)
cfn=(126)
calls=2 199 
* 26
* 10
cfi=(43)
cfn=(130)
calls=2 125 
* 60
-49 2
+55 2
-55 8
+6 6
+55 2
cfi=(24)
cfn=(84)
calls=1 42 
* 3
+3 2
+3 9

fn=(1254) _dl_allocate_tls
631 738
+1 164
370 82
fi=(28)
44 82
fe=(46)
374 82
+1 82
fi=(28)
44 82
cob=(3) /usr/lib/x86_64-linux-gnu/libc.so.6
cfi=(157) ./malloc/./malloc/malloc.c
cfn=(1256) calloc
calls=82 3624 
* 24548
fe=(46)
376 164
+9 82
-6 82
+6 246
539 164
cob=(3)
cfi=(232) ./nptl/./nptl/pthread_mutex_lock.c
cfn=(1260) pthread_mutex_lock@@GLIBC_2.2.5
calls=82 77 
* 3526
+3 328
-6 82
+18 82
-19 164
+24 656
+9 492
+1 328
+6 492
+1 164
+2 328
-2 328
+2 492
-2 164
+6 164
-4 164
+4 164
-1 328
+4 328
+1 656
+2 328
+1 328
+19 164
-10 164
+10 328
cfi=(29)
cfn=(126)
calls=164 199 
* 2132
* 820
cfi=(43)
cfn=(130)
calls=164 125 
* 4920
-49 164
+55 164
-55 656
+6 492
+55 164
cob=(3)
cfi=(233) ./nptl/./nptl/pthread_mutex_unlock.c
cfn=(1262) pthread_mutex_unlock@@GLIBC_2.2.5
calls=82 367 
* 2950
+3 246
+2 82
+10 656

fn=(396)
1015 16
+6 2
+3 2
+1 2
+4 6
+34 4
+3 6
+1 6
+3 12

fn=(260)
221 8
+6 3
+3 2
+36 3
+2 1
-2 1
-2 1
-40 1
-1 1
-1 1
+46 2
+23 6
+3 2
-3 8
+2 4
+4 3
-6 1
-25 1
+20 1
-20 5
+25 1
-25 1
+20 1
-20 5
+2 4
+3 2
-1 2
+5 4
-5 2
+1 2
-1 2
+3 4
+2 6
+32 3
-1 1
+1 4
+2 2
-2 2
+53 8

fn=(258)
97 2
+4 1
-4 2
+4 1
-4 2
+4 3
cfi=(10)
cfn=(24)
calls=1 405 
* 21
* 1
+1 4
cfi=(10)
cfn=(24)
calls=1 405 
* 21
* 1
+8 1
-8 1
+6 2
+2 3
+3 1
+2 1
-32 3
+34 3
+1 5

fn=(146)
197 1
+2 2
+1 1
+15 2

fn=(262)
422 2
+13 1
-13 2
+2 1
+12 1
fi=(28)
56 1
cfi=(27)
cfn=(76)
calls=1 -21 
* 53
fe=(46)
437 3
+8 2
fi=(28)
44 1
fe=(46)
445 2
+1 1
+4 321
+19 1
-99 1
+4 1
+1 1
fi=(28)
44 1
cfi=(27)
cfn=(72)
calls=1 +34 
* 36
fe=(46)
376 2
+3 1
+6 2
+90 5

fn=(232) _dl_assign_tls_modid
131 4
+3 2
+13 2
-13 2
+52 2
+2 2
+3 2
+1 4

fl=(13)
fn=(100)
46 5
+2 3
+85 5
-45 2
cfi=(36)
cfn=(102)
calls=1 +32 
* 6
+15 1
-15 2
+20 1
-1 1
+3 12
+4 3
-2 6
+2 10
+3 1
-1 1
+1 3
-3 4
+7 3
-1 3
+4 3
-2 3
+2 10
+5 2

fl=(125)
fn=(402)
95 10
+1 10
+1 5
+6 25
+1 148
+1 102
+2 15
+5 5

fl=(64)
fn=(206)
25 1
+2 7
+4 1

fl=(66) ./io/../sysdeps/unix/sysv/linux/stat64.c
fn=(218) stat
28 18
+1 36
cfi=(58)
cfn=(190)
calls=9 153 
* 88

fl=(31)
fn=(88)
868 4
+8 4
-8 4
+8 4
-6 4
+12 8
-13 4
+13 4
-13 4
+13 8
+3 12
+1 8
+1 8
+43 4

fn=(174) open_verify.constprop.1
1568 11
+39 3
+19 4
cfi=(54) ./io/../sysdeps/unix/sysv/linux/open64_nocancel.c
cfn=(176) __open_nocancel
calls=1 28 
* 19
* 1
+2 2
+11 1
+6 2
-5 1
+5 8
cfi=(55) ./io/../sysdeps/unix/sysv/linux/read_nocancel.c
cfn=(178) __read_nocancel
calls=1 25 
* 6
+2 2
+2 2
+2 2
+6 2
+17 11
fi=(28)
50 2
cfi=(27)
cfn=(142)
calls=1 +45 
* 5
fe=(31)
1856 9
1674 3
+74 2
+5 2
+2 4
+6 2
+6 1
+1 1
-1 3
+1 1
-1 1
+1 2
+1 2
+20 3
+31 1
-31 1
1633 1
1820 2
-31 66
+1 28
+1 8
+4 8
+25 12
+3 18
+3 2
-4 2
+4 4
+6 4
-36 6

fn=(182) _dl_map_object_from_fd
944 30
+10 3
-10 12
+10 3
cfi=(45)
cfn=(184)
calls=3 38 
* 21
* 3
+7 12
+85 12
+10 6
+7 21
cfi=(26)
cfn=(70)
calls=3 59 
* 1098
* 3
+1 6
+11 6
+5 3
-5 3
+1 6
+1 3
+2 3
-2 3
+2 6
+1 9
+1 4
+19 4
-2 2
+2 22
-2 1
+2 40
+10 12
+85 3
-58 3
-34 3
-1 3
+93 3
+6 3
-64 6
+9 3
+55 6
-55 3
-42 3
+97 6
1101 3
-5 6
+15 86
+20 2
+1 1
-22 102
+1 188
1213 6
1110 3
1213 6
1110 9
1218 9
+10 6
+1 3
-1 3
+1 3
-1 9
+1 9
-1 9
+1 9
-1 27
1076 6
1235 6
+10 12
+7 6
fi=(60) ./elf/./dl-map-segments.h
96 3
fe=(31)
1252 9
fi=(60)
28 3
fe=(31)
1252 3
fi=(60)
96 3
fe=(31)
1252 3
fi=(60)
28 6
+1 24
cfi=(59)
cfn=(192)
calls=3 +18 
* 27
+74 6
-1 3
-73 3
+74 3
+3 6
+1 3
+2 3
-3 3
+1 3
+2 3
+7 8
+3 4
cfi=(71)
cfn=(236)
calls=1 -2 
* 6
* 3
+7 3
+2 3
fi=(61) ./elf/./dl-load.h
-37 24
+1 9
+2 24
fi=(60)
+56 48
+8 3
-2 3
+1 3
+2 3
-1 3
+1 3
-1 9
+8 6
+3 6
+8 21
cfi=(43)
cfn=(130)
calls=3 -52 
* 342
+1 6
+5 6
+12 12
-59 60
+2 18
+3 9
-3 18
+2 72
cfi=(59)
cfn=(192)
calls=9 -93 
* 81
* 27
fi=(56) ./elf/../sysdeps/posix/dl-fileid.h
37 9
cfi=(57) ./io/../sysdeps/unix/sysv/linux/fstat64.c
cfn=(188) fstat
calls=3 -8 
* 45
* 6
fe=(31)
999 6
fi=(56)
40 9
fe=(31)
999 3
fi=(56)
40 3
fe=(31)
999 39
+1 18
fi=(56)
49 24
fe=(31)
1515 27
1018 6
+66 13
+1 2
-1 1
+1 1
-1 1
+1 1
cfi=(70) ./io/../sysdeps/unix/sysv/linux/pread64_nocancel.c
cfn=(234) __pread64_nocancel
calls=1 25 
* 7
* 2
+26 38
+26 72
+10 12
-1 12
-1 12
+2 12
+2 12
-2 12
-1 72
+2 24
+1 12
+2 12
-3 12
+3 72
+2 24
+4 24
+1 45
+4 9
+1 9
-1 9
+1 63
-18 9
+28 9
-11 3
+1 3
-1 3
+1 21
-18 3
+28 3
-56 6
+7 3
+2 3
-2 3
+1 3
+1 3
-1 6
+1 24
+50 6
+5 2
-1 4
+5 2
-5 4
-56 2
+61 8
+1 2
+3 2
-3 2
+8 8
+15 6
+1 3
+58 12
+1 9
fi=(62) ./elf/./elf/get-dynamic-info.h
39 6
+6 3
-2 3
+2 6
+9 3
+5 3
+3 3
+2 3
-3 3
-3 3
-3 48
+13 14
-23 56
+23 50
-23 200
+4 128
+5 68
+2 15
+3 12
+13 12
+10 10
+1 12
+1 12
+1 12
+2 12
+5 11
+1 11
+1 12
+3 9
+5 4
+7 6
+1 9
+22 9
+5 4
+2 4
+2 4
+2 4
+4 9
+2 3
+1 2
+9 2
+6 2
+4 6
fe=(31)
1275 6
+1 6
+2 6
+10 9
+19 9
+2 15
+52 9
+1 4
+6 24
+1 62
+6 12
cfn=(88)
calls=3 868 
* 60
-7 80
+1 37
+6 37
-6 74
fi=(30)
95 24
213 3
-1 6
105 6
212 3
105 3
-2 3
-3 3
+2 3
+3 3
-4 6
+92 12
-1 3
-87 9
+3 9
+1 6
+1 6
+4 9
+4 9
+3 9
+1 6
+4 3
+1 12
+58 9
+2 12
-56 8
+1 4
+3 8
+3 4
+1 16
+5 8
+2 8
+5 8
+14 4
-1 8
+2 2
-1 6
fe=(31)
1380 6
cfi=(63)
cfn=(202)
calls=3 25 
* 18
* 6
+13 6
+2 12
+2 6
+16 6
cfi=(8)
cfn=(14)
calls=3 25 
* 87
+4 6
+1 6
+17 6
+1 1
+3 1
+5 1
-5 1
+5 1
-5 2
+5 2
-5 2
+5 2
+10 6
+7 18
+10 6
+1 8
+5 4
cfi=(46)
cfn=(232)
calls=2 131 
* 20
+7 9
cfi=(26)
cfn=(82)
calls=3 31 
* 147
+3 12
+23 21
+1 9
cfi=(48)
cfn=(204) _dl_audit_objopen
calls=3 76 
* 15
* 3
fi=(61)
95 10
+2 2
-1 4
+1 2
-1 2
+1 2
-1 2
+1 2
-1 4
+3 8
fe=(31)
1506 15
fi=(30)
198 12
+2 3
+1 3
+2 3
-3 9
fe=(31)
1368 9
fi=(62)
62 12
+2 12
fe=(31)
1084 2
fi=(60)
187 8
cfi=(59)
cfn=(192)
calls=1 47 
* 9
+3 2
fe=(31)
1462 9
+2 2
-1 10
+1 2
-1 2
+1 2
-1 2
cfi=(32)
cfn=(90)
calls=2 108 
* 50
* 4
+2 5
1275 4
fi=(56)
49 6
fi=(30)
170 3
-39 2
fe=(31)

fn=(106)
706 11
+14 1
-14 2
+14 2
cfi=(38) ./elf/./elf/dl-hwcaps.c
cfn=(108) _dl_important_hwcaps
calls=1 175 
* 1643
fi=(28)
56 1
fe=(31)
720 1
fi=(28)
56 1
cfi=(27)
cfn=(76)
calls=1 -21 
* 25
fe=(31)
725 1
+2 2
+7 2
+1 2
-1 3
+5 3
fi=(28)
56 1
cfi=(27)
cfn=(76)
calls=1 -21 
* 25
fe=(31)
739 1
+2 4
+17 1
-10 1
+19 1
-11 1
-9 1
+9 1
+12 2
-10 1
+3 2
+9 1
-7 1
+4 1
+3 2
-3 1
-8 1
+3 1
+8 1
-3 1
+1 16
cfi=(43)
cfn=(130)
calls=4 125 
* 72
+2 18
-14 3
+10 3
+4 3
-12 3
-2 3
+2 3
+4 3
-3 3
+3 3
+1 3
-2 3
+5 6
+1 3
-4 3
+4 3
+15 1
+3 1
-15 1
+7 1
-1 1
+9 2
+2 4
+2 3
+36 5
+2 2
cfi=(22)
cfn=(60)
calls=1 41 
* 17
* 9
-19 1
-2 1
+2 2
+19 9
cfi=(29)
cfn=(80)
calls=1 212 
* 11
* 1
+5 4
-1 2
+2 1
+1 2
-2 4
+1 13
+1 26
-2 52
+5 1
fi=(28)
56 1
cfi=(27)
cfn=(76)
calls=1 -21 
* 25
fe=(31)
836 1
fi=(28)
56 1
fe=(31)
838 2
+6 6
cfn=(132) fillin_rpath.isra.0
calls=1 468 
* 583
+3 3
+6 1
+4 8
-35 2
+5 2

fn=(136) expand_dynamic_string_token
385 14
241 2
385 2
241 2
385 2
241 2
cfi=(42)
cfn=(118)
calls=2 23 
* 72
+3 4
410 2
-11 2
+11 12
-11 2
cfi=(44)
cfn=(138)
calls=2 40 
* 168

fn=(170)
2022 50
+8 10
+1 20
+3 82
+5 112
+2 48
cfi=(53)
cfn=(172) _dl_name_match_p
calls=16 68 
* 1819
* 32
+4 28
+1 42
+4 6
-1 30
+1 6
+1 6
-1 6
+1 6
cfi=(32)
cfn=(90)
calls=6 108 
* 266
* 12
2329 45
2068 3
+1 3
-1 3
+1 3
-1 3
+1 3
-1 6
-44 3
+53 9
+17 6
-2 3
+2 3
cfi=(42)
cfn=(118)
calls=3 23 
* 72
* 6
2260 2
-1 3
cfn=(136)
calls=1 385 
* 168
+2 1
-3 1
+1 1
+2 2
+4 5
cfn=(174)
calls=1 1568 
* 283
+3 2
-3 1
+3 1
+12 4
+46 1
+1 3
-1 1
+1 9
cfn=(182)
calls=1 944 
* 1819
-1 2
+1 6
-1 2
+1 18
cfn=(182)
calls=2 944 
* 4256
* 9
2098 4
cfi=(22)
cfn=(60)
calls=2 41 
* 34
* 4
+2 4
+7 8
+51 22
cfn=(214) open_path
calls=2 1870 
* 1785
+6 2
-6 2
+6 8
682 2
2165 2
682 4
2252 4
+28 8
+2 8
2111 2
696 6
2111 2
+1 2
696 4
2116 6
682 2
2117 2
682 4
2173 2
+14 4
+2 6
+4 4
cfi=(67)
cfn=(220)
calls=2 416 
* 3538
* 2
+2 4
+4 4
+8 6
+23 12
cfn=(216) open_verify.constprop.0
calls=2 1568 
* 687
+4 4
-4 2
+4 2
+1 4
2131 10
+1 20
682 2
2133 2
682 4
2157 6
+1 4
-16 4

fn=(214)
1870 16
+1 2
-1 12
+1 2
+6 4
+5 32
-7 4
+7 2
-8 2
+8 4
+3 4
+9 12
+7 6
+1 2
-1 2
cfi=(29)
cfn=(126)
calls=2 199 
* 26
-12 2
+12 2
+59 10
-58 8
+3 36
+5 80
cfi=(29)
cfn=(126)
calls=10 199 
* 136
* 40
cfi=(29)
cfn=(126)
calls=10 199 
* 130
+3 20
+6 30
+3 60
cfn=(216)
calls=10 1568 
* 540
* 10
+2 30
+2 18
+65 16
+7 4
-2 4
+2 4
+3 6
-13 2
+27 18
-65 4
+2 2
-50 96
+29 18
+1 63
+6 18
+2 9
-2 9
+2 18
cfi=(66)
cfn=(218)
calls=9 28 
* 142
* 9
+3 9
-3 18
+1 1
+2 2
-2 1
+2 24
-61 4

fn=(216)
1568 132
+39 36
+19 48
cfi=(54)
cfn=(176)
calls=12 28 
* 258
* 12
+2 24
+11 2
+6 4
-5 2
+5 16
cfi=(55)
cfn=(178)
calls=2 25 
* 12
+2 4
+2 4
+2 4
+6 4
+17 22
fi=(28)
50 4
cfi=(27)
cfn=(142)
calls=2 +45 
* 10
fe=(31)
1856 108
1674 6
+74 4
+5 4
+2 8
+6 4
+6 2
+1 2
-1 6
+1 2
-1 2
+1 4
+1 2
+20 6
+31 2
-31 2
1633 2
1820 4
-31 120
+1 54
+1 16
+4 16
+6 4
+1 28
+10 12
cfi=(70)
cfn=(234)
calls=2 25 
* 14
* 16
+8 30
+15 2
+6 1
-3 1
+1 1
+1 1
+1 2
-3 1
+1 1
+1 1
+2 1
-3 3
-1 1
+4 2
-19 36
+3 4
-4 4
+4 8
+5 1
+1 8
-60 13
+1 3
-1 1
+1 3
cfi=(70)
cfn=(234)
calls=1 25 
* 7
* 3
+16 5
+7 6
1612 20
+62 3
1802 4
-30 2

fn=(132)
468 7
+4 1
-4 8
+6 3
cfi=(7)
cfn=(134) strsep
calls=1 239 
* 240
* 3
cfi=(7)
cfn=(134)
calls=1 239 
* 8
* 6
+7 2
+2 3
cfn=(136)
calls=1 -98 
* 118
* 1
+4 2
+5 2
cfi=(22)
cfn=(60)
calls=1 41 
* 17
* 1
+1 2
+7 5
+9 15
+1 8
+55 2
fi=(28)
50 2
cfi=(27)
cfn=(142)
calls=1 +45 
* 5
+1 1
fe=(31)
528 2
+4 3
fi=(28)
56 1
cfi=(27)
cfn=(76)
calls=1 -21 
* 25
* 1
fe=(31)
534 2
+5 1
+1 2
-1 1
-1 1
+2 1
cfi=(29)
cfn=(126)
calls=1 199 
* 13
+3 1
-3 1
+1 1
+2 1
+6 1
+1 1
-1 3
+1 11
+1 1
-1 1
+1 2
-1 2
+1 1
-1 1
+1 2
-1 6
+1 1
-1 1
+1 1
-1 2
+3 1
+1 1
-1 1
+1 2
+1 1
+6 2
+1 2
-57 4
+66 1
+3 8
-46 4

fn=(210)
238 8
+3 4
-3 8
+7 4
-7 8
+3 4
cfi=(42)
cfn=(118)
calls=4 23 
* 120
+3 8
+20 28

fl=(51)
fn=(248)
238 6
+1 1
+1 1
+3 1
+1 1
+2 1
cfi=(2)
cfn=(250)
calls=1 696 
* 8667
+2 1
+1 1
+1 4

fn=(160) _dl_catch_error
225 10
+2 2
cob=(2)
cfi=(50)
cfn=(162)
calls=1 0 
* 2759
+1 2
+1 1
+1 1
-1 1
+1 1
+2 5

fn=(164) _dl_catch_exception
175 15
+5 5
-5 15
+5 5
-2 10
+22 5
-1 5
+7 10
-6 5
+3 10
+3 5
cfi=(52)
cfn=(166)
calls=5 30 
* 120
* 20
+2 15
cfi=(65)
cfn=(212)
calls=4 61 
* 13005
cfi=(2)
cfn=(168)
calls=1 663 
* 2698
+2 5
-1 5
+1 5
-1 5
+1 10
+9 20

fl=(22)
fn=(60)
41 21
+44 21
+1 21
+1 21
+1 21
+1 21
+1 21
+1 21
+2 21
+2 21
+31 20
+1 20
+1 20
+1 20
+1 20
+1 11
+2 11
+4 9
+1 9
+1 9
+1 9
+1 9
+1 9
+1 9
+1 9
+1 9
+1 9
+1 9
+1 9
+5 72
+4 1
+1 14
+1 8

fl=(54)
fn=(176)
28 14
+3 14
-3 42
+3 84
+8 98
+2 4
-2 30
+2 10

fl=(16)
fn=(34)
399 1
+16 1
-16 6
+3 1
+1 1
+1 1
+11 2
+3 6
593 1
+94 5
+1 1
+3 2
+1 1
+6 1
+3 1
fi=(19)
+5 1
+2 1
fe=(16)
-9 1
fi=(19)
+23 2
840 1
+46 1
-46 17
+45 2
+25 2
+21 2
-21 2
+13 3
+8 1
-8 1
+8 1
cfi=(10)
cfn=(24)
calls=1 405 
* 21
* 1
+2 2
+3 4
cfi=(10)
cfn=(24)
calls=1 405 
* 21
* 1
+2 1
+3 2
-3 2
+3 1
-3 1
+3 1
cfi=(10)
cfn=(24)
calls=1 405 
* 21
* 1
+1 5
+16 2
-12 5
cfi=(10)
cfn=(24)
calls=1 405 
* 21
* 1
+1 3
+23 1
-17 5
+3 3
-3 1
cfi=(10)
cfn=(24)
calls=1 405 
* 21
+3 3
-3 2
+3 9
cfi=(10)
cfn=(54)
calls=1 157 
* 58
+1 9
cfi=(10)
cfn=(54)
calls=1 157 
* 58
+1 10
cfi=(10)
cfn=(54)
calls=1 157 
* 58
+3 8
cfi=(10)
cfn=(54)
calls=1 157 
* 58
+2 8
cfi=(10)
cfn=(54)
calls=1 157 
* 58
+4 1
fe=(16)
706 1
fi=(19)
967 2
fe=(16)
706 2
fi=(19)
967 4
fe=(16)
706 1
cfi=(10)
cfn=(24)
calls=1 405 
* 19
+4 3
+37 1
-11 1
+11 1
-20 1
+26 1
+4 1
-10 1
+12 1
-23 1
+11 1
+24 1
-1 1
+1 1
+46 4
cfi=(10)
cfn=(24)
calls=1 405 
* 19
+2 4
cfi=(10)
cfn=(24)
calls=1 405 
* 19
fi=(21) ./elf/../sysdeps/unix/sysv/linux/x86/cpu-features.c
27 6
fe=(16)
829 2
+45 8
fi=(19)
+19 11
fe=(16)
717 1
-4 1
+9 1
+53 3
+17 2
fi=(19)
-68 3
cfn=(46)
calls=1 255 
* 747
+1 1
-1 2
+1 1
cfn=(46)
calls=1 255 
* 815
+1 1
-1 1
+1 1
cfn=(46)
calls=1 255 
* 472
+3 1
-3 2
+3 1
cfn=(46)
calls=1 255 
* 952
+2 1
-2 1
+2 1
cfn=(46)
calls=1 255 
* 956
+3 1
-2 1
-1 1
+3 1
cfn=(46)
calls=1 255 
* 749
+2 1
-2 1
+2 1
cfn=(46)
calls=1 255 
* 751
+3 1
-2 1
-1 1
+3 1
cfn=(46)
calls=1 255 
* 817
+2 1
-2 1
+2 1
cfn=(46)
calls=1 255 
* 819
+3 1
-3 1
+3 1
cfn=(46)
calls=1 255 
* 474
+2 1
-2 1
+2 1
cfn=(46)
calls=1 255 
* 476
+2 1
-2 1
+2 1
cfn=(46)
calls=1 255 
* 958
+2 3
-2 1
+2 1
cfn=(52)
calls=1 481 
* 215
863 15
fe=(16)
424 6
cfn=(36) get_common_indices.constprop.0
calls=1 -99 
* 56
303 3
+1 2
+1 6
+5 2
+1 6
+5 2
+1 6
429 1
cfn=(40) update_active.constprop.0
calls=1 43 
* 120
+2 1
+2 1
+83 1
-85 2
564 2
+7 2
+2 1
+4 2
+6 2
422 2
-3 1
+14 3
+1 4
+69 1
+10 4
-79 9

fn=(36)
325 1
+4 4
+3 3
+5 2
-5 1
+5 1
-5 1
+4 1
+1 1
+1 4
+1 4
+1 3
+1 2
+7 2
+2 5
+5 1
-5 1
+5 1
-5 1
+5 1
-5 2
+5 1
+7 1
-7 4
+7 1
fi=(17) ./elf/../sysdeps/unix/sysv/linux/x86/dl-minsigstacksize.h
24 2
+3 2
+54 1
fe=(16)
384 2

fn=(40)
43 7
+45 1
-41 1
+28 1
-18 1
+31 1
+4 1
-36 1
-1 1
+37 1
-26 1
-11 1
+1 1
+36 2
+1 1
-17 1
-21 1
+25 1
-4 1
-11 1
+28 1
-1 1
-36 1
+18 1
+19 1
-13 1
-4 1
-11 1
+19 1
+11 1
-3 1
-12 1
+14 1
-29 1
+18 1
+9 1
-18 1
+13 1
-13 1
-9 1
+29 2
+3 1
-14 1
-9 1
+9 1
+4 1
+10 1
-17 1
+7 1
+5 1
+5 1
+1 1
-1 1
+1 2
+2 2
+1 4
+3 1
+1 1
-1 1
+1 1
-1 1
+1 1
-1 1
+1 1
+4 2
285 3
+4 3
fi=(18)
31 1
-3 1
+3 1
-1 2
fe=(16)
296 1
+1 8
fi=(18)
32 3
+4 3
+3 3
+1 4
+5 1
-7 1
+7 3
+2 1
+1 2
fe=(16)

fl=(14)
fn=(28)
35 1
+1 3
+1 2
+6 1
+1 1

fl=(55)
fn=(178)
25 3
+1 12
+1 3

fl=(57)
fn=(188)
29 8
+1 8
+5 12
cfi=(58)
cfn=(190)
calls=4 153 
* 32

fl=(29)
fn=(126)
199 198
+1 198
+1 198
+1 198
+17 198
+1 198
+2 88
+1 88
+1 88
+2 86
+1 86
+1 86
+2 86
360 110
+1 110
+2 93
+4 93
+1 87
+1 87
+1 2
+1 2
+1 2
+1 2
+2 2
+2 87
+6 6
+1 6
+1 6
+1 6
+1 6
+29 17
+1 17
+1 17
+1 17
+1 17
+7 2
+1 2
+1 2
+1 2
+1 2
+1 2
+1 2
+11 2
+1 2
+2 2
+1 2
+1 2

fn=(80)
212 22
+1 22
+6 22
+1 22
+2 13
+1 13
+1 13
+2 6
+1 6
+1 6
+2 6
360 9
+1 9
+2 1
+4 1
+1 1
+1 1
+1 1
+1 1
+4 1
+2 1
+39 8
+1 8
+1 8
+1 8
+1 8
+7 7
+1 7
+1 7
+1 7
+1 7
+1 7
+1 7
+11 7
+1 7
+2 7
+1 7
+1 7

fl=(70)
fn=(234)
25 8
+1 16
+1 4

fl=(7)
fn=(408)
76 2
+10 1
fi=(126) ./elf/../sysdeps/generic/dl-hash.h
-41 1
fe=(7)
+31 1
fi=(126)
-32 1
fe=(7)
+32 5
+11 1
-1 1
fi=(126)
-43 1
+5 3
+14 4
-17 3
+3 15
+14 20
-17 15
fe=(7)
+46 2
fi=(126)
-24 1
fe=(7)
+22 1
+2 2
fi=(126)
-19 1
fe=(7)
+19 1
cfn=(412) lookup_malloc_symbol
calls=1 -30 
* 619
+1 3
-1 1
+1 1
cfn=(412)
calls=1 -31 
* 619
+1 3
-1 1
+1 1
cfn=(412)
calls=1 -32 
* 605
+1 3
-1 1
+1 1
cfn=(412)
calls=1 -33 
* 597
+5 1
+1 1
+1 1
+1 1
+1 7

fn=(134)
239 2
+3 4
+2 2
+1 4
+4 33
+7 84
-2 56
+13 1
+4 4
-22 14
+15 14
-15 30

fn=(412)
61 8
+3 4
-3 16
+3 4
-3 4
+3 8
-1 4
+1 12
cfi=(78)
cfn=(278)
calls=4 840 
* 2280
+4 28
+1 28
+2 4
fi=(127) ./elf/./dl-sym-post.h
-30 8
+12 12
fe=(7)
+19 20

fn=(12)
42 1
+1 2
+1 2
+1 2
+1 2
+1 1

fl=(1) ???
fn=(0) 0x0000000000020290
0 2
cfi=(2)
cfn=(2)
calls=1 527 
0 191270
0 14
cfi=(139) ./elf/./elf/dl-init.c
cfn=(458) _dl_init
calls=1 77 
0 26827
0 3
cob=(6)
cfi=(176) ???
cfn=(856) (below main)
calls=1 0 
0 46144326

fl=(130)
fn=(422)
27 1
+2 2
-2 1
+6 3
-6 1
+6 3
-6 1
+6 1
cfi=(129)
cfn=(418)
calls=1 +41 
* 177
+4 2
+2 4
+2 1
-1 1
+1 2
-1 1
cob=(3)
cfi=(131) ./elf/./elf/libc_early_init.c
cfn=(424) __libc_early_init
calls=1 -7 
* 1140

fl=(38)
fn=(108)
175 5
+1 1
-1 6
+1 1
-1 1
+1 1
-1 1
+1 1
-1 1
+1 2
cfi=(10)
cfn=(24)
calls=1 405 
* 21
* 1
+2 2
+1 3
+26 2
-26 1
+25 1
cfi=(39)
cfn=(110)
calls=1 29 
* 31
fi=(40) ./elf/./dl-hwcaps.h
54 1
fe=(38)
205 1
-1 1
fi=(40)
56 1
+32 1
+1 1
+1 1
fe=(38)
-35 2
cfi=(41)
cfn=(116)
calls=1 -4 
* 13
* 2
fi=(40)
-1 1
+2 2
-2 1
+34 2
+1 2
+1 1
fe=(38)
-32 1
-1 1
+1 1
+1 1
-1 1
-3 2
cfi=(41)
cfn=(116)
calls=1 -4 
* 20
* 2
cfi=(41)
cfn=(116)
calls=1 -4 
* 196
* 4
+48 5
fi=(28)
-47 1
cfi=(27)
cfn=(76)
calls=1 -21 
* 25
fe=(38)
+47 1
+2 2
+3 2
fi=(40)
-52 1
fe=(38)
+55 1
-3 1
fi=(40)
-54 2
+3 1
fe=(38)
+58 2
cfi=(41)
cfn=(122)
calls=1 -90 
* 12
* 2
fi=(40)
-61 1
+2 2
-2 1
+34 2
+1 2
+1 1
fe=(38)
+40 2
+1 1
-1 3
+2 1
+1 1
-2 3
-3 2
cfi=(41)
cfn=(116)
calls=1 -77 
* 20
* 2
cfi=(41)
cfn=(116)
calls=1 -77 
* 196
* 4
+8 2
+9 1
-15 1
+15 2
-15 1
+15 2
+70 1
+1 1
+4 1
-5 2
+1 4
+4 2
-4 1
+4 4
+1 1
-1 1
+1 2
+1 2
-2 5
+1 1
-1 1
+1 2
+1 2
-2 5
+5 1
+3 2
-3 2
+3 15
+7 1
-7 2
+2 3
+1 4
+2 1
fi=(254) ./elf/../sysdeps/x86/dl-hwcap.h
57 1
fe=(38)
233 2
fi=(254)
57 1
fe=(38)
233 2
fi=(254)
57 1
fe=(38)
233 1
+1 1
cfi=(22)
cfn=(60)
calls=1 41 
* 17
+1 1
+1 1
-6 1
+4 1
+1 1
-5 1
+5 1
+1 1
-1 2
-5 4
+10 3
-2 3
+2 1
+1 1
+1 1
-1 1
+4 4
+1 1
-1 1
+4 2
+4 1
-1 1
+1 4
-1 2
+4 3
+1 3
+19 10
+6 2
fi=(28)
56 1
cfi=(27)
cfn=(76)
calls=1 -21 
* 25
* 1
fe=(38)
283 2
+8 1
fi=(40)
54 1
+2 1
+34 1
-2 2
fe=(38)
-5 1
291 1
fi=(40)
54 1
+35 1
fe=(38)
291 1
fi=(40)
90 1
fe=(38)
-10 2
cfi=(41)
cfn=(116)
calls=1 -29 
* 13
* 2
fi=(40)
-26 2
+2 1
fe=(38)
+27 1
fi=(40)
-29 1
+34 2
+1 2
+1 1
fe=(38)
-8 1
+1 2
+7 1
-7 5
cfi=(29)
cfn=(126)
calls=1 199 
* 13
+4 1
+2 1
+2 1
-2 2
-9 2
cfi=(41)
cfn=(116)
calls=1 -29 
* 20
* 2
cfi=(41)
cfn=(116)
calls=1 -29 
* 196
* 4
304 1
+2 1
-2 1
-48 2
+72 1
-72 1
376 2
+13 2
-58 1
+45 1
+13 1
-58 1
-75 1
+82 1
+10 2
-92 1
+88 1
+4 3
-4 1
+3 7
-3 2
-3 1
+3 1
cfi=(29)
cfn=(126)
calls=1 199 
* 18
* 2
-3 1
+3 1
cfi=(29)
cfn=(126)
calls=1 199 
* 18
* 2
+3 2
-3 4
+3 5
+1 12
+1 2
-2 1
+2 1
cfi=(29)
cfn=(126)
calls=1 199 
* 15
* 2
-2 2
+5 8
cfi=(29)
cfn=(126)
calls=2 199 
* 30
* 4
+2 5
+5 6
+1 1
-1 3
+1 7
-1 25
+5 11
+4 1
-1 1
+1 2
-4 12
+4 2
-1 2
+1 13
-1 9
+1 18
+1 24
-1 12
-1 12
+2 24
-1 24
-1 24
+4 9
+3 1
+2 2
-1 1
-1 1
+2 1
-2 1
+2 2
-1 1
+1 2
+2 6
+1 2
+3 2
-6 2
+6 3
+7 8
+1 1
-1 2
+3 2
-3 3
+1 3
-1 6
+3 6
+3 4
-80 2
+86 9
-20 1
+1 2
-6 3
259 2
+1 2
+1 4
-1 3
+12 4
-44 2
+34 4
-2 3

fl=(48)
fn=(450)
40 2
+4 1
-4 1
+4 1
-4 1
+4 1
-4 2
+4 1
+1 1
+1 4
+4 6

fn=(878) _dl_audit_preinit
117 1
+1 4

fn=(152)
28 6
+2 1
-1 1
+1 2
+6 6

fn=(204)
76 3
+1 12

fl=(74)
fn=(252)
361 6
+4 5
-2 2
+4 30
cfn=(254) _dl_check_map_versions
calls=5 155 
* 8571
-2 5
+2 15
-1 5
-1 10
+5 7

fn=(254)
155 40
+15 5
-15 10
+15 10
+2 25
+2 5
+1 5
-1 5
+1 5
+2 10
+3 6
-16 3
-8 3
+28 3
-4 3
+4 6
+16 3
36 6
200 3
36 15
200 1
36 2
200 1
36 5
+1 12
-1 24
+2 48
cfi=(53)
cfn=(172)
calls=16 +30 
* 1825
* 32
208 12
+5 4
-71 8
+71 12
+8 4
-2 4
-2 8
+4 4
-4 24
+4 16
-2 16
-2 32
+4 16
-4 136
56 80
+8 60
+6 60
+16 20
+1 40
+2 20
+5 180
+14 504
+12 696
+4 232
-30 464
224 80
+3 60
+5 16
-11 16
110 20
+3 80
cfi=(32)
cfn=(90)
calls=20 -5 
* 731
* 84
236 16
+5 2
-44 1
+1 1
+52 6
+3 12
+10 73
-7 292
+3 219
-3 12
+3 9
+8 8
+6 4
fi=(28)
44 4
fe=(74)
273 4
fi=(28)
44 4
cfi=(27)
cfn=(72)
calls=4 +34 
* 144
fe=(74)
272 4
fi=(28)
44 4
fe=(74)
274 8
+13 4
-3 4
+3 16
+2 12
+3 12
+4 12
+7 20
+1 20
-1 60
+1 20
+1 20
-2 20
+2 40
+1 60
+3 60
+5 16
-15 16
+2 16
-2 16
+2 16
-2 16
+2 32
-2 4
+2 4
-2 4
+2 4
-2 4
+2 8
+16 12
+5 1
-28 1
+62 45
-29 12
+3 12
+4 73
+6 73
+1 73
+1 73
-1 219
+1 73
-1 73
+1 73
+1 73
+3 219
+4 73
-14 152
+10 9
164 2
+86 2
-94 2
+94 3

fl=(12)
fn=(22)
281 2
+1 4
cfi=(10)
cfn=(24)
calls=1 405 
* 20
+2 3
-1 1
+2 2

fn=(246) dfs_traversal.part.0
140 40
+10 5
-2 5
+2 10
+2 12
+3 10
-3 20
+9 10
+15 15
+1 5
+1 30

fn=(244)
290 10
+8 1
-8 1
+8 2
+4 8
-79 2
-37 1
+37 1
-36 4
+1 1
-1 1
+1 1
-1 2
+1 4
-1 4
+1 4
-1 8
+36 15
+8 3
-3 1
+2 1
+1 1
-8 1
+5 1
+3 4
+2 12
+2 5
-90 25
cfn=(246)
calls=5 -5 
* 162
+93 10
+18 2
+13 1
+33 1
-26 4
cfi=(29)
cfn=(80)
calls=1 -64 
* 19
* 1

fl=(139)
fn=(458)
77 12
+1 1
+1 1
+3 3
+8 2
+25 1
+1 5
+1 2
-86 4
+86 8
-86 16
+2 26
cfn=(460) call_init.part.0
calls=4 -7 
* 26650
+83 15
+7 8
-92 4
+2 6
cfn=(460)
calls=1 -7 
* 61
+52 2

fn=(460)
26 40
+13 5
-13 5
+16 5
-3 10
+3 10
+5 8
+8 12
+1 12
cob=(2)
cfi=(50)
cfn=(490) 0x0000000004883000
calls=1 -56 
* 7
cob=(2)
cfi=(50)
cfn=(462) 0x000000000483f000
calls=1 -56 
* 26
+3 4
+1 8
+6 4
+2 4
-2 2
+3 15
+1 12
cob=(5)
cfi=(145)
cfn=(848)
calls=1 -70 
* 36
cob=(5)
cfi=(145)
cfn=(500)
calls=1 -70 
* 26336
cob=(3)
cfi=(144) ./libio/./libio/vtables.c
cfn=(488) check_stdfiles_vtables
calls=1 +13 
* 12
* 8
cob=(5)
cfi=(145)
cfn=(494)
calls=1 -70 
* 12
cob=(3)
cfi=(141) ./csu/./csu/init-first.c
cfn=(480) _init_first
calls=1 -24 
* 71
-1 15
+3 30
-29 2

fl=(77)
fn=(270)
194 10
+14 5
-14 45
+16 5
-16 10
+14 5
+2 10
+3 5
-1 5
+1 10
+19 10
+6 25
-34 8
+38 8
+7 16
fi=(6)
71 14
+6 8
+4 6
+14 2
-8 2
+8 4
+20 4
fe=(77)
288 205
-83 2
fi=(6)
474 8
fe=(77)
205 4
+83 4
fi=(5)
49 2
fe=(77)
288 2
fi=(5)
60 2
-11 4
+11 4
fe=(77)
288 3
-83 3
fi=(6)
474 12
fe=(77)
205 6
+83 6
fi=(5)
49 3
fe=(77)
288 3
fi=(5)
60 3
-11 6
+11 6
fe=(77)
288 10
fi=(5)
49 5
fe=(77)
288 5
fi=(5)
60 5
-11 10
+11 10
-7 2
-1 2
+11 16
fi=(6)
545 236
+4 236
+3 354
+1 118
fi=(5)
63 354
+2 632
+2 120
-4 120
+13 12
+1 8
+1 80
fi=(6)
545 40
+34 80
+2 40
cob=(3)
cfi=(123) ./string/../sysdeps/x86_64/multiarch/rawmemchr.c
cfn=(394) rawmemchr
calls=1 31 
* 9
cob=(3)
cfi=(122) ./string/../sysdeps/x86_64/multiarch/strncase.c
cfn=(390) strncasecmp
calls=1 31 
* 12
cob=(3)
cfi=(121) ./string/../sysdeps/x86_64/multiarch/mempcpy.c
cfn=(386) mempcpy
calls=1 33 
* 20
cob=(3)
cfi=(120) ./string/../sysdeps/x86_64/multiarch/strspn.c
cfn=(384) strspn
calls=1 29 
* 7
cob=(3)
cfi=(119) ./string/../sysdeps/x86_64/multiarch/memchr.c
cfn=(382) memchr
calls=1 29 
* 9
cob=(3)
cfi=(118) ./string/../sysdeps/x86_64/multiarch/stpcpy.c
cfn=(378) stpcpy
calls=1 33 
* 10
cob=(3)
cfi=(116) ./wcsmbs/../sysdeps/x86_64/multiarch/wmemcmp.c
cfn=(374) wmemcmp
calls=1 29 
* 10
cob=(3)
cfi=(115) ./string/../sysdeps/x86_64/multiarch/strncpy.c
cfn=(370) strncpy
calls=1 29 
* 10
cob=(3)
cfi=(114) ./string/../sysdeps/x86_64/multiarch/strlen.c
cfn=(368) strlen
calls=1 29 
* 9
cob=(3)
cfi=(113) ./string/../sysdeps/x86_64/multiarch/strcasecmp_l.c
cfn=(364) strcasecmp_l
calls=1 31 
* 12
cob=(3)
cfi=(112) ./string/../sysdeps/x86_64/multiarch/strcpy.c
cfn=(360) strcpy
calls=1 29 
* 10
cob=(3)
cfi=(111) ./string/../sysdeps/x86_64/multiarch/strchrnul.c
cfn=(358) strchrnul
calls=1 31 
* 9
cob=(3)
cfi=(110) ./string/../sysdeps/x86_64/multiarch/memrchr.c
cfn=(356) memrchr
calls=1 29 
* 9
cob=(3)
cfi=(109) ./wcsmbs/../sysdeps/x86_64/multiarch/wmemset.c
cfn=(354) wmemset
calls=2 31 
* 14
cob=(3)
cfi=(107) ./string/../sysdeps/x86_64/multiarch/memcmp.c
cfn=(350) bcmp
calls=1 29 
* 10
cob=(3)
cfi=(106) ./string/../sysdeps/x86_64/multiarch/strncase_l.c
cfn=(346) strncasecmp_l
calls=1 31 
* 12
cob=(3)
cfi=(105) ./string/../sysdeps/x86_64/multiarch/strcat.c
cfn=(342) strcat
calls=1 29 
* 10
cob=(3)
cfi=(104) ./wcsmbs/../sysdeps/x86_64/multiarch/wcscpy.c
cfn=(340) wcscpy
calls=1 43 
* 7
cob=(3)
cfi=(103) ./string/../sysdeps/x86_64/multiarch/strcspn.c
cfn=(338) strcspn
calls=1 29 
* 7
cob=(3)
cfi=(101) ./string/../sysdeps/x86_64/multiarch/strcasecmp.c
cfn=(334) strcasecmp
calls=1 31 
* 12
cob=(3)
cfi=(100) ./string/../sysdeps/x86_64/multiarch/strncmp.c
cfn=(332) strncmp
calls=1 66 
* 12
cob=(3)
cfi=(99) ./wcsmbs/../sysdeps/x86_64/multiarch/wmemchr.c
cfn=(330) wmemchr
calls=2 31 
* 18
cob=(3)
cfi=(97) ./string/../sysdeps/x86_64/multiarch/stpncpy.c
cfn=(326) stpncpy
calls=1 31 
* 10
cob=(3)
cfi=(96) ./wcsmbs/../sysdeps/x86_64/multiarch/wcscmp.c
cfn=(324) wcscmp
calls=1 30 
* 9
cob=(3)
cfi=(95) ./string/../sysdeps/x86_64/multiarch/memmove.c
cfn=(320) memmove
calls=2 29 
* 40
cob=(3)
cfi=(94) ./string/../sysdeps/x86_64/multiarch/strrchr.c
cfn=(318) rindex
calls=1 28 
* 9
cob=(3)
cfi=(93) ./string/../sysdeps/x86_64/multiarch/strchr.c
cfn=(316) index
calls=1 61 
* 13
cob=(3)
cfi=(92) ./wcsmbs/../sysdeps/x86_64/multiarch/wcschr.c
cfn=(314) wcschr
calls=2 31 
* 18
cob=(3)
cfi=(90) ./string/../sysdeps/x86_64/multiarch/memcpy.c
cfn=(310) memcpy@@GLIBC_2.14
calls=1 29 
* 20
cob=(3)
cfi=(89) ./wcsmbs/../sysdeps/x86_64/multiarch/wcslen.c
cfn=(306) wcslen
calls=1 29 
* 12
cob=(3)
cfi=(87) ./string/../sysdeps/x86_64/multiarch/memset.c
cfn=(302) memset
calls=1 29 
* 18
cob=(3)
cfi=(85) ./wcsmbs/../sysdeps/x86_64/multiarch/wcsnlen.c
cfn=(298) wcsnlen
calls=1 29 
* 12
cob=(3)
cfi=(84) ./string/../sysdeps/x86_64/multiarch/strcmp.c
cfn=(296) strcmp
calls=1 65 
* 10
cob=(3)
cfi=(83) ./string/../sysdeps/x86_64/multiarch/strpbrk.c
cfn=(294) strpbrk
calls=1 29 
* 7
cob=(3)
cfi=(82) ./string/../sysdeps/x86_64/multiarch/strnlen.c
cfn=(292) strnlen
calls=2 31 
* 18
-36 40
+37 40
fi=(5)
77 121
fe=(77)
288 40
+3 30
+24 5
+3 10
+17 15
+2 40
-98 10
+3 2
+7 4
-9 2
fi=(5)
86 16
+2 16
+12 8
-14 32
+14 16
+10 12
+3 16
+1 4
fi=(6)
529 4
fi=(5)
114 4
fi=(6)
529 8
fi=(5)
114 1233
fi=(6)
529 1233
fi=(5)
114 1233
fi=(6)
529 2466
+5 2474
+1 1237
fi=(5)
113 1237
fi=(6)
535 1237
-5 1237
fi=(5)
113 2474
+7 32
+4 24
+2 12
-73 4
fi=(6)
484 4
fi=(5)
52 4
fi=(6)
484 8
fi=(5)
128 8
+1 4
+1 4
-2 4
+2 4
+3 4
-5 4
+2 4
-2 4
+1 8
+2 4
-2 4
+2 12
+2 8
-5 276
+1 138
+1 138
-2 138
+2 138
+3 138
-5 138
+2 138
-2 138
+1 276
+2 138
-2 138
+2 414
+2 276
+9 140
fi=(6)
262 280
+21 280
+4 280
+7 560
fi=(4)
138 363
fi=(6)
294 4704
cfi=(78)
cfn=(278)
calls=118 840 
* 72334
* 1062
+2 363
+30 838
450 354
fi=(5)
145 394
-19 426
+32 20
+1 6
fi=(6)
294 2
+22 2
-22 4
fi=(5)
160 6
+3 2
+4 2
-4 2
+4 4
-2 2
-2 2
+2 2
+1 2
-1 4
fi=(6)
294 8
508 2
-1 4
+1 4
+1 2
cfi=(15)
cfn=(420)
calls=1 71 
* 6
cob=(3)
cfi=(80) ./string/../sysdeps/x86/cacheinfo.c
cfn=(288) __x86_cacheinfo
calls=1 86 
* 28
+1 2
fi=(5)
159 2
fi=(6)
510 2
fi=(5)
159 8
-14 6
+1 99
fi=(6)
490 6
+5 4
-1 6
+1 4
-1 2
cfi=(29)
cfn=(80)
calls=2 212 
* 22
+2 8
+1 2
-75 60
+4 80
+5 20
+9 20
-9 40
+9 20
fi=(5)
145 78
fi=(6)
296 191
+3 134
-3 134
+3 268
+2 5
+3 2
+1 3
+11 2
+7 1
cob=(3)
cfi=(87)
cfn=(302)
calls=1 29 
* 18
* 3
+3 2
fi=(5)
135 10
+3 2
fi=(6)
296 115
+3 115
-3 246
+3 4
fi=(5)
50 10
fe=(77)
308 14
fi=(6)
-14 29
fe=(77)
+49 25
+3 5
-3 5
+3 5
+4 10
+1 20
cfi=(71)
cfn=(236)
calls=5 117 
* 30
* 10
fi=(6)
122 8
fe=(77)
288 6
fi=(5)
53 2
175 7
+2 2
+1 2
-1 1
+3 1
-3 4
+3 2
-3 10
+1 10
-1 5
+3 5
-3 20
+3 10
+8 6
fi=(6)
+74 12
+21 12
+4 12
+7 24
fi=(4)
138 18
fi=(6)
294 204
cfi=(78)
cfn=(278)
calls=6 840 
* 3523
* 54
+2 18
+30 36
450 12
fi=(5)
191 18
-16 18
+30 4
fi=(6)
+91 2
+3 2
-3 2
+3 4
-3 2
+3 2
-3 4
fe=(77)

fl=(53)
fn=(172)
68 192
+1 64
cfi=(32)
cfn=(90)
calls=32 +39 
* 1175
* 64
+3 32
+2 64
+6 32
-6 64
+1 114
cfi=(32)
cfn=(90)
calls=38 +33 
* 1607
* 76
+8 6
-13 6
+13 44
-1 26
+1 78

fn=(222)
36 2
+3 1
-3 6
+3 1
-3 1
+3 1
cfi=(54)
cfn=(176)
calls=1 -11 
* 19
+1 2
+23 7
-21 4
cfi=(57)
cfn=(188)
calls=1 -13 
* 15
* 2
+2 2
+3 2
+13 2
cfi=(63)
cfn=(202)
calls=1 -35 
* 6
* 1
-11 6
cfi=(59)
cfn=(192)
calls=1 -2 
* 9
* 2

fl=(44)
fn=(138)
40 20
+1 4
cfi=(22)
cfn=(60)
calls=4 * 
* 122
* 4
fi=(255) ./string/../include/rtld-malloc.h
+15 8
cfi=(27)
cfn=(76)
calls=4 -21 
* 100
fe=(44)
-12 8
+4 4
-1 12
+1 8
-1 4
cfi=(29)
cfn=(80)
calls=4 212 
* 60

ob=(6)
fl=(198) /home/calo8122/HPP/SudokuSolverC/functions/init_sudoku.c
fn=(964) init_sudoku
9 8
+1 1
-1 4
+1 1
cob=(2)
cfi=(50)
cfn=(966) 0x0000000000109330
calls=1 -10 
* 189
* 1
+1 2
+4 1
-1 1
+1 1
+3 1
-4 1
+4 1
-4 2
+4 3
cob=(2)
cfi=(50)
cfn=(966)
calls=1 -18 
* 191
* 2
+1 2
fi=(184) /usr/include/x86_64-linux-gnu/bits/stdio2.h
+52 11
cob=(2)
cfi=(50)
cfn=(970) 0x0000000000109220
calls=1 -71 
* 1205
fe=(198)
-29 3
cob=(2)
cfi=(50)
cfn=(982) 0x0000000000109370
calls=1 -42 
* 619
* 1
+1 4
+6 4
cob=(2)
cfi=(50)
cfn=(1002) 0x0000000000109340
calls=1 -49 
* 548
+3 2
cob=(2)
cfi=(50)
cfn=(966)
calls=1 -52 
* 182
* 1
+1 2
fi=(184)
293 5
cob=(2)
cfi=(50)
cfn=(1024) 0x0000000000109260
calls=1 0 
* 420
fe=(198)
58 2
+4 2
cob=(2)
cfi=(50)
cfn=(1042) 0x0000000000109280
calls=1 -62 
* 545
+3 7
+1 23
-1 2
+1 608
-1 80
+1 4
-1 3
+6 2
cob=(2)
cfi=(50)
cfn=(1062) 0x0000000000109230
calls=1 -71 
* 91
-45 12

fn=(1466) free_sudoku
29 3
+2 2
cob=(2)
cfi=(50)
cfn=(1062)
calls=1 -31 
* 144
+1 1
+1 1
-1 1
cob=(2)
cfi=(50)
cfn=(1062)
calls=1 -32 
* 91

fl=(224) /home/calo8122/HPP/SudokuSolverC/functions/parallel.c
fn=(1452) deque_push
81 36
+1 18
-1 72
+1 36
cob=(2)
cfi=(50)
cfn=(1454) 0x00000000001093d0
calls=18 -82 
* 666
+2 18
+5 18
-4 72
+1 18
-1 72
+2 18
-1 18
+4 54
-1 18
cob=(2)
cfi=(50)
cfn=(1456) 0x0000000000109320
calls=18 -89 
* 468

fn=(1104) deep_copy_sudoku
40 133
+1 19
-1 38
+1 19
cob=(2)
cfi=(50)
cfn=(966)
calls=19 -41 
* 4160
* 19
+1 38
+5 76
+5 19
-5 19
+5 76
cob=(2)
cfi=(50)
cfn=(966)
calls=19 -52 
* 4607
* 38
+1 38
+7 38
+3 266
-3 9139
+2 456
+1 912
-2 684
+2 4560
-2 5016
+1 456
+1 1368
-3 2964
+1 323
+1 38
+1 38
-2 57
+2 190
-2 323
+1 19
+1 57
-2 38
-1 95
+7 171

fn=(1494) deque_pop
92 2788
+1 697
-1 1394
+1 1394
cob=(2)
cfi=(50)
cfn=(1454)
calls=697 -93 
* 25789
+2 1394
+4 1394
+2 8
-1 8
+1 56
+1 8
+3 16
cob=(2)
cfi=(50)
cfn=(1456)
calls=8 0 
* 208
* 1378
cob=(2)
cfi=(50)
cfn=(1456)
calls=689 0 
* 17914
+2 3485

fn=(1098) deque_init
70 5
+3 10
+4 10
-4 10
+2 10
+2 5
cob=(2)
cfi=(50)
cfn=(1100) 0x00000000001093c0
calls=5 -77 
* 160

fn=(1450) create_task
15 72
+1 18
-1 18
+1 18
cob=(2)
cfi=(50)
cfn=(966)
calls=18 -16 
* 2791
+2 18
-2 18
+2 18
cfn=(1104)
calls=18 +22 
* 34331
+13 18
-13 18
+15 90
-3 11304
+4 44928
-1 11232
+1 11232
-1 22464
+1 72
-1 18
+1 18
-1 36
-14 18
+2 90

fn=(1522) free_task
23 51
+1 34
cob=(2)
cfi=(50)
cfn=(1062)
calls=17 -24 
* 1663
+1 17
+1 17
-1 17
cob=(2)
cfi=(50)
cfn=(1062)
calls=17 -25 
* 1685

fn=(1518) deque_steal
109 10960
+1 2740
-1 5480
+1 5480
cob=(2)
cfi=(50)
cfn=(1454)
calls=2740 0 
* 101380
+2 2740
+4 5480
+1 40
+3 10
-3 40
+4 10
-1 10
+4 20
cob=(2)
cfi=(50)
cfn=(1456)
calls=10 0 
* 260
* 5460
cob=(2)
cfi=(50)
cfn=(1456)
calls=2730 0 
* 70980
+2 13700

fl=(239) /home/calo8122/HPP/SudokuSolverC/functions/task_hash.c
fn=(1468) initialize_hash_table
4 1
+1 2
-1 1
+4 3
cob=(2)
cfi=(50)
cfn=(1470) 0x00000000001092d0
calls=1 -8 
* 8773
+2 1
+1 1
-3 1
+2 2
cob=(2)
cfi=(50)
cfn=(1100)
calls=1 -10 
* 32

fn=(1496) task_exists_in_hash_table
30 18
+1 36
+2 126
+2 36
+1 47
+1 14
+1 7
+6 7
-13 22

fn=(1498) insert_task_to_hash_table
13 11
+1 44
-1 11
+3 11
-3 22
+6 11
-6 11
+3 77
+3 11
cob=(2)
cfi=(50)
cfn=(966)
calls=11 -19 
* 7595
+1 22
+6 11
-1 11
+1 11
+1 11
-1 11
+2 44

fl=(176)
fn=(856)
0 12
cob=(3)
cfi=(177) ./csu/../csu/libc-start.c
cfn=(858) __libc_start_main@@GLIBC_2.34
calls=1 242 
0 46144314

fn=(868) 0x0000000000001660
0 12

fl=(183)
fn=(1318)
356 847224
cob=(2)
cfi=(50)
cfn=(1320) 0x00000000001092e0
calls=60516 0 
* 2328252
* 983632
+16 3844
+2 19220
+2 115529
+1 65336
+1 9042
cob=(2)
cfi=(50)
cfn=(1320)
calls=3014 0 
* 135091
* 1660
cob=(2)
cfi=(50)
cfn=(1320)
calls=830 0 
* 37112
* 7688
cob=(2)
cfi=(50)
cfn=(1320)
calls=7688 0 
* 318093
* 23064
+12 3844
+3 7688
+1 13560
+1 17965
+16 3844
+1 3844
-2 3844
+2 15376
+1 7688
+1 3844
-1 7688
+2 3844
+3 15376
+3 11532
-2 7688
+2 28974
-2 32818
+2 147982
+4 293505
-6 176541
-1 42624
+13 1996
-75 484128
cob=(2)
cfi=(50)
cfn=(1334) 0x0000000000109210
calls=60516 0 
* 1149804
+70 10534
-45 73254
+1 45673
+4 1660
+14 6447
+1 9837
-8 42512
+1 19177
+6 222847
+1 104068
+5 6808

fn=(888) main
75 4
+1 2
+4 3
+8 1
+3 1
-11 1
cob=(2)
cfi=(50)
cfn=(890) 0x00000000001092f0
calls=1 -80 
* 110
fi=(184)
+32 2
fe=(183)
-32 2
+1 1
fi=(184)
+31 2
cob=(2)
cfi=(50)
cfn=(894) 0x0000000000109350
calls=1 0 
* 2451
fe=(183)
-27 2
cob=(2)
cfi=(50)
cfn=(940) 0x0000000000109290
calls=1 -85 
* 1283
+3 3
cob=(2)
cfi=(50)
cfn=(960) 0x0000000000109270
calls=1 -88 
* 13
+1 2
cfi=(198)
cfn=(964)
calls=1 -80 
* 4800
+2 2
-2 1
+2 1
cob=(2)
cfi=(50)
cfn=(960)
calls=1 -91 
* 13
+2 8
fi=(184)
+19 2
fe=(183)
-19 1
fi=(184)
+19 1
fe=(183)
-20 1
fi=(184)
+20 1
cob=(2)
cfi=(50)
cfn=(894)
calls=1 0 
* 3280
fe=(183)
-16 3
cob=(2)
cfi=(50)
cfn=(960)
calls=1 -96 
* 13
+1 3
cfn=(1096) parallel_sudoku_solver
calls=1 +82 
* 46131212

fn=(1514) solve.part.0
109 77
337 11
109 55
340 33
+2 44
-2 22
+1 22
+1 273
-1 320
177 142
-50 55
+41 6
-25 6
+25 42
-4 438
356 2100
cob=(2)
cfi=(50)
cfn=(1108) 0x0000000000109310
calls=150 0 
* 468919
+12 300
-12 150
+12 920
166 8
-55 4
+55 4
-55 20
cfn=(1515) solve.part.0'2
calls=4 -2 
* 7143754
+57 6
+4 6
-8 3
+8 3
-8 27
-36 66
+1 121
356 132
cob=(2)
cfi=(50)
cfn=(1108)
calls=11 0 
* 119859
* 3168
cob=(2)
cfi=(50)
cfn=(1108)
calls=264 0 
* 821726
+12 550
-12 275
+12 1650
131 56
-2 825
+7 77
+9 5
-7 5
+7 25
-8 5
+8 10
-7 360
356 1750
cob=(2)
cfi=(50)
cfn=(1108)
calls=125 0 
* 388566
+12 250
-12 125
+12 786
140 30
+2 10
-31 5
+31 5
-31 25
cfn=(1515)
calls=5 -2 
* 3187581
+34 10
+4 10
-11 5
+11 5
-6 5
-5 20
+14 10
cfi=(224)
cfn=(1450)
calls=5 15 
* 38775
+1 5
-1 5
+1 15
+2 10
cfi=(224)
cfn=(1452)
calls=5 -74 
* 445
* 5

fn=(1515)
109 1057
337 151
109 755
340 453
+2 604
-2 302
+1 302
+1 453
-2 657
+1 1314
+1 55194
-1 73592
-1 2628
177 1106
-50 1420
+41 133
-25 133
+25 942
-25 11
+25 77
-4 7374
356 36316
cob=(2)
cfi=(50)
cfn=(1108)
calls=2594 0 
* 8098761
+12 5186
-12 2593
+12 15960
166 270
-55 135
+55 135
-55 675
cfn=(1515)
calls=135 -2 
* 257069313
+57 104
+4 104
-8 52
+8 52
-8 242
-36 108
+1 198
356 216
cob=(2)
cfi=(50)
cfn=(1108)
calls=18 0 
* 57276
* 5184
cob=(2)
cfi=(50)
cfn=(1108)
calls=432 0 
* 1345504
+12 900
-12 450
+12 2700
131 92
-2 1350
+7 126
+9 7
-7 7
+7 35
-8 7
+8 14
-7 504
356 2450
cob=(2)
cfi=(50)
cfn=(1108)
calls=175 0 
* 549332
+12 350
-12 175
+12 1098
140 42
+2 14
-31 7
+31 7
-31 35
cfn=(1515)
calls=7 -2 
* 2357718
+34 14
+4 14
-11 7
+11 7
-6 7
-5 28
+14 14
cfi=(224)
cfn=(1450)
calls=7 15 
* 53134
+1 7
-1 7
+1 21
+2 14
cfi=(224)
cfn=(1452)
calls=7 -74 
* 623
* 7

fn=(1492) worker_thread
264 55
+5 10
cob=(2)
cfi=(50)
cfn=(1454)
calls=5 0 
* 185
* 1384
cob=(2)
cfi=(50)
cfn=(1454)
calls=692 0 
* 25604
+1 697
+1 697
-1 697
+4 697
cob=(2)
cfi=(50)
cfn=(1456)
calls=697 0 
* 18122
+3 1394
cfi=(224)
cfn=(1494)
calls=697 92 
* 57931
* 697
+1 1394
+10 54
cob=(2)
cfi=(50)
cfn=(1454)
calls=18 0 
* 666
+1 54
cfi=(239)
cfn=(1496)
calls=18 30 
* 313
* 36
+7 33
cfi=(239)
cfn=(1498)
calls=11 13 
* 7925
+1 33
cob=(2)
cfi=(50)
cfn=(1456)
calls=11 0 
* 286
111 11
300 11
111 44
cfn=(1514)
calls=11 -2 
* 12185143
300 20
+12 20
cfi=(224)
cfn=(1522)
calls=10 23 
* 2008
* 10
-22 21
cob=(2)
cfi=(50)
cfn=(1456)
calls=7 0 
* 182
+1 14
cfi=(224)
cfn=(1522)
calls=7 23 
* 1476
+1 7
-13 2067
+39 2756
+2 2067
+2 1378
-2 8220
+2 5480
+1 19180
cfi=(224)
cfn=(1518)
calls=2740 109 
* 224790
* 2740
+1 5480
-6 10257
-36 2037
cob=(2)
cfi=(50)
cfn=(1524) 0x00000000001092c0
calls=679 0 
* 56888
+1 675

fn=(1096)
179 9
+1 3
-1 2
+1 2
-1 3
+1 1
cob=(2)
cfi=(50)
cfn=(966)
calls=1 0 
* 281
+1 4
-1 1
+1 8
+3 1
-3 1
+3 5
+1 16
-1 4
+1 4
cfi=(224)
cfn=(1098)
calls=4 70 
* 168
* 3
-1 1
+1 1
cfi=(224)
cfn=(1098)
calls=1 70 
* 42
-1 15
+8 5
cfi=(224)
cfn=(1104)
calls=1 40 
* 2176
* 2
+2 1
337 2
+3 2
-3 4
+3 22
+2 32
-1 15
200 6
+7 24
356 39
cob=(2)
cfi=(50)
cfn=(1108)
calls=3 0 
* 3027967
* 936
cob=(2)
cfi=(50)
cfn=(1108)
calls=72 0 
* 43035278
+12 150
-12 75
+12 472
207 207
-13 9
+26 2
cfi=(198)
cfn=(1466)
calls=1 29 
* 243
+1 2
cob=(2)
cfi=(50)
cfn=(966)
calls=1 0 
* 454
* 2
+1 2
+6 1
cfi=(239)
cfn=(1468)
calls=1 4 
* 8817
+3 1
-3 7
+4 4
-1 1
+1 1
-1 1
+1 1
cob=(2)
cfi=(50)
cfn=(1472) 0x0000000000109360
calls=1 0 
* 1323
* 16
-1 4
+1 4
-1 4
+1 4
cob=(2)
cfi=(50)
cfn=(1472)
calls=4 0 
* 4626
-1 11
+6 2
-1 1
+1 1
cob=(2)
cfi=(50)
cfn=(1480) 0x00000000001093b0
calls=1 0 
* 97
-27 12
cfi=(224)
cfn=(1450)
calls=6 15 
* 46931
+1 12
-1 6
+1 6
+2 6
-2 24
+1 18
-5 6
+6 6
cfi=(224)
cfn=(1452)
calls=6 81 
* 534
+2 6
-8 12
-26 2

ob=(2)
fl=(50)
fn=(462)
0 6
cob=(4) /usr/libexec/valgrind/vgpreload_core-amd64-linux.so
cfi=(140) ???
cfn=(466) 0x0000000000001170
calls=1 0 
0 12
0 1
cob=(4)
cfi=(140)
cfn=(474) 0x00000000000012f0
calls=1 0 
0 5
0 2

fn=(584)
0 2
cob=(3)
cfi=(149) ./posix/../sysdeps/unix/sysv/linux/x86/sysconf.c
cfn=(588) sysconf
calls=1 32 
0 6167
cob=(1)
cfi=(136)
cfn=(440)
calls=1 67 
0 709
0 5

fn=(674)
0 2
cob=(3)
cfi=(170) ./nptl/./nptl/pthread_getaffinity.c
cfn=(678) pthread_getaffinity_np@@GLIBC_2.32
calls=1 30 
0 39
cob=(1)
cfi=(136)
cfn=(440)
calls=1 67 
0 1208
0 5

fn=(890)
0 2
cob=(3)
cfi=(165) ./stdlib/../stdlib/strtol.c
cfn=(634) strtoul
calls=1 105 
0 108

fn=(1002)
0 2
cob=(3)
cfi=(205) ./libio/./libio/fseek.c
cfn=(1004) fseek
calls=1 32 
0 546

fn=(1038) 0x00000000048eb620
0 2
cob=(3)
cfi=(193) ./string/../sysdeps/x86_64/multiarch/memmove-vec-unaligned-erms.S
cfn=(928) memcpy@GLIBC_2.2.5
calls=1 212 
0 144

fn=(1472)
0 10
cob=(3)
cfi=(226) ./nptl/./nptl/pthread_create.c
cfn=(1238) pthread_create@@GLIBC_2.34
calls=5 621 
0 5939

fn=(768)
0 2
cob=(3)
cfi=(173) ./nptl/./nptl/pthread_attr_init.c
cfn=(772) pthread_attr_init@@GLIBC_2.2.5
calls=1 32 
0 20
cob=(1)
cfi=(136)
cfn=(440)
calls=1 67 
0 837
0 5

fn=(874) 0x00000000048eb6d0
0 2
cob=(1)
cfi=(48)
cfn=(878)
calls=1 117 
0 5
cob=(1)
cfi=(136)
cfn=(440)
calls=1 67 
0 856
0 5

fn=(998) 0x00000000048eb600
0 2
cob=(3)
cfi=(187) ./string/../sysdeps/x86_64/multiarch/../strchr.S
cfn=(1000) __strchr_sse2
calls=1 23 
0 24

fn=(1100)
0 12
cob=(3)
cfi=(225) ./nptl/./nptl/pthread_mutex_init.c
cfn=(1102) pthread_mutex_init@@GLIBC_2.2.5
calls=6 53 
0 180

fn=(1524)
0 1358
cob=(3)
cfi=(248) ./posix/../sysdeps/unix/sysv/linux/nanosleep.c
cfn=(1526) nanosleep
calls=679 24 
0 55530

fn=(158)
0 2
cob=(1)
cfi=(51)
cfn=(160)
calls=1 225 
0 2782

fn=(604) 0x00000000048eb380
0 8
cob=(3)
cfi=(157)
cfn=(606) malloc
calls=4 3287 
0 2366

fn=(640) 0x00000000048eb370
0 8
cob=(3)
cfi=(157)
cfn=(642) free
calls=4 3352 
0 380

fn=(812)
0 4
cob=(3)
cfi=(175) ./nptl/./nptl/pthread_key_create.c
cfn=(816) pthread_key_create@@GLIBC_2.34
calls=2 25 
0 43
cob=(1)
cfi=(136)
cfn=(440)
calls=1 67 
0 817
0 5

fn=(966)
0 144
cob=(3)
cfi=(157)
cfn=(606)
calls=72 3287 
0 20306

fn=(1042)
0 2
cob=(3)
cfi=(210) ./libio/./libio/iofclose.c
cfn=(1044) fclose@@GLIBC_2.2.5
calls=1 34 
0 543

fn=(680) 0x00000000048eb670
0 166
cob=(3)
cfi=(171) ./string/../sysdeps/x86_64/multiarch/memset-vec-unaligned-erms.S
cfn=(682) __memset_sse2_unaligned
calls=83 125 
0 4035

fn=(952)
0 14
cob=(3)
cfi=(196) ./nptl/./nptl/pthread_setspecific.c
cfn=(956) pthread_setspecific@@GLIBC_2.34
calls=7 25 
0 252
cob=(1)
cfi=(136)
cfn=(440)
calls=1 67 
0 996
0 5

fn=(1250) 0x00000000048eb640
0 164
cob=(1)
cfi=(46)
cfn=(1254)
calls=82 631 
0 50786
cob=(1)
cfi=(136)
cfn=(440)
calls=1 67 
0 866
0 5

fn=(484) 0x00000000048eb5f0
0 2
cob=(3)
cfi=(143) ./string/../sysdeps/x86_64/multiarch/../strrchr.S
cfn=(486) __strrchr_sse2
calls=1 23 
0 25

fn=(666)
0 2
cob=(3)
cfi=(169) ./nptl/./nptl/pthread_self.c
cfn=(670) pthread_self
calls=1 23 
0 3
cob=(1)
cfi=(136)
cfn=(440)
calls=1 67 
0 725
0 5

fn=(1062)
0 74
cob=(3)
cfi=(157)
cfn=(642)
calls=37 3352 
0 3600

fn=(1108)
0 7688
cob=(5)
cfi=(145)
cfn=(1110)
calls=3844 0 
0 57905500

fn=(1192)
0 12
cob=(3)
cfi=(157)
cfn=(1196) realloc
calls=6 3400 
0 1549
cob=(1)
cfi=(136)
cfn=(440)
calls=1 67 
0 686
0 5

fn=(1334)
0 121032
cob=(5)
cfi=(145)
cfn=(1336)
calls=60516 0 
0 1028772

fn=(502)
0 52
cob=(3)
cfi=(146) ./stdlib/./stdlib/getenv.c
cfn=(508) getenv
calls=26 34 
0 10182
cob=(1)
cfi=(136)
cfn=(440)
calls=1 67 
0 710
0 5

fn=(510) 0x00000000048eb490
0 58
cob=(3)
cfi=(147) ./string/../sysdeps/x86_64/multiarch/strlen-vec.S
cfn=(512) __strlen_sse2
calls=29 41 
0 691

fn=(572)
0 4
cob=(3)
cfi=(148) ./stdlib/./stdlib/secure-getenv.c
cfn=(576) secure_getenv
calls=2 28 
0 780
cob=(1)
cfi=(136)
cfn=(440)
calls=1 67 
0 774
0 5

fn=(940)
0 2
cob=(5)
cfi=(145)
cfn=(942)
calls=1 0 
0 1281

fn=(970)
0 2
cob=(3)
cfi=(199) ./debug/./debug/snprintf_chk.c
cfn=(972) __snprintf_chk
calls=1 27 
0 1203

fn=(982)
0 2
cob=(3)
cfi=(202) ./libio/./libio/iofopen.c
cfn=(984) fopen@@GLIBC_2.2.5
calls=1 85 
0 617

fn=(1024)
0 2
cob=(3)
cfi=(209) ./libio/./libio/iofread.c
cfn=(1026) fread
calls=1 31 
0 418

fn=(1142)
0 12
cob=(3)
cfi=(157)
cfn=(1146) memalign
calls=6 3520 
0 2702
cob=(1)
cfi=(136)
cfn=(440)
calls=1 67 
0 750
0 5

fn=(1320)
0 144096
cob=(5)
cfi=(145)
cfn=(1322)
calls=72048 0 
0 2674452

fn=(1456)
0 8340
cob=(3)
cfi=(233)
cfn=(1262)
calls=4170 367 
0 100080

fn=(162)
0 10
cob=(1)
cfi=(51)
cfn=(164)
calls=5 175 
0 15998

fn=(656)
0 16
cob=(3)
cfi=(157)
cfn=(606)
calls=8 3287 
0 1784
cob=(1)
cfi=(136)
cfn=(440)
calls=1 67 
0 694
0 5

fn=(690)
0 2
cob=(3)
cfi=(172) ./posix/./posix/sched_cpucount.c
cfn=(694) __sched_cpucount
calls=1 35 
0 81
cob=(1)
cfi=(136)
cfn=(440)
calls=1 67 
0 818
0 5

fn=(894)
0 4
cob=(3)
cfi=(185) ./debug/./debug/printf_chk.c
cfn=(896) __printf_chk
calls=2 25 
0 5727

fn=(490)
0 7

fn=(960)
0 6
cob=(3)
cfi=(197) ./time/../sysdeps/unix/sysv/linux/clock_gettime.c
cfn=(962) clock_gettime@@GLIBC_2.17
calls=3 30 
0 33

fn=(1234)
0 154
cob=(3)
cfi=(226)
cfn=(1238)
calls=77 621 
0 85252
cob=(1)
cfi=(136)
cfn=(440)
calls=1 67 
0 960
0 5

fn=(1480)
0 2
cob=(3)
cfi=(243) ./nptl/./nptl/pthread_join.c
cfn=(1482) pthread_join@@GLIBC_2.34
calls=1 23 
0 95

fn=(434) 0x00000000048eb650
0 38
cob=(1)
cfi=(10)
cfn=(24)
calls=19 405 
0 391
cob=(1)
cfi=(136)
cfn=(440)
calls=1 67 
0 845
0 5

fn=(864) 0x0000000000109000
0 5

ob=(4)
fl=(140)
fn=(474)
0 5

fn=(466)
0 12

ob=(2)
fl=(50)
fn=(864)
0 2

fn=(900) 0x00000000048eb4d0
0 14
cob=(3)
cfi=(187)
cfn=(902) __strchrnul_sse2
calls=7 23 
0 195

fn=(924) 0x00000000048eb3e0
0 12
cob=(3)
cfi=(193)
cfn=(926) __mempcpy_sse2_unaligned
calls=6 199 
0 92

fn=(1454)
0 8340
cob=(3)
cfi=(232)
cfn=(1260)
calls=4170 77 
0 145950

fn=(1470)
0 2
cob=(3)
cfi=(171)
cfn=(682)
calls=1 125 
0 8771

ob=(3)
fl=(180) ./setjmp/../sysdeps/x86_64/bsd-_setjmp.S
fn=(882) _setjmp
28 83
+2 83
+2 83
cfi=(181) ./setjmp/../sysdeps/x86_64/setjmp.S
cfn=(884) __sigsetjmp
calls=83 -2 
* 2573

fl=(203) ./io/../sysdeps/unix/sysv/linux/open64.c
fn=(994) open
30 2
+3 1
-3 8
+3 6
+8 10
+2 7

fl=(233)
fn=(1262)
367 4252
51 12756
+1 8504
367 4252
57 8504
+8 4252
-3 4252
-23 4252
+1 8504
+3 17004
+27 4252
369 8504
40 12756
+1 2
+33 164
+6 328
+4 246
+3 246

fl=(101)
fn=(334)
31 1
fi=(102) ./string/../sysdeps/x86_64/multiarch/ifunc-strcasecmp.h
+1 5
+3 3
+1 2
fe=(101)
-5 1

fl=(110)
fn=(356)
29 1
fi=(256) ./string/../sysdeps/x86_64/multiarch/ifunc-avx2.h
+4 5
-1 2
fe=(110)
-3 1

fl=(161) ./misc/./misc/sbrk.c
fn=(626) sbrk
37 6
+6 3
-6 3
+3 3
-3 6
+3 3
+3 3
+20 1
+15 15
-20 6
+1 2
cfi=(162) ./misc/../sysdeps/unix/sysv/linux/brk.c
cfn=(628) brk
calls=1 -24 
* 9
* 2
+4 1
-1 6
+4 8
+8 2
cfi=(162)
cfn=(628)
calls=2 -39 
* 18
* 4

fl=(185)
fn=(896)
25 27
+7 1
-4 2
+4 2
-4 1
+5 1
-1 1
+1 1
-5 1
+4 1
+1 1
-1 1
+1 1
cfi=(186) ./stdio-common/./stdio-common/vfprintf-internal.c
cfn=(898) __vfprintf_internal
calls=1 1180 
* 3240
-8 3
+7 1
-4 2
+4 2
-4 1
+5 1
-1 1
+1 1
-5 1
+4 1
+1 1
-1 1
+1 1
cfi=(186)
cfn=(898)
calls=1 1180 
* 2419
+4 10

fl=(230) ./misc/../sysdeps/unix/sysv/linux/mmap64.c
fn=(1246) mmap
47 174
+3 174
+8 348
+2 87

fl=(219) ./nptl/./nptl/alloca_cutoff.c
fn=(1082) __libc_alloca_cutoff
27 1
+1 9
+7 1

fl=(196)
fn=(956)
25 56
+7 7
+4 14
+3 14
+2 7
-2 35
+4 21
+3 14
+35 7
+5 7
+1 7
+2 7
-3 7
+4 49

fl=(209)
fn=(1026)
31 5
+1 1
-1 1
+1 1
-1 2
+4 2
+2 17
+1 4
cfi=(190) ./libio/./libio/genops.c
cfn=(1028) _IO_sgetn
calls=1 409 
* 360
fi=(194) ./libio/./libio/libioP.h
883 2
+1 10
fe=(209)
40 2
+1 9
-1 2

fl=(173)
fn=(772)
32 2
+9 1
-9 1
+9 4
+5 1
cfi=(174) ./misc/../sysdeps/unix/sysv/linux/getpagesize.c
cfn=(774) getpagesize
calls=1 -19 
* 6
* 2
+3 3

fl=(192) ./stdio-common/./stdio-common/_itoa.c
fn=(922) _itoa_word
163 6
+3 12
+2 6
+9 90
+9 6

fl=(177)
fn=(858)
242 12
343 3
+1 3
cfi=(178) ./stdlib/./stdlib/cxa_atexit.c
cfn=(860) __cxa_atexit
calls=1 69 
* 71
+25 6
+6 2
-3 2
+10 2
cob=(2)
cfi=(50)
cfn=(874)
calls=1 0 
* 868
+2 2
+8 4
cfi=(179) ./csu/../sysdeps/nptl/libc_start_call_main.h
cfn=(880) (below main)
calls=1 29 
* 46143285
128 2
+6 3
+1 6
cob=(2)
cfi=(50)
cfn=(864)
calls=1 0 
* 7
* 1
+3 1
+1 2
+3 2
+1 2
-1 1
+2 7
+1 4
cob=(6)
cfi=(176)
cfn=(868)
calls=1 0 
* 12
-1 4

fl=(241) ./nptl/./nptl/pthread_attr_copy.c
fn=(1476) __pthread_attr_copy
25 40
+4 10
-4 15
+4 10
+9 5
-9 15
+3 5
-3 5
+9 10
+23 10
+1 5
-1 30
+2 50

fl=(109)
fn=(354)
31 2
fi=(257) ./wcsmbs/../sysdeps/x86_64/multiarch/ifunc-wmemset.h
+2 10
fe=(109)
-2 2

fl=(119)
fn=(382)
29 1
fi=(258) ./string/../sysdeps/x86_64/multiarch/ifunc-evex.h
+6 5
-1 2
fe=(119)
-5 1

fl=(188) ./nptl/./nptl/libc-cleanup.c
fn=(938) __libc_cleanup_pop_restore
39 4
+3 8
+2 8
+1 8
+2 4

fn=(904) __libc_cleanup_push_defer
24 4
+3 8
+3 16
+1 4
+2 4
+1 4

fl=(106)
fn=(346)
31 1
fi=(102)
+1 5
+3 3
+1 2
fe=(106)
-5 1

fl=(163) ./dirent/../sysdeps/unix/sysv/linux/readdir64.c
fn=(630) readdir
32 68
+5 34
-5 34
+5 34
-5 102
+5 34
-5 68
+2 68
+3 68
+7 68
+7 68
+21 33
+2 33
+2 33
+2 33
+3 33
-5 33
+2 33
+3 33
-37 102
+7 8
cfi=(164) ./dirent/../sysdeps/unix/sysv/linux/getdents64.c
cfn=(632) __getdents
calls=2 -24 
* 18
* 2
+1 4
+14 4
-9 1
+5 1
+1 2
+21 136
+4 238

fl=(246) ./nptl/./nptl/futex-internal.c
fn=(1488) __futex_abstimed_wait_cancelable64
138 6
-61 2
+3 2
+3 3
+1 2
-27 3
+84 2
-84 2
cfi=(247) ./nptl/./nptl/cancellation.c
cfn=(1490) __pthread_enable_asynccancel
calls=1 -26 
* 13

fl=(121)
fn=(386)
33 1
fi=(91) ./string/../sysdeps/x86_64/multiarch/ifunc-memmove.h
+20 3
-1 2
+4 3
+14 2
+27 2
+1 2
+2 5
fe=(121)

fl=(92)
fn=(314)
31 2
fi=(259) ./wcsmbs/../sysdeps/x86_64/multiarch/ifunc-avx2.h
+2 10
-1 4
fe=(92)
-1 2

fl=(172)
fn=(694)
35 1
+2 3
-1 2
+2 1
-10 2
-1 2
+2 1
-1 3
+1 15
-1 45
+10 1
-1 3
+3 2

fl=(202)
fn=(984)
85 6
-20 1
+20 2
-20 1
cob=(2)
cfi=(50)
cfn=(604)
calls=1 -65 
* 185
+2 3
+3 1
+2 2
-2 1
+2 5
cfi=(190)
cfn=(976) _IO_no_init
calls=1 563 
* 55
+1 1
+1 1
-1 1
+1 1
cfi=(189) ./libio/./libio/fileops.c
cfn=(986) _IO_new_file_init_internal
calls=1 +32 
* 113
+1 5
cfi=(189)
cfn=(990) _IO_file_fopen@@GLIBC_2.2.5
calls=1 213 
* 222
* 2
-38 2
+50 7

fl=(236) ./misc/../sysdeps/unix/sysv/linux/x86_64/clone3.S
fn=(1272) clone3
42 82
+2 82
+1 82
+1 82
+1 82
+1 82
+4 82
+3 82
+5 82
+2 82
+1 82
+26 410

fl=(170)
fn=(678)
30 2
+3 6
+2 2
+4 1
-9 1
+9 5
cob=(2)
cfi=(50)
cfn=(680)
calls=1 -39 
* 19
+2 1
+1 2

fl=(159) ./stdlib/../sysdeps/unix/sysv/linux/getrandom.c
fn=(612) getrandom
28 1
+1 7
+1 1

fl=(249) ./time/../sysdeps/unix/sysv/linux/clock_nanosleep.c
fn=(1528) clock_nanosleep@@GLIBC_2.17
63 7469
+1 3395
+2 1358
+14 1358
-2 2712
+2 1350
+33 675
+1 8100
-47 679
+11 679
cfi=(247)
cfn=(1490)
calls=679 -47 
* 8827
* 6750
cfi=(247)
cfn=(1530) __pthread_disable_asynccancel
calls=675 -22 
* 4050
* 675

fl=(97)
fn=(326)
31 1
fi=(98) ./string/../sysdeps/x86_64/multiarch/ifunc-strcpy.h
+5 2
+1 1
-1 2
+14 3
fe=(97)
-19 1

fl=(96)
fn=(324)
30 1
fi=(259)
+3 5
-1 2
fe=(96)
-2 1

fl=(197)
fn=(962)
30 3
+8 6
+2 6
+28 6
+1 6
-25 3
+42 3

fl=(216) ./stdlib/./stdlib/mul.c
fn=(1076) __mpn_mul
48 17
+6 2
+12 2
+76 11
-71 1
+1 2
+9 1
cfi=(217) ./stdlib/../sysdeps/x86_64/mul_1.S
cfn=(1078) __mpn_mul_1
calls=1 -50 
* 33
+2 3
+1 1
+4 2

fl=(82)
fn=(292)
31 2
fi=(256)
+2 10
-1 4
fe=(82)
-1 2

fl=(208) ./io/../sysdeps/unix/sysv/linux/read.c
fn=(1020) read
25 2
+1 12
+1 2

fl=(154) ./io/../sysdeps/unix/sysv/linux/open64_nocancel.c
fn=(598) __open_nocancel
28 2
+3 1
-3 6
+3 6
+8 7
+2 5

fl=(231) ./misc/../sysdeps/unix/syscall-template.S
fn=(1248) mprotect
117 435
+5 87

fn=(1508) munmap
117 50
+5 10

fl=(84)
fn=(296)
65 1
-24 2
+1 1
-1 2
+15 3
+9 1

fl=(165)
fn=(634)
105 19
+1 76
cfi=(166) ./stdlib/../stdlib/strtol_l.c
cfn=(636) ____strtoul_l_internal
calls=19 225 
* 2067

fl=(169)
fn=(670)
23 1
+2 2

fl=(245) ./nptl/./nptl/cleanup_compat.c
fn=(1486) _pthread_cleanup_push@@GLIBC_2.34
25 1
+3 1
+1 1
+1 2
+2 1
+1 1

fl=(142) ./misc/./misc/init-misc.c
fn=(482) __init_misc
30 1
+1 2
-1 4
+1 3
+2 3
cob=(2)
cfi=(50)
cfn=(484)
calls=1 -33 
* 27
+4 5
+1 3
+2 4

fl=(171)
fn=(682)
125 84
+1 420
+6 84
+1 84
+1 83
+1 83
283 83
+1 83
+5 83
+3 83
+1 83
+3 83
+1 83
+13 83
+1 83
+2 83
+3 83
+3 166
+3 83
+1 83
+1 83
+1 83
+1 83
+1 83
+1 83
-6 1412
+1 1412
+1 1412
+1 1412
+1 1412
+1 1412
+1 1412
+3 83
+1 83
+1 83
+1 83
+5 84
+29 1
+1 1
+1 1
+1 1
+1 1
+1 1
+1 1
+1 1

fl=(144)
fn=(488)
83 1
+1 4
+1 3
+1 3
+2 1

fl=(162)
fn=(628)
35 3
+1 12
+1 6
+6 3
+1 3

fl=(141)
fn=(480)
46 4
+5 2
+4 5
+8 1
-2 1
+10 1
-9 1
+1 1
+9 2
-1 1
cfi=(142)
cfn=(482)
calls=1 -41 
* 52

fl=(243)
fn=(1482)
23 1
+1 4
cfi=(244) ./nptl/./nptl/pthread_join_common.c
cfn=(1484) __pthread_clockjoin_ex
calls=1 +15 
* 90

fl=(181)
fn=(884)
30 83
+2 83
+9 83
+1 166
+1 83
+4 83
+1 83
+1 83
+1 83
+1 83
+2 166
+2 83
+1 83
+1 83
+2 166
+2 83
+5 83
+1 83
+17 83
cfi=(182) ./setjmp/./setjmp/sigjmp.c
cfn=(886) __sigjmp_save
calls=83 -56 
* 747

fl=(167) ./dirent/../sysdeps/unix/sysv/linux/closedir.c
fn=(638) closedir
31 1
+3 2
-3 1
+13 1
+6 1
cob=(2)
cfi=(50)
cfn=(640)
calls=1 -50 
* 157
+2 1
+1 1
-1 1
cfi=(168) ./io/../sysdeps/unix/sysv/linux/close_nocancel.c
cfn=(650) __close_nocancel
calls=1 -27 
* 6

fl=(240) ./nptl/./nptl/pthread_getattr_default_np.c
fn=(1474) pthread_getattr_default_np@@GLIBC_2.34
24 10
+1 5
-1 5
+1 5
-1 5
+1 10
+1 15
cfi=(241)
cfn=(1476)
calls=5 -1 
* 210
+1 20
+2 15

fl=(199)
fn=(972)
27 11
+1 2
+5 2
+4 1
+1 1
-5 1
+4 1
+1 1
-1 1
+1 1
-1 3
+1 1
cfi=(200) ./libio/./libio/vsnprintf.c
cfn=(974) __vsnprintf_internal
calls=1 +57 
* 1172
+4 5

fl=(189)
fn=(1014) _IO_file_seek
1139 1
+1 2
cfi=(207) ./io/../sysdeps/unix/sysv/linux/lseek64.c
cfn=(1016) lseek
calls=1 28 
* 6

fn=(1018) _IO_file_read
1130 2
+1 2
+2 2
-1 2
+1 4
cfi=(208)
cfn=(1020)
calls=2 25 
* 16

fn=(1030) _IO_file_xsgetn
1272 10
+7 1
-7 1
+7 1
+11 1
fi=(194)
940 3
fe=(189)
1290 4
+2 3
+1 2
-1 3
+1 2
+8 2
+8 2
+9 3
+1 4
-24 3
cob=(2)
cfi=(50)
cfn=(1038)
calls=1 0 
* 146
+1 3
+25 2
cfi=(190)
cfn=(1032) __underflow
calls=1 269 
* 138
* 2
+39 9

fn=(1050) _IO_file_close_it@@GLIBC_2.2.5
128 4
+2 3
+4 2
+3 1
-3 1
-1 2
+6 1
+3 1
-3 1
cfi=(190)
cfn=(1052) _IO_unsave_markers
calls=1 960 
* 10
+3 3
fi=(194)
940 3
+2 2
+1 2
fe=(189)
142 2
cfn=(1054) _IO_file_close
calls=1 1164 
* 9
* 1
+3 3
+8 5
cfi=(190)
cfn=(916) _IO_setb
calls=1 329 
* 165
+1 1
+3 1
-3 3
+3 1
cfi=(190)
cfn=(1046) _IO_un_link
calls=1 53 
* 4
+5 1
-4 1
+1 1
+3 1
-2 1
+3 5

fn=(1054)
1164 1
+3 2
cfi=(168)
cfn=(650)
calls=1 25 
* 6

fn=(1008) _IO_file_seekoff@@GLIBC_2.2.5
900 12
+8 3
-60 3
+66 3
+28 2
-28 4
+3 2
+12 2
+3 3
+5 2
cfi=(190)
cfn=(910) _IO_doallocbuf
calls=1 343 
* 307
+1 2
+1 3
+3 2
+33 2
cfi=(190)
cfn=(1010) _IO_free_backup_area
calls=1 187 
* 18
+5 1
+1 1
-1 2
fi=(194)
-38 1
-2 2
fe=(189)
+57 2
+4 2
+1 1
-1 2
+2 1
-2 1
+1 1
+1 2
+5 1
fi=(194)
-66 2
+1 2
fe=(189)
+65 3
cfn=(1014)
calls=1 1139 
* 9
* 1
+1 2
+2 2
+4 1
fi=(194)
-73 2
+1 2
fe=(189)
+72 8
cfn=(1018)
calls=1 1130 
* 14
+3 2
+11 1
-3 1
+3 1
-3 2
+4 1
-4 1
+3 2
-3 4
+5 2
+23 11

fn=(914) _IO_file_stat
1146 2
+1 4
cfi=(155) ./io/../sysdeps/unix/sysv/linux/fstat64.c
cfn=(600) fstat
calls=2 29 
* 30

fn=(908) _IO_file_overflow@@GLIBC_2.2.5
731 180
+1 144
+7 178
+37 35
-2 70
+3 66
+3 99
+1 99
+1 132
+4 33
+1 132
-45 2
+12 2
+9 3
+5 3
+2 2
-3 2
+3 1
+1 1
-6 1
+1 1
+5 4
+1 1
+2 2
+13 3
-12 3
+1 3
+11 6
-12 3
cfn=(918) _IO_do_write@@GLIBC_2.2.5
calls=3 423 
* 221
-31 2
cfi=(190)
cfn=(910)
calls=1 343 
* 325
+1 1
+9 1
-9 5

fn=(906) _IO_file_xsputn@@GLIBC_2.2.5
1197 30
+7 6
-7 18
+6 24
+9 12
-2 24
+17 3
+6 5
+2 5
+2 10
-2 5
+1 5
+1 5
-2 5
cob=(2)
cfi=(50)
cfn=(924)
calls=5 0 
* 86
* 5
+4 10
+28 54
-55 5
+4 5
-4 5
+1 10
+18 1
+12 1
fi=(194)
940 3
+2 2
+1 2
fe=(189)
1243 2
fi=(194)
940 6
+2 4
+1 4
fe=(189)
1243 9
cfn=(908)
calls=3 731 
* 644
* 6
+6 6
+1 21
+2 6
+11 9
+1 4
cfi=(190)
cfn=(920) _IO_default_xsputn
calls=1 371 
* 1199
+2 3
-48 78
-2 64
+4 2
+11 6
443 4

fn=(918)
423 3
+2 9
+1 1
-3 2
fi=(194)
940 2
fe=(189)
423 4
fi=(194)
940 2
fe=(189)
423 2
fi=(194)
940 4
fe=(189)
423 10
+20 2
-10 4
+7 8
fi=(194)
942 4
+1 4
fe=(189)
448 8
cfn=(934) _IO_file_write@@GLIBC_2.2.5
calls=2 1173 
* 92
* 2
+1 10
+2 2
+4 4
-3 4
-1 4
+4 4
-2 2
-28 8
+1 16
+28 4

fn=(992) _IO_file_open
182 2
+3 1
-3 7
+2 2
+4 1
cfi=(203)
cfn=(994)
calls=1 30 
* 34
* 1
+1 2
+3 2
+3 1
-4 1
+1 4
+3 2
+10 2
cfi=(190)
cfn=(988) _IO_link_in
calls=1 87 
* 24
+1 1
+1 4

fn=(934)
1173 14
+2 12
+5 2
cfi=(195) ./io/../sysdeps/unix/sysv/linux/write.c
cfn=(936) write
calls=2 25 
* 18
+1 4
+5 2
+1 2
-12 4
+4 6
+1 4
+10 6
+3 12
-4 6

fn=(986)
106 1
+5 1
-5 2
+4 1
+3 1
cfi=(190)
cfn=(988)
calls=1 -26 
* 104
+1 1
+1 2

fn=(990)
213 11
+9 2
+2 6
356 12
247 23
+33 4
cfn=(992)
calls=1 -98 
* 91
* 1
+3 2
+3 3
cfi=(204) ./string/../string/strstr.c
cfn=(996) __GI_strstr
calls=1 77 
* 60
* 1
+1 2
-59 1
-1 1
-13 2

fn=(1034) _IO_file_underflow@@GLIBC_2.2.5
461 1
+4 3
-4 8
+7 2
+6 3
+3 2
+12 2
+9 2
fi=(194)
940 1
+2 1
-2 1
fe=(189)
505 2
cfi=(190)
cfn=(1036) _IO_switch_to_get_mode
calls=1 164 
* 25
+6 1
+5 1
-5 1
fi=(194)
942 2
fe=(189)
511 1
fi=(194)
942 1
fe=(189)
511 3
fi=(194)
943 2
fe=(189)
516 4
cfn=(1018)
calls=1 1130 
* 14
+2 2
+16 1
-9 1
+9 2
+1 2
+1 2
+1 8

fn=(1058) _IO_file_finish@@GLIBC_2.2.5
168 5
+1 2
+7 1
-1 2
+1 2
-1 1
cfi=(190)
cfn=(1060) _IO_default_finish
calls=1 601 
* 16

fl=(99)
fn=(330)
31 2
fi=(260) ./wcsmbs/../sysdeps/x86_64/multiarch/ifunc-evex.h
+4 10
-1 4
fe=(99)
-3 2

fl=(235) ./misc/../sysdeps/unix/sysv/linux/clone-internal.c
fn=(1270) __clone_internal
49 164
+5 82
-5 328
+5 164
-5 82
+4 82
-4 164
+4 82
+1 82
cfi=(236)
cfn=(1272)
calls=82 -12 
* 1312
+1 328
+5 82
+23 574
-17 82
+15 82
-15 82
+15 82
+2 82
cfi=(237) ./misc/../sysdeps/unix/sysv/linux/x86_64/clone.S
cfn=(1275) clone'2
calls=75 -31 
* 1425
cfi=(237)
cfn=(1274) clone
calls=7 -31 
* 133
+5 164
+1 492

fl=(103)
fn=(338)
29 1
fi=(261) ./string/../sysdeps/x86_64/multiarch/ifunc-sse4_2.h
+1 5
fe=(103)
-1 1

fl=(168)
fn=(650)
25 2
+1 8
+1 2

fl=(226)
fn=(1268) create_thread
234 1148
+5 164
-1 246
+4 164
+3 246
+1 164
+39 82
+10 164
-10 164
+3 82
+7 82
-10 738
+10 82
cfi=(235)
cfn=(1270)
calls=82 49 
* 6150
+1 164
+5 82
+3 164
+3 164
+12 164
+11 82
+1 820

fn=(1300) start_thread
336 656
+7 164
+22 328
+3 82
cfi=(132) ./ctype/./ctype/ctype-info.c
cfn=(426) __ctype_init
calls=82 29 
* 1394
+4 82
fi=(238) ./nptl/../sysdeps/unix/sysv/linux/rseq-internal.h
32 246
+8 82
fe=(226)
373 164
+10 410
+17 164
cfi=(180)
cfn=(882)
calls=82 28 
* 2788
* 82
+14 82
+4 82
-18 82
+14 82
+4 328
+3 164
+3 164
+2 82
fi=(262) ./nptl/../sysdeps/unix/sysv/linux/internal-signals.h
110 328
fe=(226)
426 82
fi=(262)
110 82
fe=(226)
428 82
+4 164
+10 246
cob=(6)
cfi=(183)
cfn=(1492)
calls=5 264 
* 12651946
cob=(5)
cfi=(145)
cfn=(1304)
calls=77 0 
* 182882993

fn=(1238)
621 656
+6 82
-6 574
+6 164
+10 328
+2 15
cfi=(240)
cfn=(1474)
calls=5 24 
* 300
* 5
+1 10
+2 10
-7 154
fi=(229) ./nptl/./nptl/allocatestack.c
220 77
cfi=(174)
cfn=(774)
calls=77 27 
* 462
* 5
cfi=(174)
cfn=(774)
calls=5 27 
* 30
fi=(228) ./nptl/./nptl-stack.h
58 82
fi=(229)
220 164
fi=(228)
58 82
fi=(229)
220 82
fi=(228)
58 656
fi=(229)
224 164
+5 246
+10 10
+94 246
+4 164
+10 492
+4 164
fe=(226)
889 164
+1 10
cfi=(242) ./nptl/./nptl/pthread_attr_destroy.c
cfn=(1478) pthread_attr_destroy
calls=5 26 
* 30
+3 1640
fi=(229)
351 164
+5 246
+1 82
-2 164
63 328
333 82
71 82
333 164
-1 164
71 246
478 246
+29 410
+38 82
fe=(226)
747 82
fi=(229)
545 82
+15 82
fe=(226)
666 82
fi=(229)
-90 82
-16 82
+11 164
-21 82
+21 82
fe=(226)
675 82
fi=(229)
560 82
-5 82
+21 82
fe=(226)
+93 82
+12 82
-6 82
+1 82
-40 82
fi=(229)
-76 82
fe=(226)
681 82
-4 82
+4 82
-5 82
fi=(229)
558 82
fe=(226)
680 82
+2 246
+4 82
-5 82
+14 82
-14 246
+11 164
+3 82
-3 82
-11 82
+11 82
+3 164
+5 82
+1 82
-1 82
+1 82
+4 164
+5 164
fi=(263) ./nptl/../sysdeps/x86/nptl/tls-setup.h
22 164
fe=(226)
722 164
+21 164
+4 164
+2 82
+10 82
fi=(262)
76 328
fe=(226)
764 82
fi=(262)
76 164
fe=(226)
764 82
fi=(262)
76 82
fe=(226)
772 246
604 328
828 492
cfn=(1268)
calls=82 234 
* 11316
* 82
fi=(262)
110 492
fe=(226)
835 164
+40 164
+10 164
81 3
fi=(264) ./nptl/../sysdeps/unix/sysv/linux/sigsetops.h
-27 1
fe=(226)
+25 1
+1 1
-1 1
+2 1
cfi=(227) ./signal/../sysdeps/unix/sysv/linux/libc_sigaction.c
cfn=(1240) __libc_sigaction
calls=1 -38 
* 51
+7 2
fi=(264)
+16 1
fe=(226)
-16 1
fi=(264)
+16 1
fe=(226)
-16 3
630 2
fi=(229)
233 308
+1 77
+1 308
+4 154
fe=(226)
783 1230
fi=(264)
112 82
fe=(226)
783 82
fi=(264)
113 82
fe=(226)
835 1
-91 1
cfi=(190)
cfn=(1266) _IO_enable_locks
calls=1 518 
* 22
* 2
fi=(229)
96 328
370 984
cfi=(230)
cfn=(1246)
calls=82 47 
* 738
+3 246
-3 82
+3 164
+5 164
+5 164
+10 82
-9 82
+9 164
167 82
+4 246
-4 82
+4 82
cfi=(231)
cfn=(1248)
calls=82 -54 
* 492
* 246
405 82
+12 82
+13 82
-3 82
-22 82
+9 164
-8 82
+13 82
+11 82
cob=(2)
cfi=(50)
cfn=(1250)
calls=82 0 
* 51821
* 164
+13 328
+3 410
cfi=(234) ./nptl/./nptl/nptl-stack.c
cfn=(1264) __nptl_stack_list_add
calls=82 42 
* 1148
+2 328
+7 410
fe=(226)

fl=(132)
fn=(426)
29 83
+2 581
+2 332
+2 332
+1 83

fl=(147)
fn=(512)
41 29
+44 29
+1 29
+1 29
+1 29
+1 29
+1 29
+1 29
+2 29
+2 29
+31 29
+1 29
+1 29
+1 29
+1 29
+1 18
+2 18
+4 11
+1 11
+1 11
+1 11
+1 11
+1 11
+1 11
+1 11
+1 11
+1 11
+1 11
+1 11
+5 88

fl=(138) ./nptl/../sysdeps/unix/sysv/linux/x86/elision-conf.c
fn=(446) __lll_elision_init
96 2
+5 1
-5 1
+5 1
-5 3
+5 3
cob=(2)
cfi=(50)
cfn=(434)
calls=1 0 
* 22
+2 4
cob=(2)
cfi=(50)
cfn=(434)
calls=1 0 
* 22
+2 4
cob=(2)
cfi=(50)
cfn=(434)
calls=1 0 
* 22
+2 4
cob=(2)
cfi=(50)
cfn=(434)
calls=1 0 
* 22
+2 4
cob=(2)
cfi=(50)
cfn=(434)
calls=1 0 
* 22
+4 3
+1 1
+1 6

fl=(152) ./misc/../sysdeps/unix/sysv/linux/getsysstats.c
fn=(594) get_nprocs_conf
257 2
-60 1
+60 1
-61 1
+61 6
-50 1
-10 1
cfi=(153) ./dirent/../sysdeps/unix/sysv/linux/opendir.c
cfn=(596) opendir
calls=1 82 
* 1902
* 1
+1 3
+4 2
cfi=(163)
cfn=(630)
calls=1 32 
* 61
* 34
cfi=(163)
cfn=(630)
calls=17 32 
* 709
* 36
+2 188
+3 90
cfi=(165)
cfn=(634)
calls=18 105 
* 2054
+1 90
+1 16
-7 16
+7 16
-7 16
cfi=(163)
cfn=(630)
calls=16 32 
* 656
* 32
+10 2
cfi=(167)
cfn=(638)
calls=1 31 
* 172
+48 2
+5 10

fl=(80)
fn=(288)
86 1
fi=(81) ./string/../sysdeps/x86/cacheinfo.h
-25 1
+3 3
+2 1
+1 1
-1 2
+7 3
+2 1
+1 1
-1 2
+5 2
+2 2
+1 2
+1 2
+2 2
fe=(80)
* 2

fl=(157)
fn=(642)
3352 41
+4 82
-4 40
+14 40
-14 80
+12 40
+4 40
-4 40
+4 80
+17 120
fi=(158) ./malloc/./malloc/arena.c
162 120
61 21
+95 105
+6 42
fe=(157)
3391 42
cfn=(646) _int_free
calls=21 4421 
* 1372
* 38
cfn=(646)
calls=19 4421 
* 1436
+3 40
+1 161

fn=(616) tcache_init.part.0
3235 18
+9 28
+1 3
cfn=(618) _int_malloc
calls=1 1343 
* 367
* 1
+1 2
+8 24
+7 12
+2 6
+1 12
-1 6
+1 516
+3 24
fi=(158)
930 5
cfn=(1502) get_free_list
calls=5 809 
* 65
* 5
+1 25
cfn=(1504) arena_get2.part.0
calls=5 +3 
* 4875
fe=(157)
3245 20
cfn=(618)
calls=5 1343 
* 655
* 5
+1 10
+7 15

fn=(620) sysmalloc
2548 18
+20 8
+11 4
+1 6
+26 2
+1 6
+1 2
+9 12
+6 6
+3 6
2941 4
+1 2
+5 4
+3 4
+5 4
-2 2
+2 2
-1 2
+1 2
-3 2
+3 2
+1 2
-1 6
+1 2
+2 4
+6 22
2687 4
+9 8
+13 6
+8 10
+8 4
+39 4
+2 6
+6 6
+1 1
2946 1
2773 3
+2 2
2896 1
-1 1
+1 3
+1 1
+11 2
fi=(158)
565 2
fe=(157)
2727 2
cfi=(160) ./malloc/./malloc/morecore.c
cfn=(624) __glibc_morecore
calls=2 25 
* 100
+1 4
-1 2
+1 2
2028 2
2729 2
2028 2
2729 2
2028 4
2730 2
+3 4
+33 4
2610 4
2775 2
+40 3
+22 1
+1 1
-1 1
+1 6
+2 2
+1 3
cfi=(160)
cfn=(624)
calls=1 25 
* 28
+12 2
-12 1
+12 1
2028 4
2897 4
2765 2
-52 3

fn=(648) systrim.constprop.0
2986 1
-9 3
+9 2
+2 1
+1 2
+5 1
+1 1
-1 2
+4 5
+2 2
-10 1
+50 4

fn=(1106) unlink_chunk.constprop.0
1626 9
+2 45
+3 18
+1 9
-1 27
+3 36
+3 9
+1 9
+1 39
+2 14
+1 42
+3 14
+14 7
+1 14
+3 18

fn=(1148) _int_memalign
4941 42
1343 12
+19 48
4968 12
cfn=(618)
calls=6 1343 
* 1039
* 6
+2 12
+5 6
-2 6
+2 18
+9 25
+2 20
+5 20
+3 10
+8 10
+4 5
-4 35
+2 5
+1 20
+1 5
-1 5
+1 5
cfn=(646)
calls=5 4421 
* 320
+3 45
+5 18
+2 6
+1 18
+4 6
-1 6
+4 6
-3 12
-2 6
+2 18
+3 6
-3 12
+2 24
+1 12
cfn=(646)
calls=6 4421 
* 384
+6 54

fn=(606)
3287 540
+7 180
1343 178
+19 360
3306 360
+3 168
+10 231
+8 504
+2 189
cfn=(618)
calls=63 1343 
* 9780
+3 126
+8 252
+4 315
fi=(158)
162 189
61 44
+95 220
fe=(157)
3344 44
fi=(158)
162 88
fe=(157)
3344 126
+3 385
1362 89
3304 267
-63 24
cfn=(616)
calls=6 -6 
* 6699
+68 12
+1 20
+1 198
3193 26
+1 26
+2 13
+1 13
-1 39
+1 13
+1 13
3347 65
-26 56
cfn=(618)
calls=14 1343 
* 2774
+1 70
fi=(158)
162 28
315 1
cfn=(610) ptmalloc_init.part.0
calls=1 -2 
* 1128
fe=(157)
1343 2

fn=(1146)
3520 48
+1 12
+14 12
+4 12
+21 18
+8 40
+2 20
cfn=(1148)
calls=5 4941 
* 1865
+1 10
+8 20
+2 25
fi=(158)
162 15
61 5
+95 25
fe=(157)
3581 5
fi=(158)
162 10
fe=(157)
3581 10
-55 36
+18 18
+8 18
+10 5
cfn=(1148)
calls=1 4941 
* 454
+1 5
fi=(158)
162 2
fe=(157)
3581 12

fn=(618)
1343 342
3771 171
1362 171
3771 1368
1362 342
3811 2
+27 2
+66 139
+2 139
-2 139
+2 278
1362 340
3811 340
4397 340
3838 340
+63 266
+62 1030
+1 93
+1 2
cfn=(1532) malloc_consolidate
calls=1 4715 
* 90
* 2
3838 2
1362 1
3843 2
+2 2
+2 2
-6 1
+9 1
+1 1
-1 2
+6 2
+1 2
+7 1
-1 2
+1 5
+5 1
+1 1
3183 1
3870 4
-17 125
-10 37
+2 185
4399 278
3903 139
4399 1807
3983 139
+1 139
-1 278
-1 278
+2 278
-1 31
+1 31
-1 62
-1 62
+2 62
-2 492
+12 164
-6 164
+73 656
-67 498
-6 6
+73 24
-67 18
4158 17
-91 17
+91 34
-91 17
-74 17
3181 17
4067 17
3181 34
4025 34
3183 34
3997 68
+1 17
+2 34
+1 51
+2 17
+1 68
+2 68
-10 17
+12 34
+1 34
+2 34
+11 58
+31 9
+1 9
+4 18
+29 18
+2 4
+1 6
+1 2
-1 2
+57 2
+2 4
-2 4
+2 2
+7 2
-9 6
+9 2
-7 2
+1 2
+1 2
+6 4
-10 7
+2 14
-2 14
+2 7
+7 7
-9 21
+9 7
-7 7
+1 7
+1 7
+6 14
2005 3
4413 1539
4095 60
+1 21
+1 7
-1 7
+4 14
+66 27
3994 27
4183 324
+2 93
+3 31
-3 31
+3 62
+68 324
+1 162
+1 162
-1 162
+1 162
+1 324
+1 486
+5 360
+16 66
+2 132
-4 166
+8 17
+3 34
+2 8
+1 8
+1 8
-2 32
-27 8
3963 4
4144 21
4023 24
+1 18
+5 8
-1 16
+3 8
-1 8
+1 16
+1 8
+1 16
+2 14
+4 7
+6 7
-6 49
+2 21
+1 7
2005 21
4039 1
+6 1
-6 7
+2 3
+1 1
2005 3
4269 480
+3 600
-3 441
+3 516
-3 256
+3 363
+97 153
+1 306
+2 306
+3 463
+17 6
3904 306
4299 27
+3 18
+2 9
+3 18
-3 9
+3 18
cfn=(1106)
calls=9 1626 
* 310
+3 36
+15 16
-5 8
+5 16
+1 16
+3 8
+1 8
+1 8
+3 16
+1 5
+1 16
+2 12
+3 48
+2 18
+1 6
2005 6
4347 6
2005 12
4341 16
+2 6
+1 2
2005 2
4347 2
2005 5
4347 1
2005 2
4272 4
+2 16
+1 8
-1 12
+1 6
-3 6
+41 1
-1 1
+1 2
+67 151
-2 302
+2 151
-1 151
+6 151
-5 151
-3 151
+3 151
+2 151
-2 604
2005 151
4382 151
2005 302
4407 8
cfn=(620)
calls=2 2548 
* 401
* 2
+1 4
2005 6

fn=(1256)
3624 164
+10 82
-10 328
+10 656
+8 164
+3 246
+2 246
+3 648
+7 81
+8 81
-7 162
+7 162
fi=(158)
61 75
+95 450
fe=(157)
3668 300
+11 225
cfn=(618)
calls=75 1343 
* 10275
* 21
cfn=(618)
calls=7 1343 
* 1235
+2 410
fi=(158)
162 246
fe=(157)
3681 164
+3 246
+2 162
+12 164
+11 82
+5 82
-2 164
-3 82
+12 328
-20 328
+31 82
+2 164
+2 164
-43 162
+1 324
-37 1
+1 3
+7 1
fi=(158)
61 75
+95 375
fe=(157)
3681 75
fi=(158)
162 225
fe=(157)
3762 82
-25 164
+25 328
-25 82
cob=(2)
cfi=(50)
cfn=(680)
calls=82 0 
* 4182

fn=(1196)
3400 60
+6 12
+4 12
3515 6
-97 6
+97 36
-97 6
cfn=(606)
calls=6 3287 
* 1399
-1 12

fn=(1532)
4715 1
+17 1
-17 4
+28 1
-28 3
+15 1
+2 1
+13 2
+1 2
-1 18
+1 18
+62 30
+1 8

fn=(646)
4421 408
+10 51
-10 153
+10 102
+6 255
+1 102
+4 204
+8 255
-1 102
+1 102
+29 48
-20 48
-6 48
+6 96
+20 192
+14 12
+11 12
+2 9
2012 9
4527 3
+1 3
+4 9
+2 9
+26 8
4702 561
4569 6
+3 3
+3 10
+7 2
-4 2
+4 5
-4 1
+4 2
+3 6
+5 9
+3 6
+1 6
+1 6
2012 9
4601 6
+9 6
+5 4
+4 2
+9 2
-1 2
+1 6
+1 4
+2 2
+2 4
+5 2
+1 2
+2 6
+1 2
+30 6
+20 9
+1 4
4529 3
+22 3
-22 3
+22 15
+2 12
+1 6
-6 6
3181 45
+4 45
-4 45
+2 180
+1 45
+1 45
4482 45
4635 6
+38 3
+3 2
+2 1
-2 1
-23 1
+1 3
+1 2
-79 5
+11 9
-2 6
+93 4
+2 2
cfn=(648)
calls=1 2986 
* 25
* 1

fl=(204)
fn=(996)
77 8
+5 1
-5 3
+5 2
+2 4
cob=(2)
cfi=(50)
cfn=(998)
calls=1 -84 
* 26
* 1
+1 2
+44 1
+32 12

fl=(115)
fn=(370)
29 1
fi=(98)
+7 2
+1 1
-1 2
+14 3
fe=(115)
-21 1

fl=(223) ./libio/./libio/iopadn.c
fn=(1092) _IO_padn
37 6
+8 1
-8 7
+7 2
+10 3
-13 2
+21 2
+2 1
fi=(194)
940 3
+2 2
+1 2
fe=(223)
64 4
cfi=(189)
cfn=(906)
calls=1 1197 
* 71
+1 1
+3 12

fl=(104)
fn=(340)
43 1
-6 5
+6 1

fl=(114)
fn=(368)
29 1
fi=(256)
+4 5
-1 2
fe=(114)
-3 1

fl=(227)
fn=(1240)
43 6
+5 2
+2 1
+1 1
+7 1
-7 4
-1 1
+3 1
-2 5
+7 1
-5 1
-2 1
+2 1
-2 1
+2 3
+5 3
-7 4
+7 6
+5 2
+8 6

fl=(149)
fn=(588)
32 10
+1 3
fi=(150) ./posix/../sysdeps/unix/sysv/linux/x86/../sysconf.c
+16 8
fi=(151) ./posix/../sysdeps/posix/sysconf.c
+7 4
fi=(150)
-7 2
fe=(149)
-12 9
fi=(151)
+19 7
626 1
cfi=(152)
cfn=(594)
calls=1 257 
* 6121
* 2
fe=(149)

fl=(174)
fn=(774)
27 83
+1 332
+2 83

fl=(178)
fn=(860)
69 9
-28 2
+2 6
+1 2
cfn=(862) __new_exitfn
calls=1 +38 
* 32
+2 2
+10 1
+2 1
-5 3
+3 1
-1 1
+4 2
+1 1
-1 2
+12 6

fn=(862)
82 1
+6 2
-6 4
+11 4
-10 2
+12 4
-2 1
+10 1
-10 3
+45 1
+5 1
-4 1
+4 4
-18 1
-1 1
+1 1

fl=(187)
fn=(902)
23 7
+1 7
+1 7
+1 7
+1 7
+1 7
+1 7
+1 7
+1 7
+1 7
+1 7
+1 7
+1 7
+1 7
+1 7
+1 7
+1 7
+1 7
+1 5
+2 5
+7 5
+4 2
+1 2
+1 2
+1 2
+1 2
+1 2
+1 2
+1 2
+1 2
+1 2
+1 2
+1 2
+1 2
+1 2
+1 2
+1 2
+1 2
+1 2
+1 2
+1 2
+1 2
+1 2
+1 2
+1 2
+52 2
+2 2
+7 2

fn=(1000)
23 1
+1 1
+1 1
+1 1
+1 1
+1 1
+1 1
+1 1
+1 1
+1 1
+1 1
+1 1
+1 1
+1 1
+1 1
+1 1
+1 1
+1 1
+1 1
+4 1
+1 1
+1 1
+1 1
+2 1

fl=(200)
fn=(974)
95 14
+4 1
+5 3
+9 2
-3 8
cfi=(190)
cfn=(976)
calls=1 563 
* 46
+3 3
-2 1
+2 1
-2 1
+1 1
+1 1
cfi=(201) ./libio/./libio/strops.c
cfn=(980) _IO_str_init_static_internal
calls=1 -77 
* 72
+1 5
cfi=(186)
cfn=(898)
calls=1 1180 
* 997
+2 3
+1 2
+2 11

fl=(160)
fn=(624)
25 3
+1 6
-1 3
+4 3
cfi=(161)
cfn=(626)
calls=3 +8 
* 101
+1 6
+4 6

fl=(195)
fn=(936)
25 2
+1 14
+1 2

fl=(201)
fn=(980)
36 14
+4 2
+6 5
cfi=(190)
cfn=(916)
calls=1 329 
* 24
+5 3
-1 4
+14 1
-14 6
+15 7
-23 1
+1 5

fl=(215) ./stdlib/../sysdeps/x86_64/lshift.S
fn=(1074) __mpn_lshift
28 1
+1 1
+1 1
+2 1
+1 1
+1 1
+12 1
+1 1
+1 1
+1 1
+1 1
+1 1
+1 1
+6 1
+1 1
+1 1

fl=(186)
fn=(898)
1180 36
+30 15
+8 10
+4 15
+11 6
+11 3
fi=(211) ./stdio-common/./stdio-common/printf-parse.h
111 6
fe=(186)
1244 15
fi=(211)
111 3
cob=(2)
cfi=(50)
cfn=(900)
calls=3 0 
* 117
fe=(186)
1259 3
fi=(211)
111 3
fe=(186)
1259 9
239 3
fi=(265) ./stdio-common/../libio/libioP.h
940 3
fe=(186)
1263 3
fi=(265)
942 3
-2 3
fe=(186)
1263 3
fi=(265)
940 6
+2 6
+1 6
fe=(186)
239 12
cfi=(190)
cfn=(920)
calls=1 371 
* 82
cfi=(189)
cfn=(906)
calls=2 1197 
* 1815
* 6
127 27
1263 6
+4 9
+4 24
1532 3
1214 3
+34 3
-8 3
1532 9
+23 3
-39 3
+39 3
-39 3
+39 6
1313 60
+39 4
-51 4
-1 4
-1 4
-1 4
+5 4
1501 4
fi=(211)
88 4
fe=(186)
1352 4
-46 4
-4 4
+50 4
1501 4
1295 4
-1 4
-1 4
-1 4
-1 4
+16 8
1608 6
+1 6
+3 36
-4 18
1499 2
+33 2
+3 34
+20 2
1218 4
+41 8
cfi=(188)
cfn=(904)
calls=2 24 
* 20
+1 26
-1 4
1609 4
cfi=(188)
cfn=(938)
calls=2 39 
* 16
+2 2
-56 11
+9 2
-48 39
cfi=(192)
cfn=(922)
calls=3 163 
* 120
* 93
192 6
+47 3
fi=(265)
942 9
+1 6
fe=(186)
239 12
cfi=(190)
cfn=(920)
calls=2 371 
* 132
cfi=(189)
cfn=(906)
calls=1 1197 
* 78
* 6
127 39
1517 6
-1 1
-94 1
-1 1
+1 2
+26 3
+15 15
+53 6
+73 4
fi=(211)
111 4
fe=(186)
1583 4
fi=(211)
111 8
cob=(2)
cfi=(50)
cfn=(900)
calls=4 0 
* 92
fe=(186)
239 4
fi=(265)
942 4
fe=(186)
1593 4
fi=(211)
111 4
fi=(265)
942 4
fe=(186)
1593 4
fi=(265)
942 4
+1 8
fe=(186)
239 16
cfi=(190)
cfn=(920)
calls=2 371 
* 137
cfi=(189)
cfn=(906)
calls=2 1197 
* 459
* 8
127 52
1593 8
+2 11
-79 6
-48 1
fi=(211)
76 1
+2 1
-2 1
+2 1
-2 1
+2 9
+1 2
+2 2
+6 1
+1 1
-1 1
+1 3
+3 1
-13 2
fe=(186)
1516 54
192 6
1516 2
1415 2
+3 4
1556 1
351 1
+1 1
1556 1
352 2
-1 2
1559 2
127 7
354 1
cfi=(212) ./stdio-common/./stdio-common/printf_fp.c
cfn=(1066) __printf_fp
calls=1 1278 
* 2396
* 1
1392 6
1516 24
-98 10
+98 26
fi=(211)
78 6
fe=(186)
1516 10

fl=(95)
fn=(320)
29 2
fi=(91)
+24 6
-1 4
+4 6
+14 4
+27 4
+1 4
+2 10
fe=(95)

fl=(112)
fn=(360)
29 1
fi=(98)
+7 2
+1 1
-1 2
+14 3
fe=(112)
-21 1

fl=(94)
fn=(318)
28 1
fi=(256)
+5 5
-1 2
fe=(94)
-4 1

fl=(234)
fn=(1264)
42 82
+1 738
fi=(266) ./nptl/../include/list.h
+2 82
+2 82
fe=(234)
+4 82
+1 82

fl=(237)
fn=(1274)
52 7
+2 7
+1 7
+1 7
+3 7
+1 7
+3 7
+2 7
+4 7
+3 7
+1 7
+1 7
+1 7
+1 7
+5 7
+2 89
+1 89
+1 89
+2 7
+8 82
+3 82
+1 82
+1 82
cfi=(226)
cfn=(1300)
calls=82 336 
* 195543631

fn=(1275)
52 75
+2 75
+1 75
+1 75
+3 75
+1 75
+3 75
+2 75
+4 75
+3 75
+1 75
+1 75
+1 75
+1 75
+5 75
+2 75
+1 75
+1 75
+2 75

fl=(131)
fn=(424)
33 7
+2 1
cfi=(132)
cfn=(426)
calls=1 -6 
* 17
+3 1
fi=(134) ./elf/../sysdeps/nptl/pthread_early_init.h
-5 2
fe=(131)
+8 1
-3 1
fi=(134)
-5 1
cfi=(133) ./resource/../sysdeps/unix/sysv/linux/getrlimit64.c
cfn=(428) getrlimit
calls=1 +5 
* 10
* 3
+1 6
+11 1
fi=(267) ./elf/../nptl/nptl-stack.h
+13 3
fi=(134)
-13 1
fi=(267)
+13 2
fi=(134)
-4 1
fi=(267)
+4 2
fi=(134)
-6 1
fi=(267)
+6 1
fi=(134)
-12 1
+6 6
+1 1
+4 1
cfi=(135) ./nptl/./nptl/pthread_mutex_conf.c
cfn=(432) __pthread_tunables_init
calls=1 -7 
* 916
fe=(131)
-10 3
+2 2
-2 1
cfi=(138)
cfn=(446)
calls=1 +49 
* 147

fl=(248)
fn=(1526)
24 2716
+1 2037
cfi=(249)
cfn=(1528)
calls=679 +38 
* 48077
+1 1350
+6 1350

fl=(87)
fn=(302)
29 2
fi=(88) ./string/../sysdeps/x86_64/multiarch/ifunc-memset.h
+21 10
+3 6
+7 4
+9 4
+29 8
fe=(87)
-69 2

fl=(182)
fn=(886)
28 249
+2 166
-1 83
+5 249

fl=(210)
fn=(1044)
34 5
+14 3
fi=(194)
883 2
+1 3
fe=(210)
57 1
fi=(194)
940 3
+2 2
+1 2
fe=(210)
57 3
cfi=(189)
cfn=(1058)
calls=1 168 
* 29
+1 3
+13 2
fi=(194)
855 4
+1 4
+6 2
cob=(2)
cfi=(50)
cfn=(640)
calls=1 0 
* 91
fe=(210)
76 5
-27 1
cfi=(190)
cfn=(1046)
calls=1 +4 
* 108
+2 12
+1 1
-1 2
fi=(194)
883 2
fe=(210)
52 2
+1 2
cfi=(189)
cfn=(1050)
calls=1 +75 
* 241
fi=(194)
883 1
fe=(210)
53 1
fi=(194)
883 2
+1 4
fe=(210)

fl=(143)
fn=(486)
23 1
+1 1
+1 1
+1 1
+1 1
+1 1
+1 1
+1 1
+1 1
+1 1
+1 1
+1 1
+1 1
+1 1
+1 1
+1 1
+1 1
+1 1
+1 1
+1 1
+1 1
+1 1
+1 1
+1 1
+1 1

fl=(164)
fn=(632)
27 2
+5 14
+1 2

fl=(85)
fn=(298)
29 1
fi=(86) ./wcsmbs/../sysdeps/x86_64/multiarch/ifunc-wcslen.h
+5 4
-1 2
+15 4
fe=(85)
-19 1

fl=(116)
fn=(374)
29 1
fi=(117) ./wcsmbs/../sysdeps/x86_64/multiarch/ifunc-memcmp.h
+5 2
+1 1
-1 2
+16 3
fe=(116)
-21 1

fl=(225)
fn=(1102)
53 60
+12 12
+75 6
+9 6
+2 6
+1 54
-63 12
+3 6
-3 18

fl=(158)
fn=(1502)
809 5
+3 5
-3 10
+1 10
+2 5
-1 5
+26 25

fn=(1506) alloc_new_heap
484 40
51 15
491 15
+2 15
+6 10
+7 5
+2 5
-9 5
+9 5
-9 20
+7 10
+12 35
cfi=(230)
cfn=(1246)
calls=5 47 
* 45
* 5
+1 10
+2 5
+1 15
+2 5
-3 5
+6 5
-3 10
+4 20
cfi=(231)
cfn=(1508)
calls=5 117 
* 30
+17 20
cfi=(231)
cfn=(1248)
calls=5 117 
* 30
* 10
fi=(157)
2028 20
fe=(158)
554 5
+2 5
-2 5
+3 5
+2 45
51 5
+10 10
525 15
cfi=(231)
cfn=(1508)
calls=5 117 
* 30
* 10

fn=(1504)
934 5
+4 5
-14 35
+10 10
+2 15
+23 15
+12 35
-33 10
+23 35
565 5
744 10
565 10
+11 35
cfn=(1506)
calls=5 -92 
* 550
* 5
746 10
+9 15
fi=(157)
1966 10
+3 5
-3 5
+3 10
-3 10
+3 630
-3 630
+3 1260
-3 1260
+7 15
+2 5
+3 5
fe=(158)
763 5
-1 5
-5 5
+2 15
+5 10
+1 10
+2 5
-1 5
+1 15
+2 5
+1 5
+4 5
-4 5
+1 5
+3 5
-2 5
+2 10
+3 10
+7 5
-2 5
+2 15
+2 20
-61 10
+63 20
+12 20

fn=(610)
313 1
fi=(157)
3162 3
fe=(158)
313 5
+5 1
fi=(157)
3162 2
cfi=(159)
cfn=(612)
calls=1 28 
* 9
* 2
fe=(158)
343 2
+4 3
fi=(157)
1966 4
+3 1
-3 1
+3 2
-3 2
+3 126
-3 126
+3 252
-3 252
fe=(158)
352 3
fi=(157)
1977 1
+1 1
+2 1
fe=(158)
352 1
cob=(2)
cfi=(50)
cfn=(434)
calls=1 0 
* 23
+1 4
cob=(2)
cfi=(50)
cfn=(434)
calls=1 0 
* 22
+1 4
cob=(2)
cfi=(50)
cfn=(434)
calls=1 0 
* 23
+1 4
cob=(2)
cfi=(50)
cfn=(434)
calls=1 0 
* 23
+1 4
cob=(2)
cfi=(50)
cfn=(434)
calls=1 0 
* 22
+1 4
cob=(2)
cfi=(50)
cfn=(434)
calls=1 0 
* 23
+1 4
cob=(2)
cfi=(50)
cfn=(434)
calls=1 0 
* 23
+2 4
cob=(2)
cfi=(50)
cfn=(434)
calls=1 0 
* 23
+1 4
cob=(2)
cfi=(50)
cfn=(434)
calls=1 0 
* 23
+1 4
cob=(2)
cfi=(50)
cfn=(434)
calls=1 0 
* 23
+3 4
cob=(2)
cfi=(50)
cfn=(434)
calls=1 0 
* 23
+1 4
cob=(2)
cfi=(50)
cfn=(434)
calls=1 0 
* 23
+1 2
+63 7

fl=(193)
fn=(926)
199 6
+1 6
+1 6
+1 6
+17 6
+1 6
+2 1
+1 1
+1 1
+2 1
+1 1
+1 1
+4 1
360 5
+1 5
+2 4
+4 4
+1 4
+1 4
+1 4
+1 4
+1 1
+1 1
+2 1
+2 1
-2 3
+2 3
+39 1
+1 1
+1 1
+1 1
+1 1

fn=(928)
212 1
+1 1
+6 1
+1 1
+2 1
+1 1
+1 1
444 1
+1 1
+24 1
+1 1
+4 1
+2 1
+4 1
+1 1
+11 1
+3 1
+2 1
+2 1
+4 1
+1 1
+66 1
+1 1
+2 1
+1 1
+1 1
+2 1
+2 1
+2 2
+6 1
+1 1
+1 1
+1 1
+1 1
+1 1
+1 1
+1 1
+1 1
+1 1
+1 1
+1 1
-11 8
+1 8
+1 8
+1 8
+1 8
+1 8
+1 8
+1 8
+1 8
+1 8
+1 8
+1 8
+2 1
+1 1
+1 1
+1 1
+2 1
+1 1

fl=(232)
fn=(1260)
77 4252
+3 12756
+2 4252
+2 8504
-7 8504
+11 8504
+2 12510
-46 4170
+1 20850
+3 16680
+46 12510
+73 4252
+3 4252
+2 4252
+3 4252
+2 4252
+1 12756
-81 164
+11 328
+4 82
+3 164
-71 82
+1 413
+1 1
+84 246
+1 164
-83 324

fl=(175)
fn=(816)
25 2
+2 6
+2 2
+2 4
-2 1
+2 6
-4 4
+6 6
+4 6
+6 2
-3 2
+3 2

fl=(100)
fn=(332)
66 1
-25 4
+15 4
+1 2
+9 1

fl=(120)
fn=(384)
29 1
fi=(261)
+1 5
fe=(120)
-1 1

fl=(146)
fn=(508)
34 224
+4 224
+3 56
+50 252
-26 28
cob=(2)
cfi=(50)
cfn=(510)
calls=28 -65 
* 730
+10 28
-8 28
+6 28
-8 28
+7 28
+3 6216
+9 3080

fl=(190)
fn=(910)
343 2
+1 4
-1 6
+3 8
+1 2
fi=(194)
940 6
+2 4
+1 4
fe=(190)
347 4
cfi=(191) ./libio/./libio/filedoalloc.c
cfn=(912) _IO_file_doallocate
calls=2 78 
* 580
* 4
+3 8

fn=(976)
563 20
+1 2
cfn=(978) _IO_old_init
calls=2 -33 
* 48
+1 2
+1 4
+2 1
+4 1
+7 1
+2 1
-9 5
+15 1
+1 6
-1 1
+1 6
-2 2

fn=(916)
329 36
+1 18
+5 8
-3 4
+3 16
+3 17
-7 1
cob=(2)
cfi=(50)
cfn=(640)
calls=1 0 
* 134
+4 3

fn=(920)
371 6
+3 12
-3 48
fi=(194)
940 6
fe=(190)
371 6
fi=(194)
940 6
fe=(190)
371 6
fi=(194)
940 6
fe=(190)
371 12
+18 10
+8 5
+2 78
fi=(194)
942 44
+1 44
fe=(190)
399 88
cfi=(189)
cfn=(908)
calls=22 731 
* 748
* 44
+2 22
-22 134
+2 15
+3 10
+20 6
-29 6
+29 42
-11 42
+1 2
-1 2
+1 2
-1 2
+1 2
-1 2
+1 2
-1 2
+1 2
-1 2
+1 24
-1 11
+1 8
-1 12
+1 10
-1 19

fn=(1052)
960 2
+2 1
-2 1
+2 1
+5 3
+2 2

fn=(1010)
187 3
+1 2
+2 2
cob=(2)
cfi=(50)
cfn=(640)
calls=1 0 
* 6
+1 1
+1 1
-1 1
+3 2

fn=(1060)
601 3
+2 3
+6 3
+3 3
54 2
624 2

fn=(1266)
518 1
+3 3
1067 1
523 1
+1 3
+1 1
1081 1
524 2
+1 2
1081 2
524 4
+2 1

fn=(978)
531 2
+3 2
-2 2
+2 2
+5 2
-7 2
+2 2
+10 2
-10 2
+16 2
-11 2
-5 2
+16 2
-16 2
+21 2
-16 10
+16 4
+1 2
+2 2

fn=(988)
87 14
+1 2
-1 6
+1 6
+18 20
-16 1
+2 3
-2 1
+2 1
+1 1
-1 3
cfi=(188)
cfn=(904)
calls=1 -68 
* 10
+1 9
+2 1
-1 1
-1 2
+2 10
+5 1
-3 1
-2 2
+3 1
-1 1
+3 12
+1 1
+1 7
+1 2
cfi=(188)
cfn=(938)
calls=1 -64 
* 8
+3 1

fn=(1046)
53 2
+1 4
+28 2
cfn=(1048) __GI__IO_un_link.part.0
calls=1 -30 
* 104

fn=(1048)
52 2
+7 1
-7 7
+6 6
cfi=(188)
cfn=(904)
calls=1 -34 
* 10
+1 9
+2 1
-1 1
-1 2
+2 10
+13 1
-13 1
+2 1
+13 1
-15 2
+15 1
-13 2
+3 1
-1 2
+1 1
+8 2
+2 11
+2 2
-1 1
+1 7
+1 2
cfi=(188)
cfn=(938)
calls=1 -40 
* 8
+3 9

fn=(1032)
269 5
+1 4
+5 3
+3 1
173 1
278 2
+2 2
+6 2
+7 1
fi=(194)
940 3
+2 2
+1 2
fe=(190)
293 1
+1 1
-1 1
+1 2
-1 1
cfi=(189)
cfn=(1034)
calls=1 461 
* 101
-2 3

fn=(1036)
164 5
+1 3
+3 3
+4 2
+1 2
+7 1
-4 1
+4 1
-2 2
+3 1
+1 4

fn=(1028)
409 2
fi=(194)
940 3
fe=(190)
409 1
+2 1
fi=(194)
942 2
+1 2
fe=(190)
411 1
+1 2
-1 1
cfi=(189)
cfn=(1030)
calls=1 1272 
* 345

fn=(1094) __overflow
199 33
+2 33
+2 11
fi=(194)
940 33
+2 22
+1 22
fe=(190)
203 11
+1 22
-1 11
cfi=(189)
cfn=(908)
calls=11 731 
* 374

fl=(166)
fn=(636)
225 57
+54 19
-54 57
+19 19
-19 57
+14 19
-14 38
+26 38
+31 76
+9 114
+2 38
+5 38
-1 19
+6 38
+4 38
+10 36
+10 72
-82 18
372 54
+1 54
+4 18
+56 72
309 19
449 19
+10 57
-10 19
+10 19
+12 38
-5 23
+5 23
+1 69
-41 46
+2 58
+2 75
+7 4
+17 4
+1 4
+3 75
+3 46
+11 38
+5 51
+1 16
+12 34
+11 102
+18 171
324 36
-15 2
+15 2
513 4
+2 8
+5 2
+3 2
-3 4
327 2
+46 1
-1 1
245 1
373 1
+4 2

fl=(217)
fn=(1078)
31 10
+1 10
+3 10
+1 10
+1 10
+1 10
+1 10
+2 10
+1 10
+2 10
+1 10
+1 10
+1 10
+1 9
+2 9
+1 9
+1 9
+1 9
+26 1
+1 1
+1 1
+1 1
+1 1
+1 1
+1 1
+1 1
+1 1
+26 1
+1 1
+1 1
+2 1
+1 1
+1 1
+1 1
+1 1
+1 1
+2 1
+3 1
-5 9
+2 9
+3 9

fl=(153)
fn=(596)
82 8
-49 2
+53 2
cfi=(154)
cfn=(598)
calls=1 -58 
* 27
* 1
-40 2
+7 3
cfi=(155)
cfn=(600)
calls=1 -24 
* 15
* 2
+2 4
+57 7
+3 2
cob=(2)
cfi=(50)
cfn=(604)
calls=1 0 
* 1808
* 1
+1 2
+7 1
+2 1
+2 1
+1 1
+1 1
+1 1
+1 1
-44 9

fl=(206) ./libio/./libio/ioseekoff.c
fn=(1006) _IO_seekoff_unlocked
33 1
+1 2
-1 6
+10 5
+1 1
+15 1
fi=(268) ./libio/../libio/libioP.h
940 3
+2 2
+1 2
fe=(206)
59 1
+1 1
-1 2
+1 3
-1 1
cfi=(189)
cfn=(1008)
calls=1 900 
* 466

fl=(93)
fn=(316)
61 1
-20 2
+1 1
-1 2
-1 2
+15 4
+6 1

fl=(135)
fn=(432)
50 2
+1 2
-1 4
+1 3
cob=(2)
cfi=(50)
cfn=(434)
calls=1 -51 
* 872
+2 4
cob=(2)
cfi=(50)
cfn=(434)
calls=1 -53 
* 23
+2 6

fl=(179)
fn=(880)
29 4
+15 1
-15 5
+15 1
cfi=(180)
cfn=(882)
calls=1 -16 
* 34
* 1
+2 2
+5 2
+1 2
+3 2
+3 6
cob=(6)
cfi=(183)
cfn=(888)
calls=1 +17 
* 46143225

fl=(242)
fn=(1478)
26 5
+10 15
+8 10

fl=(113)
fn=(364)
31 1
fi=(102)
+1 5
+3 3
+1 2
fe=(113)
-5 1

fl=(247)
fn=(1490)
31 680
+1 680
+2 2040
+1 680
+2 680
+2 1360
+3 2040
+7 680

fn=(1530)
56 675
+3 1350
+4 1350
+1 675

fl=(83)
fn=(294)
29 1
fi=(261)
+1 5
fe=(83)
-1 1

fl=(148)
fn=(576)
28 2
+1 10
cfi=(146)
cfn=(508)
calls=2 +5 
* 768

fl=(90)
fn=(310)
29 1
fi=(91)
+24 3
-1 2
+4 3
+14 2
+27 2
+1 2
+2 5
fe=(90)

fl=(122)
fn=(390)
31 1
fi=(102)
+1 5
+3 3
+1 2
fe=(122)
-5 1

fl=(156) ./io/../sysdeps/unix/sysv/linux/fstatat64.c
fn=(602) fstatat
153 6
-55 6
+70 9
+1 3

fl=(107)
fn=(350)
29 1
fi=(108) ./string/../sysdeps/x86_64/multiarch/ifunc-memcmp.h
+5 2
+1 1
-1 2
+16 3
fe=(107)
-21 1

fl=(123)
fn=(394)
31 1
fi=(258)
+4 5
-1 2
fe=(123)
-3 1

fl=(155)
fn=(600)
29 6
+1 6
+5 9
cfi=(156)
cfn=(602)
calls=3 153 
* 24

fl=(212)
fn=(1066)
1278 1
+1 1
-1 2
+1 3
cfn=(1068) __printf_fp_l
calls=1 216 
* 2389

fn=(1086) hack_digit
170 40
+3 50
+2 9
+2 18
-2 18
+2 9
+1 27
-1 9
+1 9
cfi=(217)
cfn=(1078)
calls=9 31 
* 189
* 9
+31 9
+1 45
-37 60
+37 5

fn=(1068)
216 16
+50 1
-9 1
+17 1
-8 3
+32 1
-21 1
-11 2
+11 2
fi=(213) ./stdio-common/../include/../locale/localeinfo.h
+38 3
fe=(212)
-35 2
+18 2
+8 1
-72 1
-1 1
388 1
-1 2
+5 2
+4 7
1272 12
396 6
cfi=(214) ./stdlib/../sysdeps/ieee754/dbl-64/dbl2mpn.c
cfn=(1072) __mpn_extract_double
calls=1 33 
* 22
* 4
+36 1
+5 1
-49 1
+44 4
+1 1
+1 2
+3 12
+1 1
-1 1
+1 3
-1 1
+1 2
-1 1
+1 8
+1 1
-1 2
+1 13
+6 1
-6 2
+7 2
831 1
+10 1
-10 1
+10 1
+6 1
-16 1
+10 2
+6 1
-6 2
+2 2
+10 2
+48 2
+15 1
-1 4
+7 1
fi=(220) ./stdio-common/../sysdeps/pthread/allocalim.h
27 2
cfi=(219)
cfn=(1082)
calls=1 * 
* 11
+2 3
fe=(212)
932 18
+4 1
-3 1
+3 4
+26 1
-2 3
+1 4
+1 2
+1 4
+3 9
-1 9
+2 9
-1 9
cfn=(1086)
calls=9 170 
* 452
* 9
+3 18
-7 27
+1 26
437 2
963 3
+15 3
+1 4
cfn=(1086)
calls=1 170 
* 54
+2 3
-2 1
+2 5
+2 3
+3 2
-3 1
+8 8
-9 1
fi=(221) ./stdio-common/../sysdeps/generic/get-rounding-mode.h
94 1
+1 7
fi=(222) ./stdio-common/../include/rounding-mode.h
-43 2
fe=(212)
1097 3
+7 2
+3 3
+13 3
+46 2
+2 2
-2 5
+2 5
+2 8
+1 8
+2 4
+7 5
+8 1
+7 1
-7 2
+7 2
+5 3
cob=(2)
cfi=(50)
cfn=(510)
calls=1 0 
* 19
+2 2
-2 1
+2 2
+5 3
+2 1
-2 1
+2 2
+11 16
+7 12
+3 20
+3 20
-6 30
+1 33
+1 2
-2 1
+2 1
cob=(2)
cfi=(50)
cfn=(924)
calls=1 0 
* 18
* 1
-2 2
+10 6
+17 5
+3 3
+11 3
649 2
856 1
+2 1
-1 1
+10 1
-11 2
-16 4
1175 3
855 1
-7 1
+8 2
+3 4
665 3
+5 1
-5 1
cfi=(215)
cfn=(1074)
calls=1 28 
* 16
+5 1
-18 1
+10 1
+3 1
+1 1
+24 1
-20 1
-4 4
+3 1
+1 2
+23 3
+1 2
+3 2
+1 1
-1 2
+1 1
+8 1
-7 2
+7 1
-9 1
+2 1
-2 1
+2 1
+7 2
+22 3
+61 12
-2 12
+2 46
675 12
+2 24
+7 1
+1 2
-1 1
+4 1
-4 1
+2 1
-2 2
+6 4
cfi=(216)
cfn=(1076)
calls=1 48 
* 75
* 1
+5 3
+42 2
-1 1
+1 2
+5 3
-6 1
+6 1
+3 3
1177 2
+77 158
cfi=(190)
cfn=(1094)
calls=11 199 
* 572
* 22
883 2
+73 2
-1 2
-1 1
+2 1
835 2
-44 3
+22 4
1203 2
868 3
-89 2
cfi=(218) ./stdlib/../sysdeps/x86_64/rshift.S
cfn=(1080) __mpn_rshift
calls=1 28 
* 18
+3 1
+7 1
-7 3
1171 1
cfi=(223)
cfn=(1092)
calls=1 37 
* 119
* 1
746 2
+10 1
-3 1
+3 5
+13 3

fl=(214)
fn=(1072)
33 3
+4 2
-2 1
+2 1
+1 5
+9 2
+9 1
-9 1
+9 2
+47 1
+4 1
-4 1
+4 1

fl=(244)
fn=(1484)
39 11
+4 6
+5 2
+4 4
+3 1
+2 2
+1 2
+19 4
+10 2
+5 3
+5 1
-5 1
cfi=(245)
cfn=(1486)
calls=1 -67 
* 7
+5 1
+8 5
cfi=(246)
cfn=(1488)
calls=1 +33 
* 35
-8 3

fl=(89)
fn=(306)
29 1
fi=(86)
+5 4
-1 2
+15 4
fe=(89)
-19 1

fl=(105)
fn=(342)
29 1
fi=(98)
+7 2
+1 1
-1 2
+14 3
fe=(105)
-21 1

fl=(118)
fn=(378)
33 1
fi=(98)
+3 2
+1 1
-1 2
+14 3
fe=(118)
-17 1

fl=(218)
fn=(1080)
28 1
+1 1
+1 1
+1 1
+13 1
+1 1
+16 1
+1 1
+1 1
+1 1
+1 1
+1 1
+1 1
+5 1
+1 1
+1 1
+1 1
+1 1

fl=(191)
fn=(912)
78 18
+6 8
fi=(194)
940 6
+2 4
+1 4
fe=(191)
84 6
cfi=(189)
cfn=(914)
calls=2 1146 
* 36
* 4
+2 8
+11 8
+4 2
cob=(2)
cfi=(50)
cfn=(604)
calls=1 0 
* 194
* 1
+1 2
+2 8
cfi=(190)
cfn=(916)
calls=2 329 
* 48
+1 2
+1 16
-23 1
+18 2
cob=(2)
cfi=(50)
cfn=(604)
calls=1 0 
* 187
* 1
+1 2
-11 1
fi=(269) ./libio/../include/sys/sysmacros.h
-44 6
fe=(191)
+44 1
-2 2
+5 2

fl=(205)
fn=(1004)
32 9
+3 13
+1 5
cfi=(206)
cfn=(1006)
calls=1 -3 
* 497
* 4
fi=(194)
883 2
+1 10
fe=(205)
39 6

fl=(207)
fn=(1016)
28 1
+8 4
+2 1

fl=(111)
fn=(358)
31 1
fi=(256)
+2 5
-1 2
fe=(111)
-1 1

fl=(133)
fn=(428)
38 2
+1 7
+1 1

totals: 241906647
