NUM_THREADS,BASE_DEPTH,MINIMUM_TASK_COUNT,RUN_NUMBER,RUNTIME
1,1,1000,1,0.000456
1,1,1000,2,0.000462
1,1,1000,3,0.000444
1,1,1200,1,0.000476
1,1,1200,2,0.000451
1,1,1200,3,0.000437
1,1,1400,1,0.000471
1,1,1400,2,0.000450
1,1,1400,3,0.000430
1,1,1600,1,0.000460
1,1,1600,2,0.000444
1,1,1600,3,0.000437
1,1,1800,1,0.000476
1,1,1800,2,0.000441
1,1,1800,3,0.000458
1,1,2000,1,0.000433
1,1,2000,2,0.000450
1,1,2000,3,0.000469
1,1,2200,1,0.000439
1,1,2200,2,0.000453
1,1,2200,3,0.000440
1,1,2400,1,0.000444
1,1,2400,2,0.000434
1,1,2400,3,0.000451
1,1,2600,1,0.000443
1,1,2600,2,0.000446
1,1,2600,3,0.000455
1,1,2800,1,0.000466
1,1,2800,2,0.000450
1,1,2800,3,0.000485
1,1,3000,1,0.000463
1,1,3000,2,0.000446
1,1,3000,3,0.000482
1,1,3200,1,0.000463
1,1,3200,2,0.000444
1,1,3200,3,0.000486
1,1,3400,1,0.000461
1,1,3400,2,0.000444
1,1,3400,3,0.000495
1,1,3600,1,0.000464
1,1,3600,2,0.000450
1,1,3600,3,0.000484
1,1,3800,1,0.000464
1,1,3800,2,0.000450
1,1,3800,3,0.000480
1,1,4000,1,0.000460
1,1,4000,2,0.000449
1,1,4000,3,0.000461
1,1,4200,1,0.000480
1,1,4200,2,0.000455
1,1,4200,3,0.000499
1,1,4400,1,0.000472
1,1,4400,2,0.000457
1,1,4400,3,0.000480
1,1,4600,1,0.000484
1,1,4600,2,0.000463
1,1,4600,3,0.000497
1,1,4800,1,0.000471
1,1,4800,2,0.000459
1,1,4800,3,0.000495
1,1,5000,1,0.000481
1,1,5000,2,0.000457
1,1,5000,3,0.000489
1,3,1000,1,0.000458
1,3,1000,2,0.000456
1,3,1000,3,0.000455
1,3,1200,1,0.000437
1,3,1200,2,0.000450
1,3,1200,3,0.000460
1,3,1400,1,0.000454
1,3,1400,2,0.000446
1,3,1400,3,0.000447
1,3,1600,1,0.000448
1,3,1600,2,0.000458
1,3,1600,3,0.000451
1,3,1800,1,0.000481
1,3,1800,2,0.000457
1,3,1800,3,0.000445
1,3,2000,1,0.000445
1,3,2000,2,0.000453
1,3,2000,3,0.000446
1,3,2200,1,0.000449
1,3,2200,2,0.000440
1,3,2200,3,0.000440
1,3,2400,1,0.000444
1,3,2400,2,0.000448
1,3,2400,3,0.000454
1,3,2600,1,0.000475
1,3,2600,2,0.000459
1,3,2600,3,0.000465
1,3,2800,1,0.000463
1,3,2800,2,0.000462
1,3,2800,3,0.000494
1,3,3000,1,0.000454
1,3,3000,2,0.000460
1,3,3000,3,0.000460
1,3,3200,1,0.000467
1,3,3200,2,0.000458
1,3,3200,3,0.000483
1,3,3400,1,0.000466
1,3,3400,2,0.000467
1,3,3400,3,0.000470
1,3,3600,1,0.000457
1,3,3600,2,0.000498
1,3,3600,3,0.000470
1,3,3800,1,0.000456
1,3,3800,2,0.000506
1,3,3800,3,0.000463
1,3,4000,1,0.000464
1,3,4000,2,0.000470
1,3,4000,3,0.000468
1,3,4200,1,0.000479
1,3,4200,2,0.000477
1,3,4200,3,0.000479
1,3,4400,1,0.000466
1,3,4400,2,0.000476
1,3,4400,3,0.000474
1,3,4600,1,0.000504
1,3,4600,2,0.000469
1,3,4600,3,0.000476
1,3,4800,1,0.000468
1,3,4800,2,0.000460
1,3,4800,3,0.000475
1,3,5000,1,0.000481
1,3,5000,2,0.000471
1,3,5000,3,0.000485
1,5,1000,1,0.000520
1,5,1000,2,0.000463
1,5,1000,3,0.000470
1,5,1200,1,0.000474
1,5,1200,2,0.000458
1,5,1200,3,0.000463
1,5,1400,1,0.000471
1,5,1400,2,0.000466
1,5,1400,3,0.000454
1,5,1600,1,0.000464
1,5,1600,2,0.000456
1,5,1600,3,0.000460
1,5,1800,1,0.000458
1,5,1800,2,0.000461
1,5,1800,3,0.000460
1,5,2000,1,0.000490
1,5,2000,2,0.000467
1,5,2000,3,0.000454
1,5,2200,1,0.000478
1,5,2200,2,0.000481
1,5,2200,3,0.000496
1,5,2400,1,0.000464
1,5,2400,2,0.000473
1,5,2400,3,0.000452
1,5,2600,1,0.000468
1,5,2600,2,0.000463
1,5,2600,3,0.000471
1,5,2800,1,0.000484
1,5,2800,2,0.000460
1,5,2800,3,0.000478
1,5,3000,1,0.000486
1,5,3000,2,0.000489
1,5,3000,3,0.000470
1,5,3200,1,0.000477
1,5,3200,2,0.000466
1,5,3200,3,0.000474
1,5,3400,1,0.000510
1,5,3400,2,0.000492
1,5,3400,3,0.000480
1,5,3600,1,0.000494
1,5,3600,2,0.000480
1,5,3600,3,0.000492
1,5,3800,1,0.000516
1,5,3800,2,0.000512
1,5,3800,3,0.000494
1,5,4000,1,0.000506
1,5,4000,2,0.000487
1,5,4000,3,0.000496
1,5,4200,1,0.000484
1,5,4200,2,0.000492
1,5,4200,3,0.000490
1,5,4400,1,0.000477
1,5,4400,2,0.000483
1,5,4400,3,0.000488
1,5,4600,1,0.000479
1,5,4600,2,0.000515
1,5,4600,3,0.000484
1,5,4800,1,0.000479
1,5,4800,2,0.000492
1,5,4800,3,0.000484
1,5,5000,1,0.000537
1,5,5000,2,0.000498
1,5,5000,3,0.000502
1,7,1000,1,0.000504
1,7,1000,2,0.000479
1,7,1000,3,0.000477
1,7,1200,1,0.000483
1,7,1200,2,0.000508
1,7,1200,3,0.000471
1,7,1400,1,0.000510
1,7,1400,2,0.000477
1,7,1400,3,0.000479
1,7,1600,1,0.000479
1,7,1600,2,0.000472
1,7,1600,3,0.000482
1,7,1800,1,0.000466
1,7,1800,2,0.000481
1,7,1800,3,0.000473
1,7,2000,1,0.000499
1,7,2000,2,0.000460
1,7,2000,3,0.000474
1,7,2200,1,0.000492
1,7,2200,2,0.000498
1,7,2200,3,0.000474
1,7,2400,1,0.000472
1,7,2400,2,0.000479
1,7,2400,3,0.000480
1,7,2600,1,0.000510
1,7,2600,2,0.000480
1,7,2600,3,0.000494
1,7,2800,1,0.000486
1,7,2800,2,0.000480
1,7,2800,3,0.000500
1,7,3000,1,0.000481
1,7,3000,2,0.000478
1,7,3000,3,0.000478
1,7,3200,1,0.000480
1,7,3200,2,0.000486
1,7,3200,3,0.000483
1,7,3400,1,0.000474
1,7,3400,2,0.000503
1,7,3400,3,0.000482
1,7,3600,1,0.000506
1,7,3600,2,0.000510
1,7,3600,3,0.000486
1,7,3800,1,0.000492
1,7,3800,2,0.000484
1,7,3800,3,0.000490
1,7,4000,1,0.000483
1,7,4000,2,0.000520
1,7,4000,3,0.000513
1,7,4200,1,0.000497
1,7,4200,2,0.000510
1,7,4200,3,0.000513
1,7,4400,1,0.000490
1,7,4400,2,0.000521
1,7,4400,3,0.000528
1,7,4600,1,0.000503
1,7,4600,2,0.000529
1,7,4600,3,0.000504
1,7,4800,1,0.000486
1,7,4800,2,0.000491
1,7,4800,3,0.000493
1,7,5000,1,0.000520
1,7,5000,2,0.000515
1,7,5000,3,0.000489
1,9,1000,1,0.000509
1,9,1000,2,0.000491
1,9,1000,3,0.000479
1,9,1200,1,0.000488
1,9,1200,2,0.000484
1,9,1200,3,0.000490
1,9,1400,1,0.000475
1,9,1400,2,0.000483
1,9,1400,3,0.000493
1,9,1600,1,0.000474
1,9,1600,2,0.000486
1,9,1600,3,0.000491
1,9,1800,1,0.000484
1,9,1800,2,0.000484
1,9,1800,3,0.000493
1,9,2000,1,0.000484
1,9,2000,2,0.000520
1,9,2000,3,0.000498
1,9,2200,1,0.000480
1,9,2200,2,0.000515
1,9,2200,3,0.000488
1,9,2400,1,0.000472
1,9,2400,2,0.000508
1,9,2400,3,0.000508
1,9,2600,1,0.000497
1,9,2600,2,0.000482
1,9,2600,3,0.000483
1,9,2800,1,0.000509
1,9,2800,2,0.000508
1,9,2800,3,0.000503
1,9,3000,1,0.000563
1,9,3000,2,0.000493
1,9,3000,3,0.000516
1,9,3200,1,0.000509
1,9,3200,2,0.000515
1,9,3200,3,0.000513
1,9,3400,1,0.000519
1,9,3400,2,0.000496
1,9,3400,3,0.000502
1,9,3600,1,0.000505
1,9,3600,2,0.000519
1,9,3600,3,0.000554
1,9,3800,1,0.000534
1,9,3800,2,0.000528
1,9,3800,3,0.000509
1,9,4000,1,0.000530
1,9,4000,2,0.000499
1,9,4000,3,0.000516
1,9,4200,1,0.000524
1,9,4200,2,0.000549
1,9,4200,3,0.000521
1,9,4400,1,0.000511
1,9,4400,2,0.000493
1,9,4400,3,0.000509
1,9,4600,1,0.000520
1,9,4600,2,0.000501
1,9,4600,3,0.000516
1,9,4800,1,0.000520
1,9,4800,2,0.000542
1,9,4800,3,0.000525
1,9,5000,1,0.000525
1,9,5000,2,0.000515
1,9,5000,3,0.000518
1,11,1000,1,0.000483
1,11,1000,2,0.000499
1,11,1000,3,0.000481
1,11,1200,1,0.000506
1,11,1200,2,0.000489
1,11,1200,3,0.000500
1,11,1400,1,0.000483
1,11,1400,2,0.000529
1,11,1400,3,0.000490
1,11,1600,1,0.000490
1,11,1600,2,0.000482
1,11,1600,3,0.000482
1,11,1800,1,0.000490
1,11,1800,2,0.000491
1,11,1800,3,0.000477
1,11,2000,1,0.000541
1,11,2000,2,0.000497
1,11,2000,3,0.000491
1,11,2200,1,0.000528
1,11,2200,2,0.000486
1,11,2200,3,0.000512
1,11,2400,1,0.000521
1,11,2400,2,0.000497
1,11,2400,3,0.000494
1,11,2600,1,0.000512
1,11,2600,2,0.000491
1,11,2600,3,0.000534
1,11,2800,1,0.000514
1,11,2800,2,0.000500
1,11,2800,3,0.000521
1,11,3000,1,0.000499
1,11,3000,2,0.000505
1,11,3000,3,0.000507
1,11,3200,1,0.000518
1,11,3200,2,0.000511
1,11,3200,3,0.000494
1,11,3400,1,0.000531
1,11,3400,2,0.000538
1,11,3400,3,0.000514
1,11,3600,1,0.000549
1,11,3600,2,0.000527
1,11,3600,3,0.000540
1,11,3800,1,0.000514
1,11,3800,2,0.000584
1,11,3800,3,0.000518
1,11,4000,1,0.000506
1,11,4000,2,0.000515
1,11,4000,3,0.000530
1,11,4200,1,0.000529
1,11,4200,2,0.000533
1,11,4200,3,0.000559
1,11,4400,1,0.000525
1,11,4400,2,0.000551
1,11,4400,3,0.000523
1,11,4600,1,0.000529
1,11,4600,2,0.000550
1,11,4600,3,0.000531
1,11,4800,1,0.000547
1,11,4800,2,0.000533
1,11,4800,3,0.000535
1,11,5000,1,0.000546
1,11,5000,2,0.000555
1,11,5000,3,0.000528
1,13,1000,1,0.000497
1,13,1000,2,0.000486
1,13,1000,3,0.000502
1,13,1200,1,0.000488
1,13,1200,2,0.000494
1,13,1200,3,0.000496
1,13,1400,1,0.000495
1,13,1400,2,0.000503
1,13,1400,3,0.000488
1,13,1600,1,0.000515
1,13,1600,2,0.000498
1,13,1600,3,0.000483
1,13,1800,1,0.000491
1,13,1800,2,0.000477
1,13,1800,3,0.000494
1,13,2000,1,0.000486
1,13,2000,2,0.000493
1,13,2000,3,0.000489
1,13,2200,1,0.000491
1,13,2200,2,0.000484
1,13,2200,3,0.000498
1,13,2400,1,0.000486
1,13,2400,2,0.000498
1,13,2400,3,0.000509
1,13,2600,1,0.000495
1,13,2600,2,0.000515
1,13,2600,3,0.000510
1,13,2800,1,0.000506
1,13,2800,2,0.000518
1,13,2800,3,0.000516
1,13,3000,1,0.000539
1,13,3000,2,0.000523
1,13,3000,3,0.000514
1,13,3200,1,0.000504
1,13,3200,2,0.000509
1,13,3200,3,0.000513
1,13,3400,1,0.000527
1,13,3400,2,0.000524
1,13,3400,3,0.000504
1,13,3600,1,0.000520
1,13,3600,2,0.000537
1,13,3600,3,0.000514
1,13,3800,1,0.000557
1,13,3800,2,0.000522
1,13,3800,3,0.000533
1,13,4000,1,0.000551
1,13,4000,2,0.000520
1,13,4000,3,0.000561
1,13,4200,1,0.000529
1,13,4200,2,0.000545
1,13,4200,3,0.000531
1,13,4400,1,0.000541
1,13,4400,2,0.000523
1,13,4400,3,0.000509
1,13,4600,1,0.000530
1,13,4600,2,0.000532
1,13,4600,3,0.000522
1,13,4800,1,0.000533
1,13,4800,2,0.000529
1,13,4800,3,0.000558
1,13,5000,1,0.000526
1,13,5000,2,0.000553
1,13,5000,3,0.000536
1,15,1000,1,0.000490
1,15,1000,2,0.000497
1,15,1000,3,0.000515
1,15,1200,1,0.000519
1,15,1200,2,0.000507
1,15,1200,3,0.000503
1,15,1400,1,0.000503
1,15,1400,2,0.000515
1,15,1400,3,0.000490
1,15,1600,1,0.000513
1,15,1600,2,0.000497
1,15,1600,3,0.000510
1,15,1800,1,0.000505
1,15,1800,2,0.000504
1,15,1800,3,0.000520
1,15,2000,1,0.000491
1,15,2000,2,0.000490
1,15,2000,3,0.000611
1,15,2200,1,0.000507
1,15,2200,2,0.000552
1,15,2200,3,0.000531
1,15,2400,1,0.000511
1,15,2400,2,0.000485
1,15,2400,3,0.000502
1,15,2600,1,0.000514
1,15,2600,2,0.000534
1,15,2600,3,0.000524
1,15,2800,1,0.000517
1,15,2800,2,0.000522
1,15,2800,3,0.000519
1,15,3000,1,0.000544
1,15,3000,2,0.000501
1,15,3000,3,0.000529
1,15,3200,1,0.000524
1,15,3200,2,0.000510
1,15,3200,3,0.000524
1,15,3400,1,0.000539
1,15,3400,2,0.000517
1,15,3400,3,0.000515
1,15,3600,1,0.000538
1,15,3600,2,0.000523
1,15,3600,3,0.000554
1,15,3800,1,0.000510
1,15,3800,2,0.000520
1,15,3800,3,0.000570
1,15,4000,1,0.000522
1,15,4000,2,0.000527
1,15,4000,3,0.000512
1,15,4200,1,0.000514
1,15,4200,2,0.000528
1,15,4200,3,0.000535
1,15,4400,1,0.000532
1,15,4400,2,0.000526
1,15,4400,3,0.000519
1,15,4600,1,0.000527
1,15,4600,2,0.000536
1,15,4600,3,0.000541
1,15,4800,1,0.000557
1,15,4800,2,0.000522
1,15,4800,3,0.000529
1,15,5000,1,0.000545
1,15,5000,2,0.000541
1,15,5000,3,0.000529
1,17,1000,1,0.000506
1,17,1000,2,0.000486
1,17,1000,3,0.000504
1,17,1200,1,0.000505
1,17,1200,2,0.000487
1,17,1200,3,0.000491
1,17,1400,1,0.000491
1,17,1400,2,0.000525
1,17,1400,3,0.000487
1,17,1600,1,0.000494
1,17,1600,2,0.000492
1,17,1600,3,0.000505
1,17,1800,1,0.000525
1,17,1800,2,0.000492
1,17,1800,3,0.000479
1,17,2000,1,0.000533
1,17,2000,2,0.000508
1,17,2000,3,0.000503
1,17,2200,1,0.000527
1,17,2200,2,0.000494
1,17,2200,3,0.000486
1,17,2400,1,0.000517
1,17,2400,2,0.000508
1,17,2400,3,0.000504
1,17,2600,1,0.000506
1,17,2600,2,0.000516
1,17,2600,3,0.000521
1,17,2800,1,0.000514
1,17,2800,2,0.000501
1,17,2800,3,0.000509
1,17,3000,1,0.000519
1,17,3000,2,0.000521
1,17,3000,3,0.000513
1,17,3200,1,0.000513
1,17,3200,2,0.000510
1,17,3200,3,0.000540
1,17,3400,1,0.000524
1,17,3400,2,0.000547
1,17,3400,3,0.000523
1,17,3600,1,0.000541
1,17,3600,2,0.000520
1,17,3600,3,0.000548
1,17,3800,1,0.000529
1,17,3800,2,0.000554
1,17,3800,3,0.000518
1,17,4000,1,0.000545
1,17,4000,2,0.000523
1,17,4000,3,0.000553
1,17,4200,1,0.000541
1,17,4200,2,0.000543
1,17,4200,3,0.000526
1,17,4400,1,0.000553
1,17,4400,2,0.000541
1,17,4400,3,0.000549
1,17,4600,1,0.000529
1,17,4600,2,0.000552
1,17,4600,3,0.000516
1,17,4800,1,0.000538
1,17,4800,2,0.000545
1,17,4800,3,0.000547
1,17,5000,1,0.000531
1,17,5000,2,0.000546
1,17,5000,3,0.000541
1,19,1000,1,0.000512
1,19,1000,2,0.000488
1,19,1000,3,0.000509
1,19,1200,1,0.000479
1,19,1200,2,0.000490
1,19,1200,3,0.000513
1,19,1400,1,0.000490
1,19,1400,2,0.000510
1,19,1400,3,0.000498
1,19,1600,1,0.000476
1,19,1600,2,0.000489
1,19,1600,3,0.000476
1,19,1800,1,0.000497
1,19,1800,2,0.000494
1,19,1800,3,0.000517
1,19,2000,1,0.000498
1,19,2000,2,0.000532
1,19,2000,3,0.000512
1,19,2200,1,0.000503
1,19,2200,2,0.000513
1,19,2200,3,0.000562
1,19,2400,1,0.000507
1,19,2400,2,0.000525
1,19,2400,3,0.000498
1,19,2600,1,0.000511
1,19,2600,2,0.000515
1,19,2600,3,0.000585
1,19,2800,1,0.000514
1,19,2800,2,0.000591
1,19,2800,3,0.000534
1,19,3000,1,0.000544
1,19,3000,2,0.000518
1,19,3000,3,0.000553
1,19,3200,1,0.000524
1,19,3200,2,0.000537
1,19,3200,3,0.000521
1,19,3400,1,0.000547
1,19,3400,2,0.000503
1,19,3400,3,0.000551
1,19,3600,1,0.000514
1,19,3600,2,0.000561
1,19,3600,3,0.000527
1,19,3800,1,0.000549
1,19,3800,2,0.000533
1,19,3800,3,0.000544
1,19,4000,1,0.000535
1,19,4000,2,0.000548
1,19,4000,3,0.000530
1,19,4200,1,0.000579
1,19,4200,2,0.000520
1,19,4200,3,0.000564
1,19,4400,1,0.000537
1,19,4400,2,0.000524
1,19,4400,3,0.000533
1,19,4600,1,0.000525
1,19,4600,2,0.000556
1,19,4600,3,0.000563
1,19,4800,1,0.000550
1,19,4800,2,0.000571
1,19,4800,3,0.000535
1,19,5000,1,0.000561
1,19,5000,2,0.000539
1,19,5000,3,0.000571
1,21,1000,1,0.000485
1,21,1000,2,0.000501
1,21,1000,3,0.000521
1,21,1200,1,0.000499
1,21,1200,2,0.000511
1,21,1200,3,0.000498
1,21,1400,1,0.000511
1,21,1400,2,0.000479
1,21,1400,3,0.000496
1,21,1600,1,0.000499
1,21,1600,2,0.000548
1,21,1600,3,0.000483
1,21,1800,1,0.000490
1,21,1800,2,0.000505
1,21,1800,3,0.000547
1,21,2000,1,0.000498
1,21,2000,2,0.000574
1,21,2000,3,0.000503
1,21,2200,1,0.000526
1,21,2200,2,0.000518
1,21,2200,3,0.000517
1,21,2400,1,0.000510
1,21,2400,2,0.000519
1,21,2400,3,0.000517
1,21,2600,1,0.000542
1,21,2600,2,0.000494
1,21,2600,3,0.000512
1,21,2800,1,0.000529
1,21,2800,2,0.000508
1,21,2800,3,0.000519
1,21,3000,1,0.000524
1,21,3000,2,0.000528
1,21,3000,3,0.000557
1,21,3200,1,0.000533
1,21,3200,2,0.000555
1,21,3200,3,0.000523
1,21,3400,1,0.000539
1,21,3400,2,0.000527
1,21,3400,3,0.000550
1,21,3600,1,0.000524
1,21,3600,2,0.000548
1,21,3600,3,0.000520
1,21,3800,1,0.000573
1,21,3800,2,0.000529
1,21,3800,3,0.000525
1,21,4000,1,0.000530
1,21,4000,2,0.000531
1,21,4000,3,0.000537
1,21,4200,1,0.000516
1,21,4200,2,0.000535
1,21,4200,3,0.000519
1,21,4400,1,0.000531
1,21,4400,2,0.000555
1,21,4400,3,0.000524
1,21,4600,1,0.000524
1,21,4600,2,0.000546
1,21,4600,3,0.000526
1,21,4800,1,0.000556
1,21,4800,2,0.000586
1,21,4800,3,0.000555
1,21,5000,1,0.000584
1,21,5000,2,0.000537
1,21,5000,3,0.000578
1,23,1000,1,0.000492
1,23,1000,2,0.000508
1,23,1000,3,0.000528
1,23,1200,1,0.000505
1,23,1200,2,0.000490
1,23,1200,3,0.000502
1,23,1400,1,0.000503
1,23,1400,2,0.000484
1,23,1400,3,0.000504
1,23,1600,1,0.000515
1,23,1600,2,0.000488
1,23,1600,3,0.000485
1,23,1800,1,0.000500
1,23,1800,2,0.000483
1,23,1800,3,0.000495
1,23,2000,1,0.000490
1,23,2000,2,0.000511
1,23,2000,3,0.000498
1,23,2200,1,0.000501
1,23,2200,2,0.000536
1,23,2200,3,0.000497
1,23,2400,1,0.000513
1,23,2400,2,0.000505
1,23,2400,3,0.000500
1,23,2600,1,0.000523
1,23,2600,2,0.000571
1,23,2600,3,0.000511
1,23,2800,1,0.000523
1,23,2800,2,0.000526
1,23,2800,3,0.000518
1,23,3000,1,0.000535
1,23,3000,2,0.000532
1,23,3000,3,0.000524
1,23,3200,1,0.000519
1,23,3200,2,0.000529
1,23,3200,3,0.000524
1,23,3400,1,0.000513
1,23,3400,2,0.000540
1,23,3400,3,0.000526
1,23,3600,1,0.000519
1,23,3600,2,0.000538
1,23,3600,3,0.000518
1,23,3800,1,0.000527
1,23,3800,2,0.000520
1,23,3800,3,0.000527
1,23,4000,1,0.000528
1,23,4000,2,0.000523
1,23,4000,3,0.000533
1,23,4200,1,0.000524
1,23,4200,2,0.000533
1,23,4200,3,0.000514
1,23,4400,1,0.000520
1,23,4400,2,0.000535
1,23,4400,3,0.000544
1,23,4600,1,0.000519
1,23,4600,2,0.000538
1,23,4600,3,0.000537
1,23,4800,1,0.000538
1,23,4800,2,0.000535
1,23,4800,3,0.000532
1,23,5000,1,0.000541
1,23,5000,2,0.000547
1,23,5000,3,0.000530
1,25,1000,1,0.000522
1,25,1000,2,0.000519
1,25,1000,3,0.000489
1,25,1200,1,0.000508
1,25,1200,2,0.000485
1,25,1200,3,0.000503
1,25,1400,1,0.000499
1,25,1400,2,0.000501
1,25,1400,3,0.000496
1,25,1600,1,0.000486
1,25,1600,2,0.000491
1,25,1600,3,0.000506
1,25,1800,1,0.000503
1,25,1800,2,0.000509
1,25,1800,3,0.000487
1,25,2000,1,0.000609
1,25,2000,2,0.000491
1,25,2000,3,0.000508
1,25,2200,1,0.000494
1,25,2200,2,0.000492
1,25,2200,3,0.000507
1,25,2400,1,0.000497
1,25,2400,2,0.000511
1,25,2400,3,0.000493
1,25,2600,1,0.000512
1,25,2600,2,0.000505
1,25,2600,3,0.000518
1,25,2800,1,0.000507
1,25,2800,2,0.000512
1,25,2800,3,0.000506
1,25,3000,1,0.000508
1,25,3000,2,0.000523
1,25,3000,3,0.000512
1,25,3200,1,0.000564
1,25,3200,2,0.000532
1,25,3200,3,0.000568
1,25,3400,1,0.000549
1,25,3400,2,0.000545
1,25,3400,3,0.000525
1,25,3600,1,0.000554
1,25,3600,2,0.000537
1,25,3600,3,0.000521
1,25,3800,1,0.000536
1,25,3800,2,0.000540
1,25,3800,3,0.000519
1,25,4000,1,0.000536
1,25,4000,2,0.000527
1,25,4000,3,0.000525
1,25,4200,1,0.000556
1,25,4200,2,0.000590
1,25,4200,3,0.000535
1,25,4400,1,0.000565
1,25,4400,2,0.000548
1,25,4400,3,0.000542
1,25,4600,1,0.000542
1,25,4600,2,0.000563
1,25,4600,3,0.000535
1,25,4800,1,0.000579
1,25,4800,2,0.000527
1,25,4800,3,0.000565
1,25,5000,1,0.000545
1,25,5000,2,0.000536
1,25,5000,3,0.000546
1,27,1000,1,0.000503
1,27,1000,2,0.000486
1,27,1000,3,0.000500
1,27,1200,1,0.000487
1,27,1200,2,0.000487
1,27,1200,3,0.000489
1,27,1400,1,0.000521
1,27,1400,2,0.000506
1,27,1400,3,0.000497
1,27,1600,1,0.000504
1,27,1600,2,0.000539
1,27,1600,3,0.000519
1,27,1800,1,0.000531
1,27,1800,2,0.000509
1,27,1800,3,0.000519
1,27,2000,1,0.000505
1,27,2000,2,0.000507
1,27,2000,3,0.000510
1,27,2200,1,0.000497
1,27,2200,2,0.000536
1,27,2200,3,0.000505
1,27,2400,1,0.000538
1,27,2400,2,0.000503
1,27,2400,3,0.000539
1,27,2600,1,0.000514
1,27,2600,2,0.000548
1,27,2600,3,0.000528
1,27,2800,1,0.000565
1,27,2800,2,0.000534
1,27,2800,3,0.000556
1,27,3000,1,0.000539
1,27,3000,2,0.000572
1,27,3000,3,0.000528
1,27,3200,1,0.000551
1,27,3200,2,0.000533
1,27,3200,3,0.000558
1,27,3400,1,0.000518
1,27,3400,2,0.000550
1,27,3400,3,0.000541
1,27,3600,1,0.000533
1,27,3600,2,0.000526
1,27,3600,3,0.000568
1,27,3800,1,0.000549
1,27,3800,2,0.000549
1,27,3800,3,0.000549
1,27,4000,1,0.000557
1,27,4000,2,0.000533
1,27,4000,3,0.000557
1,27,4200,1,0.000545
1,27,4200,2,0.000563
1,27,4200,3,0.000537
1,27,4400,1,0.000557
1,27,4400,2,0.000536
1,27,4400,3,0.000585
1,27,4600,1,0.000531
1,27,4600,2,0.000580
1,27,4600,3,0.000540
1,27,4800,1,0.000569
1,27,4800,2,0.000547
1,27,4800,3,0.000580
1,27,5000,1,0.000533
1,27,5000,2,0.000597
1,27,5000,3,0.000546
1,29,1000,1,0.000528
1,29,1000,2,0.000511
1,29,1000,3,0.000508
1,29,1200,1,0.000514
1,29,1200,2,0.000530
1,29,1200,3,0.000511
1,29,1400,1,0.000507
1,29,1400,2,0.000524
1,29,1400,3,0.000511
1,29,1600,1,0.000515
1,29,1600,2,0.000515
1,29,1600,3,0.000520
1,29,1800,1,0.000496
1,29,1800,2,0.000507
1,29,1800,3,0.000522
1,29,2000,1,0.000498
1,29,2000,2,0.000520
1,29,2000,3,0.000504
1,29,2200,1,0.000540
1,29,2200,2,0.000525
1,29,2200,3,0.000540
1,29,2400,1,0.000527
1,29,2400,2,0.000517
1,29,2400,3,0.000515
1,29,2600,1,0.000551
1,29,2600,2,0.000539
1,29,2600,3,0.000525
1,29,2800,1,0.000529
1,29,2800,2,0.000579
1,29,2800,3,0.000535
1,29,3000,1,0.000550
1,29,3000,2,0.000533
1,29,3000,3,0.000548
1,29,3200,1,0.000535
1,29,3200,2,0.000522
1,29,3200,3,0.000531
1,29,3400,1,0.000562
1,29,3400,2,0.000522
1,29,3400,3,0.000558
1,29,3600,1,0.000543
1,29,3600,2,0.000560
1,29,3600,3,0.000544
1,29,3800,1,0.000583
1,29,3800,2,0.000545
1,29,3800,3,0.000565
1,29,4000,1,0.000536
1,29,4000,2,0.000565
1,29,4000,3,0.000543
1,29,4200,1,0.000537
1,29,4200,2,0.000563
1,29,4200,3,0.000584
1,29,4400,1,0.000536
1,29,4400,2,0.000560
1,29,4400,3,0.000545
1,29,4600,1,0.000577
1,29,4600,2,0.000549
1,29,4600,3,0.000575
1,29,4800,1,0.000551
1,29,4800,2,0.000576
1,29,4800,3,0.000540
1,29,5000,1,0.000579
1,29,5000,2,0.000557
1,29,5000,3,0.000561
1,31,1000,1,0.000540
1,31,1000,2,0.000510
1,31,1000,3,0.000502
1,31,1200,1,0.000531
1,31,1200,2,0.000508
1,31,1200,3,0.000506
1,31,1400,1,0.000507
1,31,1400,2,0.000501
1,31,1400,3,0.000519
1,31,1600,1,0.000512
1,31,1600,2,0.000507
1,31,1600,3,0.000507
1,31,1800,1,0.000524
1,31,1800,2,0.000511
1,31,1800,3,0.000517
1,31,2000,1,0.000522
1,31,2000,2,0.000523
1,31,2000,3,0.000512
1,31,2200,1,0.000522
1,31,2200,2,0.000515
1,31,2200,3,0.000530
1,31,2400,1,0.000524
1,31,2400,2,0.000522
1,31,2400,3,0.000523
1,31,2600,1,0.000543
1,31,2600,2,0.000581
1,31,2600,3,0.000552
1,31,2800,1,0.000552
1,31,2800,2,0.000537
1,31,2800,3,0.000561
1,31,3000,1,0.000534
1,31,3000,2,0.000540
1,31,3000,3,0.000532
1,31,3200,1,0.000536
1,31,3200,2,0.000550
1,31,3200,3,0.000545
1,31,3400,1,0.000542
1,31,3400,2,0.000535
1,31,3400,3,0.000545
1,31,3600,1,0.000555
1,31,3600,2,0.000537
1,31,3600,3,0.000551
1,31,3800,1,0.000545
1,31,3800,2,0.000548
1,31,3800,3,0.000557
1,31,4000,1,0.000543
1,31,4000,2,0.000549
1,31,4000,3,0.000539
1,31,4200,1,0.000545
1,31,4200,2,0.000525
1,31,4200,3,0.000548
1,31,4400,1,0.000529
1,31,4400,2,0.000543
1,31,4400,3,0.000534
1,31,4600,1,0.000551
1,31,4600,2,0.000541
1,31,4600,3,0.000562
1,31,4800,1,0.000555
1,31,4800,2,0.000572
1,31,4800,3,0.000545
1,31,5000,1,0.000564
1,31,5000,2,0.000543
1,31,5000,3,0.000561
1,33,1000,1,0.000541
1,33,1000,2,0.000519
1,33,1000,3,0.000520
1,33,1200,1,0.000550
1,33,1200,2,0.000514
1,33,1200,3,0.000545
1,33,1400,1,0.000535
1,33,1400,2,0.000537
1,33,1400,3,0.000524
1,33,1600,1,0.000546
1,33,1600,2,0.000536
1,33,1600,3,0.000550
1,33,1800,1,0.000523
1,33,1800,2,0.000554
1,33,1800,3,0.000523
1,33,2000,1,0.000553
1,33,2000,2,0.000537
1,33,2000,3,0.000541
1,33,2200,1,0.000535
1,33,2200,2,0.000546
1,33,2200,3,0.000535
1,33,2400,1,0.000531
1,33,2400,2,0.000524
1,33,2400,3,0.000557
1,33,2600,1,0.000533
1,33,2600,2,0.000540
1,33,2600,3,0.000547
1,33,2800,1,0.000540
1,33,2800,2,0.000526
1,33,2800,3,0.000548
1,33,3000,1,0.000530
1,33,3000,2,0.000545
1,33,3000,3,0.000547
1,33,3200,1,0.000577
1,33,3200,2,0.000546
1,33,3200,3,0.000574
1,33,3400,1,0.000545
1,33,3400,2,0.000570
1,33,3400,3,0.000548
1,33,3600,1,0.000571
1,33,3600,2,0.000540
1,33,3600,3,0.000577
1,33,3800,1,0.000554
1,33,3800,2,0.000591
1,33,3800,3,0.000552
1,33,4000,1,0.000580
1,33,4000,2,0.000559
1,33,4000,3,0.000582
1,33,4200,1,0.000559
1,33,4200,2,0.000582
1,33,4200,3,0.000563
1,33,4400,1,0.000576
1,33,4400,2,0.000558
1,33,4400,3,0.000589
1,33,4600,1,0.000558
1,33,4600,2,0.000593
1,33,4600,3,0.000568
1,33,4800,1,0.000579
1,33,4800,2,0.000559
1,33,4800,3,0.000591
1,33,5000,1,0.000552
1,33,5000,2,0.000573
1,33,5000,3,0.000562
1,35,1000,1,0.000517
1,35,1000,2,0.000523
1,35,1000,3,0.000522
1,35,1200,1,0.000558
1,35,1200,2,0.000519
1,35,1200,3,0.000548
1,35,1400,1,0.000517
1,35,1400,2,0.000539
1,35,1400,3,0.000527
1,35,1600,1,0.000530
1,35,1600,2,0.000531
1,35,1600,3,0.000531
1,35,1800,1,0.000536
1,35,1800,2,0.000520
1,35,1800,3,0.000554
1,35,2000,1,0.000558
1,35,2000,2,0.000532
1,35,2000,3,0.000525
1,35,2200,1,0.000522
1,35,2200,2,0.000543
1,35,2200,3,0.000520
1,35,2400,1,0.000527
1,35,2400,2,0.000529
1,35,2400,3,0.000533
1,35,2600,1,0.000541
1,35,2600,2,0.000561
1,35,2600,3,0.000553
1,35,2800,1,0.000542
1,35,2800,2,0.000561
1,35,2800,3,0.000548
1,35,3000,1,0.000558
1,35,3000,2,0.000549
1,35,3000,3,0.000551
1,35,3200,1,0.000561
1,35,3200,2,0.000559
1,35,3200,3,0.000545
1,35,3400,1,0.000560
1,35,3400,2,0.000555
1,35,3400,3,0.000556
1,35,3600,1,0.000549
1,35,3600,2,0.000541
1,35,3600,3,0.000549
1,35,3800,1,0.000594
1,35,3800,2,0.000560
1,35,3800,3,0.000588
1,35,4000,1,0.000557
1,35,4000,2,0.000552
1,35,4000,3,0.000549
1,35,4200,1,0.000565
1,35,4200,2,0.000567
1,35,4200,3,0.000566
1,35,4400,1,0.000560
1,35,4400,2,0.000582
1,35,4400,3,0.000566
1,35,4600,1,0.000577
1,35,4600,2,0.000557
1,35,4600,3,0.000620
1,35,4800,1,0.000563
1,35,4800,2,0.000584
1,35,4800,3,0.000566
1,35,5000,1,0.000592
1,35,5000,2,0.000569
1,35,5000,3,0.000587
1,37,1000,1,0.000554
1,37,1000,2,0.000513
1,37,1000,3,0.000552
1,37,1200,1,0.000527
1,37,1200,2,0.000551
1,37,1200,3,0.000541
1,37,1400,1,0.000557
1,37,1400,2,0.000535
1,37,1400,3,0.000551
1,37,1600,1,0.000527
1,37,1600,2,0.000527
1,37,1600,3,0.000546
1,37,1800,1,0.000537
1,37,1800,2,0.000544
1,37,1800,3,0.000522
1,37,2000,1,0.000551
1,37,2000,2,0.000533
1,37,2000,3,0.000534
1,37,2200,1,0.000527
1,37,2200,2,0.000541
1,37,2200,3,0.000543
1,37,2400,1,0.000551
1,37,2400,2,0.000523
1,37,2400,3,0.000534
1,37,2600,1,0.000547
1,37,2600,2,0.000550
1,37,2600,3,0.000544
1,37,2800,1,0.000589
1,37,2800,2,0.000558
1,37,2800,3,0.000536
1,37,3000,1,0.000546
1,37,3000,2,0.000547
1,37,3000,3,0.000566
1,37,3200,1,0.000557
1,37,3200,2,0.000557
1,37,3200,3,0.000588
1,37,3400,1,0.000561
1,37,3400,2,0.000573
1,37,3400,3,0.000554
1,37,3600,1,0.000570
1,37,3600,2,0.000559
1,37,3600,3,0.000567
1,37,3800,1,0.000569
1,37,3800,2,0.000570
1,37,3800,3,0.000584
1,37,4000,1,0.000568
1,37,4000,2,0.000602
1,37,4000,3,0.000571
1,37,4200,1,0.000559
1,37,4200,2,0.000602
1,37,4200,3,0.000562
1,37,4400,1,0.000569
1,37,4400,2,0.000573
1,37,4400,3,0.000569
1,37,4600,1,0.000562
1,37,4600,2,0.000586
1,37,4600,3,0.000594
1,37,4800,1,0.000573
1,37,4800,2,0.000588
1,37,4800,3,0.000584
1,37,5000,1,0.000588
1,37,5000,2,0.000593
1,37,5000,3,0.000574
1,39,1000,1,0.000533
1,39,1000,2,0.000548
1,39,1000,3,0.000526
1,39,1200,1,0.000532
1,39,1200,2,0.000527
1,39,1200,3,0.000558
1,39,1400,1,0.000540
1,39,1400,2,0.000546
1,39,1400,3,0.000530
1,39,1600,1,0.000536
1,39,1600,2,0.000541
1,39,1600,3,0.000537
1,39,1800,1,0.000549
1,39,1800,2,0.000564
1,39,1800,3,0.000566
1,39,2000,1,0.000561
1,39,2000,2,0.000527
1,39,2000,3,0.000549
1,39,2200,1,0.000569
1,39,2200,2,0.000550
1,39,2200,3,0.000535
1,39,2400,1,0.000583
1,39,2400,2,0.000553
1,39,2400,3,0.000546
1,39,2600,1,0.000572
1,39,2600,2,0.000561
1,39,2600,3,0.000557
1,39,2800,1,0.000554
1,39,2800,2,0.000558
1,39,2800,3,0.000561
1,39,3000,1,0.000556
1,39,3000,2,0.000547
1,39,3000,3,0.000587
1,39,3200,1,0.000567
1,39,3200,2,0.000584
1,39,3200,3,0.000563
1,39,3400,1,0.000551
1,39,3400,2,0.000573
1,39,3400,3,0.000567
1,39,3600,1,0.000600
1,39,3600,2,0.000571
1,39,3600,3,0.000562
1,39,3800,1,0.000562
1,39,3800,2,0.000566
1,39,3800,3,0.000576
1,39,4000,1,0.000577
1,39,4000,2,0.000562
1,39,4000,3,0.000596
1,39,4200,1,0.000578
1,39,4200,2,0.000576
1,39,4200,3,0.000575
1,39,4400,1,0.000569
1,39,4400,2,0.000569
1,39,4400,3,0.000586
1,39,4600,1,0.000569
1,39,4600,2,0.000602
1,39,4600,3,0.000589
1,39,4800,1,0.000583
1,39,4800,2,0.000587
1,39,4800,3,0.000575
1,39,5000,1,0.000625
1,39,5000,2,0.000594
1,39,5000,3,0.000576
1,41,1000,1,0.000557
1,41,1000,2,0.000533
1,41,1000,3,0.000554
1,41,1200,1,0.000557
1,41,1200,2,0.000591
1,41,1200,3,0.000554
1,41,1400,1,0.000539
1,41,1400,2,0.000550
1,41,1400,3,0.000543
1,41,1600,1,0.000557
1,41,1600,2,0.000562
1,41,1600,3,0.000556
1,41,1800,1,0.000573
1,41,1800,2,0.000545
1,41,1800,3,0.000626
1,41,2000,1,0.000561
1,41,2000,2,0.000549
1,41,2000,3,0.000541
1,41,2200,1,0.000550
1,41,2200,2,0.000552
1,41,2200,3,0.000568
1,41,2400,1,0.000555
1,41,2400,2,0.000567
1,41,2400,3,0.000564
1,41,2600,1,0.000564
1,41,2600,2,0.000569
1,41,2600,3,0.000568
1,41,2800,1,0.000583
1,41,2800,2,0.000592
1,41,2800,3,0.000583
1,41,3000,1,0.000586
1,41,3000,2,0.000584
1,41,3000,3,0.000564
1,41,3200,1,0.000572
1,41,3200,2,0.000586
1,41,3200,3,0.000592
1,41,3400,1,0.000569
1,41,3400,2,0.000567
1,41,3400,3,0.000580
1,41,3600,1,0.000585
1,41,3600,2,0.000594
1,41,3600,3,0.000573
1,41,3800,1,0.000604
1,41,3800,2,0.000606
1,41,3800,3,0.000580
1,41,4000,1,0.000568
1,41,4000,2,0.000590
1,41,4000,3,0.000599
1,41,4200,1,0.000594
1,41,4200,2,0.000580
1,41,4200,3,0.000579
1,41,4400,1,0.000595
1,41,4400,2,0.000614
1,41,4400,3,0.000587
1,41,4600,1,0.000593
1,41,4600,2,0.000624
1,41,4600,3,0.000600
1,41,4800,1,0.000614
1,41,4800,2,0.000586
1,41,4800,3,0.000598
1,41,5000,1,0.000611
1,41,5000,2,0.000603
1,41,5000,3,0.000603
1,43,1000,1,0.000581
1,43,1000,2,0.000554
1,43,1000,3,0.000549
1,43,1200,1,0.000583
1,43,1200,2,0.000554
1,43,1200,3,0.000587
1,43,1400,1,0.000549
1,43,1400,2,0.000566
1,43,1400,3,0.000552
1,43,1600,1,0.000575
1,43,1600,2,0.000543
1,43,1600,3,0.000559
1,43,1800,1,0.000555
1,43,1800,2,0.000563
1,43,1800,3,0.000544
1,43,2000,1,0.000580
1,43,2000,2,0.000560
1,43,2000,3,0.000560
1,43,2200,1,0.000561
1,43,2200,2,0.000565
1,43,2200,3,0.000605
1,43,2400,1,0.000563
1,43,2400,2,0.000567
1,43,2400,3,0.000569
1,43,2600,1,0.000585
1,43,2600,2,0.000603
1,43,2600,3,0.000571
1,43,2800,1,0.000582
1,43,2800,2,0.000584
1,43,2800,3,0.000565
1,43,3000,1,0.000607
1,43,3000,2,0.000586
1,43,3000,3,0.000584
1,43,3200,1,0.000592
1,43,3200,2,0.000574
1,43,3200,3,0.000622
1,43,3400,1,0.000589
1,43,3400,2,0.000583
1,43,3400,3,0.000604
1,43,3600,1,0.000592
1,43,3600,2,0.000586
1,43,3600,3,0.000588
1,43,3800,1,0.000599
1,43,3800,2,0.000597
1,43,3800,3,0.000585
1,43,4000,1,0.000594
1,43,4000,2,0.000590
1,43,4000,3,0.000595
1,43,4200,1,0.000593
1,43,4200,2,0.000586
1,43,4200,3,0.000593
1,43,4400,1,0.000588
1,43,4400,2,0.000584
1,43,4400,3,0.000584
1,43,4600,1,0.000604
1,43,4600,2,0.000584
1,43,4600,3,0.000607
1,43,4800,1,0.000585
1,43,4800,2,0.000590
1,43,4800,3,0.000625
1,43,5000,1,0.000604
1,43,5000,2,0.000602
1,43,5000,3,0.000600
1,45,1000,1,0.000573
1,45,1000,2,0.000563
1,45,1000,3,0.000604
1,45,1200,1,0.000576
1,45,1200,2,0.000566
1,45,1200,3,0.000554
1,45,1400,1,0.000558
1,45,1400,2,0.000551
1,45,1400,3,0.000580
1,45,1600,1,0.000568
1,45,1600,2,0.000623
1,45,1600,3,0.000576
1,45,1800,1,0.000578
1,45,1800,2,0.000577
1,45,1800,3,0.000591
1,45,2000,1,0.000575
1,45,2000,2,0.000580
1,45,2000,3,0.000575
1,45,2200,1,0.000595
1,45,2200,2,0.000567
1,45,2200,3,0.000603
1,45,2400,1,0.000589
1,45,2400,2,0.000601
1,45,2400,3,0.000573
1,45,2600,1,0.000610
1,45,2600,2,0.000589
1,45,2600,3,0.000619
1,45,2800,1,0.000585
1,45,2800,2,0.000580
1,45,2800,3,0.000586
1,45,3000,1,0.000616
1,45,3000,2,0.000589
1,45,3000,3,0.000626
1,45,3200,1,0.000596
1,45,3200,2,0.000620
1,45,3200,3,0.000588
1,45,3400,1,0.000617
1,45,3400,2,0.000604
1,45,3400,3,0.000610
1,45,3600,1,0.000600
1,45,3600,2,0.000599
1,45,3600,3,0.000599
1,45,3800,1,0.000618
1,45,3800,2,0.000602
1,45,3800,3,0.000618
1,45,4000,1,0.000615
1,45,4000,2,0.000608
1,45,4000,3,0.000593
1,45,4200,1,0.000605
1,45,4200,2,0.000616
1,45,4200,3,0.000607
1,45,4400,1,0.000616
1,45,4400,2,0.000612
1,45,4400,3,0.000595
1,45,4600,1,0.000608
1,45,4600,2,0.000602
1,45,4600,3,0.000601
1,45,4800,1,0.000619
1,45,4800,2,0.000612
1,45,4800,3,0.000619
1,45,5000,1,0.000624
1,45,5000,2,0.000623
1,45,5000,3,0.000607
1,47,1000,1,0.000572
1,47,1000,2,0.000572
1,47,1000,3,0.000565
1,47,1200,1,0.000574
1,47,1200,2,0.000587
1,47,1200,3,0.000563
1,47,1400,1,0.000638
1,47,1400,2,0.000583
1,47,1400,3,0.000565
1,47,1600,1,0.000587
1,47,1600,2,0.000568
1,47,1600,3,0.000597
1,47,1800,1,0.000574
1,47,1800,2,0.000603
1,47,1800,3,0.000575
1,47,2000,1,0.000596
1,47,2000,2,0.000584
1,47,2000,3,0.000606
1,47,2200,1,0.000584
1,47,2200,2,0.000595
1,47,2200,3,0.000589
1,47,2400,1,0.000620
1,47,2400,2,0.000601
1,47,2400,3,0.000616
1,47,2600,1,0.000601
1,47,2600,2,0.000595
1,47,2600,3,0.000585
1,47,2800,1,0.000622
1,47,2800,2,0.000602
1,47,2800,3,0.000643
1,47,3000,1,0.000607
1,47,3000,2,0.000619
1,47,3000,3,0.000602
1,47,3200,1,0.000623
1,47,3200,2,0.000597
1,47,3200,3,0.000618
1,47,3400,1,0.000608
1,47,3400,2,0.000633
1,47,3400,3,0.000615
1,47,3600,1,0.000631
1,47,3600,2,0.000613
1,47,3600,3,0.000635
1,47,3800,1,0.000605
1,47,3800,2,0.000612
1,47,3800,3,0.000607
1,47,4000,1,0.000635
1,47,4000,2,0.000633
1,47,4000,3,0.000649
1,47,4200,1,0.000602
1,47,4200,2,0.000622
1,47,4200,3,0.000617
1,47,4400,1,0.000631
1,47,4400,2,0.000620
1,47,4400,3,0.000627
1,47,4600,1,0.000611
1,47,4600,2,0.000653
1,47,4600,3,0.000610
1,47,4800,1,0.000668
1,47,4800,2,0.000615
1,47,4800,3,0.000636
1,47,5000,1,0.000634
1,47,5000,2,0.000642
1,47,5000,3,0.000619
1,49,1000,1,0.000588
1,49,1000,2,0.000581
1,49,1000,3,0.000593
1,49,1200,1,0.000582
1,49,1200,2,0.000587
1,49,1200,3,0.000578
1,49,1400,1,0.000577
1,49,1400,2,0.000572
1,49,1400,3,0.000577
1,49,1600,1,0.000580
1,49,1600,2,0.000600
1,49,1600,3,0.000594
1,49,1800,1,0.000605
1,49,1800,2,0.000577
1,49,1800,3,0.000591
1,49,2000,1,0.000606
1,49,2000,2,0.000595
1,49,2000,3,0.000618
1,49,2200,1,0.000592
1,49,2200,2,0.000632
1,49,2200,3,0.000606
1,49,2400,1,0.000603
1,49,2400,2,0.000594
1,49,2400,3,0.000623
1,49,2600,1,0.000608
1,49,2600,2,0.000596
1,49,2600,3,0.000602
1,49,2800,1,0.000605
1,49,2800,2,0.000611
1,49,2800,3,0.000615
1,49,3000,1,0.000595
1,49,3000,2,0.000643
1,49,3000,3,0.000624
1,49,3200,1,0.000618
1,49,3200,2,0.000614
1,49,3200,3,0.000612
1,49,3400,1,0.000631
1,49,3400,2,0.000621
1,49,3400,3,0.000618
1,49,3600,1,0.000600
1,49,3600,2,0.000616
1,49,3600,3,0.000631
1,49,3800,1,0.000627
1,49,3800,2,0.000620
1,49,3800,3,0.000664
1,49,4000,1,0.000621
1,49,4000,2,0.000619
1,49,4000,3,0.000633
1,49,4200,1,0.000615
1,49,4200,2,0.000624
1,49,4200,3,0.000618
1,49,4400,1,0.000643
1,49,4400,2,0.000621
1,49,4400,3,0.000658
1,49,4600,1,0.000628
1,49,4600,2,0.000640
1,49,4600,3,0.000649
1,49,4800,1,0.000661
1,49,4800,2,0.000630
1,49,4800,3,0.000676
1,49,5000,1,0.000640
1,49,5000,2,0.000666
1,49,5000,3,0.000639
1,51,1000,1,0.000600
1,51,1000,2,0.000577
1,51,1000,3,0.000596
1,51,1200,1,0.000596
1,51,1200,2,0.000601
1,51,1200,3,0.000594
1,51,1400,1,0.000588
1,51,1400,2,0.000592
1,51,1400,3,0.000603
1,51,1600,1,0.000590
1,51,1600,2,0.000589
1,51,1600,3,0.000573
1,51,1800,1,0.000590
1,51,1800,2,0.000576
1,51,1800,3,0.000585
1,51,2000,1,0.000601
1,51,2000,2,0.000602
1,51,2000,3,0.000600
1,51,2200,1,0.000595
1,51,2200,2,0.000594
1,51,2200,3,0.000604
1,51,2400,1,0.000589
1,51,2400,2,0.000594
1,51,2400,3,0.000587
1,51,2600,1,0.000620
1,51,2600,2,0.000626
1,51,2600,3,0.000618
1,51,2800,1,0.000618
1,51,2800,2,0.000604
1,51,2800,3,0.000611
1,51,3000,1,0.000621
1,51,3000,2,0.000604
1,51,3000,3,0.000602
1,51,3200,1,0.000626
1,51,3200,2,0.000617
1,51,3200,3,0.000646
1,51,3400,1,0.000615
1,51,3400,2,0.000633
1,51,3400,3,0.000629
1,51,3600,1,0.000618
1,51,3600,2,0.000674
1,51,3600,3,0.000635
1,51,3800,1,0.000634
1,51,3800,2,0.000654
1,51,3800,3,0.000640
1,51,4000,1,0.000631
1,51,4000,2,0.000641
1,51,4000,3,0.000653
1,51,4200,1,0.000656
1,51,4200,2,0.000633
1,51,4200,3,0.000627
1,51,4400,1,0.000626
1,51,4400,2,0.000624
1,51,4400,3,0.000640
1,51,4600,1,0.000624
1,51,4600,2,0.000648
1,51,4600,3,0.000637
1,51,4800,1,0.000668
1,51,4800,2,0.000653
1,51,4800,3,0.000633
1,51,5000,1,0.000646
1,51,5000,2,0.000640
1,51,5000,3,0.000630
1,53,1000,1,0.000640
1,53,1000,2,0.000616
1,53,1000,3,0.000600
1,53,1200,1,0.000610
1,53,1200,2,0.000601
1,53,1200,3,0.000655
1,53,1400,1,0.000587
1,53,1400,2,0.000601
1,53,1400,3,0.000623
1,53,1600,1,0.000601
1,53,1600,2,0.000610
1,53,1600,3,0.000608
1,53,1800,1,0.000601
1,53,1800,2,0.000595
1,53,1800,3,0.000609
1,53,2000,1,0.000637
1,53,2000,2,0.000620
1,53,2000,3,0.000603
1,53,2200,1,0.000615
1,53,2200,2,0.000613
1,53,2200,3,0.000595
1,53,2400,1,0.000611
1,53,2400,2,0.000613
1,53,2400,3,0.000639
1,53,2600,1,0.000621
1,53,2600,2,0.000628
1,53,2600,3,0.000630
1,53,2800,1,0.000617
1,53,2800,2,0.000627
1,53,2800,3,0.000625
1,53,3000,1,0.000627
1,53,3000,2,0.000618
1,53,3000,3,0.000619
1,53,3200,1,0.000622
1,53,3200,2,0.000637
1,53,3200,3,0.000616
1,53,3400,1,0.000615
1,53,3400,2,0.000659
1,53,3400,3,0.000623
1,53,3600,1,0.000647
1,53,3600,2,0.000664
1,53,3600,3,0.000645
1,53,3800,1,0.000634
1,53,3800,2,0.000631
1,53,3800,3,0.000650
1,53,4000,1,0.000650
1,53,4000,2,0.000634
1,53,4000,3,0.000637
1,53,4200,1,0.000636
1,53,4200,2,0.000634
1,53,4200,3,0.000637
1,53,4400,1,0.000642
1,53,4400,2,0.000633
1,53,4400,3,0.000641
1,53,4600,1,0.000639
1,53,4600,2,0.000638
1,53,4600,3,0.000643
1,53,4800,1,0.000644
1,53,4800,2,0.000642
1,53,4800,3,0.000650
1,53,5000,1,0.000647
1,53,5000,2,0.000650
1,53,5000,3,0.000655
1,55,1000,1,0.000626
1,55,1000,2,0.000614
1,55,1000,3,0.000620
1,55,1200,1,0.000599
1,55,1200,2,0.000599
1,55,1200,3,0.000612
1,55,1400,1,0.000622
1,55,1400,2,0.000605
1,55,1400,3,0.000629
1,55,1600,1,0.000619
1,55,1600,2,0.000626
1,55,1600,3,0.000620
1,55,1800,1,0.000628
1,55,1800,2,0.000621
1,55,1800,3,0.000623
1,55,2000,1,0.000621
1,55,2000,2,0.000627
1,55,2000,3,0.000612
1,55,2200,1,0.000620
1,55,2200,2,0.000601
1,55,2200,3,0.000637
1,55,2400,1,0.000610
1,55,2400,2,0.000626
1,55,2400,3,0.000630
1,55,2600,1,0.000623
1,55,2600,2,0.000633
1,55,2600,3,0.000632
1,55,2800,1,0.000667
1,55,2800,2,0.000631
1,55,2800,3,0.000662
1,55,3000,1,0.000627
1,55,3000,2,0.000670
1,55,3000,3,0.000622
1,55,3200,1,0.000661
1,55,3200,2,0.000629
1,55,3200,3,0.000681
1,55,3400,1,0.000632
1,55,3400,2,0.000653
1,55,3400,3,0.000639
1,55,3600,1,0.000703
1,55,3600,2,0.000656
1,55,3600,3,0.000655
1,55,3800,1,0.000638
1,55,3800,2,0.000676
1,55,3800,3,0.000646
1,55,4000,1,0.000674
1,55,4000,2,0.000641
1,55,4000,3,0.000643
1,55,4200,1,0.000664
1,55,4200,2,0.000650
1,55,4200,3,0.000653
1,55,4400,1,0.001067
1,55,4400,2,0.000634
1,55,4400,3,0.000639
1,55,4600,1,0.000654
1,55,4600,2,0.000642
1,55,4600,3,0.000679
1,55,4800,1,0.000660
1,55,4800,2,0.000658
1,55,4800,3,0.000684
1,55,5000,1,0.000661
1,55,5000,2,0.000662
1,55,5000,3,0.000659
1,57,1000,1,0.000656
1,57,1000,2,0.000667
1,57,1000,3,0.000630
1,57,1200,1,0.000643
1,57,1200,2,0.000659
1,57,1200,3,0.000640
1,57,1400,1,0.000665
1,57,1400,2,0.000643
1,57,1400,3,0.000639
1,57,1600,1,0.000642
1,57,1600,2,0.000654
1,57,1600,3,0.000659
1,57,1800,1,0.000646
1,57,1800,2,0.000644
1,57,1800,3,0.000638
1,57,2000,1,0.000653
1,57,2000,2,0.000649
1,57,2000,3,0.000652
1,57,2200,1,0.000649
1,57,2200,2,0.000662
1,57,2200,3,0.000651
1,57,2400,1,0.000654
1,57,2400,2,0.000647
1,57,2400,3,0.000652
1,57,2600,1,0.000660
1,57,2600,2,0.000654
1,57,2600,3,0.000680
1,57,2800,1,0.000657
1,57,2800,2,0.000665
1,57,2800,3,0.000661
1,57,3000,1,0.000661
1,57,3000,2,0.000698
1,57,3000,3,0.000701
1,57,3200,1,0.000671
1,57,3200,2,0.000670
1,57,3200,3,0.000663
1,57,3400,1,0.000663
1,57,3400,2,0.000670
1,57,3400,3,0.000674
1,57,3600,1,0.000670
1,57,3600,2,0.000682
1,57,3600,3,0.000672
1,57,3800,1,0.000678
1,57,3800,2,0.000689
1,57,3800,3,0.000674
1,57,4000,1,0.000672
1,57,4000,2,0.000680
1,57,4000,3,0.000676
1,57,4200,1,0.000703
1,57,4200,2,0.000678
1,57,4200,3,0.000687
1,57,4400,1,0.000688
1,57,4400,2,0.000680
1,57,4400,3,0.000677
1,57,4600,1,0.000739
1,57,4600,2,0.000690
1,57,4600,3,0.000682
1,57,4800,1,0.000709
1,57,4800,2,0.000682
1,57,4800,3,0.000733
1,57,5000,1,0.000703
1,57,5000,2,0.000697
1,57,5000,3,0.000708
1,59,1000,1,0.000640
1,59,1000,2,0.000654
1,59,1000,3,0.000653
1,59,1200,1,0.000661
1,59,1200,2,0.000651
1,59,1200,3,0.000669
1,59,1400,1,0.000656
1,59,1400,2,0.000652
1,59,1400,3,0.000639
1,59,1600,1,0.000658
1,59,1600,2,0.000664
1,59,1600,3,0.000661
1,59,1800,1,0.000660
1,59,1800,2,0.000660
1,59,1800,3,0.000690
1,59,2000,1,0.000662
1,59,2000,2,0.000658
1,59,2000,3,0.000687
1,59,2200,1,0.000659
1,59,2200,2,0.000664
1,59,2200,3,0.000663
1,59,2400,1,0.000671
1,59,2400,2,0.000669
1,59,2400,3,0.000656
1,59,2600,1,0.000701
1,59,2600,2,0.000671
1,59,2600,3,0.000695
1,59,2800,1,0.000674
1,59,2800,2,0.000677
1,59,2800,3,0.000679
1,59,3000,1,0.000670
1,59,3000,2,0.000678
1,59,3000,3,0.000671
1,59,3200,1,0.000723
1,59,3200,2,0.000682
1,59,3200,3,0.000720
1,59,3400,1,0.000696
1,59,3400,2,0.000692
1,59,3400,3,0.000688
1,59,3600,1,0.000706
1,59,3600,2,0.000694
1,59,3600,3,0.000716
1,59,3800,1,0.000709
1,59,3800,2,0.000690
1,59,3800,3,0.000685
1,59,4000,1,0.000697
1,59,4000,2,0.000692
1,59,4000,3,0.000689
1,59,4200,1,0.000696
1,59,4200,2,0.000692
1,59,4200,3,0.000703
1,59,4400,1,0.000697
1,59,4400,2,0.000692
1,59,4400,3,0.000699
1,59,4600,1,0.000701
1,59,4600,2,0.000704
1,59,4600,3,0.000687
1,59,4800,1,0.000695
1,59,4800,2,0.000690
1,59,4800,3,0.000725
1,59,5000,1,0.000717
1,59,5000,2,0.000697
1,59,5000,3,0.000735
1,61,1000,1,0.000659
1,61,1000,2,0.000667
1,61,1000,3,0.000693
1,61,1200,1,0.000664
1,61,1200,2,0.000668
1,61,1200,3,0.000666
1,61,1400,1,0.000657
1,61,1400,2,0.000695
1,61,1400,3,0.000650
1,61,1600,1,0.000661
1,61,1600,2,0.000677
1,61,1600,3,0.000658
1,61,1800,1,0.000691
1,61,1800,2,0.000654
1,61,1800,3,0.000666
1,61,2000,1,0.000682
1,61,2000,2,0.000663
1,61,2000,3,0.000663
1,61,2200,1,0.000671
1,61,2200,2,0.000686
1,61,2200,3,0.000681
1,61,2400,1,0.000680
1,61,2400,2,0.000675
1,61,2400,3,0.000673
1,61,2600,1,0.000685
1,61,2600,2,0.000692
1,61,2600,3,0.000721
1,61,2800,1,0.000677
1,61,2800,2,0.000694
1,61,2800,3,0.000694
1,61,3000,1,0.000684
1,61,3000,2,0.000688
1,61,3000,3,0.000688
1,61,3200,1,0.000724
1,61,3200,2,0.000709
1,61,3200,3,0.000690
1,61,3400,1,0.000693
1,61,3400,2,0.000699
1,61,3400,3,0.000700
1,61,3600,1,0.000694
1,61,3600,2,0.000686
1,61,3600,3,0.000687
1,61,3800,1,0.000712
1,61,3800,2,0.000703
1,61,3800,3,0.000715
1,61,4000,1,0.000695
1,61,4000,2,0.000710
1,61,4000,3,0.000699
1,61,4200,1,0.000706
1,61,4200,2,0.000698
1,61,4200,3,0.000722
1,61,4400,1,0.000697
1,61,4400,2,0.000711
1,61,4400,3,0.000699
1,61,4600,1,0.000706
1,61,4600,2,0.000693
1,61,4600,3,0.000703
1,61,4800,1,0.000708
1,61,4800,2,0.000727
1,61,4800,3,0.000702
1,61,5000,1,0.000723
1,61,5000,2,0.000710
1,61,5000,3,0.000730
1,63,1000,1,0.000707
1,63,1000,2,0.000681
1,63,1000,3,0.000686
1,63,1200,1,0.000678
1,63,1200,2,0.000675
1,63,1200,3,0.000672
1,63,1400,1,0.000677
1,63,1400,2,0.000672
1,63,1400,3,0.000715
1,63,1600,1,0.000673
1,63,1600,2,0.000694
1,63,1600,3,0.000675
1,63,1800,1,0.000728
1,63,1800,2,0.000668
1,63,1800,3,0.000702
1,63,2000,1,0.000670
1,63,2000,2,0.000705
1,63,2000,3,0.000695
1,63,2200,1,0.000682
1,63,2200,2,0.000713
1,63,2200,3,0.000684
1,63,2400,1,0.000698
1,63,2400,2,0.000699
1,63,2400,3,0.000722
1,63,2600,1,0.000711
1,63,2600,2,0.000697
1,63,2600,3,0.000719
1,63,2800,1,0.000693
1,63,2800,2,0.000719
1,63,2800,3,0.000701
1,63,3000,1,0.000713
1,63,3000,2,0.000714
1,63,3000,3,0.000716
1,63,3200,1,0.000726
1,63,3200,2,0.000702
1,63,3200,3,0.000740
1,63,3400,1,0.000709
1,63,3400,2,0.000696
1,63,3400,3,0.000735
1,63,3600,1,0.000723
1,63,3600,2,0.000722
1,63,3600,3,0.000721
1,63,3800,1,0.000724
1,63,3800,2,0.000725
1,63,3800,3,0.000729
1,63,4000,1,0.000765
1,63,4000,2,0.000730
1,63,4000,3,0.000739
1,63,4200,1,0.000731
1,63,4200,2,0.000726
1,63,4200,3,0.000727
1,63,4400,1,0.000730
1,63,4400,2,0.000750
1,63,4400,3,0.000727
1,63,4600,1,0.000727
1,63,4600,2,0.000735
1,63,4600,3,0.000729
1,63,4800,1,0.000735
1,63,4800,2,0.000730
1,63,4800,3,0.000763
1,63,5000,1,0.000741
1,63,5000,2,0.000774
1,63,5000,3,0.000735
1,65,1000,1,0.000720
1,65,1000,2,0.000694
1,65,1000,3,0.000699
1,65,1200,1,0.000686
1,65,1200,2,0.000721
1,65,1200,3,0.000698
1,65,1400,1,0.000689
1,65,1400,2,0.000693
1,65,1400,3,0.000696
1,65,1600,1,0.000693
1,65,1600,2,0.000693
1,65,1600,3,0.000712
1,65,1800,1,0.000707
1,65,1800,2,0.000686
1,65,1800,3,0.000695
1,65,2000,1,0.000694
1,65,2000,2,0.000714
1,65,2000,3,0.000744
1,65,2200,1,0.000699
1,65,2200,2,0.000714
1,65,2200,3,0.000708
1,65,2400,1,0.000719
1,65,2400,2,0.000697
1,65,2400,3,0.000718
1,65,2600,1,0.000709
1,65,2600,2,0.000754
1,65,2600,3,0.000698
1,65,2800,1,0.000711
1,65,2800,2,0.000725
1,65,2800,3,0.000725
1,65,3000,1,0.000717
1,65,3000,2,0.000715
1,65,3000,3,0.000750
1,65,3200,1,0.000714
1,65,3200,2,0.000720
1,65,3200,3,0.000716
1,65,3400,1,0.000731
1,65,3400,2,0.000722
1,65,3400,3,0.000715
1,65,3600,1,0.000761
1,65,3600,2,0.000726
1,65,3600,3,0.000792
1,65,3800,1,0.000726
1,65,3800,2,0.000722
1,65,3800,3,0.000722
1,65,4000,1,0.000746
1,65,4000,2,0.000736
1,65,4000,3,0.000726
1,65,4200,1,0.000771
1,65,4200,2,0.000727
1,65,4200,3,0.000733
1,65,4400,1,0.000744
1,65,4400,2,0.000729
1,65,4400,3,0.000739
1,65,4600,1,0.000729
1,65,4600,2,0.000735
1,65,4600,3,0.000724
1,65,4800,1,0.000766
1,65,4800,2,0.000748
1,65,4800,3,0.000746
1,65,5000,1,0.000755
1,65,5000,2,0.000750
1,65,5000,3,0.000751
1,67,1000,1,0.000716
1,67,1000,2,0.000712
1,67,1000,3,0.000695
1,67,1200,1,0.000697
1,67,1200,2,0.000711
1,67,1200,3,0.000712
1,67,1400,1,0.000698
1,67,1400,2,0.000698
1,67,1400,3,0.000721
1,67,1600,1,0.000732
1,67,1600,2,0.000699
1,67,1600,3,0.000694
1,67,1800,1,0.000707
1,67,1800,2,0.000706
1,67,1800,3,0.000713
1,67,2000,1,0.000708
1,67,2000,2,0.000732
1,67,2000,3,0.000697
1,67,2200,1,0.000740
1,67,2200,2,0.000707
1,67,2200,3,0.000721
1,67,2400,1,0.000711
1,67,2400,2,0.000700
1,67,2400,3,0.000735
1,67,2600,1,0.000714
1,67,2600,2,0.000726
1,67,2600,3,0.000713
1,67,2800,1,0.000724
1,67,2800,2,0.000711
1,67,2800,3,0.000720
1,67,3000,1,0.000731
1,67,3000,2,0.000719
1,67,3000,3,0.000760
1,67,3200,1,0.000727
1,67,3200,2,0.000753
1,67,3200,3,0.000723
1,67,3400,1,0.000734
1,67,3400,2,0.000722
1,67,3400,3,0.000742
1,67,3600,1,0.000742
1,67,3600,2,0.000730
1,67,3600,3,0.000772
1,67,3800,1,0.000736
1,67,3800,2,0.000783
1,67,3800,3,0.000737
1,67,4000,1,0.000777
1,67,4000,2,0.000740
1,67,4000,3,0.000744
1,67,4200,1,0.000743
1,67,4200,2,0.000746
1,67,4200,3,0.000736
1,67,4400,1,0.000741
1,67,4400,2,0.000776
1,67,4400,3,0.000760
1,67,4600,1,0.000743
1,67,4600,2,0.000754
1,67,4600,3,0.000752
1,67,4800,1,0.000762
1,67,4800,2,0.000749
1,67,4800,3,0.000819
1,67,5000,1,0.000753
1,67,5000,2,0.000777
1,67,5000,3,0.000781
1,69,1000,1,0.000720
1,69,1000,2,0.000702
1,69,1000,3,0.000714
1,69,1200,1,0.000702
1,69,1200,2,0.000734
1,69,1200,3,0.000701
1,69,1400,1,0.000715
1,69,1400,2,0.000712
1,69,1400,3,0.000703
1,69,1600,1,0.000717
1,69,1600,2,0.000724
1,69,1600,3,0.000755
1,69,1800,1,0.000712
1,69,1800,2,0.000743
1,69,1800,3,0.000709
1,69,2000,1,0.000735
1,69,2000,2,0.000714
1,69,2000,3,0.000719
1,69,2200,1,0.000747
1,69,2200,2,0.000709
1,69,2200,3,0.000725
1,69,2400,1,0.000738
1,69,2400,2,0.000715
1,69,2400,3,0.000756
1,69,2600,1,0.000736
1,69,2600,2,0.000735
1,69,2600,3,0.000737
1,69,2800,1,0.000757
1,69,2800,2,0.000723
1,69,2800,3,0.000780
1,69,3000,1,0.000742
1,69,3000,2,0.000740
1,69,3000,3,0.000753
1,69,3200,1,0.000755
1,69,3200,2,0.000751
1,69,3200,3,0.000745
1,69,3400,1,0.000753
1,69,3400,2,0.000752
1,69,3400,3,0.000745
1,69,3600,1,0.000792
1,69,3600,2,0.000746
1,69,3600,3,0.000744
1,69,3800,1,0.000749
1,69,3800,2,0.000760
1,69,3800,3,0.000779
1,69,4000,1,0.000752
1,69,4000,2,0.000758
1,69,4000,3,0.000756
1,69,4200,1,0.000758
1,69,4200,2,0.000746
1,69,4200,3,0.000745
1,69,4400,1,0.000775
1,69,4400,2,0.000747
1,69,4400,3,0.000769
1,69,4600,1,0.000772
1,69,4600,2,0.000754
1,69,4600,3,0.000799
1,69,4800,1,0.000771
1,69,4800,2,0.000767
1,69,4800,3,0.000768
1,69,5000,1,0.000764
1,69,5000,2,0.000756
1,69,5000,3,0.000767
1,71,1000,1,0.000723
1,71,1000,2,0.000730
1,71,1000,3,0.000726
1,71,1200,1,0.000708
1,71,1200,2,0.000748
1,71,1200,3,0.000715
1,71,1400,1,0.000715
1,71,1400,2,0.000722
1,71,1400,3,0.000728
1,71,1600,1,0.000724
1,71,1600,2,0.000705
1,71,1600,3,0.000720
1,71,1800,1,0.000738
1,71,1800,2,0.000723
1,71,1800,3,0.000729
1,71,2000,1,0.000723
1,71,2000,2,0.000772
1,71,2000,3,0.000719
1,71,2200,1,0.000734
1,71,2200,2,0.000740
1,71,2200,3,0.000730
1,71,2400,1,0.000719
1,71,2400,2,0.000732
1,71,2400,3,0.000740
1,71,2600,1,0.000734
1,71,2600,2,0.000765
1,71,2600,3,0.000732
1,71,2800,1,0.000762
1,71,2800,2,0.000728
1,71,2800,3,0.000762
1,71,3000,1,0.000748
1,71,3000,2,0.000809
1,71,3000,3,0.000741
1,71,3200,1,0.000768
1,71,3200,2,0.000754
1,71,3200,3,0.000762
1,71,3400,1,0.000759
1,71,3400,2,0.000743
1,71,3400,3,0.000778
1,71,3600,1,0.000752
1,71,3600,2,0.000793
1,71,3600,3,0.000774
1,71,3800,1,0.000763
1,71,3800,2,0.000755
1,71,3800,3,0.000769
1,71,4000,1,0.000788
1,71,4000,2,0.000769
1,71,4000,3,0.000754
1,71,4200,1,0.000777
1,71,4200,2,0.000769
1,71,4200,3,0.000764
1,71,4400,1,0.000827
1,71,4400,2,0.000782
1,71,4400,3,0.000786
1,71,4600,1,0.000782
1,71,4600,2,0.000772
1,71,4600,3,0.000769
1,71,4800,1,0.000786
1,71,4800,2,0.000812
1,71,4800,3,0.000780
1,71,5000,1,0.000787
1,71,5000,2,0.000779
1,71,5000,3,0.000782
1,73,1000,1,0.000724
1,73,1000,2,0.000731
1,73,1000,3,0.000728
1,73,1200,1,0.000729
1,73,1200,2,0.000750
1,73,1200,3,0.000728
1,73,1400,1,0.000760
1,73,1400,2,0.000728
1,73,1400,3,0.000756
1,73,1600,1,0.000730
1,73,1600,2,0.000723
1,73,1600,3,0.000739
1,73,1800,1,0.000740
1,73,1800,2,0.000750
1,73,1800,3,0.000718
1,73,2000,1,0.000743
1,73,2000,2,0.000738
1,73,2000,3,0.000723
1,73,2200,1,0.000736
1,73,2200,2,0.000727
1,73,2200,3,0.000760
1,73,2400,1,0.000741
1,73,2400,2,0.000732
1,73,2400,3,0.000734
1,73,2600,1,0.000744
1,73,2600,2,0.000764
1,73,2600,3,0.000760
1,73,2800,1,0.000756
1,73,2800,2,0.000763
1,73,2800,3,0.000757
1,73,3000,1,0.000759
1,73,3000,2,0.000750
1,73,3000,3,0.000760
1,73,3200,1,0.000750
1,73,3200,2,0.000773
1,73,3200,3,0.000773
1,73,3400,1,0.000760
1,73,3400,2,0.000771
1,73,3400,3,0.000759
1,73,3600,1,0.000769
1,73,3600,2,0.000765
1,73,3600,3,0.000804
1,73,3800,1,0.000766
1,73,3800,2,0.000804
1,73,3800,3,0.000767
1,73,4000,1,0.000779
1,73,4000,2,0.000802
1,73,4000,3,0.000769
1,73,4200,1,0.000784
1,73,4200,2,0.000786
1,73,4200,3,0.000768
1,73,4400,1,0.000771
1,73,4400,2,0.000795
1,73,4400,3,0.000791
1,73,4600,1,0.000788
1,73,4600,2,0.000779
1,73,4600,3,0.000782
1,73,4800,1,0.000823
1,73,4800,2,0.000793
1,73,4800,3,0.000790
1,73,5000,1,0.000793
1,73,5000,2,0.000825
1,73,5000,3,0.000792
1,75,1000,1,0.000758
1,75,1000,2,0.000766
1,75,1000,3,0.000742
1,75,1200,1,0.000735
1,75,1200,2,0.000753
1,75,1200,3,0.000729
1,75,1400,1,0.000793
1,75,1400,2,0.000744
1,75,1400,3,0.000759
1,75,1600,1,0.000747
1,75,1600,2,0.000744
1,75,1600,3,0.000750
1,75,1800,1,0.000748
1,75,1800,2,0.000759
1,75,1800,3,0.000742
1,75,2000,1,0.000755
1,75,2000,2,0.000745
1,75,2000,3,0.000753
1,75,2200,1,0.000738
1,75,2200,2,0.000764
1,75,2200,3,0.000746
1,75,2400,1,0.000755
1,75,2400,2,0.000761
1,75,2400,3,0.000754
1,75,2600,1,0.000754
1,75,2600,2,0.000757
1,75,2600,3,0.000775
1,75,2800,1,0.000758
1,75,2800,2,0.000770
1,75,2800,3,0.000778
1,75,3000,1,0.000766
1,75,3000,2,0.000770
1,75,3000,3,0.000770
1,75,3200,1,0.000842
1,75,3200,2,0.000777
1,75,3200,3,0.000765
1,75,3400,1,0.000778
1,75,3400,2,0.000769
1,75,3400,3,0.000817
1,75,3600,1,0.000783
1,75,3600,2,0.000766
1,75,3600,3,0.000782
1,75,3800,1,0.000784
1,75,3800,2,0.000791
1,75,3800,3,0.000767
1,75,4000,1,0.000833
1,75,4000,2,0.000793
1,75,4000,3,0.000802
1,75,4200,1,0.000783
1,75,4200,2,0.000774
1,75,4200,3,0.000771
1,75,4400,1,0.000773
1,75,4400,2,0.000771
1,75,4400,3,0.000788
1,75,4600,1,0.000807
1,75,4600,2,0.000786
1,75,4600,3,0.000834
1,75,4800,1,0.000802
1,75,4800,2,0.000793
1,75,4800,3,0.000805
1,75,5000,1,0.000801
1,75,5000,2,0.000801
1,75,5000,3,0.000789
1,77,1000,1,0.000756
1,77,1000,2,0.000781
1,77,1000,3,0.000743
1,77,1200,1,0.000797
1,77,1200,2,0.000757
1,77,1200,3,0.000743
1,77,1400,1,0.000750
1,77,1400,2,0.000741
1,77,1400,3,0.000744
1,77,1600,1,0.000740
1,77,1600,2,0.000770
1,77,1600,3,0.000757
1,77,1800,1,0.000733
1,77,1800,2,0.000755
1,77,1800,3,0.000749
1,77,2000,1,0.000797
1,77,2000,2,0.000740
1,77,2000,3,0.000783
1,77,2200,1,0.000756
1,77,2200,2,0.000778
1,77,2200,3,0.000778
1,77,2400,1,0.000747
1,77,2400,2,0.000744
1,77,2400,3,0.000748
1,77,2600,1,0.000788
1,77,2600,2,0.000779
1,77,2600,3,0.000771
1,77,2800,1,0.000770
1,77,2800,2,0.000786
1,77,2800,3,0.000777
1,77,3000,1,0.000766
1,77,3000,2,0.000818
1,77,3000,3,0.000760
1,77,3200,1,0.000797
1,77,3200,2,0.000784
1,77,3200,3,0.000834
1,77,3400,1,0.000788
1,77,3400,2,0.000783
1,77,3400,3,0.000790
1,77,3600,1,0.000783
1,77,3600,2,0.000796
1,77,3600,3,0.000792
1,77,3800,1,0.000846
1,77,3800,2,0.000780
1,77,3800,3,0.000817
1,77,4000,1,0.000793
1,77,4000,2,0.000801
1,77,4000,3,0.000800
1,77,4200,1,0.000791
1,77,4200,2,0.000794
1,77,4200,3,0.000789
1,77,4400,1,0.000810
1,77,4400,2,0.000794
1,77,4400,3,0.000835
1,77,4600,1,0.000801
1,77,4600,2,0.000823
1,77,4600,3,0.000792
1,77,4800,1,0.000789
1,77,4800,2,0.000804
1,77,4800,3,0.000803
1,77,5000,1,0.000810
1,77,5000,2,0.000800
1,77,5000,3,0.000817
1,79,1000,1,0.000770
1,79,1000,2,0.000757
1,79,1000,3,0.000793
1,79,1200,1,0.000768
1,79,1200,2,0.000755
1,79,1200,3,0.000766
1,79,1400,1,0.000778
1,79,1400,2,0.000764
1,79,1400,3,0.000766
1,79,1600,1,0.000766
1,79,1600,2,0.000767
1,79,1600,3,0.000799
1,79,1800,1,0.000762
1,79,1800,2,0.000764
1,79,1800,3,0.000771
1,79,2000,1,0.000769
1,79,2000,2,0.000835
1,79,2000,3,0.000762
1,79,2200,1,0.000787
1,79,2200,2,0.000767
1,79,2200,3,0.000782
1,79,2400,1,0.000785
1,79,2400,2,0.000858
1,79,2400,3,0.000797
1,79,2600,1,0.000825
1,79,2600,2,0.000788
1,79,2600,3,0.000810
1,79,2800,1,0.000788
1,79,2800,2,0.000818
1,79,2800,3,0.000790
1,79,3000,1,0.000829
1,79,3000,2,0.000792
1,79,3000,3,0.000818
1,79,3200,1,0.000808
1,79,3200,2,0.000822
1,79,3200,3,0.000812
1,79,3400,1,0.000833
1,79,3400,2,0.000799
1,79,3400,3,0.000804
1,79,3600,1,0.000800
1,79,3600,2,0.000820
1,79,3600,3,0.000808
1,79,3800,1,0.000810
1,79,3800,2,0.000801
1,79,3800,3,0.000807
1,79,4000,1,0.000843
1,79,4000,2,0.000810
1,79,4000,3,0.000837
1,79,4200,1,0.000821
1,79,4200,2,0.000843
1,79,4200,3,0.000807
1,79,4400,1,0.000842
1,79,4400,2,0.000808
1,79,4400,3,0.000820
1,79,4600,1,0.000819
1,79,4600,2,0.000839
1,79,4600,3,0.000821
1,79,4800,1,0.000842
1,79,4800,2,0.000845
1,79,4800,3,0.000841
1,79,5000,1,0.000841
1,79,5000,2,0.000831
1,79,5000,3,0.000866
1,81,1000,1,0.000838
1,81,1000,2,0.000816
1,81,1000,3,0.000862
1,81,1200,1,0.000818
1,81,1200,2,0.000817
1,81,1200,3,0.000823
1,81,1400,1,0.000811
1,81,1400,2,0.000804
1,81,1400,3,0.000821
1,81,1600,1,0.000845
1,81,1600,2,0.000824
1,81,1600,3,0.000844
1,81,1800,1,0.000826
1,81,1800,2,0.000811
1,81,1800,3,0.000821
1,81,2000,1,0.000825
1,81,2000,2,0.000829
1,81,2000,3,0.000824
1,81,2200,1,0.000839
1,81,2200,2,0.000842
1,81,2200,3,0.000827
1,81,2400,1,0.000855
1,81,2400,2,0.000849
1,81,2400,3,0.000839
1,81,2600,1,0.000872
1,81,2600,2,0.000840
1,81,2600,3,0.000834
1,81,2800,1,0.000840
1,81,2800,2,0.000843
1,81,2800,3,0.000842
1,81,3000,1,0.000859
1,81,3000,2,0.000882
1,81,3000,3,0.000839
1,81,3200,1,0.000876
1,81,3200,2,0.000854
1,81,3200,3,0.000862
1,81,3400,1,0.000859
1,81,3400,2,0.000865
1,81,3400,3,0.000870
1,81,3600,1,0.000860
1,81,3600,2,0.000864
1,81,3600,3,0.000870
1,81,3800,1,0.000913
1,81,3800,2,0.000870
1,81,3800,3,0.000868
1,81,4000,1,0.000876
1,81,4000,2,0.000861
1,81,4000,3,0.000863
1,81,4200,1,0.000860
1,81,4200,2,0.000872
1,81,4200,3,0.000872
1,81,4400,1,0.000891
1,81,4400,2,0.000860
1,81,4400,3,0.000901
1,81,4600,1,0.000858
1,81,4600,2,0.000892
1,81,4600,3,0.000894
1,81,4800,1,0.000874
1,81,4800,2,0.000893
1,81,4800,3,0.000887
1,81,5000,1,0.000899
1,81,5000,2,0.000886
1,81,5000,3,0.000889
1,83,1000,1,0.000851
1,83,1000,2,0.000834
1,83,1000,3,0.000843
1,83,1200,1,0.000829
1,83,1200,2,0.000868
1,83,1200,3,0.000817
1,83,1400,1,0.000849
1,83,1400,2,0.000840
1,83,1400,3,0.000826
1,83,1600,1,0.000828
1,83,1600,2,0.000843
1,83,1600,3,0.000870
1,83,1800,1,0.000826
1,83,1800,2,0.000873
1,83,1800,3,0.000854
1,83,2000,1,0.000843
1,83,2000,2,0.000848
1,83,2000,3,0.000833
1,83,2200,1,0.000877
1,83,2200,2,0.000847
1,83,2200,3,0.000922
1,83,2400,1,0.000835
1,83,2400,2,0.000849
1,83,2400,3,0.000854
1,83,2600,1,0.000876
1,83,2600,2,0.000871
1,83,2600,3,0.000857
1,83,2800,1,0.000867
1,83,2800,2,0.000865
1,83,2800,3,0.000880
1,83,3000,1,0.000855
1,83,3000,2,0.000889
1,83,3000,3,0.000873
1,83,3200,1,0.000876
1,83,3200,2,0.000896
1,83,3200,3,0.000867
1,83,3400,1,0.000891
1,83,3400,2,0.000930
1,83,3400,3,0.000881
1,83,3600,1,0.000880
1,83,3600,2,0.000905
1,83,3600,3,0.000891
1,83,3800,1,0.000891
1,83,3800,2,0.000881
1,83,3800,3,0.000878
1,83,4000,1,0.000889
1,83,4000,2,0.000929
1,83,4000,3,0.000893
1,83,4200,1,0.000908
1,83,4200,2,0.000894
1,83,4200,3,0.000889
1,83,4400,1,0.000890
1,83,4400,2,0.000877
1,83,4400,3,0.000911
1,83,4600,1,0.000901
1,83,4600,2,0.000893
1,83,4600,3,0.000890
1,83,4800,1,0.000900
1,83,4800,2,0.000892
1,83,4800,3,0.000928
1,83,5000,1,0.000911
1,83,5000,2,0.000943
1,83,5000,3,0.000909
1,85,1000,1,0.000872
1,85,1000,2,0.000903
1,85,1000,3,0.000867
1,85,1200,1,0.000874
1,85,1200,2,0.000851
1,85,1200,3,0.000857
1,85,1400,1,0.000864
1,85,1400,2,0.000869
1,85,1400,3,0.000860
1,85,1600,1,0.000848
1,85,1600,2,0.000845
1,85,1600,3,0.000849
1,85,1800,1,0.000858
1,85,1800,2,0.000874
1,85,1800,3,0.000888
1,85,2000,1,0.000871
1,85,2000,2,0.000908
1,85,2000,3,0.000887
1,85,2200,1,0.000904
1,85,2200,2,0.000859
1,85,2200,3,0.000897
1,85,2400,1,0.000879
1,85,2400,2,0.000919
1,85,2400,3,0.000868
1,85,2600,1,0.000937
1,85,2600,2,0.000881
1,85,2600,3,0.000888
1,85,2800,1,0.000888
1,85,2800,2,0.000914
1,85,2800,3,0.000874
1,85,3000,1,0.000888
1,85,3000,2,0.000902
1,85,3000,3,0.000885
1,85,3200,1,0.000905
1,85,3200,2,0.000904
1,85,3200,3,0.000895
1,85,3400,1,0.000905
1,85,3400,2,0.000915
1,85,3400,3,0.000901
1,85,3600,1,0.000906
1,85,3600,2,0.000906
1,85,3600,3,0.000922
1,85,3800,1,0.000927
1,85,3800,2,0.000910
1,85,3800,3,0.000911
1,85,4000,1,0.000928
1,85,4000,2,0.000942
1,85,4000,3,0.000915
1,85,4200,1,0.000916
1,85,4200,2,0.000907
1,85,4200,3,0.000913
1,85,4400,1,0.000907
1,85,4400,2,0.000913
1,85,4400,3,0.000944
1,85,4600,1,0.000938
1,85,4600,2,0.000928
1,85,4600,3,0.000926
1,85,4800,1,0.000945
1,85,4800,2,0.000921
1,85,4800,3,0.000940
1,85,5000,1,0.000964
1,85,5000,2,0.000937
1,85,5000,3,0.000964
1,87,1000,1,0.000994
1,87,1000,2,0.000973
1,87,1000,3,0.000985
1,87,1200,1,0.001001
1,87,1200,2,0.000978
1,87,1200,3,0.000980
1,87,1400,1,0.000969
1,87,1400,2,0.000988
1,87,1400,3,0.001014
1,87,1600,1,0.000977
1,87,1600,2,0.000969
1,87,1600,3,0.000987
1,87,1800,1,0.000989
1,87,1800,2,0.001013
1,87,1800,3,0.000981
1,87,2000,1,0.000989
1,87,2000,2,0.001006
1,87,2000,3,0.001009
1,87,2200,1,0.001031
1,87,2200,2,0.000997
1,87,2200,3,0.000987
1,87,2400,1,0.001008
1,87,2400,2,0.000990
1,87,2400,3,0.000999
1,87,2600,1,0.000996
1,87,2600,2,0.001015
1,87,2600,3,0.000996
1,87,2800,1,0.001010
1,87,2800,2,0.001051
1,87,2800,3,0.001002
1,87,3000,1,0.001021
1,87,3000,2,0.000998
1,87,3000,3,0.001021
1,87,3200,1,0.001044
1,87,3200,2,0.001006
1,87,3200,3,0.001038
1,87,3400,1,0.001016
1,87,3400,2,0.001024
1,87,3400,3,0.001048
1,87,3600,1,0.001016
1,87,3600,2,0.001093
1,87,3600,3,0.001036
1,87,3800,1,0.001069
1,87,3800,2,0.001041
1,87,3800,3,0.001071
1,87,4000,1,0.001044
1,87,4000,2,0.001062
1,87,4000,3,0.001031
1,87,4200,1,0.001070
1,87,4200,2,0.001043
1,87,4200,3,0.001091
1,87,4400,1,0.001031
1,87,4400,2,0.001063
1,87,4400,3,0.001052
1,87,4600,1,0.001072
1,87,4600,2,0.001035
1,87,4600,3,0.001072
1,87,4800,1,0.001055
1,87,4800,2,0.001120
1,87,4800,3,0.001059
1,87,5000,1,0.001122
1,87,5000,2,0.001041
1,87,5000,3,0.001087
1,89,1000,1,0.001193
1,89,1000,2,0.001129
1,89,1000,3,0.001131
1,89,1200,1,0.001175
1,89,1200,2,0.001135
1,89,1200,3,0.001137
1,89,1400,1,0.001169
1,89,1400,2,0.001136
1,89,1400,3,0.001187
1,89,1600,1,0.001151
1,89,1600,2,0.001143
1,89,1600,3,0.001183
1,89,1800,1,0.001142
1,89,1800,2,0.001143
1,89,1800,3,0.001163
1,89,2000,1,0.001152
1,89,2000,2,0.001145
1,89,2000,3,0.001135
1,89,2200,1,0.001174
1,89,2200,2,0.001180
1,89,2200,3,0.001145
1,89,2400,1,0.001156
1,89,2400,2,0.001177
1,89,2400,3,0.001162
1,89,2600,1,0.001177
1,89,2600,2,0.001178
1,89,2600,3,0.001166
1,89,2800,1,0.001197
1,89,2800,2,0.001170
1,89,2800,3,0.001178
1,89,3000,1,0.001214
1,89,3000,2,0.001186
1,89,3000,3,0.001181
1,89,3200,1,0.001209
1,89,3200,2,0.001196
1,89,3200,3,0.001193
1,89,3400,1,0.001240
1,89,3400,2,0.001188
1,89,3400,3,0.001186
1,89,3600,1,0.001196
1,89,3600,2,0.001205
1,89,3600,3,0.001232
1,89,3800,1,0.001186
1,89,3800,2,0.001219
1,89,3800,3,0.001226
1,89,4000,1,0.001191
1,89,4000,2,0.001215
1,89,4000,3,0.001239
1,89,4200,1,0.001206
1,89,4200,2,0.001203
1,89,4200,3,0.001258
1,89,4400,1,0.001200
1,89,4400,2,0.001225
1,89,4400,3,0.001242
1,89,4600,1,0.001200
1,89,4600,2,0.001223
1,89,4600,3,0.001216
1,89,4800,1,0.001228
1,89,4800,2,0.001261
1,89,4800,3,0.001210
1,89,5000,1,0.001230
1,89,5000,2,0.001271
1,89,5000,3,0.001221
1,91,1000,1,0.001230
1,91,1000,2,0.001216
1,91,1000,3,0.001237
1,91,1200,1,0.001243
1,91,1200,2,0.001245
1,91,1200,3,0.001224
1,91,1400,1,0.001221
1,91,1400,2,0.001211
1,91,1400,3,0.001235
1,91,1600,1,0.001250
1,91,1600,2,0.001242
1,91,1600,3,0.001264
1,91,1800,1,0.001238
1,91,1800,2,0.001218
1,91,1800,3,0.001242
1,91,2000,1,0.001244
1,91,2000,2,0.001266
1,91,2000,3,0.001228
1,91,2200,1,0.001279
1,91,2200,2,0.001246
1,91,2200,3,0.001243
1,91,2400,1,0.001275
1,91,2400,2,0.001259
1,91,2400,3,0.001267
1,91,2600,1,0.001270
1,91,2600,2,0.001257
1,91,2600,3,0.001303
1,91,2800,1,0.001262
1,91,2800,2,0.001298
1,91,2800,3,0.001263
1,91,3000,1,0.001267
1,91,3000,2,0.001257
1,91,3000,3,0.001275
1,91,3200,1,0.001338
1,91,3200,2,0.001286
1,91,3200,3,0.001315
1,91,3400,1,0.001268
1,91,3400,2,0.001270
1,91,3400,3,0.001265
1,91,3600,1,0.001328
1,91,3600,2,0.001317
1,91,3600,3,0.001291
1,91,3800,1,0.001327
1,91,3800,2,0.001303
1,91,3800,3,0.001330
1,91,4000,1,0.001287
1,91,4000,2,0.001290
1,91,4000,3,0.001332
1,91,4200,1,0.001300
1,91,4200,2,0.001310
1,91,4200,3,0.001296
1,91,4400,1,0.001302
1,91,4400,2,0.001335
1,91,4400,3,0.001307
1,91,4600,1,0.001319
1,91,4600,2,0.001318
1,91,4600,3,0.001296
1,91,4800,1,0.001341
1,91,4800,2,0.001330
1,91,4800,3,0.001339
1,91,5000,1,0.001338
1,91,5000,2,0.001387
1,91,5000,3,0.001333
1,93,1000,1,0.001335
1,93,1000,2,0.001316
1,93,1000,3,0.001304
1,93,1200,1,0.001335
1,93,1200,2,0.001308
1,93,1200,3,0.001358
1,93,1400,1,0.001321
1,93,1400,2,0.001325
1,93,1400,3,0.001325
1,93,1600,1,0.001321
1,93,1600,2,0.001348
1,93,1600,3,0.001316
1,93,1800,1,0.001363
1,93,1800,2,0.001323
1,93,1800,3,0.001322
1,93,2000,1,0.001360
1,93,2000,2,0.001334
1,93,2000,3,0.001359
1,93,2200,1,0.001356
1,93,2200,2,0.001348
1,93,2200,3,0.001380
1,93,2400,1,0.001334
1,93,2400,2,0.001355
1,93,2400,3,0.001390
1,93,2600,1,0.001365
1,93,2600,2,0.001382
1,93,2600,3,0.001372
1,93,2800,1,0.001361
1,93,2800,2,0.001346
1,93,2800,3,0.001360
1,93,3000,1,0.001418
1,93,3000,2,0.001367
1,93,3000,3,0.001404
1,93,3200,1,0.001372
1,93,3200,2,0.001393
1,93,3200,3,0.001406
1,93,3400,1,0.001401
1,93,3400,2,0.001401
1,93,3400,3,0.001374
1,93,3600,1,0.001395
1,93,3600,2,0.001422
1,93,3600,3,0.001388
1,93,3800,1,0.001408
1,93,3800,2,0.001385
1,93,3800,3,0.001401
1,93,4000,1,0.001435
1,93,4000,2,0.001399
1,93,4000,3,0.001392
1,93,4200,1,0.001426
1,93,4200,2,0.001391
1,93,4200,3,0.001403
1,93,4400,1,0.001435
1,93,4400,2,0.001407
1,93,4400,3,0.001388
1,93,4600,1,0.001401
1,93,4600,2,0.001407
1,93,4600,3,0.001447
1,93,4800,1,0.001442
1,93,4800,2,0.001427
1,93,4800,3,0.001467
1,93,5000,1,0.001433
1,93,5000,2,0.001463
1,93,5000,3,0.001443
1,95,1000,1,0.001564
1,95,1000,2,0.001576
1,95,1000,3,0.001601
1,95,1200,1,0.001569
1,95,1200,2,0.001557
1,95,1200,3,0.001595
1,95,1400,1,0.001573
1,95,1400,2,0.001601
1,95,1400,3,0.001584
1,95,1600,1,0.001580
1,95,1600,2,0.001579
1,95,1600,3,0.001577
1,95,1800,1,0.001574
1,95,1800,2,0.001587
1,95,1800,3,0.001589
1,95,2000,1,0.001577
1,95,2000,2,0.001603
1,95,2000,3,0.001572
1,95,2200,1,0.001574
1,95,2200,2,0.001605
1,95,2200,3,0.001587
1,95,2400,1,0.001580
1,95,2400,2,0.001622
1,95,2400,3,0.001579
1,95,2600,1,0.001613
1,95,2600,2,0.001656
1,95,2600,3,0.001624
1,95,2800,1,0.001622
1,95,2800,2,0.001645
1,95,2800,3,0.001623
1,95,3000,1,0.001628
1,95,3000,2,0.001647
1,95,3000,3,0.001644
1,95,3200,1,0.001643
1,95,3200,2,0.001638
1,95,3200,3,0.001647
1,95,3400,1,0.001660
1,95,3400,2,0.001636
1,95,3400,3,0.001628
1,95,3600,1,0.001697
1,95,3600,2,0.001676
1,95,3600,3,0.001652
1,95,3800,1,0.001659
1,95,3800,2,0.001644
1,95,3800,3,0.001685
1,95,4000,1,0.001665
1,95,4000,2,0.001645
1,95,4000,3,0.001661
1,95,4200,1,0.001681
1,95,4200,2,0.001675
1,95,4200,3,0.001652
1,95,4400,1,0.001666
1,95,4400,2,0.001653
1,95,4400,3,0.001673
1,95,4600,1,0.001686
1,95,4600,2,0.001663
1,95,4600,3,0.001651
1,95,4800,1,0.001698
1,95,4800,2,0.001676
1,95,4800,3,0.001667
1,95,5000,1,0.001726
1,95,5000,2,0.001704
1,95,5000,3,0.001680
1,97,1000,1,0.001759
1,97,1000,2,0.001772
1,97,1000,3,0.001790
1,97,1200,1,0.001778
1,97,1200,2,0.001787
1,97,1200,3,0.001759
1,97,1400,1,0.001795
1,97,1400,2,0.001783
1,97,1400,3,0.001778
1,97,1600,1,0.001795
1,97,1600,2,0.001804
1,97,1600,3,0.001788
1,97,1800,1,0.001763
1,97,1800,2,0.001836
1,97,1800,3,0.001806
1,97,2000,1,0.001788
1,97,2000,2,0.001773
1,97,2000,3,0.001811
1,97,2200,1,0.001820
1,97,2200,2,0.001792
1,97,2200,3,0.001801
1,97,2400,1,0.001835
1,97,2400,2,0.001831
1,97,2400,3,0.001794
1,97,2600,1,0.001823
1,97,2600,2,0.001829
1,97,2600,3,0.001865
1,97,2800,1,0.001814
1,97,2800,2,0.001833
1,97,2800,3,0.001821
1,97,3000,1,0.001821
1,97,3000,2,0.001845
1,97,3000,3,0.001845
1,97,3200,1,0.001877
1,97,3200,2,0.001851
1,97,3200,3,0.001857
1,97,3400,1,0.001836
1,97,3400,2,0.001848
1,97,3400,3,0.001882
1,97,3600,1,0.001901
1,97,3600,2,0.001902
1,97,3600,3,0.001870
1,97,3800,1,0.001864
1,97,3800,2,0.001907
1,97,3800,3,0.001884
1,97,4000,1,0.001895
1,97,4000,2,0.001894
1,97,4000,3,0.001872
1,97,4200,1,0.001904
1,97,4200,2,0.001913
1,97,4200,3,0.001895
1,97,4400,1,0.001879
1,97,4400,2,0.001872
1,97,4400,3,0.001893
1,97,4600,1,0.001910
1,97,4600,2,0.001917
1,97,4600,3,0.001895
1,97,4800,1,0.001960
1,97,4800,2,0.001913
1,97,4800,3,0.001902
1,97,5000,1,0.001906
1,97,5000,2,0.001979
1,97,5000,3,0.001949
1,99,1000,1,0.001947
1,99,1000,2,0.001970
1,99,1000,3,0.001967
1,99,1200,1,0.001968
1,99,1200,2,0.002009
1,99,1200,3,0.001965
1,99,1400,1,0.001942
1,99,1400,2,0.001987
1,99,1400,3,0.001984
1,99,1600,1,0.001983
1,99,1600,2,0.001950
1,99,1600,3,0.001970
1,99,1800,1,0.002013
1,99,1800,2,0.001978
1,99,1800,3,0.001983
1,99,2000,1,0.001988
1,99,2000,2,0.001977
1,99,2000,3,0.001969
1,99,2200,1,0.001995
1,99,2200,2,0.001992
1,99,2200,3,0.002006
1,99,2400,1,0.002029
1,99,2400,2,0.002002
1,99,2400,3,0.001983
1,99,2600,1,0.001993
1,99,2600,2,0.002013
1,99,2600,3,0.002037
1,99,2800,1,0.002050
1,99,2800,2,0.002042
1,99,2800,3,0.002030
1,99,3000,1,0.002010
1,99,3000,2,0.002009
1,99,3000,3,0.002015
1,99,3200,1,0.002071
1,99,3200,2,0.002100
1,99,3200,3,0.002060
1,99,3400,1,0.002049
1,99,3400,2,0.002047
1,99,3400,3,0.002046
1,99,3600,1,0.002072
1,99,3600,2,0.002082
1,99,3600,3,0.002085
1,99,3800,1,0.002062
1,99,3800,2,0.002109
1,99,3800,3,0.002066
1,99,4000,1,0.002061
1,99,4000,2,0.002064
1,99,4000,3,0.002071
1,99,4200,1,0.002067
1,99,4200,2,0.002090
1,99,4200,3,0.002098
1,99,4400,1,0.002118
1,99,4400,2,0.002103
1,99,4400,3,0.002069
1,99,4600,1,0.002068
1,99,4600,2,0.002073
1,99,4600,3,0.002092
1,99,4800,1,0.002128
1,99,4800,2,0.002129
1,99,4800,3,0.002108
1,99,5000,1,0.002156
1,99,5000,2,0.002115
1,99,5000,3,0.002118
1,101,1000,1,0.002229
1,101,1000,2,0.002207
1,101,1000,3,0.002212
1,101,1200,1,0.002218
1,101,1200,2,0.002186
1,101,1200,3,0.002212
1,101,1400,1,0.002220
1,101,1400,2,0.002193
1,101,1400,3,0.002202
1,101,1600,1,0.002224
1,101,1600,2,0.002251
1,101,1600,3,0.002236
1,101,1800,1,0.002247
1,101,1800,2,0.002237
1,101,1800,3,0.002233
1,101,2000,1,0.002225
1,101,2000,2,0.002259
1,101,2000,3,0.002216
1,101,2200,1,0.002227
1,101,2200,2,0.002257
1,101,2200,3,0.002245
1,101,2400,1,0.002229
1,101,2400,2,0.002235
1,101,2400,3,0.002255
1,101,2600,1,0.002303
1,101,2600,2,0.002290
1,101,2600,3,0.002279
1,101,2800,1,0.002295
1,101,2800,2,0.002303
1,101,2800,3,0.002277
1,101,3000,1,0.002284
1,101,3000,2,0.002317
1,101,3000,3,0.002300
1,101,3200,1,0.002341
1,101,3200,2,0.002308
1,101,3200,3,0.002316
1,101,3400,1,0.002302
1,101,3400,2,0.002307
1,101,3400,3,0.002291
1,101,3600,1,0.002315
1,101,3600,2,0.002381
1,101,3600,3,0.002355
1,101,3800,1,0.002362
1,101,3800,2,0.002363
1,101,3800,3,0.002375
1,101,4000,1,0.002318
1,101,4000,2,0.002318
1,101,4000,3,0.002355
1,101,4200,1,0.002363
1,101,4200,2,0.002369
1,101,4200,3,0.002365
1,101,4400,1,0.002353
1,101,4400,2,0.002326
1,101,4400,3,0.002376
1,101,4600,1,0.002366
1,101,4600,2,0.002371
1,101,4600,3,0.002363
1,101,4800,1,0.002404
1,101,4800,2,0.002398
1,101,4800,3,0.002368
1,101,5000,1,0.002384
1,101,5000,2,0.002422
1,101,5000,3,0.002433
1,103,1000,1,0.002341
1,103,1000,2,0.002326
1,103,1000,3,0.002340
1,103,1200,1,0.002322
1,103,1200,2,0.002389
1,103,1200,3,0.002352
1,103,1400,1,0.002379
1,103,1400,2,0.002369
1,103,1400,3,0.002360
1,103,1600,1,0.002348
1,103,1600,2,0.002326
1,103,1600,3,0.002333
1,103,1800,1,0.002345
1,103,1800,2,0.002367
1,103,1800,3,0.002346
1,103,2000,1,0.002372
1,103,2000,2,0.002357
1,103,2000,3,0.002333
1,103,2200,1,0.002377
1,103,2200,2,0.002394
1,103,2200,3,0.002409
1,103,2400,1,0.002388
1,103,2400,2,0.002395
1,103,2400,3,0.002404
1,103,2600,1,0.002408
1,103,2600,2,0.002419
1,103,2600,3,0.002409
1,103,2800,1,0.002399
1,103,2800,2,0.002458
1,103,2800,3,0.002432
1,103,3000,1,0.002447
1,103,3000,2,0.002427
1,103,3000,3,0.002426
1,103,3200,1,0.002445
1,103,3200,2,0.002436
1,103,3200,3,0.002444
1,103,3400,1,0.002430
1,103,3400,2,0.002468
1,103,3400,3,0.002449
1,103,3600,1,0.002508
1,103,3600,2,0.002470
1,103,3600,3,0.002447
1,103,3800,1,0.002463
1,103,3800,2,0.002480
1,103,3800,3,0.002494
1,103,4000,1,0.002505
1,103,4000,2,0.002486
1,103,4000,3,0.002511
1,103,4200,1,0.002500
1,103,4200,2,0.002479
1,103,4200,3,0.002484
1,103,4400,1,0.002473
1,103,4400,2,0.002475
1,103,4400,3,0.002442
1,103,4600,1,0.002491
1,103,4600,2,0.002499
1,103,4600,3,0.002502
1,103,4800,1,0.002549
1,103,4800,2,0.002593
1,103,4800,3,0.002570
1,103,5000,1,0.002554
1,103,5000,2,0.002530
1,103,5000,3,0.002517
1,105,1000,1,0.002394
1,105,1000,2,0.002386
1,105,1000,3,0.002397
1,105,1200,1,0.002393
1,105,1200,2,0.002473
1,105,1200,3,0.002414
1,105,1400,1,0.002425
1,105,1400,2,0.002440
1,105,1400,3,0.002448
1,105,1600,1,0.002393
1,105,1600,2,0.002405
1,105,1600,3,0.002395
1,105,1800,1,0.002454
1,105,1800,2,0.002421
1,105,1800,3,0.002435
1,105,2000,1,0.002440
1,105,2000,2,0.002442
1,105,2000,3,0.002424
1,105,2200,1,0.002457
1,105,2200,2,0.002430
1,105,2200,3,0.002418
1,105,2400,1,0.002456
1,105,2400,2,0.002460
1,105,2400,3,0.002457
1,105,2600,1,0.002497
1,105,2600,2,0.002476
1,105,2600,3,0.002471
1,105,2800,1,0.002452
1,105,2800,2,0.002467
1,105,2800,3,0.002482
1,105,3000,1,0.002513
1,105,3000,2,0.002516
1,105,3000,3,0.002508
1,105,3200,1,0.002536
1,105,3200,2,0.002515
1,105,3200,3,0.002506
1,105,3400,1,0.002514
1,105,3400,2,0.002510
1,105,3400,3,0.002487
1,105,3600,1,0.002560
1,105,3600,2,0.002567
1,105,3600,3,0.002556
1,105,3800,1,0.002582
1,105,3800,2,0.002561
1,105,3800,3,0.002539
1,105,4000,1,0.002557
1,105,4000,2,0.002537
1,105,4000,3,0.002565
1,105,4200,1,0.002562
1,105,4200,2,0.002598
1,105,4200,3,0.002553
1,105,4400,1,0.002551
1,105,4400,2,0.002548
1,105,4400,3,0.002604
1,105,4600,1,0.002563
1,105,4600,2,0.002572
1,105,4600,3,0.002572
1,105,4800,1,0.002613
1,105,4800,2,0.002613
1,105,4800,3,0.002607
1,105,5000,1,0.002620
1,105,5000,2,0.002632
1,105,5000,3,0.002622
1,107,1000,1,0.002411
1,107,1000,2,0.002377
1,107,1000,3,0.002399
1,107,1200,1,0.002405
1,107,1200,2,0.002398
1,107,1200,3,0.002443
1,107,1400,1,0.002458
1,107,1400,2,0.002427
1,107,1400,3,0.002425
1,107,1600,1,0.002438
1,107,1600,2,0.002463
1,107,1600,3,0.002437
1,107,1800,1,0.002439
1,107,1800,2,0.002438
1,107,1800,3,0.002447
1,107,2000,1,0.002464
1,107,2000,2,0.002435
1,107,2000,3,0.002442
1,107,2200,1,0.002456
1,107,2200,2,0.002469
1,107,2200,3,0.002435
1,107,2400,1,0.002468
1,107,2400,2,0.002434
1,107,2400,3,0.002441
1,107,2600,1,0.002464
1,107,2600,2,0.002474
1,107,2600,3,0.002524
1,107,2800,1,0.002495
1,107,2800,2,0.002499
1,107,2800,3,0.002498
1,107,3000,1,0.002517
1,107,3000,2,0.002496
1,107,3000,3,0.002495
1,107,3200,1,0.002527
1,107,3200,2,0.002512
1,107,3200,3,0.002548
1,107,3400,1,0.002534
1,107,3400,2,0.002514
1,107,3400,3,0.002563
1,107,3600,1,0.002557
1,107,3600,2,0.002563
1,107,3600,3,0.002548
1,107,3800,1,0.002553
1,107,3800,2,0.002529
1,107,3800,3,0.002536
1,107,4000,1,0.002569
1,107,4000,2,0.002585
1,107,4000,3,0.002556
1,107,4200,1,0.002582
1,107,4200,2,0.002588
1,107,4200,3,0.002590
1,107,4400,1,0.002586
1,107,4400,2,0.002574
1,107,4400,3,0.002543
1,107,4600,1,0.002537
1,107,4600,2,0.002557
1,107,4600,3,0.002576
1,107,4800,1,0.002647
1,107,4800,2,0.002639
1,107,4800,3,0.002632
1,107,5000,1,0.002636
1,107,5000,2,0.002634
1,107,5000,3,0.002673
1,109,1000,1,0.002447
1,109,1000,2,0.002413
1,109,1000,3,0.002438
1,109,1200,1,0.002442
1,109,1200,2,0.002466
1,109,1200,3,0.002404
1,109,1400,1,0.002403
1,109,1400,2,0.002429
1,109,1400,3,0.002463
1,109,1600,1,0.002455
1,109,1600,2,0.002448
1,109,1600,3,0.002428
1,109,1800,1,0.002440
1,109,1800,2,0.002416
1,109,1800,3,0.002434
1,109,2000,1,0.002423
1,109,2000,2,0.002466
1,109,2000,3,0.002458
1,109,2200,1,0.002487
1,109,2200,2,0.002496
1,109,2200,3,0.002461
1,109,2400,1,0.002451
1,109,2400,2,0.002462
1,109,2400,3,0.002427
1,109,2600,1,0.002522
1,109,2600,2,0.002504
1,109,2600,3,0.002504
1,109,2800,1,0.002516
1,109,2800,2,0.002508
1,109,2800,3,0.002550
1,109,3000,1,0.002541
1,109,3000,2,0.002515
1,109,3000,3,0.002496
1,109,3200,1,0.002503
1,109,3200,2,0.002666
1,109,3200,3,0.002527
1,109,3400,1,0.002519
1,109,3400,2,0.002551
1,109,3400,3,0.002560
1,109,3600,1,0.002590
1,109,3600,2,0.002570
1,109,3600,3,0.002552
1,109,3800,1,0.002587
1,109,3800,2,0.002608
1,109,3800,3,0.002574
1,109,4000,1,0.002590
1,109,4000,2,0.002603
1,109,4000,3,0.002576
1,109,4200,1,0.002568
1,109,4200,2,0.002560
1,109,4200,3,0.002554
1,109,4400,1,0.002561
1,109,4400,2,0.002624
1,109,4400,3,0.002600
1,109,4600,1,0.002593
1,109,4600,2,0.002629
1,109,4600,3,0.002584
1,109,4800,1,0.002641
1,109,4800,2,0.002640
1,109,4800,3,0.002684
1,109,5000,1,0.002658
1,109,5000,2,0.002643
1,109,5000,3,0.002636
1,111,1000,1,0.002403
1,111,1000,2,0.002445
1,111,1000,3,0.002446
1,111,1200,1,0.002463
1,111,1200,2,0.002445
1,111,1200,3,0.002438
1,111,1400,1,0.002446
1,111,1400,2,0.002450
1,111,1400,3,0.002454
1,111,1600,1,0.002464
1,111,1600,2,0.002463
1,111,1600,3,0.002465
1,111,1800,1,0.002452
1,111,1800,2,0.002471
1,111,1800,3,0.002466
1,111,2000,1,0.002486
1,111,2000,2,0.002455
1,111,2000,3,0.002470
1,111,2200,1,0.002486
1,111,2200,2,0.002486
1,111,2200,3,0.002489
1,111,2400,1,0.002480
1,111,2400,2,0.002481
1,111,2400,3,0.002497
1,111,2600,1,0.002486
1,111,2600,2,0.002489
1,111,2600,3,0.002497
1,111,2800,1,0.002501
1,111,2800,2,0.002500
1,111,2800,3,0.002493
1,111,3000,1,0.002511
1,111,3000,2,0.002498
1,111,3000,3,0.002491
1,111,3200,1,0.002549
1,111,3200,2,0.002553
1,111,3200,3,0.002560
1,111,3400,1,0.002557
1,111,3400,2,0.002546
1,111,3400,3,0.002558
1,111,3600,1,0.002571
1,111,3600,2,0.002565
1,111,3600,3,0.002576
1,111,3800,1,0.002596
1,111,3800,2,0.002595
1,111,3800,3,0.002597
1,111,4000,1,0.002600
1,111,4000,2,0.002621
1,111,4000,3,0.002611
1,111,4200,1,0.002597
1,111,4200,2,0.002590
1,111,4200,3,0.002600
1,111,4400,1,0.002593
1,111,4400,2,0.002610
1,111,4400,3,0.002597
1,111,4600,1,0.002617
1,111,4600,2,0.002650
1,111,4600,3,0.002614
1,111,4800,1,0.002617
1,111,4800,2,0.002609
1,111,4800,3,0.002630
1,111,5000,1,0.002585
1,111,5000,2,0.002624
1,111,5000,3,0.002608
1,113,1000,1,0.002468
1,113,1000,2,0.002459
1,113,1000,3,0.002459
1,113,1200,1,0.002448
1,113,1200,2,0.002468
1,113,1200,3,0.002431
1,113,1400,1,0.002426
1,113,1400,2,0.002428
1,113,1400,3,0.002437
1,113,1600,1,0.002457
1,113,1600,2,0.002463
1,113,1600,3,0.002472
1,113,1800,1,0.002472
1,113,1800,2,0.002461
1,113,1800,3,0.002473
1,113,2000,1,0.002480
1,113,2000,2,0.002466
1,113,2000,3,0.002461
1,113,2200,1,0.002505
1,113,2200,2,0.002491
1,113,2200,3,0.002492
1,113,2400,1,0.002479
1,113,2400,2,0.002488
1,113,2400,3,0.002470
1,113,2600,1,0.002527
1,113,2600,2,0.002514
1,113,2600,3,0.002538
1,113,2800,1,0.002499
1,113,2800,2,0.002492
1,113,2800,3,0.002504
1,113,3000,1,0.002509
1,113,3000,2,0.002509
1,113,3000,3,0.002521
1,113,3200,1,0.002546
1,113,3200,2,0.002541
1,113,3200,3,0.002540
1,113,3400,1,0.002531
1,113,3400,2,0.002510
1,113,3400,3,0.002507
1,113,3600,1,0.002543
1,113,3600,2,0.002568
1,113,3600,3,0.002567
1,113,3800,1,0.002551
1,113,3800,2,0.002568
1,113,3800,3,0.002570
1,113,4000,1,0.002561
1,113,4000,2,0.002570
1,113,4000,3,0.002550
1,113,4200,1,0.002563
1,113,4200,2,0.002552
1,113,4200,3,0.002621
1,113,4400,1,0.002579
1,113,4400,2,0.002593
1,113,4400,3,0.002588
1,113,4600,1,0.002589
1,113,4600,2,0.002611
1,113,4600,3,0.002578
1,113,4800,1,0.002668
1,113,4800,2,0.002648
1,113,4800,3,0.002633
1,113,5000,1,0.002674
1,113,5000,2,0.002693
1,113,5000,3,0.002643
1,115,1000,1,0.002460
1,115,1000,2,0.002469
1,115,1000,3,0.002451
1,115,1200,1,0.002431
1,115,1200,2,0.002456
1,115,1200,3,0.002443
1,115,1400,1,0.002415
1,115,1400,2,0.002450
1,115,1400,3,0.002456
1,115,1600,1,0.002471
1,115,1600,2,0.002454
1,115,1600,3,0.002462
1,115,1800,1,0.002450
1,115,1800,2,0.002476
1,115,1800,3,0.002439
1,115,2000,1,0.002437
1,115,2000,2,0.002460
1,115,2000,3,0.002439
1,115,2200,1,0.002506
1,115,2200,2,0.002486
1,115,2200,3,0.002491
1,115,2400,1,0.002492
1,115,2400,2,0.002506
1,115,2400,3,0.002470
1,115,2600,1,0.002524
1,115,2600,2,0.002483
1,115,2600,3,0.002505
1,115,2800,1,0.002513
1,115,2800,2,0.002499
1,115,2800,3,0.002538
1,115,3000,1,0.002543
1,115,3000,2,0.002538
1,115,3000,3,0.002571
1,115,3200,1,0.002584
1,115,3200,2,0.002555
1,115,3200,3,0.002588
1,115,3400,1,0.002542
1,115,3400,2,0.002565
1,115,3400,3,0.002584
1,115,3600,1,0.002558
1,115,3600,2,0.002559
1,115,3600,3,0.002565
1,115,3800,1,0.002592
1,115,3800,2,0.002599
1,115,3800,3,0.002614
1,115,4000,1,0.002612
1,115,4000,2,0.002598
1,115,4000,3,0.002624
1,115,4200,1,0.002596
1,115,4200,2,0.002590
1,115,4200,3,0.002579
1,115,4400,1,0.002571
1,115,4400,2,0.002584
1,115,4400,3,0.002575
1,115,4600,1,0.002645
1,115,4600,2,0.002606
1,115,4600,3,0.002607
1,115,4800,1,0.002666
1,115,4800,2,0.002670
1,115,4800,3,0.002645
1,115,5000,1,0.002680
1,115,5000,2,0.002690
1,115,5000,3,0.002649
1,117,1000,1,0.002456
1,117,1000,2,0.002438
1,117,1000,3,0.002456
1,117,1200,1,0.002467
1,117,1200,2,0.002410
1,117,1200,3,0.002444
1,117,1400,1,0.002441
1,117,1400,2,0.002494
1,117,1400,3,0.002466
1,117,1600,1,0.002481
1,117,1600,2,0.002484
1,117,1600,3,0.002458
1,117,1800,1,0.002447
1,117,1800,2,0.002444
1,117,1800,3,0.002435
1,117,2000,1,0.002482
1,117,2000,2,0.002491
1,117,2000,3,0.002483
1,117,2200,1,0.002505
1,117,2200,2,0.002490
1,117,2200,3,0.002484
1,117,2400,1,0.002480
1,117,2400,2,0.002455
1,117,2400,3,0.002504
1,117,2600,1,0.002525
1,117,2600,2,0.002524
1,117,2600,3,0.002527
1,117,2800,1,0.002543
1,117,2800,2,0.002529
1,117,2800,3,0.002515
1,117,3000,1,0.002518
1,117,3000,2,0.002520
1,117,3000,3,0.002504
1,117,3200,1,0.002562
1,117,3200,2,0.002586
1,117,3200,3,0.002587
1,117,3400,1,0.002560
1,117,3400,2,0.002563
1,117,3400,3,0.002578
1,117,3600,1,0.002545
1,117,3600,2,0.002553
1,117,3600,3,0.002575
1,117,3800,1,0.002556
1,117,3800,2,0.002615
1,117,3800,3,0.002601
1,117,4000,1,0.002616
1,117,4000,2,0.002609
1,117,4000,3,0.002597
1,117,4200,1,0.002575
1,117,4200,2,0.002589
1,117,4200,3,0.002584
1,117,4400,1,0.002571
1,117,4400,2,0.002606
1,117,4400,3,0.002613
1,117,4600,1,0.002618
1,117,4600,2,0.002612
1,117,4600,3,0.002613
1,117,4800,1,0.002682
1,117,4800,2,0.002644
1,117,4800,3,0.002645
1,117,5000,1,0.002673
1,117,5000,2,0.002653
1,117,5000,3,0.002625
1,119,1000,1,0.002439
1,119,1000,2,0.002463
1,119,1000,3,0.002447
1,119,1200,1,0.002443
1,119,1200,2,0.002428
1,119,1200,3,0.002462
1,119,1400,1,0.002476
1,119,1400,2,0.002476
1,119,1400,3,0.002480
1,119,1600,1,0.002448
1,119,1600,2,0.002448
1,119,1600,3,0.002430
1,119,1800,1,0.002501
1,119,1800,2,0.002489
1,119,1800,3,0.002460
1,119,2000,1,0.002510
1,119,2000,2,0.002478
1,119,2000,3,0.002467
1,119,2200,1,0.002500
1,119,2200,2,0.002476
1,119,2200,3,0.002476
1,119,2400,1,0.002493
1,119,2400,2,0.002513
1,119,2400,3,0.002511
1,119,2600,1,0.002534
1,119,2600,2,0.002558
1,119,2600,3,0.002526
1,119,2800,1,0.002519
1,119,2800,2,0.002499
1,119,2800,3,0.002533
1,119,3000,1,0.002552
1,119,3000,2,0.002555
1,119,3000,3,0.002555
1,119,3200,1,0.002597
1,119,3200,2,0.002582
1,119,3200,3,0.002577
1,119,3400,1,0.002560
1,119,3400,2,0.002588
1,119,3400,3,0.002594
1,119,3600,1,0.002613
1,119,3600,2,0.002575
1,119,3600,3,0.002593
1,119,3800,1,0.002601
1,119,3800,2,0.002592
1,119,3800,3,0.002610
1,119,4000,1,0.002592
1,119,4000,2,0.002590
1,119,4000,3,0.002597
1,119,4200,1,0.002602
1,119,4200,2,0.002630
1,119,4200,3,0.002609
1,119,4400,1,0.002616
1,119,4400,2,0.003074
1,119,4400,3,0.002606
1,119,4600,1,0.002607
1,119,4600,2,0.002609
1,119,4600,3,0.002664
1,119,4800,1,0.002663
1,119,4800,2,0.002677
1,119,4800,3,0.002669
1,119,5000,1,0.002649
1,119,5000,2,0.002669
1,119,5000,3,0.002662
1,121,1000,1,0.002477
1,121,1000,2,0.002459
1,121,1000,3,0.002430
1,121,1200,1,0.002469
1,121,1200,2,0.002445
1,121,1200,3,0.002498
1,121,1400,1,0.002501
1,121,1400,2,0.002477
1,121,1400,3,0.002490
1,121,1600,1,0.002477
1,121,1600,2,0.002521
1,121,1600,3,0.002470
1,121,1800,1,0.002484
1,121,1800,2,0.002503
1,121,1800,3,0.002499
1,121,2000,1,0.002532
1,121,2000,2,0.002486
1,121,2000,3,0.002491
1,121,2200,1,0.002510
1,121,2200,2,0.002516
1,121,2200,3,0.002518
1,121,2400,1,0.002523
1,121,2400,2,0.002519
1,121,2400,3,0.002556
1,121,2600,1,0.002551
1,121,2600,2,0.002554
1,121,2600,3,0.002539
1,121,2800,1,0.002545
1,121,2800,2,0.002526
1,121,2800,3,0.002559
1,121,3000,1,0.002557
1,121,3000,2,0.002549
1,121,3000,3,0.002549
1,121,3200,1,0.002574
1,121,3200,2,0.002575
1,121,3200,3,0.002577
1,121,3400,1,0.002547
1,121,3400,2,0.002557
1,121,3400,3,0.002575
1,121,3600,1,0.002560
1,121,3600,2,0.002588
1,121,3600,3,0.002603
1,121,3800,1,0.002616
1,121,3800,2,0.002621
1,121,3800,3,0.002605
1,121,4000,1,0.002640
1,121,4000,2,0.002614
1,121,4000,3,0.002608
1,121,4200,1,0.002604
1,121,4200,2,0.002596
1,121,4200,3,0.002602
1,121,4400,1,0.002579
1,121,4400,2,0.002584
1,121,4400,3,0.002608
1,121,4600,1,0.002636
1,121,4600,2,0.002617
1,121,4600,3,0.002642
1,121,4800,1,0.002658
1,121,4800,2,0.002671
1,121,4800,3,0.002649
1,121,5000,1,0.002655
1,121,5000,2,0.002708
1,121,5000,3,0.002672
1,123,1000,1,0.002471
1,123,1000,2,0.002464
1,123,1000,3,0.002467
1,123,1200,1,0.002499
1,123,1200,2,0.002457
1,123,1200,3,0.002448
1,123,1400,1,0.002443
1,123,1400,2,0.002442
1,123,1400,3,0.002479
1,123,1600,1,0.002481
1,123,1600,2,0.002479
1,123,1600,3,0.002481
1,123,1800,1,0.002483
1,123,1800,2,0.002489
1,123,1800,3,0.002483
1,123,2000,1,0.002469
1,123,2000,2,0.002466
1,123,2000,3,0.002480
1,123,2200,1,0.002539
1,123,2200,2,0.002503
1,123,2200,3,0.002519
1,123,2400,1,0.002527
1,123,2400,2,0.002507
1,123,2400,3,0.002504
1,123,2600,1,0.002507
1,123,2600,2,0.002539
1,123,2600,3,0.002535
1,123,2800,1,0.002540
1,123,2800,2,0.002514
1,123,2800,3,0.002555
1,123,3000,1,0.002553
1,123,3000,2,0.002568
1,123,3000,3,0.002586
1,123,3200,1,0.002606
1,123,3200,2,0.002608
1,123,3200,3,0.002602
1,123,3400,1,0.003074
1,123,3400,2,0.002610
1,123,3400,3,0.002590
1,123,3600,1,0.002654
1,123,3600,2,0.002588
1,123,3600,3,0.002612
1,123,3800,1,0.002571
1,123,3800,2,0.002605
1,123,3800,3,0.002589
1,123,4000,1,0.002614
1,123,4000,2,0.002618
1,123,4000,3,0.002634
1,123,4200,1,0.002614
1,123,4200,2,0.002639
1,123,4200,3,0.002613
1,123,4400,1,0.002627
1,123,4400,2,0.002643
1,123,4400,3,0.002581
1,123,4600,1,0.002623
1,123,4600,2,0.002607
1,123,4600,3,0.002607
1,123,4800,1,0.002650
1,123,4800,2,0.002651
1,123,4800,3,0.002641
1,123,5000,1,0.002674
1,123,5000,2,0.002640
1,123,5000,3,0.002669
1,125,1000,1,0.002523
1,125,1000,2,0.002452
1,125,1000,3,0.002455
1,125,1200,1,0.002457
1,125,1200,2,0.002441
1,125,1200,3,0.002508
1,125,1400,1,0.002503
1,125,1400,2,0.002496
1,125,1400,3,0.002505
1,125,1600,1,0.002488
1,125,1600,2,0.002489
1,125,1600,3,0.002453
1,125,1800,1,0.002457
1,125,1800,2,0.002493
1,125,1800,3,0.002458
1,125,2000,1,0.002521
1,125,2000,2,0.002503
1,125,2000,3,0.002519
1,125,2200,1,0.002552
1,125,2200,2,0.002527
1,125,2200,3,0.002518
1,125,2400,1,0.002524
1,125,2400,2,0.002493
1,125,2400,3,0.002505
1,125,2600,1,0.002561
1,125,2600,2,0.002562
1,125,2600,3,0.002573
1,125,2800,1,0.002559
1,125,2800,2,0.002563
1,125,2800,3,0.002570
1,125,3000,1,0.002588
1,125,3000,2,0.002535
1,125,3000,3,0.002528
1,125,3200,1,0.002593
1,125,3200,2,0.002580
1,125,3200,3,0.002586
1,125,3400,1,0.002625
1,125,3400,2,0.002598
1,125,3400,3,0.002619
1,125,3600,1,0.002613
1,125,3600,2,0.002620
1,125,3600,3,0.002620
1,125,3800,1,0.002636
1,125,3800,2,0.002638
1,125,3800,3,0.002663
1,125,4000,1,0.002619
1,125,4000,2,0.002638
1,125,4000,3,0.002619
1,125,4200,1,0.002622
1,125,4200,2,0.002617
1,125,4200,3,0.002633
1,125,4400,1,0.002593
1,125,4400,2,0.002622
1,125,4400,3,0.002632
1,125,4600,1,0.002601
1,125,4600,2,0.002669
1,125,4600,3,0.002642
1,125,4800,1,0.002654
1,125,4800,2,0.002686
1,125,4800,3,0.002695
1,125,5000,1,0.002709
1,125,5000,2,0.002674
1,125,5000,3,0.002701
1,127,1000,1,0.002477
1,127,1000,2,0.002461
1,127,1000,3,0.002492
1,127,1200,1,0.002492
1,127,1200,2,0.002535
1,127,1200,3,0.002477
1,127,1400,1,0.002519
1,127,1400,2,0.002502
1,127,1400,3,0.002477
1,127,1600,1,0.002468
1,127,1600,2,0.002489
1,127,1600,3,0.002474
1,127,1800,1,0.002507
1,127,1800,2,0.002519
1,127,1800,3,0.002504
1,127,2000,1,0.002511
1,127,2000,2,0.002518
1,127,2000,3,0.002518
1,127,2200,1,0.002537
1,127,2200,2,0.002509
1,127,2200,3,0.002503
1,127,2400,1,0.002524
1,127,2400,2,0.002521
1,127,2400,3,0.002514
1,127,2600,1,0.002543
1,127,2600,2,0.002536
1,127,2600,3,0.002556
1,127,2800,1,0.002580
1,127,2800,2,0.002591
1,127,2800,3,0.002574
1,127,3000,1,0.002601
1,127,3000,2,0.002572
1,127,3000,3,0.002591
1,127,3200,1,0.002586
1,127,3200,2,0.002586
1,127,3200,3,0.002594
1,127,3400,1,0.002578
1,127,3400,2,0.002592
1,127,3400,3,0.002614
1,127,3600,1,0.002678
1,127,3600,2,0.002649
1,127,3600,3,0.002651
1,127,3800,1,0.002633
1,127,3800,2,0.002683
1,127,3800,3,0.002659
1,127,4000,1,0.002625
1,127,4000,2,0.002618
1,127,4000,3,0.002629
1,127,4200,1,0.002612
1,127,4200,2,0.002624
1,127,4200,3,0.002652
1,127,4400,1,0.002637
1,127,4400,2,0.002656
1,127,4400,3,0.002683
1,127,4600,1,0.002684
1,127,4600,2,0.002655
1,127,4600,3,0.002650
1,127,4800,1,0.002698
1,127,4800,2,0.002706
1,127,4800,3,0.002720
1,127,5000,1,0.002708
1,127,5000,2,0.002665
1,127,5000,3,0.002663
1,129,1000,1,0.002522
1,129,1000,2,0.002524
1,129,1000,3,0.002486
1,129,1200,1,0.002487
1,129,1200,2,0.002492
1,129,1200,3,0.002461
1,129,1400,1,0.002473
1,129,1400,2,0.002519
1,129,1400,3,0.002516
1,129,1600,1,0.002519
1,129,1600,2,0.002515
1,129,1600,3,0.002534
1,129,1800,1,0.002498
1,129,1800,2,0.002498
1,129,1800,3,0.002488
1,129,2000,1,0.002508
1,129,2000,2,0.002523
1,129,2000,3,0.002533
1,129,2200,1,0.002570
1,129,2200,2,0.002548
1,129,2200,3,0.003021
1,129,2400,1,0.002558
1,129,2400,2,0.002547
1,129,2400,3,0.002560
1,129,2600,1,0.002580
1,129,2600,2,0.002574
1,129,2600,3,0.002580
1,129,2800,1,0.002575
1,129,2800,2,0.002598
1,129,2800,3,0.002605
1,129,3000,1,0.002586
1,129,3000,2,0.002575
1,129,3000,3,0.002606
1,129,3200,1,0.002606
1,129,3200,2,0.002627
1,129,3200,3,0.002611
1,129,3400,1,0.002615
1,129,3400,2,0.002599
1,129,3400,3,0.002593
1,129,3600,1,0.002636
1,129,3600,2,0.002672
1,129,3600,3,0.002633
1,129,3800,1,0.002654
1,129,3800,2,0.002663
1,129,3800,3,0.002669
1,129,4000,1,0.002662
1,129,4000,2,0.002663
1,129,4000,3,0.002623
1,129,4200,1,0.002654
1,129,4200,2,0.002639
1,129,4200,3,0.002648
1,129,4400,1,0.002634
1,129,4400,2,0.002643
1,129,4400,3,0.002664
1,129,4600,1,0.002716
1,129,4600,2,0.002651
1,129,4600,3,0.002673
1,129,4800,1,0.002684
1,129,4800,2,0.002717
1,129,4800,3,0.002714
1,129,5000,1,0.002747
1,129,5000,2,0.002706
1,129,5000,3,0.002721
1,131,1000,1,0.002509
1,131,1000,2,0.002515
1,131,1000,3,0.002513
1,131,1200,1,0.002535
1,131,1200,2,0.002512
1,131,1200,3,0.002489
1,131,1400,1,0.002484
1,131,1400,2,0.002526
1,131,1400,3,0.002524
1,131,1600,1,0.002492
1,131,1600,2,0.002495
1,131,1600,3,0.002525
1,131,1800,1,0.002514
1,131,1800,2,0.002549
1,131,1800,3,0.002529
1,131,2000,1,0.002536
1,131,2000,2,0.002523
1,131,2000,3,0.002530
1,131,2200,1,0.002544
1,131,2200,2,0.002540
1,131,2200,3,0.002562
1,131,2400,1,0.002554
1,131,2400,2,0.002570
1,131,2400,3,0.002548
1,131,2600,1,0.002574
1,131,2600,2,0.002586
1,131,2600,3,0.002612
1,131,2800,1,0.002595
1,131,2800,2,0.002612
1,131,2800,3,0.002581
1,131,3000,1,0.002602
1,131,3000,2,0.002597
1,131,3000,3,0.002604
1,131,3200,1,0.002648
1,131,3200,2,0.002636
1,131,3200,3,0.002642
1,131,3400,1,0.002631
1,131,3400,2,0.002609
1,131,3400,3,0.002594
1,131,3600,1,0.002652
1,131,3600,2,0.002652
1,131,3600,3,0.002634
1,131,3800,1,0.002646
1,131,3800,2,0.002649
1,131,3800,3,0.002665
1,131,4000,1,0.002642
1,131,4000,2,0.002659
1,131,4000,3,0.002657
1,131,4200,1,0.002644
1,131,4200,2,0.002658
1,131,4200,3,0.002661
1,131,4400,1,0.002697
1,131,4400,2,0.002675
1,131,4400,3,0.002657
1,131,4600,1,0.002685
1,131,4600,2,0.002683
1,131,4600,3,0.002669
1,131,4800,1,0.002722
1,131,4800,2,0.002742
1,131,4800,3,0.002698
1,131,5000,1,0.002729
1,131,5000,2,0.002727
1,131,5000,3,0.002723
1,133,1000,1,0.002514
1,133,1000,2,0.002523
1,133,1000,3,0.002521
1,133,1200,1,0.002524
1,133,1200,2,0.002525
1,133,1200,3,0.002515
1,133,1400,1,0.002525
1,133,1400,2,0.002512
1,133,1400,3,0.002484
1,133,1600,1,0.002499
1,133,1600,2,0.002529
1,133,1600,3,0.002525
1,133,1800,1,0.002563
1,133,1800,2,0.002543
1,133,1800,3,0.002510
1,133,2000,1,0.002503
1,133,2000,2,0.002514
1,133,2000,3,0.002521
1,133,2200,1,0.002533
1,133,2200,2,0.002582
1,133,2200,3,0.002574
1,133,2400,1,0.002563
1,133,2400,2,0.002560
1,133,2400,3,0.002557
1,133,2600,1,0.002593
1,133,2600,2,0.002608
1,133,2600,3,0.002587
1,133,2800,1,0.002563
1,133,2800,2,0.002568
1,133,2800,3,0.002572
1,133,3000,1,0.002568
1,133,3000,2,0.002599
1,133,3000,3,0.002612
1,133,3200,1,0.002637
1,133,3200,2,0.002657
1,133,3200,3,0.002643
1,133,3400,1,0.002622
1,133,3400,2,0.002603
1,133,3400,3,0.002606
1,133,3600,1,0.002638
1,133,3600,2,0.002619
1,133,3600,3,0.002646
1,133,3800,1,0.002620
1,133,3800,2,0.002643
1,133,3800,3,0.002646
1,133,4000,1,0.002659
1,133,4000,2,0.002670
1,133,4000,3,0.002723
1,133,4200,1,0.002667
1,133,4200,2,0.002683
1,133,4200,3,0.002682
1,133,4400,1,0.002700
1,133,4400,2,0.002657
1,133,4400,3,0.002690
1,133,4600,1,0.002696
1,133,4600,2,0.002687
1,133,4600,3,0.002678
1,133,4800,1,0.002725
1,133,4800,2,0.002738
1,133,4800,3,0.002722
1,133,5000,1,0.002760
1,133,5000,2,0.002720
1,133,5000,3,0.002720
1,135,1000,1,0.002536
1,135,1000,2,0.002549
1,135,1000,3,0.002514
1,135,1200,1,0.002533
1,135,1200,2,0.002529
1,135,1200,3,0.002495
1,135,1400,1,0.002507
1,135,1400,2,0.002523
1,135,1400,3,0.002521
1,135,1600,1,0.002536
1,135,1600,2,0.002553
1,135,1600,3,0.002535
1,135,1800,1,0.002537
1,135,1800,2,0.002520
1,135,1800,3,0.002521
1,135,2000,1,0.002531
1,135,2000,2,0.002548
1,135,2000,3,0.002514
1,135,2200,1,0.002567
1,135,2200,2,0.002568
1,135,2200,3,0.002573
1,135,2400,1,0.002586
1,135,2400,2,0.002578
1,135,2400,3,0.002581
1,135,2600,1,0.002630
1,135,2600,2,0.002573
1,135,2600,3,0.002592
1,135,2800,1,0.002588
1,135,2800,2,0.002590
1,135,2800,3,0.002569
1,135,3000,1,0.002582
1,135,3000,2,0.002582
1,135,3000,3,0.002572
1,135,3200,1,0.002675
1,135,3200,2,0.002665
1,135,3200,3,0.002635
1,135,3400,1,0.002654
1,135,3400,2,0.002653
1,135,3400,3,0.002676
1,135,3600,1,0.002670
1,135,3600,2,0.002683
1,135,3600,3,0.002667
1,135,3800,1,0.002689
1,135,3800,2,0.002682
1,135,3800,3,0.002670
1,135,4000,1,0.002689
1,135,4000,2,0.002695
1,135,4000,3,0.002673
1,135,4200,1,0.002691
1,135,4200,2,0.002688
1,135,4200,3,0.002708
1,135,4400,1,0.002712
1,135,4400,2,0.002696
1,135,4400,3,0.002709
1,135,4600,1,0.002714
1,135,4600,2,0.002700
1,135,4600,3,0.002693
1,135,4800,1,0.002731
1,135,4800,2,0.002753
1,135,4800,3,0.002721
1,135,5000,1,0.002757
1,135,5000,2,0.002744
1,135,5000,3,0.002739
1,137,1000,1,0.002537
1,137,1000,2,0.002538
1,137,1000,3,0.002532
1,137,1200,1,0.002552
1,137,1200,2,0.002553
1,137,1200,3,0.002568
1,137,1400,1,0.002538
1,137,1400,2,0.002561
1,137,1400,3,0.002543
1,137,1600,1,0.002550
1,137,1600,2,0.002527
1,137,1600,3,0.002517
1,137,1800,1,0.002525
1,137,1800,2,0.002547
1,137,1800,3,0.002544
1,137,2000,1,0.002548
1,137,2000,2,0.002571
1,137,2000,3,0.002553
1,137,2200,1,0.002590
1,137,2200,2,0.002594
1,137,2200,3,0.002585
1,137,2400,1,0.002589
1,137,2400,2,0.002559
1,137,2400,3,0.002559
1,137,2600,1,0.002596
1,137,2600,2,0.002579
1,137,2600,3,0.002623
1,137,2800,1,0.002614
1,137,2800,2,0.002628
1,137,2800,3,0.002621
1,137,3000,1,0.002604
1,137,3000,2,0.002618
1,137,3000,3,0.002622
1,137,3200,1,0.002657
1,137,3200,2,0.002634
1,137,3200,3,0.002618
1,137,3400,1,0.002648
1,137,3400,2,0.002622
1,137,3400,3,0.002625
1,137,3600,1,0.002636
1,137,3600,2,0.002659
1,137,3600,3,0.002664
1,137,3800,1,0.002735
1,137,3800,2,0.002683
1,137,3800,3,0.002695
1,137,4000,1,0.002721
1,137,4000,2,0.002722
1,137,4000,3,0.002686
1,137,4200,1,0.002735
1,137,4200,2,0.002675
1,137,4200,3,0.002686
1,137,4400,1,0.002675
1,137,4400,2,0.002701
1,137,4400,3,0.002682
1,137,4600,1,0.002662
1,137,4600,2,0.002695
1,137,4600,3,0.002660
1,137,4800,1,0.002727
1,137,4800,2,0.002702
1,137,4800,3,0.002742
1,137,5000,1,0.002763
1,137,5000,2,0.002754
1,137,5000,3,0.002745
1,139,1000,1,0.002517
1,139,1000,2,0.002503
1,139,1000,3,0.002537
1,139,1200,1,0.002531
1,139,1200,2,0.002552
1,139,1200,3,0.002545
1,139,1400,1,0.002560
1,139,1400,2,0.002542
1,139,1400,3,0.002553
1,139,1600,1,0.002535
1,139,1600,2,0.002531
1,139,1600,3,0.002536
1,139,1800,1,0.002526
1,139,1800,2,0.002535
1,139,1800,3,0.002525
1,139,2000,1,0.002556
1,139,2000,2,0.002557
1,139,2000,3,0.002546
1,139,2200,1,0.002595
1,139,2200,2,0.002593
1,139,2200,3,0.002618
1,139,2400,1,0.002580
1,139,2400,2,0.002572
1,139,2400,3,0.002575
1,139,2600,1,0.002595
1,139,2600,2,0.002599
1,139,2600,3,0.002591
1,139,2800,1,0.002633
1,139,2800,2,0.002635
1,139,2800,3,0.002648
1,139,3000,1,0.002635
1,139,3000,2,0.002637
1,139,3000,3,0.002621
1,139,3200,1,0.002678
1,139,3200,2,0.002661
1,139,3200,3,0.002667
1,139,3400,1,0.002658
1,139,3400,2,0.002667
1,139,3400,3,0.002660
1,139,3600,1,0.002688
1,139,3600,2,0.002688
1,139,3600,3,0.002704
1,139,3800,1,0.002684
1,139,3800,2,0.002688
1,139,3800,3,0.002691
1,139,4000,1,0.002709
1,139,4000,2,0.002689
1,139,4000,3,0.002694
1,139,4200,1,0.002710
1,139,4200,2,0.002692
1,139,4200,3,0.002660
1,139,4400,1,0.002707
1,139,4400,2,0.002723
1,139,4400,3,0.002704
1,139,4600,1,0.002768
1,139,4600,2,0.002716
1,139,4600,3,0.002725
1,139,4800,1,0.002781
1,139,4800,2,0.002730
1,139,4800,3,0.002775
1,139,5000,1,0.002779
1,139,5000,2,0.002747
1,139,5000,3,0.002795
1,141,1000,1,0.002523
1,141,1000,2,0.002529
1,141,1000,3,0.002538
1,141,1200,1,0.002497
1,141,1200,2,0.002537
1,141,1200,3,0.002543
1,141,1400,1,0.002538
1,141,1400,2,0.002546
1,141,1400,3,0.002546
1,141,1600,1,0.002527
1,141,1600,2,0.002520
1,141,1600,3,0.002533
1,141,1800,1,0.002577
1,141,1800,2,0.002576
1,141,1800,3,0.002566
1,141,2000,1,0.002574
1,141,2000,2,0.002557
1,141,2000,3,0.002571
1,141,2200,1,0.002599
1,141,2200,2,0.002615
1,141,2200,3,0.002627
1,141,2400,1,0.002599
1,141,2400,2,0.002640
1,141,2400,3,0.002581
1,141,2600,1,0.002619
1,141,2600,2,0.002703
1,141,2600,3,0.002621
1,141,2800,1,0.002629
1,141,2800,2,0.002615
1,141,2800,3,0.002644
1,141,3000,1,0.002631
1,141,3000,2,0.002629
1,141,3000,3,0.002631
1,141,3200,1,0.002706
1,141,3200,2,0.002658
1,141,3200,3,0.002673
1,141,3400,1,0.002649
1,141,3400,2,0.002661
1,141,3400,3,0.002678
1,141,3600,1,0.002712
1,141,3600,2,0.002680
1,141,3600,3,0.002683
1,141,3800,1,0.002672
1,141,3800,2,0.002686
1,141,3800,3,0.002672
1,141,4000,1,0.002691
1,141,4000,2,0.002698
1,141,4000,3,0.002700
1,141,4200,1,0.002695
1,141,4200,2,0.002713
1,141,4200,3,0.002698
1,141,4400,1,0.002690
1,141,4400,2,0.002716
1,141,4400,3,0.002762
1,141,4600,1,0.002710
1,141,4600,2,0.002731
1,141,4600,3,0.002680
1,141,4800,1,0.002745
1,141,4800,2,0.002759
1,141,4800,3,0.002772
1,141,5000,1,0.002750
1,141,5000,2,0.002806
1,141,5000,3,0.002770
1,143,1000,1,0.002536
1,143,1000,2,0.002515
1,143,1000,3,0.002532
1,143,1200,1,0.002571
1,143,1200,2,0.002551
1,143,1200,3,0.002549
1,143,1400,1,0.002555
1,143,1400,2,0.002567
1,143,1400,3,0.002558
1,143,1600,1,0.002561
1,143,1600,2,0.002571
1,143,1600,3,0.002566
1,143,1800,1,0.002565
1,143,1800,2,0.002548
1,143,1800,3,0.002583
1,143,2000,1,0.002554
1,143,2000,2,0.002600
1,143,2000,3,0.002585
1,143,2200,1,0.002592
1,143,2200,2,0.002620
1,143,2200,3,0.002594
1,143,2400,1,0.002608
1,143,2400,2,0.002600
1,143,2400,3,0.002599
1,143,2600,1,0.002655
1,143,2600,2,0.002628
1,143,2600,3,0.002624
1,143,2800,1,0.002613
1,143,2800,2,0.002622
1,143,2800,3,0.002617
1,143,3000,1,0.002620
1,143,3000,2,0.002629
1,143,3000,3,0.002671
1,143,3200,1,0.002649
1,143,3200,2,0.002671
1,143,3200,3,0.002701
1,143,3400,1,0.002658
1,143,3400,2,0.002661
1,143,3400,3,0.002664
1,143,3600,1,0.002654
1,143,3600,2,0.002687
1,143,3600,3,0.002685
1,143,3800,1,0.002686
1,143,3800,2,0.002670
1,143,3800,3,0.002711
1,143,4000,1,0.002691
1,143,4000,2,0.002724
1,143,4000,3,0.002724
1,143,4200,1,0.002733
1,143,4200,2,0.002734
1,143,4200,3,0.002728
1,143,4400,1,0.002722
1,143,4400,2,0.002707
1,143,4400,3,0.002687
1,143,4600,1,0.002702
1,143,4600,2,0.002694
1,143,4600,3,0.002772
1,143,4800,1,0.002748
1,143,4800,2,0.002736
1,143,4800,3,0.002720
1,143,5000,1,0.002755
1,143,5000,2,0.002734
1,143,5000,3,0.002756
1,145,1000,1,0.002568
1,145,1000,2,0.002547
1,145,1000,3,0.002575
1,145,1200,1,0.002536
1,145,1200,2,0.002554
1,145,1200,3,0.002548
1,145,1400,1,0.002585
1,145,1400,2,0.002555
1,145,1400,3,0.002569
1,145,1600,1,0.002553
1,145,1600,2,0.002578
1,145,1600,3,0.002558
1,145,1800,1,0.002584
1,145,1800,2,0.002562
1,145,1800,3,0.002585
1,145,2000,1,0.002578
1,145,2000,2,0.002578
1,145,2000,3,0.002581
1,145,2200,1,0.002607
1,145,2200,2,0.002614
1,145,2200,3,0.002592
1,145,2400,1,0.002614
1,145,2400,2,0.002613
1,145,2400,3,0.002621
1,145,2600,1,0.002677
1,145,2600,2,0.002654
1,145,2600,3,0.002617
1,145,2800,1,0.002622
1,145,2800,2,0.002618
1,145,2800,3,0.002619
1,145,3000,1,0.002637
1,145,3000,2,0.002662
1,145,3000,3,0.002646
1,145,3200,1,0.002661
1,145,3200,2,0.002657
1,145,3200,3,0.002664
1,145,3400,1,0.002659
1,145,3400,2,0.002644
1,145,3400,3,0.002661
1,145,3600,1,0.002671
1,145,3600,2,0.002708
1,145,3600,3,0.002705
1,145,3800,1,0.002723
1,145,3800,2,0.002714
1,145,3800,3,0.002714
1,145,4000,1,0.002737
1,145,4000,2,0.002702
1,145,4000,3,0.002712
1,145,4200,1,0.002732
1,145,4200,2,0.002710
1,145,4200,3,0.002739
1,145,4400,1,0.002744
1,145,4400,2,0.002701
1,145,4400,3,0.002736
1,145,4600,1,0.002727
1,145,4600,2,0.002727
1,145,4600,3,0.002686
1,145,4800,1,0.002761
1,145,4800,2,0.002771
1,145,4800,3,0.002781
1,145,5000,1,0.002771
1,145,5000,2,0.002778
1,145,5000,3,0.002753
1,147,1000,1,0.002541
1,147,1000,2,0.002539
1,147,1000,3,0.002521
1,147,1200,1,0.002543
1,147,1200,2,0.002518
1,147,1200,3,0.002553
1,147,1400,1,0.002533
1,147,1400,2,0.002548
1,147,1400,3,0.002536
1,147,1600,1,0.002536
1,147,1600,2,0.002539
1,147,1600,3,0.002539
1,147,1800,1,0.002534
1,147,1800,2,0.002543
1,147,1800,3,0.002559
1,147,2000,1,0.002554
1,147,2000,2,0.002553
1,147,2000,3,0.002559
1,147,2200,1,0.002580
1,147,2200,2,0.002613
1,147,2200,3,0.002590
1,147,2400,1,0.002573
1,147,2400,2,0.002593
1,147,2400,3,0.002612
1,147,2600,1,0.002612
1,147,2600,2,0.002640
1,147,2600,3,0.002622
1,147,2800,1,0.002617
1,147,2800,2,0.002610
1,147,2800,3,0.002639
1,147,3000,1,0.002624
1,147,3000,2,0.002675
1,147,3000,3,0.002663
1,147,3200,1,0.002678
1,147,3200,2,0.002710
1,147,3200,3,0.002704
1,147,3400,1,0.002697
1,147,3400,2,0.002699
1,147,3400,3,0.002706
1,147,3600,1,0.002702
1,147,3600,2,0.002695
1,147,3600,3,0.002717
1,147,3800,1,0.002693
1,147,3800,2,0.002699
1,147,3800,3,0.002695
1,147,4000,1,0.002720
1,147,4000,2,0.002696
1,147,4000,3,0.002722
1,147,4200,1,0.002701
1,147,4200,2,0.002732
1,147,4200,3,0.002689
1,147,4400,1,0.002736
1,147,4400,2,0.002761
1,147,4400,3,0.002732
1,147,4600,1,0.002740
1,147,4600,2,0.002796
1,147,4600,3,0.002722
1,147,4800,1,0.002773
1,147,4800,2,0.002752
1,147,4800,3,0.002811
1,147,5000,1,0.002763
1,147,5000,2,0.002793
1,147,5000,3,0.002770
1,149,1000,1,0.002555
1,149,1000,2,0.002572
1,149,1000,3,0.002557
1,149,1200,1,0.002584
1,149,1200,2,0.002556
1,149,1200,3,0.002570
1,149,1400,1,0.002605
1,149,1400,2,0.002575
1,149,1400,3,0.002587
1,149,1600,1,0.002576
1,149,1600,2,0.002574
1,149,1600,3,0.002592
1,149,1800,1,0.002573
1,149,1800,2,0.002563
1,149,1800,3,0.002616
1,149,2000,1,0.002593
1,149,2000,2,0.002602
1,149,2000,3,0.002594
1,149,2200,1,0.002637
1,149,2200,2,0.002623
1,149,2200,3,0.002632
1,149,2400,1,0.002608
1,149,2400,2,0.002633
1,149,2400,3,0.002611
1,149,2600,1,0.002645
1,149,2600,2,0.002664
1,149,2600,3,0.002666
1,149,2800,1,0.002624
1,149,2800,2,0.002626
1,149,2800,3,0.002633
1,149,3000,1,0.002626
1,149,3000,2,0.002677
1,149,3000,3,0.002655
1,149,3200,1,0.002686
1,149,3200,2,0.002647
1,149,3200,3,0.002698
1,149,3400,1,0.002685
1,149,3400,2,0.002676
1,149,3400,3,0.002674
1,149,3600,1,0.002744
1,149,3600,2,0.002687
1,149,3600,3,0.002740
1,149,3800,1,0.002694
1,149,3800,2,0.002729
1,149,3800,3,0.002691
1,149,4000,1,0.002714
1,149,4000,2,0.002712
1,149,4000,3,0.002719
1,149,4200,1,0.002669
1,149,4200,2,0.002725
1,149,4200,3,0.002691
1,149,4400,1,0.002732
1,149,4400,2,0.002717
1,149,4400,3,0.002738
1,149,4600,1,0.002722
1,149,4600,2,0.002727
1,149,4600,3,0.002746
1,149,4800,1,0.002752
1,149,4800,2,0.002809
1,149,4800,3,0.002738
1,149,5000,1,0.002801
1,149,5000,2,0.002752
1,149,5000,3,0.002792
1,151,1000,1,0.002582
1,151,1000,2,0.002587
1,151,1000,3,0.002584
1,151,1200,1,0.002591
1,151,1200,2,0.002566
1,151,1200,3,0.002575
1,151,1400,1,0.002600
1,151,1400,2,0.002607
1,151,1400,3,0.002606
1,151,1600,1,0.002583
1,151,1600,2,0.002599
1,151,1600,3,0.002586
1,151,1800,1,0.002603
1,151,1800,2,0.002588
1,151,1800,3,0.002598
1,151,2000,1,0.002634
1,151,2000,2,0.002602
1,151,2000,3,0.002592
1,151,2200,1,0.002621
1,151,2200,2,0.002595
1,151,2200,3,0.002616
1,151,2400,1,0.002624
1,151,2400,2,0.002614
1,151,2400,3,0.002631
1,151,2600,1,0.002669
1,151,2600,2,0.002647
1,151,2600,3,0.002643
1,151,2800,1,0.002639
1,151,2800,2,0.002646
1,151,2800,3,0.002643
1,151,3000,1,0.002663
1,151,3000,2,0.002671
1,151,3000,3,0.002665
1,151,3200,1,0.002685
1,151,3200,2,0.002701
1,151,3200,3,0.002696
1,151,3400,1,0.002705
1,151,3400,2,0.002655
1,151,3400,3,0.002672
1,151,3600,1,0.002684
1,151,3600,2,0.002697
1,151,3600,3,0.002683
1,151,3800,1,0.002691
1,151,3800,2,0.002714
1,151,3800,3,0.002690
1,151,4000,1,0.002735
1,151,4000,2,0.002699
1,151,4000,3,0.002742
1,151,4200,1,0.002753
1,151,4200,2,0.002761
1,151,4200,3,0.002736
1,151,4400,1,0.002797
1,151,4400,2,0.002712
1,151,4400,3,0.002770
1,151,4600,1,0.002724
1,151,4600,2,0.002728
1,151,4600,3,0.002729
1,151,4800,1,0.002767
1,151,4800,2,0.002754
1,151,4800,3,0.002745
1,151,5000,1,0.002780
1,151,5000,2,0.002781
1,151,5000,3,0.002807
1,153,1000,1,0.002546
1,153,1000,2,0.002543
1,153,1000,3,0.002546
1,153,1200,1,0.002593
1,153,1200,2,0.002574
1,153,1200,3,0.002593
1,153,1400,1,0.002569
1,153,1400,2,0.002595
1,153,1400,3,0.002573
1,153,1600,1,0.002598
1,153,1600,2,0.002585
1,153,1600,3,0.002609
1,153,1800,1,0.002570
1,153,1800,2,0.002593
1,153,1800,3,0.002592
1,153,2000,1,0.002582
1,153,2000,2,0.002568
1,153,2000,3,0.002562
1,153,2200,1,0.002592
1,153,2200,2,0.002600
1,153,2200,3,0.002607
1,153,2400,1,0.002617
1,153,2400,2,0.002622
1,153,2400,3,0.002637
1,153,2600,1,0.002637
1,153,2600,2,0.002639
1,153,2600,3,0.002629
1,153,2800,1,0.002636
1,153,2800,2,0.002639
1,153,2800,3,0.002636
1,153,3000,1,0.002647
1,153,3000,2,0.002649
1,153,3000,3,0.002637
1,153,3200,1,0.002685
1,153,3200,2,0.002691
1,153,3200,3,0.002697
1,153,3400,1,0.002680
1,153,3400,2,0.002694
1,153,3400,3,0.002672
1,153,3600,1,0.002745
1,153,3600,2,0.002730
1,153,3600,3,0.002730
1,153,3800,1,0.002731
1,153,3800,2,0.002783
1,153,3800,3,0.002723
1,153,4000,1,0.002763
1,153,4000,2,0.002771
1,153,4000,3,0.002758
1,153,4200,1,0.002745
1,153,4200,2,0.002770
1,153,4200,3,0.002760
1,153,4400,1,0.002765
1,153,4400,2,0.002753
1,153,4400,3,0.002741
1,153,4600,1,0.002760
1,153,4600,2,0.002738
1,153,4600,3,0.002759
1,153,4800,1,0.002774
1,153,4800,2,0.002822
1,153,4800,3,0.002775
1,153,5000,1,0.002818
1,153,5000,2,0.002762
1,153,5000,3,0.002779
1,155,1000,1,0.002598
1,155,1000,2,0.002573
1,155,1000,3,0.002569
1,155,1200,1,0.002595
1,155,1200,2,0.002560
1,155,1200,3,0.002573
1,155,1400,1,0.002599
1,155,1400,2,0.002570
1,155,1400,3,0.002589
1,155,1600,1,0.002630
1,155,1600,2,0.002620
1,155,1600,3,0.002583
1,155,1800,1,0.002622
1,155,1800,2,0.002595
1,155,1800,3,0.002591
1,155,2000,1,0.002613
1,155,2000,2,0.002594
1,155,2000,3,0.002601
1,155,2200,1,0.002625
1,155,2200,2,0.002634
1,155,2200,3,0.002627
1,155,2400,1,0.002649
1,155,2400,2,0.002646
1,155,2400,3,0.002623
1,155,2600,1,0.002650
1,155,2600,2,0.002656
1,155,2600,3,0.002657
1,155,2800,1,0.002662
1,155,2800,2,0.002672
1,155,2800,3,0.002688
1,155,3000,1,0.002663
1,155,3000,2,0.002728
1,155,3000,3,0.002648
1,155,3200,1,0.002714
1,155,3200,2,0.002702
1,155,3200,3,0.002714
1,155,3400,1,0.002720
1,155,3400,2,0.002718
1,155,3400,3,0.002673
1,155,3600,1,0.002701
1,155,3600,2,0.002697
1,155,3600,3,0.002725
1,155,3800,1,0.002691
1,155,3800,2,0.002722
1,155,3800,3,0.002713
1,155,4000,1,0.002773
1,155,4000,2,0.002749
1,155,4000,3,0.002725
1,155,4200,1,0.002775
1,155,4200,2,0.002749
1,155,4200,3,0.002747
1,155,4400,1,0.002781
1,155,4400,2,0.002780
1,155,4400,3,0.002727
1,155,4600,1,0.002787
1,155,4600,2,0.002781
1,155,4600,3,0.002758
1,155,4800,1,0.002784
1,155,4800,2,0.002780
1,155,4800,3,0.002769
1,155,5000,1,0.002785
1,155,5000,2,0.002761
1,155,5000,3,0.002776
1,157,1000,1,0.002579
1,157,1000,2,0.002545
1,157,1000,3,0.002617
1,157,1200,1,0.002998
1,157,1200,2,0.002561
1,157,1200,3,0.002597
1,157,1400,1,0.002592
1,157,1400,2,0.002573
1,157,1400,3,0.002622
1,157,1600,1,0.002628
1,157,1600,2,0.002594
1,157,1600,3,0.002612
1,157,1800,1,0.002597
1,157,1800,2,0.002645
1,157,1800,3,0.002583
1,157,2000,1,0.002607
1,157,2000,2,0.002591
1,157,2000,3,0.002587
1,157,2200,1,0.002616
1,157,2200,2,0.002642
1,157,2200,3,0.002651
1,157,2400,1,0.002640
1,157,2400,2,0.002629
1,157,2400,3,0.002632
1,157,2600,1,0.002662
1,157,2600,2,0.002650
1,157,2600,3,0.002649
1,157,2800,1,0.002663
1,157,2800,2,0.002687
1,157,2800,3,0.002642
1,157,3000,1,0.002637
1,157,3000,2,0.002665
1,157,3000,3,0.002641
1,157,3200,1,0.002676
1,157,3200,2,0.002682
1,157,3200,3,0.002686
1,157,3400,1,0.002699
1,157,3400,2,0.002696
1,157,3400,3,0.002676
1,157,3600,1,0.002729
1,157,3600,2,0.002717
1,157,3600,3,0.002705
1,157,3800,1,0.002725
1,157,3800,2,0.002749
1,157,3800,3,0.002762
1,157,4000,1,0.002744
1,157,4000,2,0.002730
1,157,4000,3,0.002758
1,157,4200,1,0.002736
1,157,4200,2,0.002751
1,157,4200,3,0.002750
1,157,4400,1,0.002761
1,157,4400,2,0.002714
1,157,4400,3,0.002786
1,157,4600,1,0.002747
1,157,4600,2,0.002755
1,157,4600,3,0.002733
1,157,4800,1,0.002760
1,157,4800,2,0.002758
1,157,4800,3,0.002741
1,157,5000,1,0.002839
1,157,5000,2,0.002842
1,157,5000,3,0.002829
1,159,1000,1,0.002570
1,159,1000,2,0.002557
1,159,1000,3,0.002572
1,159,1200,1,0.002582
1,159,1200,2,0.002568
1,159,1200,3,0.002584
1,159,1400,1,0.002575
1,159,1400,2,0.002635
1,159,1400,3,0.002629
1,159,1600,1,0.002627
1,159,1600,2,0.002636
1,159,1600,3,0.002611
1,159,1800,1,0.002657
1,159,1800,2,0.002611
1,159,1800,3,0.002604
1,159,2000,1,0.002630
1,159,2000,2,0.002609
1,159,2000,3,0.002658
1,159,2200,1,0.002935
1,159,2200,2,0.002605
1,159,2200,3,0.002690
1,159,2400,1,0.002649
1,159,2400,2,0.002626
1,159,2400,3,0.002632
1,159,2600,1,0.002666
1,159,2600,2,0.002695
1,159,2600,3,0.002678
1,159,2800,1,0.002685
1,159,2800,2,0.002715
1,159,2800,3,0.002747
1,159,3000,1,0.002701
1,159,3000,2,0.002692
1,159,3000,3,0.002677
1,159,3200,1,0.002703
1,159,3200,2,0.002707
1,159,3200,3,0.002721
1,159,3400,1,0.002688
1,159,3400,2,0.002722
1,159,3400,3,0.002720
1,159,3600,1,0.002720
1,159,3600,2,0.002733
1,159,3600,3,0.002710
1,159,3800,1,0.002728
1,159,3800,2,0.002701
1,159,3800,3,0.002741
1,159,4000,1,0.002751
1,159,4000,2,0.002760
1,159,4000,3,0.002735
1,159,4200,1,0.002752
1,159,4200,2,0.002732
1,159,4200,3,0.002752
1,159,4400,1,0.002739
1,159,4400,2,0.002742
1,159,4400,3,0.002741
1,159,4600,1,0.002751
1,159,4600,2,0.002759
1,159,4600,3,0.002735
1,159,4800,1,0.002784
1,159,4800,2,0.002780
1,159,4800,3,0.002898
1,159,5000,1,0.002813
1,159,5000,2,0.002828
1,159,5000,3,0.002787
1,161,1000,1,0.002559
1,161,1000,2,0.002576
1,161,1000,3,0.002568
1,161,1200,1,0.002556
1,161,1200,2,0.002566
1,161,1200,3,0.002542
1,161,1400,1,0.002582
1,161,1400,2,0.002580
1,161,1400,3,0.002605
1,161,1600,1,0.002625
1,161,1600,2,0.002573
1,161,1600,3,0.002565
1,161,1800,1,0.002589
1,161,1800,2,0.002589
1,161,1800,3,0.002564
1,161,2000,1,0.002613
1,161,2000,2,0.002613
1,161,2000,3,0.002579
1,161,2200,1,0.002605
1,161,2200,2,0.002637
1,161,2200,3,0.002605
1,161,2400,1,0.002605
1,161,2400,2,0.002605
1,161,2400,3,0.002631
1,161,2600,1,0.002630
1,161,2600,2,0.002652
1,161,2600,3,0.002631
1,161,2800,1,0.002657
1,161,2800,2,0.002627
1,161,2800,3,0.002666
1,161,3000,1,0.002671
1,161,3000,2,0.002654
1,161,3000,3,0.002657
1,161,3200,1,0.002680
1,161,3200,2,0.002688
1,161,3200,3,0.002695
1,161,3400,1,0.002683
1,161,3400,2,0.002675
1,161,3400,3,0.002671
1,161,3600,1,0.002750
1,161,3600,2,0.002730
1,161,3600,3,0.002697
1,161,3800,1,0.002700
1,161,3800,2,0.002701
1,161,3800,3,0.002698
1,161,4000,1,0.002727
1,161,4000,2,0.002718
1,161,4000,3,0.002717
1,161,4200,1,0.002727
1,161,4200,2,0.002726
1,161,4200,3,0.002726
1,161,4400,1,0.002738
1,161,4400,2,0.002736
1,161,4400,3,0.002735
1,161,4600,1,0.002816
1,161,4600,2,0.002742
1,161,4600,3,0.002758
1,161,4800,1,0.002759
1,161,4800,2,0.002792
1,161,4800,3,0.002776
1,161,5000,1,0.002837
1,161,5000,2,0.002781
1,161,5000,3,0.002821
1,163,1000,1,0.002601
1,163,1000,2,0.002578
1,163,1000,3,0.002585
1,163,1200,1,0.002578
1,163,1200,2,0.002592
1,163,1200,3,0.002612
1,163,1400,1,0.002584
1,163,1400,2,0.002590
1,163,1400,3,0.002561
1,163,1600,1,0.002608
1,163,1600,2,0.002607
1,163,1600,3,0.002582
1,163,1800,1,0.002576
1,163,1800,2,0.002581
1,163,1800,3,0.002589
1,163,2000,1,0.002581
1,163,2000,2,0.002617
1,163,2000,3,0.002615
1,163,2200,1,0.002637
1,163,2200,2,0.002623
1,163,2200,3,0.002625
1,163,2400,1,0.002611
1,163,2400,2,0.003082
1,163,2400,3,0.002649
1,163,2600,1,0.002651
1,163,2600,2,0.002648
1,163,2600,3,0.002671
1,163,2800,1,0.002658
1,163,2800,2,0.002640
1,163,2800,3,0.002660
1,163,3000,1,0.002673
1,163,3000,2,0.002641
1,163,3000,3,0.002703
1,163,3200,1,0.002705
1,163,3200,2,0.002730
1,163,3200,3,0.002688
1,163,3400,1,0.002702
1,163,3400,2,0.002687
1,163,3400,3,0.002697
1,163,3600,1,0.002715
1,163,3600,2,0.002725
1,163,3600,3,0.002712
1,163,3800,1,0.002717
1,163,3800,2,0.002721
1,163,3800,3,0.002723
1,163,4000,1,0.002719
1,163,4000,2,0.002713
1,163,4000,3,0.002766
1,163,4200,1,0.002810
1,163,4200,2,0.002792
1,163,4200,3,0.002790
1,163,4400,1,0.002768
1,163,4400,2,0.002758
1,163,4400,3,0.002772
1,163,4600,1,0.002763
1,163,4600,2,0.002776
1,163,4600,3,0.002758
1,163,4800,1,0.002804
1,163,4800,2,0.002835
1,163,4800,3,0.002821
1,163,5000,1,0.002849
1,163,5000,2,0.002834
1,163,5000,3,0.002802
1,165,1000,1,0.002603
1,165,1000,2,0.002594
1,165,1000,3,0.002565
1,165,1200,1,0.002592
1,165,1200,2,0.002567
1,165,1200,3,0.002575
1,165,1400,1,0.002583
1,165,1400,2,0.002593
1,165,1400,3,0.002599
1,165,1600,1,0.002591
1,165,1600,2,0.002570
1,165,1600,3,0.002582
1,165,1800,1,0.002575
1,165,1800,2,0.002565
1,165,1800,3,0.002584
1,165,2000,1,0.002623
1,165,2000,2,0.002628
1,165,2000,3,0.002644
1,165,2200,1,0.002661
1,165,2200,2,0.002640
1,165,2200,3,0.002670
1,165,2400,1,0.002645
1,165,2400,2,0.002644
1,165,2400,3,0.002615
1,165,2600,1,0.002654
1,165,2600,2,0.002649
1,165,2600,3,0.002691
1,165,2800,1,0.002697
1,165,2800,2,0.002664
1,165,2800,3,0.002692
1,165,3000,1,0.002698
1,165,3000,2,0.002670
1,165,3000,3,0.002667
1,165,3200,1,0.002690
1,165,3200,2,0.002703
1,165,3200,3,0.002691
1,165,3400,1,0.002677
1,165,3400,2,0.002675
1,165,3400,3,0.002672
1,165,3600,1,0.002792
1,165,3600,2,0.002704
1,165,3600,3,0.002762
1,165,3800,1,0.002766
1,165,3800,2,0.002765
1,165,3800,3,0.002743
1,165,4000,1,0.002776
1,165,4000,2,0.002771
1,165,4000,3,0.002761
1,165,4200,1,0.002784
1,165,4200,2,0.002758
1,165,4200,3,0.002747
1,165,4400,1,0.002764
1,165,4400,2,0.002735
1,165,4400,3,0.002760
1,165,4600,1,0.002742
1,165,4600,2,0.002735
1,165,4600,3,0.002759
1,165,4800,1,0.002774
1,165,4800,2,0.002800
1,165,4800,3,0.002830
1,165,5000,1,0.002806
1,165,5000,2,0.002877
1,165,5000,3,0.002805
1,167,1000,1,0.002594
1,167,1000,2,0.002632
1,167,1000,3,0.002596
1,167,1200,1,0.002589
1,167,1200,2,0.002573
1,167,1200,3,0.002630
1,167,1400,1,0.002620
1,167,1400,2,0.002599
1,167,1400,3,0.002582
1,167,1600,1,0.002593
1,167,1600,2,0.002627
1,167,1600,3,0.002613
1,167,1800,1,0.002616
1,167,1800,2,0.002610
1,167,1800,3,0.002586
1,167,2000,1,0.002589
1,167,2000,2,0.002616
1,167,2000,3,0.002627
1,167,2200,1,0.002683
1,167,2200,2,0.002631
1,167,2200,3,0.002635
1,167,2400,1,0.002620
1,167,2400,2,0.002646
1,167,2400,3,0.002652
1,167,2600,1,0.002675
1,167,2600,2,0.002705
1,167,2600,3,0.002677
1,167,2800,1,0.002684
1,167,2800,2,0.002686
1,167,2800,3,0.002683
1,167,3000,1,0.002667
1,167,3000,2,0.002661
1,167,3000,3,0.002665
1,167,3200,1,0.002701
1,167,3200,2,0.002759
1,167,3200,3,0.002722
1,167,3400,1,0.002734
1,167,3400,2,0.002712
1,167,3400,3,0.002707
1,167,3600,1,0.002780
1,167,3600,2,0.002730
1,167,3600,3,0.002784
1,167,3800,1,0.002727
1,167,3800,2,0.002790
1,167,3800,3,0.002757
1,167,4000,1,0.002740
1,167,4000,2,0.002745
1,167,4000,3,0.002738
1,167,4200,1,0.002740
1,167,4200,2,0.002745
1,167,4200,3,0.002752
1,167,4400,1,0.002764
1,167,4400,2,0.002777
1,167,4400,3,0.002797
1,167,4600,1,0.002799
1,167,4600,2,0.002781
1,167,4600,3,0.002770
1,167,4800,1,0.002827
1,167,4800,2,0.002802
1,167,4800,3,0.002837
1,167,5000,1,0.002791
1,167,5000,2,0.002820
1,167,5000,3,0.002834
1,169,1000,1,0.002629
1,169,1000,2,0.002582
1,169,1000,3,0.002612
1,169,1200,1,0.002596
1,169,1200,2,0.002578
1,169,1200,3,0.002576
1,169,1400,1,0.002599
1,169,1400,2,0.002627
1,169,1400,3,0.002610
1,169,1600,1,0.002640
1,169,1600,2,0.002608
1,169,1600,3,0.002659
1,169,1800,1,0.002618
1,169,1800,2,0.002595
1,169,1800,3,0.002596
1,169,2000,1,0.002617
1,169,2000,2,0.002638
1,169,2000,3,0.002662
1,169,2200,1,0.002707
1,169,2200,2,0.002657
1,169,2200,3,0.002657
1,169,2400,1,0.002626
1,169,2400,2,0.002623
1,169,2400,3,0.002615
1,169,2600,1,0.002668
1,169,2600,2,0.002681
1,169,2600,3,0.002739
1,169,2800,1,0.002693
1,169,2800,2,0.002720
1,169,2800,3,0.002691
1,169,3000,1,0.002714
1,169,3000,2,0.002704
1,169,3000,3,0.002710
1,169,3200,1,0.002738
1,169,3200,2,0.002736
1,169,3200,3,0.002705
1,169,3400,1,0.002705
1,169,3400,2,0.002703
1,169,3400,3,0.002696
1,169,3600,1,0.002710
1,169,3600,2,0.002751
1,169,3600,3,0.002744
1,169,3800,1,0.002786
1,169,3800,2,0.002762
1,169,3800,3,0.002791
1,169,4000,1,0.002787
1,169,4000,2,0.002783
1,169,4000,3,0.002740
1,169,4200,1,0.002770
1,169,4200,2,0.002752
1,169,4200,3,0.002813
1,169,4400,1,0.002767
1,169,4400,2,0.002732
1,169,4400,3,0.002745
1,169,4600,1,0.002755
1,169,4600,2,0.002765
1,169,4600,3,0.002768
1,169,4800,1,0.002855
1,169,4800,2,0.002797
1,169,4800,3,0.002837
1,169,5000,1,0.002802
1,169,5000,2,0.002818
1,169,5000,3,0.002806
1,171,1000,1,0.002590
1,171,1000,2,0.002610
1,171,1000,3,0.002603
1,171,1200,1,0.002595
1,171,1200,2,0.002596
1,171,1200,3,0.002597
1,171,1400,1,0.002629
1,171,1400,2,0.002603
1,171,1400,3,0.002599
1,171,1600,1,0.002612
1,171,1600,2,0.002622
1,171,1600,3,0.002629
1,171,1800,1,0.002624
1,171,1800,2,0.002654
1,171,1800,3,0.002602
1,171,2000,1,0.002651
1,171,2000,2,0.002614
1,171,2000,3,0.002614
1,171,2200,1,0.002646
1,171,2200,2,0.002643
1,171,2200,3,0.002654
1,171,2400,1,0.002690
1,171,2400,2,0.002648
1,171,2400,3,0.002665
1,171,2600,1,0.002682
1,171,2600,2,0.002676
1,171,2600,3,0.002654
1,171,2800,1,0.002677
1,171,2800,2,0.002662
1,171,2800,3,0.002655
1,171,3000,1,0.002664
1,171,3000,2,0.002683
1,171,3000,3,0.002711
1,171,3200,1,0.002747
1,171,3200,2,0.002775
1,171,3200,3,0.002730
1,171,3400,1,0.002755
1,171,3400,2,0.002729
1,171,3400,3,0.002738
1,171,3600,1,0.002737
1,171,3600,2,0.002763
1,171,3600,3,0.002749
1,171,3800,1,0.002787
1,171,3800,2,0.002758
1,171,3800,3,0.002783
1,171,4000,1,0.002759
1,171,4000,2,0.002791
1,171,4000,3,0.002783
1,171,4200,1,0.002829
1,171,4200,2,0.002790
1,171,4200,3,0.002801
1,171,4400,1,0.002786
1,171,4400,2,0.002789
1,171,4400,3,0.002807
1,171,4600,1,0.002837
1,171,4600,2,0.002807
1,171,4600,3,0.002798
1,171,4800,1,0.002839
1,171,4800,2,0.002870
1,171,4800,3,0.002804
1,171,5000,1,0.002853
1,171,5000,2,0.002858
1,171,5000,3,0.002853
1,173,1000,1,0.002659
1,173,1000,2,0.002603
1,173,1000,3,0.002631
1,173,1200,1,0.002637
1,173,1200,2,0.002659
1,173,1200,3,0.002619
1,173,1400,1,0.002620
1,173,1400,2,0.002625
1,173,1400,3,0.002604
1,173,1600,1,0.002650
1,173,1600,2,0.002615
1,173,1600,3,0.002688
1,173,1800,1,0.002638
1,173,1800,2,0.002629
1,173,1800,3,0.002629
1,173,2000,1,0.002677
1,173,2000,2,0.002660
1,173,2000,3,0.002666
1,173,2200,1,0.002675
1,173,2200,2,0.002695
1,173,2200,3,0.002686
1,173,2400,1,0.002718
1,173,2400,2,0.002669
1,173,2400,3,0.002681
1,173,2600,1,0.002684
1,173,2600,2,0.002672
1,173,2600,3,0.002672
1,173,2800,1,0.002695
1,173,2800,2,0.002693
1,173,2800,3,0.002679
1,173,3000,1,0.002705
1,173,3000,2,0.002712
1,173,3000,3,0.002679
1,173,3200,1,0.002784
1,173,3200,2,0.002739
1,173,3200,3,0.002765
1,173,3400,1,0.002730
1,173,3400,2,0.002754
1,173,3400,3,0.002731
1,173,3600,1,0.002755
1,173,3600,2,0.002768
1,173,3600,3,0.002740
1,173,3800,1,0.002773
1,173,3800,2,0.002748
1,173,3800,3,0.002791
1,173,4000,1,0.002762
1,173,4000,2,0.002785
1,173,4000,3,0.002786
1,173,4200,1,0.002780
1,173,4200,2,0.002806
1,173,4200,3,0.002807
1,173,4400,1,0.002785
1,173,4400,2,0.002776
1,173,4400,3,0.002828
1,173,4600,1,0.002792
1,173,4600,2,0.002790
1,173,4600,3,0.002797
1,173,4800,1,0.002856
1,173,4800,2,0.002834
1,173,4800,3,0.002838
1,173,5000,1,0.002875
1,173,5000,2,0.003243
1,173,5000,3,0.002958
1,175,1000,1,0.002610
1,175,1000,2,0.002587
1,175,1000,3,0.002621
1,175,1200,1,0.002604
1,175,1200,2,0.002599
1,175,1200,3,0.002611
1,175,1400,1,0.002611
1,175,1400,2,0.002614
1,175,1400,3,0.002651
1,175,1600,1,0.002639
1,175,1600,2,0.002641
1,175,1600,3,0.002637
1,175,1800,1,0.002618
1,175,1800,2,0.002629
1,175,1800,3,0.002606
1,175,2000,1,0.002637
1,175,2000,2,0.002614
1,175,2000,3,0.002630
1,175,2200,1,0.002635
1,175,2200,2,0.002680
1,175,2200,3,0.002685
1,175,2400,1,0.002667
1,175,2400,2,0.002712
1,175,2400,3,0.002681
1,175,2600,1,0.002717
1,175,2600,2,0.002690
1,175,2600,3,0.002684
1,175,2800,1,0.002683
1,175,2800,2,0.002690
1,175,2800,3,0.002678
1,175,3000,1,0.002722
1,175,3000,2,0.002692
1,175,3000,3,0.002730
1,175,3200,1,0.002750
1,175,3200,2,0.002757
1,175,3200,3,0.002744
1,175,3400,1,0.002779
1,175,3400,2,0.002740
1,175,3400,3,0.002742
1,175,3600,1,0.002759
1,175,3600,2,0.002766
1,175,3600,3,0.002764
1,175,3800,1,0.002783
1,175,3800,2,0.002768
1,175,3800,3,0.002796
1,175,4000,1,0.002749
1,175,4000,2,0.002800
1,175,4000,3,0.002775
1,175,4200,1,0.002810
1,175,4200,2,0.002787
1,175,4200,3,0.002840
1,175,4400,1,0.002779
1,175,4400,2,0.002805
1,175,4400,3,0.002783
1,175,4600,1,0.002815
1,175,4600,2,0.002789
1,175,4600,3,0.002826
1,175,4800,1,0.002827
1,175,4800,2,0.002844
1,175,4800,3,0.002804
1,175,5000,1,0.002866
1,175,5000,2,0.002846
1,175,5000,3,0.002876
1,177,1000,1,0.002692
1,177,1000,2,0.002633
1,177,1000,3,0.002650
1,177,1200,1,0.002646
1,177,1200,2,0.002615
1,177,1200,3,0.002637
1,177,1400,1,0.002650
1,177,1400,2,0.002655
1,177,1400,3,0.002641
1,177,1600,1,0.002635
1,177,1600,2,0.002606
1,177,1600,3,0.002616
1,177,1800,1,0.002631
1,177,1800,2,0.002651
1,177,1800,3,0.002649
1,177,2000,1,0.002658
1,177,2000,2,0.002667
1,177,2000,3,0.002667
1,177,2200,1,0.002676
1,177,2200,2,0.002659
1,177,2200,3,0.002660
1,177,2400,1,0.002641
1,177,2400,2,0.002649
1,177,2400,3,0.002651
1,177,2600,1,0.002676
1,177,2600,2,0.002719
1,177,2600,3,0.002734
1,177,2800,1,0.002707
1,177,2800,2,0.002697
1,177,2800,3,0.002701
1,177,3000,1,0.002719
1,177,3000,2,0.002714
1,177,3000,3,0.002722
1,177,3200,1,0.002713
1,177,3200,2,0.002759
1,177,3200,3,0.002738
1,177,3400,1,0.002784
1,177,3400,2,0.002741
1,177,3400,3,0.002738
1,177,3600,1,0.002767
1,177,3600,2,0.002765
1,177,3600,3,0.002765
1,177,3800,1,0.002808
1,177,3800,2,0.002762
1,177,3800,3,0.002779
1,177,4000,1,0.002790
1,177,4000,2,0.002792
1,177,4000,3,0.002778
1,177,4200,1,0.002796
1,177,4200,2,0.002789
1,177,4200,3,0.002855
1,177,4400,1,0.002814
1,177,4400,2,0.002812
1,177,4400,3,0.002761
1,177,4600,1,0.002765
1,177,4600,2,0.002791
1,177,4600,3,0.002743
1,177,4800,1,0.002801
1,177,4800,2,0.002827
1,177,4800,3,0.002813
1,177,5000,1,0.002826
1,177,5000,2,0.002790
1,177,5000,3,0.002835
1,179,1000,1,0.002640
1,179,1000,2,0.002606
1,179,1000,3,0.002625
1,179,1200,1,0.002610
1,179,1200,2,0.002627
1,179,1200,3,0.002649
1,179,1400,1,0.002621
1,179,1400,2,0.002642
1,179,1400,3,0.002642
1,179,1600,1,0.002643
1,179,1600,2,0.002635
1,179,1600,3,0.002656
1,179,1800,1,0.002625
1,179,1800,2,0.002629
1,179,1800,3,0.002636
1,179,2000,1,0.002649
1,179,2000,2,0.002727
1,179,2000,3,0.002651
1,179,2200,1,0.002652
1,179,2200,2,0.002666
1,179,2200,3,0.002677
1,179,2400,1,0.002659
1,179,2400,2,0.002653
1,179,2400,3,0.002675
1,179,2600,1,0.002727
1,179,2600,2,0.002719
1,179,2600,3,0.002704
1,179,2800,1,0.002730
1,179,2800,2,0.002696
1,179,2800,3,0.002682
1,179,3000,1,0.002682
1,179,3000,2,0.002769
1,179,3000,3,0.002694
1,179,3200,1,0.002759
1,179,3200,2,0.002751
1,179,3200,3,0.002774
1,179,3400,1,0.002762
1,179,3400,2,0.002749
1,179,3400,3,0.002733
1,179,3600,1,0.002783
1,179,3600,2,0.002756
1,179,3600,3,0.002824
1,179,3800,1,0.002749
1,179,3800,2,0.002812
1,179,3800,3,0.002762
1,179,4000,1,0.002805
1,179,4000,2,0.002767
1,179,4000,3,0.002804
1,179,4200,1,0.002800
1,179,4200,2,0.002771
1,179,4200,3,0.002779
1,179,4400,1,0.002820
1,179,4400,2,0.002793
1,179,4400,3,0.002809
1,179,4600,1,0.002786
1,179,4600,2,0.002809
1,179,4600,3,0.002818
1,179,4800,1,0.002842
1,179,4800,2,0.002865
1,179,4800,3,0.002823
1,179,5000,1,0.002879
1,179,5000,2,0.002825
1,179,5000,3,0.002875
1,181,1000,1,0.002614
1,181,1000,2,0.002589
1,181,1000,3,0.002599
1,181,1200,1,0.002620
1,181,1200,2,0.002645
1,181,1200,3,0.002651
1,181,1400,1,0.002614
1,181,1400,2,0.002647
1,181,1400,3,0.002620
1,181,1600,1,0.002636
1,181,1600,2,0.002630
1,181,1600,3,0.002613
1,181,1800,1,0.002611
1,181,1800,2,0.002602
1,181,1800,3,0.002645
1,181,2000,1,0.002675
1,181,2000,2,0.002651
1,181,2000,3,0.002690
1,181,2200,1,0.002666
1,181,2200,2,0.002676
1,181,2200,3,0.002669
1,181,2400,1,0.002708
1,181,2400,2,0.002687
1,181,2400,3,0.002635
1,181,2600,1,0.002687
1,181,2600,2,0.002676
1,181,2600,3,0.002703
1,181,2800,1,0.002702
1,181,2800,2,0.002730
1,181,2800,3,0.002684
1,181,3000,1,0.002717
1,181,3000,2,0.002720
1,181,3000,3,0.002708
1,181,3200,1,0.002731
1,181,3200,2,0.002739
1,181,3200,3,0.002761
1,181,3400,1,0.002733
1,181,3400,2,0.002776
1,181,3400,3,0.002731
1,181,3600,1,0.002779
1,181,3600,2,0.002728
1,181,3600,3,0.002764
1,181,3800,1,0.002758
1,181,3800,2,0.002781
1,181,3800,3,0.002741
1,181,4000,1,0.002747
1,181,4000,2,0.002779
1,181,4000,3,0.002803
1,181,4200,1,0.002797
1,181,4200,2,0.002815
1,181,4200,3,0.002795
1,181,4400,1,0.002817
1,181,4400,2,0.002778
1,181,4400,3,0.002804
1,181,4600,1,0.002793
1,181,4600,2,0.002785
1,181,4600,3,0.002804
1,181,4800,1,0.002826
1,181,4800,2,0.002846
1,181,4800,3,0.002849
1,181,5000,1,0.002879
1,181,5000,2,0.002851
1,181,5000,3,0.002838
1,183,1000,1,0.002647
1,183,1000,2,0.002627
1,183,1000,3,0.002624
1,183,1200,1,0.002618
1,183,1200,2,0.002600
1,183,1200,3,0.002656
1,183,1400,1,0.002655
1,183,1400,2,0.002654
1,183,1400,3,0.002627
1,183,1600,1,0.002644
1,183,1600,2,0.002644
1,183,1600,3,0.002650
1,183,1800,1,0.002643
1,183,1800,2,0.002639
1,183,1800,3,0.002611
1,183,2000,1,0.002644
1,183,2000,2,0.002642
1,183,2000,3,0.002636
1,183,2200,1,0.002683
1,183,2200,2,0.002699
1,183,2200,3,0.002674
1,183,2400,1,0.002678
1,183,2400,2,0.002705
1,183,2400,3,0.002663
1,183,2600,1,0.002725
1,183,2600,2,0.002713
1,183,2600,3,0.003174
1,183,2800,1,0.002722
1,183,2800,2,0.002733
1,183,2800,3,0.002752
1,183,3000,1,0.002741
1,183,3000,2,0.002740
1,183,3000,3,0.002735
1,183,3200,1,0.002821
1,183,3200,2,0.002773
1,183,3200,3,0.002765
1,183,3400,1,0.002771
1,183,3400,2,0.002750
1,183,3400,3,0.002752
1,183,3600,1,0.002788
1,183,3600,2,0.002781
1,183,3600,3,0.002794
1,183,3800,1,0.002796
1,183,3800,2,0.002756
1,183,3800,3,0.002762
1,183,4000,1,0.002762
1,183,4000,2,0.002781
1,183,4000,3,0.002764
1,183,4200,1,0.002789
1,183,4200,2,0.002799
1,183,4200,3,0.002851
1,183,4400,1,0.002811
1,183,4400,2,0.002801
1,183,4400,3,0.002807
1,183,4600,1,0.002814
1,183,4600,2,0.002818
1,183,4600,3,0.002807
1,183,4800,1,0.002873
1,183,4800,2,0.002841
1,183,4800,3,0.002850
1,183,5000,1,0.002859
1,183,5000,2,0.002872
1,183,5000,3,0.002861
1,185,1000,1,0.002608
1,185,1000,2,0.002634
1,185,1000,3,0.002612
1,185,1200,1,0.002611
1,185,1200,2,0.002621
1,185,1200,3,0.002617
1,185,1400,1,0.002655
1,185,1400,2,0.002637
1,185,1400,3,0.002646
1,185,1600,1,0.002651
1,185,1600,2,0.002601
1,185,1600,3,0.002627
1,185,1800,1,0.002651
1,185,1800,2,0.002654
1,185,1800,3,0.002640
1,185,2000,1,0.002659
1,185,2000,2,0.002649
1,185,2000,3,0.002682
1,185,2200,1,0.002703
1,185,2200,2,0.002701
1,185,2200,3,0.002665
1,185,2400,1,0.002675
1,185,2400,2,0.002751
1,185,2400,3,0.002690
1,185,2600,1,0.002767
1,185,2600,2,0.002678
1,185,2600,3,0.002696
1,185,2800,1,0.002701
1,185,2800,2,0.002714
1,185,2800,3,0.002745
1,185,3000,1,0.002733
1,185,3000,2,0.002714
1,185,3000,3,0.002721
1,185,3200,1,0.002756
1,185,3200,2,0.002752
1,185,3200,3,0.002779
1,185,3400,1,0.002709
1,185,3400,2,0.002728
1,185,3400,3,0.002751
1,185,3600,1,0.002740
1,185,3600,2,0.002750
1,185,3600,3,0.002763
1,185,3800,1,0.002768
1,185,3800,2,0.002742
1,185,3800,3,0.002748
1,185,4000,1,0.002800
1,185,4000,2,0.002790
1,185,4000,3,0.002804
1,185,4200,1,0.002808
1,185,4200,2,0.002820
1,185,4200,3,0.002830
1,185,4400,1,0.002813
1,185,4400,2,0.002806
1,185,4400,3,0.002817
1,185,4600,1,0.002805
1,185,4600,2,0.002817
1,185,4600,3,0.002797
1,185,4800,1,0.002874
1,185,4800,2,0.002836
1,185,4800,3,0.002854
1,185,5000,1,0.002842
1,185,5000,2,0.002871
1,185,5000,3,0.002825
1,187,1000,1,0.002662
1,187,1000,2,0.002642
1,187,1000,3,0.002624
1,187,1200,1,0.002643
1,187,1200,2,0.002637
1,187,1200,3,0.002637
1,187,1400,1,0.002650
1,187,1400,2,0.002611
1,187,1400,3,0.002613
1,187,1600,1,0.002668
1,187,1600,2,0.002624
1,187,1600,3,0.002629
1,187,1800,1,0.002667
1,187,1800,2,0.002624
1,187,1800,3,0.002644
1,187,2000,1,0.002675
1,187,2000,2,0.002679
1,187,2000,3,0.002658
1,187,2200,1,0.002693
1,187,2200,2,0.002699
1,187,2200,3,0.002707
1,187,2400,1,0.002686
1,187,2400,2,0.002679
1,187,2400,3,0.002665
1,187,2600,1,0.002714
1,187,2600,2,0.002697
1,187,2600,3,0.002717
1,187,2800,1,0.002752
1,187,2800,2,0.002743
1,187,2800,3,0.002759
1,187,3000,1,0.002727
1,187,3000,2,0.002718
1,187,3000,3,0.002732
1,187,3200,1,0.002777
1,187,3200,2,0.002765
1,187,3200,3,0.002778
1,187,3400,1,0.002752
1,187,3400,2,0.002792
1,187,3400,3,0.002738
1,187,3600,1,0.002782
1,187,3600,2,0.002760
1,187,3600,3,0.002762
1,187,3800,1,0.002764
1,187,3800,2,0.002785
1,187,3800,3,0.002777
1,187,4000,1,0.002767
1,187,4000,2,0.002775
1,187,4000,3,0.002770
1,187,4200,1,0.002798
1,187,4200,2,0.002778
1,187,4200,3,0.002804
1,187,4400,1,0.002781
1,187,4400,2,0.002813
1,187,4400,3,0.002789
1,187,4600,1,0.002877
1,187,4600,2,0.002821
1,187,4600,3,0.002782
1,187,4800,1,0.002819
1,187,4800,2,0.002882
1,187,4800,3,0.002884
1,187,5000,1,0.002843
1,187,5000,2,0.002879
1,187,5000,3,0.002843
1,189,1000,1,0.002612
1,189,1000,2,0.002636
1,189,1000,3,0.002604
1,189,1200,1,0.002643
1,189,1200,2,0.002683
1,189,1200,3,0.002621
1,189,1400,1,0.002652
1,189,1400,2,0.002617
1,189,1400,3,0.002603
1,189,1600,1,0.002621
1,189,1600,2,0.002613
1,189,1600,3,0.002643
1,189,1800,1,0.002646
1,189,1800,2,0.002652
1,189,1800,3,0.002653
1,189,2000,1,0.002656
1,189,2000,2,0.002630
1,189,2000,3,0.002640
1,189,2200,1,0.002670
1,189,2200,2,0.002669
1,189,2200,3,0.002701
1,189,2400,1,0.002686
1,189,2400,2,0.002700
1,189,2400,3,0.002693
1,189,2600,1,0.002726
1,189,2600,2,0.002713
1,189,2600,3,0.002680
1,189,2800,1,0.002702
1,189,2800,2,0.002698
1,189,2800,3,0.002716
1,189,3000,1,0.002748
1,189,3000,2,0.002742
1,189,3000,3,0.002736
1,189,3200,1,0.002765
1,189,3200,2,0.002792
1,189,3200,3,0.002774
1,189,3400,1,0.002760
1,189,3400,2,0.002741
1,189,3400,3,0.002726
1,189,3600,1,0.002769
1,189,3600,2,0.002753
1,189,3600,3,0.002843
1,189,3800,1,0.002809
1,189,3800,2,0.002790
1,189,3800,3,0.002806
1,189,4000,1,0.002791
1,189,4000,2,0.002824
1,189,4000,3,0.002808
1,189,4200,1,0.002793
1,189,4200,2,0.002798
1,189,4200,3,0.002812
1,189,4400,1,0.002788
1,189,4400,2,0.002786
1,189,4400,3,0.002817
1,189,4600,1,0.002791
1,189,4600,2,0.002766
1,189,4600,3,0.002784
1,189,4800,1,0.002842
1,189,4800,2,0.002830
1,189,4800,3,0.002832
1,189,5000,1,0.002860
1,189,5000,2,0.002844
1,189,5000,3,0.002825
1,191,1000,1,0.002651
1,191,1000,2,0.002598
1,191,1000,3,0.002604
1,191,1200,1,0.002618
1,191,1200,2,0.002610
1,191,1200,3,0.002665
1,191,1400,1,0.002644
1,191,1400,2,0.002675
1,191,1400,3,0.002658
1,191,1600,1,0.002668
1,191,1600,2,0.002670
1,191,1600,3,0.002646
1,191,1800,1,0.002630
1,191,1800,2,0.002615
1,191,1800,3,0.002625
1,191,2000,1,0.002678
1,191,2000,2,0.002665
1,191,2000,3,0.002661
1,191,2200,1,0.002691
1,191,2200,2,0.002712
1,191,2200,3,0.002694
1,191,2400,1,0.002702
1,191,2400,2,0.002692
1,191,2400,3,0.002709
1,191,2600,1,0.002722
1,191,2600,2,0.002725
1,191,2600,3,0.002705
1,191,2800,1,0.002737
1,191,2800,2,0.002708
1,191,2800,3,0.002727
1,191,3000,1,0.002727
1,191,3000,2,0.002753
1,191,3000,3,0.002718
1,191,3200,1,0.002784
1,191,3200,2,0.002741
1,191,3200,3,0.002777
1,191,3400,1,0.002758
1,191,3400,2,0.002762
1,191,3400,3,0.002734
1,191,3600,1,0.002777
1,191,3600,2,0.002774
1,191,3600,3,0.002813
1,191,3800,1,0.002789
1,191,3800,2,0.002817
1,191,3800,3,0.002778
1,191,4000,1,0.002812
1,191,4000,2,0.002811
1,191,4000,3,0.002791
1,191,4200,1,0.002824
1,191,4200,2,0.002800
1,191,4200,3,0.002806
1,191,4400,1,0.002809
1,191,4400,2,0.002799
1,191,4400,3,0.002800
1,191,4600,1,0.002772
1,191,4600,2,0.002798
1,191,4600,3,0.002773
1,191,4800,1,0.002836
1,191,4800,2,0.002835
1,191,4800,3,0.002819
1,191,5000,1,0.002830
1,191,5000,2,0.002825
1,191,5000,3,0.002844
1,193,1000,1,0.002627
1,193,1000,2,0.002611
1,193,1000,3,0.002648
1,193,1200,1,0.002614
1,193,1200,2,0.002620
1,193,1200,3,0.002632
1,193,1400,1,0.002668
1,193,1400,2,0.002645
1,193,1400,3,0.002652
1,193,1600,1,0.002662
1,193,1600,2,0.002650
1,193,1600,3,0.002647
1,193,1800,1,0.002659
1,193,1800,2,0.002649
1,193,1800,3,0.002658
1,193,2000,1,0.002652
1,193,2000,2,0.002639
1,193,2000,3,0.002733
1,193,2200,1,0.002687
1,193,2200,2,0.002695
1,193,2200,3,0.002687
1,193,2400,1,0.002764
1,193,2400,2,0.002694
1,193,2400,3,0.002677
1,193,2600,1,0.002708
1,193,2600,2,0.002721
1,193,2600,3,0.002735
1,193,2800,1,0.002743
1,193,2800,2,0.002744
1,193,2800,3,0.002723
1,193,3000,1,0.002768
1,193,3000,2,0.002729
1,193,3000,3,0.002730
1,193,3200,1,0.002773
1,193,3200,2,0.002759
1,193,3200,3,0.002774
1,193,3400,1,0.002751
1,193,3400,2,0.002757
1,193,3400,3,0.002709
1,193,3600,1,0.002772
1,193,3600,2,0.002752
1,193,3600,3,0.002757
1,193,3800,1,0.002781
1,193,3800,2,0.002790
1,193,3800,3,0.002782
1,193,4000,1,0.002803
1,193,4000,2,0.002823
1,193,4000,3,0.002824
1,193,4200,1,0.002786
1,193,4200,2,0.002830
1,193,4200,3,0.002830
1,193,4400,1,0.002795
1,193,4400,2,0.002802
1,193,4400,3,0.002814
1,193,4600,1,0.002805
1,193,4600,2,0.002820
1,193,4600,3,0.002852
1,193,4800,1,0.002887
1,193,4800,2,0.002837
1,193,4800,3,0.002845
1,193,5000,1,0.002865
1,193,5000,2,0.002877
1,193,5000,3,0.002858
1,195,1000,1,0.002638
1,195,1000,2,0.002645
1,195,1000,3,0.002622
1,195,1200,1,0.002662
1,195,1200,2,0.002633
1,195,1200,3,0.002667
1,195,1400,1,0.002634
1,195,1400,2,0.002660
1,195,1400,3,0.002628
1,195,1600,1,0.002647
1,195,1600,2,0.002636
1,195,1600,3,0.002646
1,195,1800,1,0.002621
1,195,1800,2,0.002607
1,195,1800,3,0.002651
1,195,2000,1,0.002657
1,195,2000,2,0.002687
1,195,2000,3,0.002654
1,195,2200,1,0.002692
1,195,2200,2,0.002742
1,195,2200,3,0.002687
1,195,2400,1,0.002684
1,195,2400,2,0.002696
1,195,2400,3,0.002682
1,195,2600,1,0.002703
1,195,2600,2,0.002689
1,195,2600,3,0.002752
1,195,2800,1,0.002726
1,195,2800,2,0.002710
1,195,2800,3,0.002738
1,195,3000,1,0.002753
1,195,3000,2,0.002731
1,195,3000,3,0.002724
1,195,3200,1,0.002758
1,195,3200,2,0.002757
1,195,3200,3,0.002752
1,195,3400,1,0.002745
1,195,3400,2,0.002717
1,195,3400,3,0.002731
1,195,3600,1,0.002753
1,195,3600,2,0.002807
1,195,3600,3,0.002765
1,195,3800,1,0.002803
1,195,3800,2,0.002792
1,195,3800,3,0.002810
1,195,4000,1,0.002801
1,195,4000,2,0.002870
1,195,4000,3,0.002796
1,195,4200,1,0.002809
1,195,4200,2,0.002804
1,195,4200,3,0.002824
1,195,4400,1,0.002826
1,195,4400,2,0.002824
1,195,4400,3,0.002818
1,195,4600,1,0.002821
1,195,4600,2,0.002803
1,195,4600,3,0.002808
1,195,4800,1,0.002915
1,195,4800,2,0.002849
1,195,4800,3,0.002837
1,195,5000,1,0.002879
1,195,5000,2,0.002880
1,195,5000,3,0.002891
1,197,1000,1,0.002601
1,197,1000,2,0.002638
1,197,1000,3,0.002615
1,197,1200,1,0.002652
1,197,1200,2,0.002641
1,197,1200,3,0.002643
1,197,1400,1,0.002652
1,197,1400,2,0.002662
1,197,1400,3,0.002644
1,197,1600,1,0.002655
1,197,1600,2,0.002682
1,197,1600,3,0.002688
1,197,1800,1,0.002662
1,197,1800,2,0.002646
1,197,1800,3,0.002647
1,197,2000,1,0.002659
1,197,2000,2,0.002699
1,197,2000,3,0.002669
1,197,2200,1,0.002761
1,197,2200,2,0.002701
1,197,2200,3,0.002709
1,197,2400,1,0.002688
1,197,2400,2,0.002670
1,197,2400,3,0.002666
1,197,2600,1,0.002688
1,197,2600,2,0.002724
1,197,2600,3,0.002708
1,197,2800,1,0.002701
1,197,2800,2,0.002707
1,197,2800,3,0.002701
1,197,3000,1,0.002718
1,197,3000,2,0.002713
1,197,3000,3,0.002711
1,197,3200,1,0.002754
1,197,3200,2,0.002741
1,197,3200,3,0.002739
1,197,3400,1,0.002753
1,197,3400,2,0.002770
1,197,3400,3,0.002764
1,197,3600,1,0.002762
1,197,3600,2,0.002782
1,197,3600,3,0.002776
1,197,3800,1,0.002806
1,197,3800,2,0.002794
1,197,3800,3,0.002821
1,197,4000,1,0.002827
1,197,4000,2,0.002797
1,197,4000,3,0.002814
1,197,4200,1,0.002839
1,197,4200,2,0.002802
1,197,4200,3,0.002838
1,197,4400,1,0.002778
1,197,4400,2,0.002826
1,197,4400,3,0.003205
1,197,4600,1,0.002828
1,197,4600,2,0.002834
1,197,4600,3,0.002816
1,197,4800,1,0.002863
1,197,4800,2,0.002875
1,197,4800,3,0.002848
1,197,5000,1,0.002867
1,197,5000,2,0.002868
1,197,5000,3,0.002875
1,199,1000,1,0.002637
1,199,1000,2,0.002591
1,199,1000,3,0.002604
1,199,1200,1,0.002596
1,199,1200,2,0.002597
1,199,1200,3,0.002620
1,199,1400,1,0.002620
1,199,1400,2,0.002628
1,199,1400,3,0.002613
1,199,1600,1,0.002612
1,199,1600,2,0.002630
1,199,1600,3,0.002621
1,199,1800,1,0.002618
1,199,1800,2,0.002630
1,199,1800,3,0.002633
1,199,2000,1,0.002636
1,199,2000,2,0.002630
1,199,2000,3,0.002656
1,199,2200,1,0.002687
1,199,2200,2,0.002686
1,199,2200,3,0.002692
1,199,2400,1,0.002708
1,199,2400,2,0.002713
1,199,2400,3,0.002718
1,199,2600,1,0.002741
1,199,2600,2,0.002694
1,199,2600,3,0.002706
1,199,2800,1,0.002743
1,199,2800,2,0.002702
1,199,2800,3,0.002681
1,199,3000,1,0.002714
1,199,3000,2,0.002705
1,199,3000,3,0.002702
1,199,3200,1,0.002770
1,199,3200,2,0.002745
1,199,3200,3,0.002783
1,199,3400,1,0.002742
1,199,3400,2,0.002743
1,199,3400,3,0.002724
1,199,3600,1,0.002742
1,199,3600,2,0.002764
1,199,3600,3,0.002790
1,199,3800,1,0.002788
1,199,3800,2,0.002767
1,199,3800,3,0.002756
1,199,4000,1,0.002796
1,199,4000,2,0.002779
1,199,4000,3,0.002780
1,199,4200,1,0.002770
1,199,4200,2,0.002772
1,199,4200,3,0.002778
1,199,4400,1,0.002788
1,199,4400,2,0.002798
1,199,4400,3,0.002778
1,199,4600,1,0.002803
1,199,4600,2,0.002777
1,199,4600,3,0.002785
1,199,4800,1,0.002815
1,199,4800,2,0.002866
1,199,4800,3,0.002847
1,199,5000,1,0.002868
1,199,5000,2,0.002892
1,199,5000,3,0.002852
2,1,1000,1,0.000455
2,1,1000,2,0.000484
2,1,1000,3,0.000465
2,1,1200,1,0.000487
2,1,1200,2,0.000486
2,1,1200,3,0.000477
2,1,1400,1,0.000491
2,1,1400,2,0.000484
2,1,1400,3,0.000488
2,1,1600,1,0.000479
2,1,1600,2,0.000485
2,1,1600,3,0.000484
2,1,1800,1,0.000503
2,1,1800,2,0.000477
2,1,1800,3,0.000488
2,1,2000,1,0.000449
2,1,2000,2,0.000490
2,1,2000,3,0.000499
2,1,2200,1,0.000496
2,1,2200,2,0.000434
2,1,2200,3,0.000502
2,1,2400,1,0.000487
2,1,2400,2,0.000507
2,1,2400,3,0.000507
2,1,2600,1,0.000499
2,1,2600,2,0.000495
2,1,2600,3,0.000448
2,1,2800,1,0.000493
2,1,2800,2,0.000477
2,1,2800,3,0.000477
2,1,3000,1,0.000503
2,1,3000,2,0.000450
2,1,3000,3,0.000488
2,1,3200,1,0.000471
2,1,3200,2,0.000489
2,1,3200,3,0.000475
2,1,3400,1,0.000520
2,1,3400,2,0.000483
2,1,3400,3,0.000466
2,1,3600,1,0.000486
2,1,3600,2,0.000522
2,1,3600,3,0.000497
2,1,3800,1,0.000518
2,1,3800,2,0.000479
2,1,3800,3,0.000507
2,1,4000,1,0.000444
2,1,4000,2,0.000489
2,1,4000,3,0.000494
2,1,4200,1,0.000529
2,1,4200,2,0.000496
2,1,4200,3,0.000497
2,1,4400,1,0.000479
2,1,4400,2,0.000448
2,1,4400,3,0.000499
2,1,4600,1,0.000506
2,1,4600,2,0.000509
2,1,4600,3,0.000507
2,1,4800,1,0.000566
2,1,4800,2,0.000489
2,1,4800,3,0.000500
2,1,5000,1,0.000529
2,1,5000,2,0.000448
2,1,5000,3,0.000496
2,3,1000,1,0.000456
2,3,1000,2,0.000503
2,3,1000,3,0.000450
2,3,1200,1,0.000450
2,3,1200,2,0.000467
2,3,1200,3,0.000481
2,3,1400,1,0.000486
2,3,1400,2,0.000473
2,3,1400,3,0.000447
2,3,1600,1,0.000493
2,3,1600,2,0.000465
2,3,1600,3,0.000458
2,3,1800,1,0.000471
2,3,1800,2,0.000522
2,3,1800,3,0.000461
2,3,2000,1,0.000468
2,3,2000,2,0.000520
2,3,2000,3,0.000497
2,3,2200,1,0.000514
2,3,2200,2,0.000452
2,3,2200,3,0.000453
2,3,2400,1,0.000484
2,3,2400,2,0.000471
2,3,2400,3,0.000469
2,3,2600,1,0.000471
2,3,2600,2,0.000451
2,3,2600,3,0.000485
2,3,2800,1,0.000486
2,3,2800,2,0.000456
2,3,2800,3,0.000504
2,3,3000,1,0.000489
2,3,3000,2,0.000499
2,3,3000,3,0.000506
2,3,3200,1,0.000522
2,3,3200,2,0.000501
2,3,3200,3,0.000488
2,3,3400,1,0.000472
2,3,3400,2,0.000481
2,3,3400,3,0.000467
2,3,3600,1,0.000451
2,3,3600,2,0.000496
2,3,3600,3,0.000495
2,3,3800,1,0.000453
2,3,3800,2,0.000441
2,3,3800,3,0.000446
2,3,4000,1,0.000464
2,3,4000,2,0.000491
2,3,4000,3,0.000495
2,3,4200,1,0.000497
2,3,4200,2,0.000452
2,3,4200,3,0.000498
2,3,4400,1,0.000460
2,3,4400,2,0.000474
2,3,4400,3,0.000557
2,3,4600,1,0.000524
2,3,4600,2,0.000506
2,3,4600,3,0.000519
2,3,4800,1,0.000461
2,3,4800,2,0.000512
2,3,4800,3,0.000462
2,3,5000,1,0.000530
2,3,5000,2,0.000517
2,3,5000,3,0.000564
2,5,1000,1,0.000505
2,5,1000,2,0.000491
2,5,1000,3,0.000497
2,5,1200,1,0.000512
2,5,1200,2,0.000482
2,5,1200,3,0.000469
2,5,1400,1,0.000521
2,5,1400,2,0.000509
2,5,1400,3,0.000501
2,5,1600,1,0.000586
2,5,1600,2,0.000470
2,5,1600,3,0.000495
2,5,1800,1,0.000522
2,5,1800,2,0.000494
2,5,1800,3,0.000510
2,5,2000,1,0.000478
2,5,2000,2,0.000492
2,5,2000,3,0.000485
2,5,2200,1,0.000497
2,5,2200,2,0.000472
2,5,2200,3,0.000497
2,5,2400,1,0.000478
2,5,2400,2,0.000492
2,5,2400,3,0.000471
2,5,2600,1,0.000503
2,5,2600,2,0.000483
2,5,2600,3,0.000515
2,5,2800,1,0.000470
2,5,2800,2,0.000499
2,5,2800,3,0.000518
2,5,3000,1,0.000489
2,5,3000,2,0.000492
2,5,3000,3,0.000489
2,5,3200,1,0.000505
2,5,3200,2,0.000474
2,5,3200,3,0.000485
2,5,3400,1,0.000513
2,5,3400,2,0.000483
2,5,3400,3,0.000507
2,5,3600,1,0.000495
2,5,3600,2,0.000552
2,5,3600,3,0.000499
2,5,3800,1,0.000491
2,5,3800,2,0.000474
2,5,3800,3,0.000487
2,5,4000,1,0.000485
2,5,4000,2,0.000500
2,5,4000,3,0.000487
2,5,4200,1,0.000486
2,5,4200,2,0.000476
2,5,4200,3,0.000454
2,5,4400,1,0.000488
2,5,4400,2,0.000497
2,5,4400,3,0.000522
2,5,4600,1,0.000472
2,5,4600,2,0.000473
2,5,4600,3,0.000488
2,5,4800,1,0.000512
2,5,4800,2,0.000474
2,5,4800,3,0.000485
2,5,5000,1,0.000531
2,5,5000,2,0.000506
2,5,5000,3,0.000513
2,7,1000,1,0.000493
2,7,1000,2,0.000539
2,7,1000,3,0.000540
2,7,1200,1,0.000506
2,7,1200,2,0.000490
2,7,1200,3,0.000500
2,7,1400,1,0.000501
2,7,1400,2,0.000519
2,7,1400,3,0.000502
2,7,1600,1,0.000505
2,7,1600,2,0.000504
2,7,1600,3,0.000483
2,7,1800,1,0.000482
2,7,1800,2,0.000521
2,7,1800,3,0.000511
2,7,2000,1,0.000502
2,7,2000,2,0.000479
2,7,2000,3,0.000531
2,7,2200,1,0.000516
2,7,2200,2,0.000503
2,7,2200,3,0.000517
2,7,2400,1,0.000545
2,7,2400,2,0.000535
2,7,2400,3,0.000500
2,7,2600,1,0.000513
2,7,2600,2,0.000492
2,7,2600,3,0.000476
2,7,2800,1,0.000531
2,7,2800,2,0.000527
2,7,2800,3,0.000449
2,7,3000,1,0.000500
2,7,3000,2,0.000515
2,7,3000,3,0.000506
2,7,3200,1,0.000514
2,7,3200,2,0.000506
2,7,3200,3,0.000486
2,7,3400,1,0.000511
2,7,3400,2,0.000519
2,7,3400,3,0.000540
2,7,3600,1,0.000515
2,7,3600,2,0.000477
2,7,3600,3,0.000459
2,7,3800,1,0.000541
2,7,3800,2,0.000516
2,7,3800,3,0.000523
2,7,4000,1,0.000460
2,7,4000,2,0.000505
2,7,4000,3,0.000484
2,7,4200,1,0.000461
2,7,4200,2,0.000528
2,7,4200,3,0.000463
2,7,4400,1,0.000492
2,7,4400,2,0.000507
2,7,4400,3,0.000483
2,7,4600,1,0.000495
2,7,4600,2,0.000505
2,7,4600,3,0.000477
2,7,4800,1,0.000491
2,7,4800,2,0.000494
2,7,4800,3,0.000532
2,7,5000,1,0.000508
2,7,5000,2,0.000507
2,7,5000,3,0.000504
2,9,1000,1,0.000563
2,9,1000,2,0.000498
2,9,1000,3,0.000586
2,9,1200,1,0.000479
2,9,1200,2,0.000458
2,9,1200,3,0.000551
2,9,1400,1,0.000510
2,9,1400,2,0.000522
2,9,1400,3,0.000518
2,9,1600,1,0.000533
2,9,1600,2,0.000556
2,9,1600,3,0.000539
2,9,1800,1,0.000542
2,9,1800,2,0.000544
2,9,1800,3,0.000519
2,9,2000,1,0.000519
2,9,2000,2,0.000513
2,9,2000,3,0.000525
2,9,2200,1,0.000576
2,9,2200,2,0.000493
2,9,2200,3,0.000574
2,9,2400,1,0.000474
2,9,2400,2,0.000534
2,9,2400,3,0.000540
2,9,2600,1,0.000484
2,9,2600,2,0.000515
2,9,2600,3,0.000526
2,9,2800,1,0.000533
2,9,2800,2,0.000517
2,9,2800,3,0.000519
2,9,3000,1,0.000539
2,9,3000,2,0.000533
2,9,3000,3,0.000526
2,9,3200,1,0.000494
2,9,3200,2,0.000491
2,9,3200,3,0.000554
2,9,3400,1,0.000531
2,9,3400,2,0.000489
2,9,3400,3,0.000483
2,9,3600,1,0.000516
2,9,3600,2,0.000541
2,9,3600,3,0.000534
2,9,3800,1,0.000529
2,9,3800,2,0.000530
2,9,3800,3,0.000512
2,9,4000,1,0.000535
2,9,4000,2,0.000468
2,9,4000,3,0.000541
2,9,4200,1,0.000541
2,9,4200,2,0.000484
2,9,4200,3,0.000500
2,9,4400,1,0.000478
2,9,4400,2,0.000488
2,9,4400,3,0.000577
2,9,4600,1,0.000470
2,9,4600,2,0.000563
2,9,4600,3,0.000571
2,9,4800,1,0.000501
2,9,4800,2,0.000504
2,9,4800,3,0.000557
2,9,5000,1,0.000578
2,9,5000,2,0.000531
2,9,5000,3,0.000476
2,11,1000,1,0.000505
2,11,1000,2,0.000557
2,11,1000,3,0.000532
2,11,1200,1,0.000517
2,11,1200,2,0.000518
2,11,1200,3,0.000542
2,11,1400,1,0.000544
2,11,1400,2,0.000519
2,11,1400,3,0.000554
2,11,1600,1,0.000542
2,11,1600,2,0.000553
2,11,1600,3,0.000518
2,11,1800,1,0.000555
2,11,1800,2,0.000494
2,11,1800,3,0.000527
2,11,2000,1,0.000491
2,11,2000,2,0.000512
2,11,2000,3,0.000589
2,11,2200,1,0.000553
2,11,2200,2,0.000578
2,11,2200,3,0.000463
2,11,2400,1,0.000569
2,11,2400,2,0.000470
2,11,2400,3,0.000543
2,11,2600,1,0.000560
2,11,2600,2,0.000475
2,11,2600,3,0.000526
2,11,2800,1,0.000524
2,11,2800,2,0.000527
2,11,2800,3,0.000504
2,11,3000,1,0.000531
2,11,3000,2,0.000528
2,11,3000,3,0.000498
2,11,3200,1,0.000557
2,11,3200,2,0.000522
2,11,3200,3,0.000545
2,11,3400,1,0.000580
2,11,3400,2,0.000501
2,11,3400,3,0.000534
2,11,3600,1,0.000577
2,11,3600,2,0.000480
2,11,3600,3,0.000573
2,11,3800,1,0.000553
2,11,3800,2,0.000473
2,11,3800,3,0.000474
2,11,4000,1,0.000560
2,11,4000,2,0.000583
2,11,4000,3,0.000496
2,11,4200,1,0.000591
2,11,4200,2,0.000470
2,11,4200,3,0.000566
2,11,4400,1,0.000479
2,11,4400,2,0.000586
2,11,4400,3,0.000584
2,11,4600,1,0.000481
2,11,4600,2,0.000560
2,11,4600,3,0.000550
2,11,4800,1,0.000528
2,11,4800,2,0.000490
2,11,4800,3,0.000509
2,11,5000,1,0.000498
2,11,5000,2,0.000496
2,11,5000,3,0.000603
2,13,1000,1,0.000562
2,13,1000,2,0.000552
2,13,1000,3,0.000570
2,13,1200,1,0.000561
2,13,1200,2,0.000529
2,13,1200,3,0.000558
2,13,1400,1,0.000571
2,13,1400,2,0.000531
2,13,1400,3,0.000523
2,13,1600,1,0.000508
2,13,1600,2,0.000584
2,13,1600,3,0.000500
2,13,1800,1,0.000516
2,13,1800,2,0.000555
2,13,1800,3,0.000562
2,13,2000,1,0.000566
2,13,2000,2,0.000540
2,13,2000,3,0.000554
2,13,2200,1,0.000541
2,13,2200,2,0.000587
2,13,2200,3,0.000502
2,13,2400,1,0.000537
2,13,2400,2,0.000493
2,13,2400,3,0.000544
2,13,2600,1,0.000559
2,13,2600,2,0.000479
2,13,2600,3,0.000503
2,13,2800,1,0.000550
2,13,2800,2,0.000569
2,13,2800,3,0.000580
2,13,3000,1,0.000554
2,13,3000,2,0.000537
2,13,3000,3,0.000497
2,13,3200,1,0.000533
2,13,3200,2,0.000562
2,13,3200,3,0.000587
2,13,3400,1,0.000562
2,13,3400,2,0.000521
2,13,3400,3,0.000501
2,13,3600,1,0.000605
2,13,3600,2,0.000526
2,13,3600,3,0.000598
2,13,3800,1,0.000550
2,13,3800,2,0.000510
2,13,3800,3,0.000561
2,13,4000,1,0.000578
2,13,4000,2,0.000496
2,13,4000,3,0.000563
2,13,4200,1,0.000524
2,13,4200,2,0.000559
2,13,4200,3,0.000545
2,13,4400,1,0.000564
2,13,4400,2,0.000581
2,13,4400,3,0.000515
2,13,4600,1,0.000551
2,13,4600,2,0.000515
2,13,4600,3,0.000472
2,13,4800,1,0.000564
2,13,4800,2,0.000536
2,13,4800,3,0.000570
2,13,5000,1,0.000570
2,13,5000,2,0.000540
2,13,5000,3,0.000541
2,15,1000,1,0.000604
2,15,1000,2,0.000527
2,15,1000,3,0.000524
2,15,1200,1,0.000547
2,15,1200,2,0.000530
2,15,1200,3,0.000511
2,15,1400,1,0.000522
2,15,1400,2,0.000596
2,15,1400,3,0.000512
2,15,1600,1,0.000557
2,15,1600,2,0.000538
2,15,1600,3,0.000532
2,15,1800,1,0.000512
2,15,1800,2,0.000511
2,15,1800,3,0.000557
2,15,2000,1,0.000577
2,15,2000,2,0.000564
2,15,2000,3,0.000524
2,15,2200,1,0.000511
2,15,2200,2,0.000552
2,15,2200,3,0.000516
2,15,2400,1,0.000534
2,15,2400,2,0.000555
2,15,2400,3,0.000570
2,15,2600,1,0.000546
2,15,2600,2,0.000545
2,15,2600,3,0.000532
2,15,2800,1,0.000570
2,15,2800,2,0.000566
2,15,2800,3,0.000563
2,15,3000,1,0.000510
2,15,3000,2,0.000544
2,15,3000,3,0.000516
2,15,3200,1,0.000558
2,15,3200,2,0.000577
2,15,3200,3,0.000498
2,15,3400,1,0.000519
2,15,3400,2,0.000536
2,15,3400,3,0.000564
2,15,3600,1,0.000549
2,15,3600,2,0.000507
2,15,3600,3,0.000560
2,15,3800,1,0.000525
2,15,3800,2,0.000528
2,15,3800,3,0.000530
2,15,4000,1,0.000597
2,15,4000,2,0.000491
2,15,4000,3,0.000579
2,15,4200,1,0.000563
2,15,4200,2,0.000519
2,15,4200,3,0.000561
2,15,4400,1,0.000549
2,15,4400,2,0.000520
2,15,4400,3,0.000492
2,15,4600,1,0.000580
2,15,4600,2,0.000507
2,15,4600,3,0.000566
2,15,4800,1,0.000591
2,15,4800,2,0.000544
2,15,4800,3,0.000494
2,15,5000,1,0.000503
2,15,5000,2,0.000580
2,15,5000,3,0.000587
2,17,1000,1,0.000523
2,17,1000,2,0.000566
2,17,1000,3,0.000527
2,17,1200,1,0.000529
2,17,1200,2,0.000521
2,17,1200,3,0.000532
2,17,1400,1,0.000575
2,17,1400,2,0.000547
2,17,1400,3,0.000526
2,17,1600,1,0.000550
2,17,1600,2,0.000562
2,17,1600,3,0.000561
2,17,1800,1,0.000543
2,17,1800,2,0.000565
2,17,1800,3,0.000556
2,17,2000,1,0.000575
2,17,2000,2,0.000536
2,17,2000,3,0.000527
2,17,2200,1,0.000605
2,17,2200,2,0.000531
2,17,2200,3,0.000585
2,17,2400,1,0.000547
2,17,2400,2,0.000528
2,17,2400,3,0.000545
2,17,2600,1,0.000545
2,17,2600,2,0.000530
2,17,2600,3,0.000534
2,17,2800,1,0.000549
2,17,2800,2,0.000550
2,17,2800,3,0.000532
2,17,3000,1,0.000582
2,17,3000,2,0.000518
2,17,3000,3,0.000578
2,17,3200,1,0.000542
2,17,3200,2,0.000555
2,17,3200,3,0.000516
2,17,3400,1,0.000522
2,17,3400,2,0.000544
2,17,3400,3,0.000585
2,17,3600,1,0.000558
2,17,3600,2,0.000555
2,17,3600,3,0.000520
2,17,3800,1,0.000562
2,17,3800,2,0.000585
2,17,3800,3,0.000538
2,17,4000,1,0.000567
2,17,4000,2,0.000537
2,17,4000,3,0.000509
2,17,4200,1,0.000527
2,17,4200,2,0.000609
2,17,4200,3,0.000536
2,17,4400,1,0.000637
2,17,4400,2,0.000553
2,17,4400,3,0.000546
2,17,4600,1,0.000500
2,17,4600,2,0.000562
2,17,4600,3,0.000556
2,17,4800,1,0.000601
2,17,4800,2,0.000614
2,17,4800,3,0.000582
2,17,5000,1,0.000552
2,17,5000,2,0.000575
2,17,5000,3,0.000493
2,19,1000,1,0.000543
2,19,1000,2,0.000526
2,19,1000,3,0.000567
2,19,1200,1,0.000509
2,19,1200,2,0.000574
2,19,1200,3,0.000552
2,19,1400,1,0.000555
2,19,1400,2,0.000543
2,19,1400,3,0.000576
2,19,1600,1,0.000515
2,19,1600,2,0.000617
2,19,1600,3,0.000564
2,19,1800,1,0.000608
2,19,1800,2,0.000538
2,19,1800,3,0.000528
2,19,2000,1,0.000549
2,19,2000,2,0.000587
2,19,2000,3,0.000581
2,19,2200,1,0.000565
2,19,2200,2,0.000617
2,19,2200,3,0.000561
2,19,2400,1,0.000616
2,19,2400,2,0.000536
2,19,2400,3,0.000557
2,19,2600,1,0.000560
2,19,2600,2,0.000548
2,19,2600,3,0.000534
2,19,2800,1,0.000532
2,19,2800,2,0.000545
2,19,2800,3,0.000579
2,19,3000,1,0.000526
2,19,3000,2,0.000517
2,19,3000,3,0.000509
2,19,3200,1,0.000585
2,19,3200,2,0.000512
2,19,3200,3,0.000524
2,19,3400,1,0.000565
2,19,3400,2,0.000526
2,19,3400,3,0.000564
2,19,3600,1,0.000564
2,19,3600,2,0.000510
2,19,3600,3,0.000535
2,19,3800,1,0.000545
2,19,3800,2,0.000546
2,19,3800,3,0.000549
2,19,4000,1,0.000548
2,19,4000,2,0.000523
2,19,4000,3,0.000551
2,19,4200,1,0.000539
2,19,4200,2,0.000584
2,19,4200,3,0.000597
2,19,4400,1,0.000543
2,19,4400,2,0.000533
2,19,4400,3,0.000560
2,19,4600,1,0.000589
2,19,4600,2,0.000613
2,19,4600,3,0.000573
2,19,4800,1,0.000570
2,19,4800,2,0.000581
2,19,4800,3,0.000547
2,19,5000,1,0.000564
2,19,5000,2,0.000547
2,19,5000,3,0.000652
2,21,1000,1,0.000542
2,21,1000,2,0.000553
2,21,1000,3,0.000538
2,21,1200,1,0.000585
2,21,1200,2,0.000537
2,21,1200,3,0.000594
2,21,1400,1,0.000574
2,21,1400,2,0.000554
2,21,1400,3,0.000545
2,21,1600,1,0.000590
2,21,1600,2,0.000534
2,21,1600,3,0.000568
2,21,1800,1,0.000541
2,21,1800,2,0.000535
2,21,1800,3,0.000542
2,21,2000,1,0.000525
2,21,2000,2,0.000513
2,21,2000,3,0.000558
2,21,2200,1,0.000529
2,21,2200,2,0.000553
2,21,2200,3,0.000561
2,21,2400,1,0.000549
2,21,2400,2,0.000576
2,21,2400,3,0.000602
2,21,2600,1,0.000540
2,21,2600,2,0.000525
2,21,2600,3,0.000531
2,21,2800,1,0.000546
2,21,2800,2,0.000560
2,21,2800,3,0.000570
2,21,3000,1,0.000519
2,21,3000,2,0.000519
2,21,3000,3,0.000593
2,21,3200,1,0.000560
2,21,3200,2,0.000533
2,21,3200,3,0.000585
2,21,3400,1,0.000566
2,21,3400,2,0.000563
2,21,3400,3,0.000589
2,21,3600,1,0.000554
2,21,3600,2,0.000608
2,21,3600,3,0.000599
2,21,3800,1,0.000556
2,21,3800,2,0.000560
2,21,3800,3,0.000602
2,21,4000,1,0.000578
2,21,4000,2,0.000586
2,21,4000,3,0.000528
2,21,4200,1,0.000581
2,21,4200,2,0.000526
2,21,4200,3,0.000543
2,21,4400,1,0.000556
2,21,4400,2,0.000634
2,21,4400,3,0.000537
2,21,4600,1,0.000568
2,21,4600,2,0.000538
2,21,4600,3,0.000561
2,21,4800,1,0.000551
2,21,4800,2,0.000572
2,21,4800,3,0.000576
2,21,5000,1,0.000573
2,21,5000,2,0.000593
2,21,5000,3,0.000592
2,23,1000,1,0.000539
2,23,1000,2,0.000560
2,23,1000,3,0.000574
2,23,1200,1,0.000539
2,23,1200,2,0.000558
2,23,1200,3,0.000557
2,23,1400,1,0.000550
2,23,1400,2,0.000563
2,23,1400,3,0.000537
2,23,1600,1,0.000546
2,23,1600,2,0.000579
2,23,1600,3,0.000578
2,23,1800,1,0.000532
2,23,1800,2,0.000555
2,23,1800,3,0.000530
2,23,2000,1,0.000561
2,23,2000,2,0.000579
2,23,2000,3,0.000570
2,23,2200,1,0.000607
2,23,2200,2,0.000541
2,23,2200,3,0.000569
2,23,2400,1,0.000591
2,23,2400,2,0.000585
2,23,2400,3,0.000563
2,23,2600,1,0.000550
2,23,2600,2,0.000592
2,23,2600,3,0.000566
2,23,2800,1,0.000537
2,23,2800,2,0.000507
2,23,2800,3,0.000577
2,23,3000,1,0.000579
2,23,3000,2,0.000544
2,23,3000,3,0.000561
2,23,3200,1,0.000560
2,23,3200,2,0.000538
2,23,3200,3,0.000555
2,23,3400,1,0.000582
2,23,3400,2,0.000572
2,23,3400,3,0.000527
2,23,3600,1,0.000587
2,23,3600,2,0.000536
2,23,3600,3,0.000581
2,23,3800,1,0.000578
2,23,3800,2,0.000527
2,23,3800,3,0.000567
2,23,4000,1,0.000545
2,23,4000,2,0.000533
2,23,4000,3,0.000527
2,23,4200,1,0.000596
2,23,4200,2,0.000530
2,23,4200,3,0.000553
2,23,4400,1,0.000539
2,23,4400,2,0.000564
2,23,4400,3,0.000589
2,23,4600,1,0.000578
2,23,4600,2,0.000576
2,23,4600,3,0.000526
2,23,4800,1,0.000564
2,23,4800,2,0.000526
2,23,4800,3,0.000576
2,23,5000,1,0.000568
2,23,5000,2,0.000539
2,23,5000,3,0.000555
2,25,1000,1,0.000529
2,25,1000,2,0.000559
2,25,1000,3,0.000578
2,25,1200,1,0.000563
2,25,1200,2,0.000553
2,25,1200,3,0.000564
2,25,1400,1,0.000589
2,25,1400,2,0.000573
2,25,1400,3,0.000545
2,25,1600,1,0.000580
2,25,1600,2,0.000548
2,25,1600,3,0.000550
2,25,1800,1,0.000535
2,25,1800,2,0.000585
2,25,1800,3,0.000587
2,25,2000,1,0.000563
2,25,2000,2,0.000551
2,25,2000,3,0.000591
2,25,2200,1,0.000585
2,25,2200,2,0.000583
2,25,2200,3,0.000567
2,25,2400,1,0.000545
2,25,2400,2,0.000537
2,25,2400,3,0.000599
2,25,2600,1,0.000530
2,25,2600,2,0.000581
2,25,2600,3,0.000557
2,25,2800,1,0.000522
2,25,2800,2,0.000641
2,25,2800,3,0.000560
2,25,3000,1,0.000585
2,25,3000,2,0.000587
2,25,3000,3,0.000606
2,25,3200,1,0.000538
2,25,3200,2,0.000593
2,25,3200,3,0.000558
2,25,3400,1,0.000548
2,25,3400,2,0.000564
2,25,3400,3,0.000552
2,25,3600,1,0.000549
2,25,3600,2,0.000531
2,25,3600,3,0.000562
2,25,3800,1,0.000553
2,25,3800,2,0.000620
2,25,3800,3,0.000541
2,25,4000,1,0.000553
2,25,4000,2,0.000557
2,25,4000,3,0.000585
2,25,4200,1,0.000545
2,25,4200,2,0.000551
2,25,4200,3,0.000588
2,25,4400,1,0.000553
2,25,4400,2,0.000586
2,25,4400,3,0.000530
2,25,4600,1,0.000580
2,25,4600,2,0.000544
2,25,4600,3,0.000594
2,25,4800,1,0.000541
2,25,4800,2,0.000590
2,25,4800,3,0.000611
2,25,5000,1,0.000566
2,25,5000,2,0.000571
2,25,5000,3,0.000588
2,27,1000,1,0.001493
2,27,1000,2,0.001507
2,27,1000,3,0.001461
2,27,1200,1,0.001465
2,27,1200,2,0.001519
2,27,1200,3,0.001460
2,27,1400,1,0.001528
2,27,1400,2,0.001504
2,27,1400,3,0.001442
2,27,1600,1,0.001476
2,27,1600,2,0.001486
2,27,1600,3,0.001476
2,27,1800,1,0.001476
2,27,1800,2,0.001446
2,27,1800,3,0.001490
2,27,2000,1,0.001484
2,27,2000,2,0.001460
2,27,2000,3,0.001481
2,27,2200,1,0.001460
2,27,2200,2,0.001536
2,27,2200,3,0.001493
2,27,2400,1,0.001464
2,27,2400,2,0.001534
2,27,2400,3,0.001472
2,27,2600,1,0.001485
2,27,2600,2,0.001479
2,27,2600,3,0.001475
2,27,2800,1,0.001447
2,27,2800,2,0.001464
2,27,2800,3,0.001507
2,27,3000,1,0.001483
2,27,3000,2,0.001500
2,27,3000,3,0.001493
2,27,3200,1,0.001488
2,27,3200,2,0.001483
2,27,3200,3,0.001455
2,27,3400,1,0.001488
2,27,3400,2,0.001454
2,27,3400,3,0.001482
2,27,3600,1,0.001483
2,27,3600,2,0.001447
2,27,3600,3,0.001466
2,27,3800,1,0.001483
2,27,3800,2,0.001491
2,27,3800,3,0.001528
2,27,4000,1,0.001489
2,27,4000,2,0.001484
2,27,4000,3,0.001458
2,27,4200,1,0.001508
2,27,4200,2,0.001522
2,27,4200,3,0.001484
2,27,4400,1,0.001490
2,27,4400,2,0.001463
2,27,4400,3,0.001478
2,27,4600,1,0.001486
2,27,4600,2,0.001489
2,27,4600,3,0.001497
2,27,4800,1,0.001474
2,27,4800,2,0.001519
2,27,4800,3,0.001456
2,27,5000,1,0.001455
2,27,5000,2,0.001481
2,27,5000,3,0.001475
2,29,1000,1,0.001167
2,29,1000,2,0.001165
2,29,1000,3,0.001166
2,29,1200,1,0.001154
2,29,1200,2,0.001176
2,29,1200,3,0.001162
2,29,1400,1,0.001158
2,29,1400,2,0.001164
2,29,1400,3,0.001156
2,29,1600,1,0.001179
2,29,1600,2,0.001158
2,29,1600,3,0.001172
2,29,1800,1,0.001170
2,29,1800,2,0.001152
2,29,1800,3,0.001144
2,29,2000,1,0.000681
2,29,2000,2,0.001170
2,29,2000,3,0.001135
2,29,2200,1,0.001220
2,29,2200,2,0.001180
2,29,2200,3,0.001157
2,29,2400,1,0.001201
2,29,2400,2,0.001185
2,29,2400,3,0.001161
2,29,2600,1,0.001123
2,29,2600,2,0.001173
2,29,2600,3,0.001159
2,29,2800,1,0.001168
2,29,2800,2,0.001171
2,29,2800,3,0.000660
2,29,3000,1,0.001161
2,29,3000,2,0.001213
2,29,3000,3,0.001152
2,29,3200,1,0.001170
2,29,3200,2,0.001133
2,29,3200,3,0.001175
2,29,3400,1,0.001162
2,29,3400,2,0.001214
2,29,3400,3,0.001174
2,29,3600,1,0.001137
2,29,3600,2,0.001179
2,29,3600,3,0.001145
2,29,3800,1,0.001174
2,29,3800,2,0.001189
2,29,3800,3,0.001203
2,29,4000,1,0.001153
2,29,4000,2,0.001172
2,29,4000,3,0.001171
2,29,4200,1,0.001128
2,29,4200,2,0.001150
2,29,4200,3,0.001184
2,29,4400,1,0.001204
2,29,4400,2,0.001137
2,29,4400,3,0.001172
2,29,4600,1,0.001167
2,29,4600,2,0.001211
2,29,4600,3,0.001148
2,29,4800,1,0.001185
2,29,4800,2,0.001184
2,29,4800,3,0.001149
2,29,5000,1,0.001154
2,29,5000,2,0.001165
2,29,5000,3,0.001172
2,31,1000,1,0.001193
2,31,1000,2,0.001169
2,31,1000,3,0.001174
2,31,1200,1,0.001163
2,31,1200,2,0.001170
2,31,1200,3,0.000653
2,31,1400,1,0.001159
2,31,1400,2,0.001162
2,31,1400,3,0.000643
2,31,1600,1,0.001148
2,31,1600,2,0.001138
2,31,1600,3,0.001194
2,31,1800,1,0.000651
2,31,1800,2,0.001158
2,31,1800,3,0.001175
2,31,2000,1,0.001177
2,31,2000,2,0.001164
2,31,2000,3,0.001184
2,31,2200,1,0.001139
2,31,2200,2,0.001182
2,31,2200,3,0.001180
2,31,2400,1,0.001184
2,31,2400,2,0.001162
2,31,2400,3,0.001181
2,31,2600,1,0.001149
2,31,2600,2,0.001168
2,31,2600,3,0.001185
2,31,2800,1,0.001141
2,31,2800,2,0.001163
2,31,2800,3,0.001166
2,31,3000,1,0.001182
2,31,3000,2,0.001168
2,31,3000,3,0.001180
2,31,3200,1,0.001152
2,31,3200,2,0.001216
2,31,3200,3,0.001156
2,31,3400,1,0.001190
2,31,3400,2,0.001175
2,31,3400,3,0.001158
2,31,3600,1,0.001149
2,31,3600,2,0.001159
2,31,3600,3,0.001165
2,31,3800,1,0.000655
2,31,3800,2,0.001180
2,31,3800,3,0.001181
2,31,4000,1,0.001172
2,31,4000,2,0.001202
2,31,4000,3,0.001145
2,31,4200,1,0.001181
2,31,4200,2,0.001154
2,31,4200,3,0.001186
2,31,4400,1,0.001191
2,31,4400,2,0.001164
2,31,4400,3,0.001186
2,31,4600,1,0.001211
2,31,4600,2,0.001155
2,31,4600,3,0.000667
2,31,4800,1,0.001171
2,31,4800,2,0.001194
2,31,4800,3,0.001172
2,31,5000,1,0.001150
2,31,5000,2,0.001180
2,31,5000,3,0.001199
2,33,1000,1,0.001166
2,33,1000,2,0.001156
2,33,1000,3,0.001218
2,33,1200,1,0.001180
2,33,1200,2,0.001154
2,33,1200,3,0.001161
2,33,1400,1,0.001149
2,33,1400,2,0.001176
2,33,1400,3,0.001178
2,33,1600,1,0.001166
2,33,1600,2,0.001164
2,33,1600,3,0.001158
2,33,1800,1,0.001213
2,33,1800,2,0.001165
2,33,1800,3,0.001183
2,33,2000,1,0.001199
2,33,2000,2,0.001160
2,33,2000,3,0.001147
2,33,2200,1,0.000659
2,33,2200,2,0.001152
2,33,2200,3,0.001186
2,33,2400,1,0.001173
2,33,2400,2,0.001150
2,33,2400,3,0.001170
2,33,2600,1,0.001158
2,33,2600,2,0.001233
2,33,2600,3,0.001163
2,33,2800,1,0.001149
2,33,2800,2,0.001212
2,33,2800,3,0.000663
2,33,3000,1,0.001175
2,33,3000,2,0.001157
2,33,3000,3,0.001193
2,33,3200,1,0.000661
2,33,3200,2,0.000652
2,33,3200,3,0.001207
2,33,3400,1,0.001210
2,33,3400,2,0.001175
2,33,3400,3,0.001232
2,33,3600,1,0.001164
2,33,3600,2,0.001171
2,33,3600,3,0.001226
2,33,3800,1,0.001181
2,33,3800,2,0.001169
2,33,3800,3,0.001179
2,33,4000,1,0.001150
2,33,4000,2,0.001180
2,33,4000,3,0.001202
2,33,4200,1,0.001151
2,33,4200,2,0.001169
2,33,4200,3,0.001193
2,33,4400,1,0.001203
2,33,4400,2,0.000651
2,33,4400,3,0.001168
2,33,4600,1,0.001207
2,33,4600,2,0.001167
2,33,4600,3,0.001210
2,33,4800,1,0.001187
2,33,4800,2,0.001199
2,33,4800,3,0.001181
2,33,5000,1,0.001219
2,33,5000,2,0.001177
2,33,5000,3,0.001189
2,35,1000,1,0.001215
2,35,1000,2,0.001167
2,35,1000,3,0.001179
2,35,1200,1,0.000633
2,35,1200,2,0.001215
2,35,1200,3,0.001191
2,35,1400,1,0.001187
2,35,1400,2,0.001167
2,35,1400,3,0.001178
2,35,1600,1,0.001159
2,35,1600,2,0.000677
2,35,1600,3,0.001145
2,35,1800,1,0.001195
2,35,1800,2,0.001160
2,35,1800,3,0.000685
2,35,2000,1,0.001163
2,35,2000,2,0.001195
2,35,2000,3,0.001194
2,35,2200,1,0.001282
2,35,2200,2,0.001164
2,35,2200,3,0.001214
2,35,2400,1,0.001190
2,35,2400,2,0.001207
2,35,2400,3,0.000651
2,35,2600,1,0.001189
2,35,2600,2,0.001167
2,35,2600,3,0.000691
2,35,2800,1,0.000668
2,35,2800,2,0.001152
2,35,2800,3,0.001154
2,35,3000,1,0.001186
2,35,3000,2,0.001162
2,35,3000,3,0.001218
2,35,3200,1,0.001186
2,35,3200,2,0.001228
2,35,3200,3,0.001189
2,35,3400,1,0.001177
2,35,3400,2,0.001159
2,35,3400,3,0.000717
2,35,3600,1,0.001158
2,35,3600,2,0.000681
2,35,3600,3,0.001182
2,35,3800,1,0.001206
2,35,3800,2,0.001172
2,35,3800,3,0.001229
2,35,4000,1,0.001195
2,35,4000,2,0.001234
2,35,4000,3,0.001191
2,35,4200,1,0.001222
2,35,4200,2,0.001167
2,35,4200,3,0.001168
2,35,4400,1,0.001195
2,35,4400,2,0.001172
2,35,4400,3,0.001219
2,35,4600,1,0.001174
2,35,4600,2,0.001190
2,35,4600,3,0.001197
2,35,4800,1,0.001171
2,35,4800,2,0.001203
2,35,4800,3,0.001201
2,35,5000,1,0.001209
2,35,5000,2,0.001200
2,35,5000,3,0.001176
2,37,1000,1,0.001174
2,37,1000,2,0.001186
2,37,1000,3,0.001177
2,37,1200,1,0.001171
2,37,1200,2,0.001206
2,37,1200,3,0.001196
2,37,1400,1,0.001174
2,37,1400,2,0.001232
2,37,1400,3,0.001194
2,37,1600,1,0.001188
2,37,1600,2,0.001189
2,37,1600,3,0.001188
2,37,1800,1,0.001222
2,37,1800,2,0.000660
2,37,1800,3,0.001201
2,37,2000,1,0.001171
2,37,2000,2,0.001174
2,37,2000,3,0.001195
2,37,2200,1,0.001188
2,37,2200,2,0.001152
2,37,2200,3,0.001194
2,37,2400,1,0.001156
2,37,2400,2,0.001172
2,37,2400,3,0.001175
2,37,2600,1,0.001165
2,37,2600,2,0.001204
2,37,2600,3,0.001142
2,37,2800,1,0.001177
2,37,2800,2,0.001198
2,37,2800,3,0.001188
2,37,3000,1,0.000655
2,37,3000,2,0.001178
2,37,3000,3,0.001168
2,37,3200,1,0.001214
2,37,3200,2,0.000638
2,37,3200,3,0.001208
2,37,3400,1,0.001167
2,37,3400,2,0.000681
2,37,3400,3,0.001167
2,37,3600,1,0.000666
2,37,3600,2,0.001213
2,37,3600,3,0.001213
2,37,3800,1,0.001150
2,37,3800,2,0.000696
2,37,3800,3,0.000686
2,37,4000,1,0.001253
2,37,4000,2,0.001203
2,37,4000,3,0.001164
2,37,4200,1,0.001170
2,37,4200,2,0.001194
2,37,4200,3,0.001156
2,37,4400,1,0.001218
2,37,4400,2,0.001186
2,37,4400,3,0.001160
2,37,4600,1,0.000654
2,37,4600,2,0.001205
2,37,4600,3,0.000677
2,37,4800,1,0.001190
2,37,4800,2,0.000685
2,37,4800,3,0.001155
2,37,5000,1,0.001178
2,37,5000,2,0.001183
2,37,5000,3,0.001200
2,39,1000,1,0.001182
2,39,1000,2,0.001230
2,39,1000,3,0.001161
2,39,1200,1,0.001171
2,39,1200,2,0.000692
2,39,1200,3,0.000665
2,39,1400,1,0.001173
2,39,1400,2,0.001167
2,39,1400,3,0.001181
2,39,1600,1,0.001230
2,39,1600,2,0.001167
2,39,1600,3,0.001221
2,39,1800,1,0.001182
2,39,1800,2,0.001220
2,39,1800,3,0.000679
2,39,2000,1,0.001188
2,39,2000,2,0.001183
2,39,2000,3,0.001180
2,39,2200,1,0.001175
2,39,2200,2,0.001243
2,39,2200,3,0.001183
2,39,2400,1,0.001200
2,39,2400,2,0.001186
2,39,2400,3,0.001207
2,39,2600,1,0.001179
2,39,2600,2,0.001240
2,39,2600,3,0.001193
2,39,2800,1,0.001243
2,39,2800,2,0.000640
2,39,2800,3,0.001181
2,39,3000,1,0.000696
2,39,3000,2,0.001194
2,39,3000,3,0.001199
2,39,3200,1,0.001195
2,39,3200,2,0.001195
2,39,3200,3,0.001230
2,39,3400,1,0.001200
2,39,3400,2,0.001171
2,39,3400,3,0.000651
2,39,3600,1,0.001202
2,39,3600,2,0.001175
2,39,3600,3,0.001168
2,39,3800,1,0.001173
2,39,3800,2,0.001185
2,39,3800,3,0.001204
2,39,4000,1,0.001176
2,39,4000,2,0.001174
2,39,4000,3,0.001199
2,39,4200,1,0.000654
2,39,4200,2,0.001228
2,39,4200,3,0.000653
2,39,4400,1,0.000689
2,39,4400,2,0.001158
2,39,4400,3,0.001170
2,39,4600,1,0.001173
2,39,4600,2,0.001199
2,39,4600,3,0.001221
2,39,4800,1,0.001208
2,39,4800,2,0.001201
2,39,4800,3,0.000689
2,39,5000,1,0.001229
2,39,5000,2,0.001180
2,39,5000,3,0.001215
2,41,1000,1,0.001214
2,41,1000,2,0.000696
2,41,1000,3,0.000717
2,41,1200,1,0.001207
2,41,1200,2,0.001228
2,41,1200,3,0.001190
2,41,1400,1,0.001191
2,41,1400,2,0.001222
2,41,1400,3,0.001266
2,41,1600,1,0.001203
2,41,1600,2,0.000686
2,41,1600,3,0.001175
2,41,1800,1,0.001222
2,41,1800,2,0.001202
2,41,1800,3,0.001207
2,41,2000,1,0.001176
2,41,2000,2,0.001208
2,41,2000,3,0.001189
2,41,2200,1,0.001203
2,41,2200,2,0.001221
2,41,2200,3,0.001193
2,41,2400,1,0.001199
2,41,2400,2,0.001212
2,41,2400,3,0.001199
2,41,2600,1,0.001213
2,41,2600,2,0.000683
2,41,2600,3,0.001171
2,41,2800,1,0.001208
2,41,2800,2,0.000721
2,41,2800,3,0.001200
2,41,3000,1,0.000692
2,41,3000,2,0.001185
2,41,3000,3,0.001182
2,41,3200,1,0.001176
2,41,3200,2,0.001169
2,41,3200,3,0.001222
2,41,3400,1,0.001177
2,41,3400,2,0.001200
2,41,3400,3,0.001222
2,41,3600,1,0.001217
2,41,3600,2,0.001198
2,41,3600,3,0.000687
2,41,3800,1,0.001209
2,41,3800,2,0.001211
2,41,3800,3,0.001192
2,41,4000,1,0.001224
2,41,4000,2,0.001204
2,41,4000,3,0.001216
2,41,4200,1,0.001213
2,41,4200,2,0.000727
2,41,4200,3,0.001232
2,41,4400,1,0.001198
2,41,4400,2,0.000703
2,41,4400,3,0.001218
2,41,4600,1,0.001172
2,41,4600,2,0.001172
2,41,4600,3,0.001221
2,41,4800,1,0.001167
2,41,4800,2,0.000699
2,41,4800,3,0.001198
2,41,5000,1,0.001209
2,41,5000,2,0.001222
2,41,5000,3,0.001225
2,43,1000,1,0.001233
2,43,1000,2,0.000692
2,43,1000,3,0.000719
2,43,1200,1,0.000683
2,43,1200,2,0.001221
2,43,1200,3,0.001185
2,43,1400,1,0.001207
2,43,1400,2,0.001219
2,43,1400,3,0.001239
2,43,1600,1,0.001201
2,43,1600,2,0.000677
2,43,1600,3,0.001239
2,43,1800,1,0.000706
2,43,1800,2,0.000736
2,43,1800,3,0.001198
2,43,2000,1,0.001204
2,43,2000,2,0.001259
2,43,2000,3,0.001196
2,43,2200,1,0.001206
2,43,2200,2,0.001268
2,43,2200,3,0.001213
2,43,2400,1,0.001204
2,43,2400,2,0.001238
2,43,2400,3,0.001195
2,43,2600,1,0.001187
2,43,2600,2,0.000727
2,43,2600,3,0.001191
2,43,2800,1,0.000692
2,43,2800,2,0.001199
2,43,2800,3,0.001193
2,43,3000,1,0.001221
2,43,3000,2,0.001185
2,43,3000,3,0.001214
2,43,3200,1,0.001260
2,43,3200,2,0.001227
2,43,3200,3,0.001223
2,43,3400,1,0.001214
2,43,3400,2,0.001226
2,43,3400,3,0.001215
2,43,3600,1,0.001192
2,43,3600,2,0.001220
2,43,3600,3,0.001240
2,43,3800,1,0.001226
2,43,3800,2,0.000698
2,43,3800,3,0.001254
2,43,4000,1,0.000697
2,43,4000,2,0.001194
2,43,4000,3,0.001246
2,43,4200,1,0.000702
2,43,4200,2,0.000723
2,43,4200,3,0.001199
2,43,4400,1,0.001264
2,43,4400,2,0.000679
2,43,4400,3,0.000656
2,43,4600,1,0.001214
2,43,4600,2,0.001208
2,43,4600,3,0.001236
2,43,4800,1,0.000700
2,43,4800,2,0.001224
2,43,4800,3,0.000658
2,43,5000,1,0.000667
2,43,5000,2,0.001206
2,43,5000,3,0.001272
2,45,1000,1,0.001111
2,45,1000,2,0.001219
2,45,1000,3,0.001109
2,45,1200,1,0.000714
2,45,1200,2,0.000870
2,45,1200,3,0.000882
2,45,1400,1,0.000885
2,45,1400,2,0.000889
2,45,1400,3,0.000853
2,45,1600,1,0.000688
2,45,1600,2,0.000864
2,45,1600,3,0.001110
2,45,1800,1,0.000874
2,45,1800,2,0.001137
2,45,1800,3,0.000668
2,45,2000,1,0.000903
2,45,2000,2,0.000888
2,45,2000,3,0.000737
2,45,2200,1,0.000874
2,45,2200,2,0.000703
2,45,2200,3,0.001226
2,45,2400,1,0.000899
2,45,2400,2,0.000885
2,45,2400,3,0.000874
2,45,2600,1,0.000917
2,45,2600,2,0.000851
2,45,2600,3,0.000879
2,45,2800,1,0.000872
2,45,2800,2,0.000859
2,45,2800,3,0.001123
2,45,3000,1,0.000894
2,45,3000,2,0.000871
2,45,3000,3,0.001097
2,45,3200,1,0.001166
2,45,3200,2,0.000924
2,45,3200,3,0.000696
2,45,3400,1,0.000908
2,45,3400,2,0.000889
2,45,3400,3,0.000720
2,45,3600,1,0.001185
2,45,3600,2,0.000691
2,45,3600,3,0.001097
2,45,3800,1,0.000875
2,45,3800,2,0.000904
2,45,3800,3,0.000772
2,45,4000,1,0.001146
2,45,4000,2,0.000859
2,45,4000,3,0.001189
2,45,4200,1,0.000870
2,45,4200,2,0.001181
2,45,4200,3,0.000697
2,45,4400,1,0.000723
2,45,4400,2,0.001189
2,45,4400,3,0.000689
2,45,4600,1,0.000898
2,45,4600,2,0.000885
2,45,4600,3,0.001091
2,45,4800,1,0.001189
2,45,4800,2,0.001171
2,45,4800,3,0.001171
2,45,5000,1,0.000895
2,45,5000,2,0.001187
2,45,5000,3,0.001233
2,47,1000,1,0.001193
2,47,1000,2,0.000662
2,47,1000,3,0.000749
2,47,1200,1,0.000899
2,47,1200,2,0.000890
2,47,1200,3,0.000868
2,47,1400,1,0.000906
2,47,1400,2,0.000890
2,47,1400,3,0.000860
2,47,1600,1,0.000724
2,47,1600,2,0.000733
2,47,1600,3,0.001225
2,47,1800,1,0.000700
2,47,1800,2,0.000923
2,47,1800,3,0.001222
2,47,2000,1,0.000905
2,47,2000,2,0.000746
2,47,2000,3,0.000888
2,47,2200,1,0.000888
2,47,2200,2,0.000669
2,47,2200,3,0.000916
2,47,2400,1,0.001161
2,47,2400,2,0.000890
2,47,2400,3,0.000882
2,47,2600,1,0.000875
2,47,2600,2,0.000901
2,47,2600,3,0.000893
2,47,2800,1,0.000763
2,47,2800,2,0.000866
2,47,2800,3,0.001125
2,47,3000,1,0.001167
2,47,3000,2,0.000716
2,47,3000,3,0.000896
2,47,3200,1,0.001115
2,47,3200,2,0.001227
2,47,3200,3,0.001139
2,47,3400,1,0.000760
2,47,3400,2,0.000909
2,47,3400,3,0.000687
2,47,3600,1,0.000735
2,47,3600,2,0.000872
2,47,3600,3,0.001214
2,47,3800,1,0.000848
2,47,3800,2,0.000905
2,47,3800,3,0.001126
2,47,4000,1,0.000923
2,47,4000,2,0.001116
2,47,4000,3,0.000914
2,47,4200,1,0.001136
2,47,4200,2,0.000911
2,47,4200,3,0.000690
2,47,4400,1,0.000727
2,47,4400,2,0.000908
2,47,4400,3,0.000898
2,47,4600,1,0.000911
2,47,4600,2,0.000870
2,47,4600,3,0.000688
2,47,4800,1,0.001190
2,47,4800,2,0.001169
2,47,4800,3,0.000891
2,47,5000,1,0.000711
2,47,5000,2,0.000929
2,47,5000,3,0.000740
2,49,1000,1,0.001228
2,49,1000,2,0.000929
2,49,1000,3,0.000906
2,49,1200,1,0.000718
2,49,1200,2,0.000868
2,49,1200,3,0.000884
2,49,1400,1,0.001145
2,49,1400,2,0.001182
2,49,1400,3,0.000899
2,49,1600,1,0.000902
2,49,1600,2,0.001192
2,49,1600,3,0.001193
2,49,1800,1,0.000914
2,49,1800,2,0.000913
2,49,1800,3,0.000863
2,49,2000,1,0.000740
2,49,2000,2,0.001146
2,49,2000,3,0.000916
2,49,2200,1,0.000708
2,49,2200,2,0.000885
2,49,2200,3,0.000890
2,49,2400,1,0.000920
2,49,2400,2,0.000740
2,49,2400,3,0.000923
2,49,2600,1,0.000879
2,49,2600,2,0.000894
2,49,2600,3,0.000722
2,49,2800,1,0.000905
2,49,2800,2,0.001235
2,49,2800,3,0.000729
2,49,3000,1,0.000738
2,49,3000,2,0.000876
2,49,3000,3,0.001210
2,49,3200,1,0.001088
2,49,3200,2,0.000937
2,49,3200,3,0.000745
2,49,3400,1,0.001158
2,49,3400,2,0.001178
2,49,3400,3,0.001137
2,49,3600,1,0.000713
2,49,3600,2,0.001170
2,49,3600,3,0.000876
2,49,3800,1,0.000930
2,49,3800,2,0.000905
2,49,3800,3,0.000915
2,49,4000,1,0.000888
2,49,4000,2,0.000722
2,49,4000,3,0.000744
2,49,4200,1,0.000726
2,49,4200,2,0.000748
2,49,4200,3,0.001211
2,49,4400,1,0.000871
2,49,4400,2,0.000913
2,49,4400,3,0.000694
2,49,4600,1,0.000715
2,49,4600,2,0.000881
2,49,4600,3,0.000857
2,49,4800,1,0.000904
2,49,4800,2,0.001199
2,49,4800,3,0.001214
2,49,5000,1,0.000919
2,49,5000,2,0.001196
2,49,5000,3,0.001234
2,51,1000,1,0.000904
2,51,1000,2,0.000911
2,51,1000,3,0.000897
2,51,1200,1,0.000729
2,51,1200,2,0.000918
2,51,1200,3,0.001141
2,51,1400,1,0.000765
2,51,1400,2,0.000717
2,51,1400,3,0.001153
2,51,1600,1,0.000903
2,51,1600,2,0.000752
2,51,1600,3,0.000902
2,51,1800,1,0.000920
2,51,1800,2,0.000898
2,51,1800,3,0.000729
2,51,2000,1,0.000757
2,51,2000,2,0.000860
2,51,2000,3,0.000742
2,51,2200,1,0.001207
2,51,2200,2,0.000914
2,51,2200,3,0.001183
2,51,2400,1,0.000725
2,51,2400,2,0.000916
2,51,2400,3,0.000757
2,51,2600,1,0.000936
2,51,2600,2,0.001124
2,51,2600,3,0.000891
2,51,2800,1,0.001188
2,51,2800,2,0.001127
2,51,2800,3,0.000897
2,51,3000,1,0.000908
2,51,3000,2,0.000735
2,51,3000,3,0.000905
2,51,3200,1,0.000697
2,51,3200,2,0.001257
2,51,3200,3,0.000903
2,51,3400,1,0.000733
2,51,3400,2,0.000905
2,51,3400,3,0.000922
2,51,3600,1,0.000751
2,51,3600,2,0.001108
2,51,3600,3,0.000939
2,51,3800,1,0.001190
2,51,3800,2,0.000717
2,51,3800,3,0.000755
2,51,4000,1,0.000773
2,51,4000,2,0.001144
2,51,4000,3,0.000709
2,51,4200,1,0.000782
2,51,4200,2,0.001196
2,51,4200,3,0.000920
2,51,4400,1,0.001175
2,51,4400,2,0.001175
2,51,4400,3,0.000933
2,51,4600,1,0.001199
2,51,4600,2,0.000922
2,51,4600,3,0.000928
2,51,4800,1,0.000951
2,51,4800,2,0.000716
2,51,4800,3,0.000783
2,51,5000,1,0.000895
2,51,5000,2,0.000769
2,51,5000,3,0.000812
2,53,1000,1,0.001174
2,53,1000,2,0.000765
2,53,1000,3,0.000882
2,53,1200,1,0.000904
2,53,1200,2,0.000772
2,53,1200,3,0.000916
2,53,1400,1,0.000756
2,53,1400,2,0.000742
2,53,1400,3,0.001253
2,53,1600,1,0.000880
2,53,1600,2,0.000911
2,53,1600,3,0.000882
2,53,1800,1,0.000722
2,53,1800,2,0.000927
2,53,1800,3,0.001112
2,53,2000,1,0.001174
2,53,2000,2,0.000883
2,53,2000,3,0.000887
2,53,2200,1,0.000902
2,53,2200,2,0.000982
2,53,2200,3,0.001215
2,53,2400,1,0.001151
2,53,2400,2,0.000933
2,53,2400,3,0.000761
2,53,2600,1,0.001267
2,53,2600,2,0.000912
2,53,2600,3,0.000911
2,53,2800,1,0.000726
2,53,2800,2,0.000922
2,53,2800,3,0.000915
2,53,3000,1,0.000877
2,53,3000,2,0.000872
2,53,3000,3,0.001221
2,53,3200,1,0.000724
2,53,3200,2,0.000898
2,53,3200,3,0.000765
2,53,3400,1,0.000946
2,53,3400,2,0.000920
2,53,3400,3,0.000773
2,53,3600,1,0.000745
2,53,3600,2,0.000731
2,53,3600,3,0.000745
2,53,3800,1,0.000888
2,53,3800,2,0.000955
2,53,3800,3,0.000894
2,53,4000,1,0.000766
2,53,4000,2,0.001149
2,53,4000,3,0.000741
2,53,4200,1,0.000904
2,53,4200,2,0.001228
2,53,4200,3,0.000755
2,53,4400,1,0.000913
2,53,4400,2,0.000744
2,53,4400,3,0.001165
2,53,4600,1,0.001243
2,53,4600,2,0.000899
2,53,4600,3,0.000759
2,53,4800,1,0.000760
2,53,4800,2,0.001221
2,53,4800,3,0.001232
2,53,5000,1,0.000889
2,53,5000,2,0.001156
2,53,5000,3,0.001213
2,55,1000,1,0.000966
2,55,1000,2,0.000919
2,55,1000,3,0.000937
2,55,1200,1,0.001153
2,55,1200,2,0.001247
2,55,1200,3,0.001181
2,55,1400,1,0.000979
2,55,1400,2,0.000899
2,55,1400,3,0.001207
2,55,1600,1,0.001179
2,55,1600,2,0.000928
2,55,1600,3,0.000765
2,55,1800,1,0.001165
2,55,1800,2,0.000948
2,55,1800,3,0.000923
2,55,2000,1,0.001171
2,55,2000,2,0.000887
2,55,2000,3,0.000919
2,55,2200,1,0.000735
2,55,2200,2,0.000932
2,55,2200,3,0.000921
2,55,2400,1,0.000905
2,55,2400,2,0.000767
2,55,2400,3,0.000743
2,55,2600,1,0.001223
2,55,2600,2,0.000762
2,55,2600,3,0.001205
2,55,2800,1,0.000931
2,55,2800,2,0.000774
2,55,2800,3,0.000759
2,55,3000,1,0.001203
2,55,3000,2,0.000928
2,55,3000,3,0.001170
2,55,3200,1,0.000935
2,55,3200,2,0.000959
2,55,3200,3,0.001230
2,55,3400,1,0.000960
2,55,3400,2,0.000955
2,55,3400,3,0.000951
2,55,3600,1,0.001202
2,55,3600,2,0.001201
2,55,3600,3,0.001151
2,55,3800,1,0.000767
2,55,3800,2,0.000805
2,55,3800,3,0.001190
2,55,4000,1,0.000916
2,55,4000,2,0.000977
2,55,4000,3,0.000715
2,55,4200,1,0.000923
2,55,4200,2,0.000936
2,55,4200,3,0.000730
2,55,4400,1,0.000948
2,55,4400,2,0.000824
2,55,4400,3,0.000741
2,55,4600,1,0.000771
2,55,4600,2,0.000891
2,55,4600,3,0.001263
2,55,4800,1,0.000773
2,55,4800,2,0.000785
2,55,4800,3,0.000758
2,55,5000,1,0.000733
2,55,5000,2,0.000958
2,55,5000,3,0.000953
2,57,1000,1,0.000800
2,57,1000,2,0.001171
2,57,1000,3,0.000951
2,57,1200,1,0.000991
2,57,1200,2,0.000800
2,57,1200,3,0.000794
2,57,1400,1,0.000943
2,57,1400,2,0.001195
2,57,1400,3,0.001132
2,57,1600,1,0.000823
2,57,1600,2,0.000768
2,57,1600,3,0.000925
2,57,1800,1,0.000804
2,57,1800,2,0.000945
2,57,1800,3,0.000795
2,57,2000,1,0.000783
2,57,2000,2,0.001237
2,57,2000,3,0.000789
2,57,2200,1,0.001187
2,57,2200,2,0.000978
2,57,2200,3,0.000975
2,57,2400,1,0.000940
2,57,2400,2,0.000937
2,57,2400,3,0.000971
2,57,2600,1,0.000922
2,57,2600,2,0.000823
2,57,2600,3,0.001173
2,57,2800,1,0.001002
2,57,2800,2,0.000945
2,57,2800,3,0.000765
2,57,3000,1,0.000746
2,57,3000,2,0.001245
2,57,3000,3,0.000767
2,57,3200,1,0.001229
2,57,3200,2,0.000949
2,57,3200,3,0.000776
2,57,3400,1,0.001307
2,57,3400,2,0.000925
2,57,3400,3,0.000959
2,57,3600,1,0.000955
2,57,3600,2,0.001192
2,57,3600,3,0.000964
2,57,3800,1,0.000788
2,57,3800,2,0.000755
2,57,3800,3,0.000948
2,57,4000,1,0.000814
2,57,4000,2,0.001227
2,57,4000,3,0.001233
2,57,4200,1,0.000951
2,57,4200,2,0.000940
2,57,4200,3,0.000772
2,57,4400,1,0.000924
2,57,4400,2,0.000925
2,57,4400,3,0.000807
2,57,4600,1,0.000936
2,57,4600,2,0.000967
2,57,4600,3,0.000952
2,57,4800,1,0.001174
2,57,4800,2,0.000776
2,57,4800,3,0.000948
2,57,5000,1,0.000819
2,57,5000,2,0.000995
2,57,5000,3,0.000950
2,59,1000,1,0.000965
2,59,1000,2,0.000843
2,59,1000,3,0.000781
2,59,1200,1,0.001222
2,59,1200,2,0.000770
2,59,1200,3,0.001251
2,59,1400,1,0.000837
2,59,1400,2,0.000761
2,59,1400,3,0.001214
2,59,1600,1,0.000961
2,59,1600,2,0.001163
2,59,1600,3,0.000983
2,59,1800,1,0.000980
2,59,1800,2,0.000968
2,59,1800,3,0.000774
2,59,2000,1,0.000978
2,59,2000,2,0.000977
2,59,2000,3,0.001184
2,59,2200,1,0.001206
2,59,2200,2,0.001162
2,59,2200,3,0.000804
2,59,2400,1,0.000770
2,59,2400,2,0.000752
2,59,2400,3,0.001158
2,59,2600,1,0.000928
2,59,2600,2,0.001246
2,59,2600,3,0.000828
2,59,2800,1,0.001213
2,59,2800,2,0.001197
2,59,2800,3,0.001161
2,59,3000,1,0.000986
2,59,3000,2,0.000953
2,59,3000,3,0.001178
2,59,3200,1,0.000988
2,59,3200,2,0.000938
2,59,3200,3,0.000821
2,59,3400,1,0.000964
2,59,3400,2,0.000791
2,59,3400,3,0.001187
2,59,3600,1,0.000933
2,59,3600,2,0.001211
2,59,3600,3,0.001179
2,59,3800,1,0.001161
2,59,3800,2,0.000976
2,59,3800,3,0.000836
2,59,4000,1,0.000830
2,59,4000,2,0.000781
2,59,4000,3,0.001244
2,59,4200,1,0.000804
2,59,4200,2,0.000815
2,59,4200,3,0.000948
2,59,4400,1,0.000963
2,59,4400,2,0.000959
2,59,4400,3,0.001284
2,59,4600,1,0.000974
2,59,4600,2,0.000985
2,59,4600,3,0.000798
2,59,4800,1,0.000979
2,59,4800,2,0.000962
2,59,4800,3,0.000827
2,59,5000,1,0.000957
2,59,5000,2,0.000807
2,59,5000,3,0.001271
2,61,1000,1,0.000990
2,61,1000,2,0.000969
2,61,1000,3,0.001197
2,61,1200,1,0.000807
2,61,1200,2,0.000980
2,61,1200,3,0.000798
2,61,1400,1,0.001220
2,61,1400,2,0.000956
2,61,1400,3,0.001246
2,61,1600,1,0.000791
2,61,1600,2,0.001200
2,61,1600,3,0.000832
2,61,1800,1,0.000886
2,61,1800,2,0.000935
2,61,1800,3,0.000805
2,61,2000,1,0.001002
2,61,2000,2,0.000939
2,61,2000,3,0.000962
2,61,2200,1,0.001241
2,61,2200,2,0.000858
2,61,2200,3,0.000830
2,61,2400,1,0.000929
2,61,2400,2,0.001192
2,61,2400,3,0.001160
2,61,2600,1,0.000818
2,61,2600,2,0.000961
2,61,2600,3,0.001259
2,61,2800,1,0.000989
2,61,2800,2,0.000802
2,61,2800,3,0.001228
2,61,3000,1,0.001253
2,61,3000,2,0.001003
2,61,3000,3,0.000957
2,61,3200,1,0.000804
2,61,3200,2,0.000957
2,61,3200,3,0.001286
2,61,3400,1,0.000790
2,61,3400,2,0.001246
2,61,3400,3,0.001011
2,61,3600,1,0.001274
2,61,3600,2,0.000951
2,61,3600,3,0.000814
2,61,3800,1,0.001211
2,61,3800,2,0.000969
2,61,3800,3,0.000966
2,61,4000,1,0.001190
2,61,4000,2,0.000938
2,61,4000,3,0.000972
2,61,4200,1,0.000942
2,61,4200,2,0.000956
2,61,4200,3,0.000849
2,61,4400,1,0.001006
2,61,4400,2,0.000931
2,61,4400,3,0.001221
2,61,4600,1,0.000956
2,61,4600,2,0.001024
2,61,4600,3,0.000945
2,61,4800,1,0.001284
2,61,4800,2,0.000848
2,61,4800,3,0.000967
2,61,5000,1,0.000984
2,61,5000,2,0.000782
2,61,5000,3,0.001197
2,63,1000,1,0.000972
2,63,1000,2,0.001026
2,63,1000,3,0.001261
2,63,1200,1,0.000845
2,63,1200,2,0.000833
2,63,1200,3,0.001013
2,63,1400,1,0.000962
2,63,1400,2,0.001249
2,63,1400,3,0.000805
2,63,1600,1,0.000983
2,63,1600,2,0.000969
2,63,1600,3,0.001248
2,63,1800,1,0.001275
2,63,1800,2,0.000872
2,63,1800,3,0.001262
2,63,2000,1,0.000990
2,63,2000,2,0.001218
2,63,2000,3,0.001307
2,63,2200,1,0.000966
2,63,2200,2,0.001327
2,63,2200,3,0.000958
2,63,2400,1,0.001276
2,63,2400,2,0.001016
2,63,2400,3,0.000842
2,63,2600,1,0.000949
2,63,2600,2,0.000944
2,63,2600,3,0.001024
2,63,2800,1,0.001016
2,63,2800,2,0.000977
2,63,2800,3,0.001229
2,63,3000,1,0.001202
2,63,3000,2,0.000829
2,63,3000,3,0.000797
2,63,3200,1,0.000815
2,63,3200,2,0.000847
2,63,3200,3,0.001200
2,63,3400,1,0.000819
2,63,3400,2,0.000789
2,63,3400,3,0.000820
2,63,3600,1,0.001013
2,63,3600,2,0.001329
2,63,3600,3,0.000987
2,63,3800,1,0.000971
2,63,3800,2,0.001024
2,63,3800,3,0.000791
2,63,4000,1,0.001045
2,63,4000,2,0.000996
2,63,4000,3,0.000847
2,63,4200,1,0.001217
2,63,4200,2,0.000814
2,63,4200,3,0.000985
2,63,4400,1,0.000989
2,63,4400,2,0.000979
2,63,4400,3,0.000832
2,63,4600,1,0.001202
2,63,4600,2,0.000840
2,63,4600,3,0.001251
2,63,4800,1,0.000819
2,63,4800,2,0.000959
2,63,4800,3,0.001176
2,63,5000,1,0.001255
2,63,5000,2,0.001009
2,63,5000,3,0.000835
2,65,1000,1,0.000841
2,65,1000,2,0.001003
2,65,1000,3,0.000986
2,65,1200,1,0.000883
2,65,1200,2,0.001272
2,65,1200,3,0.001224
2,65,1400,1,0.001007
2,65,1400,2,0.000798
2,65,1400,3,0.001026
2,65,1600,1,0.001229
2,65,1600,2,0.000959
2,65,1600,3,0.000840
2,65,1800,1,0.000999
2,65,1800,2,0.000892
2,65,1800,3,0.001279
2,65,2000,1,0.000992
2,65,2000,2,0.000812
2,65,2000,3,0.001317
2,65,2200,1,0.000805
2,65,2200,2,0.001002
2,65,2200,3,0.001051
2,65,2400,1,0.000995
2,65,2400,2,0.000822
2,65,2400,3,0.000857
2,65,2600,1,0.000816
2,65,2600,2,0.001299
2,65,2600,3,0.000909
2,65,2800,1,0.000949
2,65,2800,2,0.000803
2,65,2800,3,0.001000
2,65,3000,1,0.000995
2,65,3000,2,0.000895
2,65,3000,3,0.000809
2,65,3200,1,0.001007
2,65,3200,2,0.000991
2,65,3200,3,0.001265
2,65,3400,1,0.001205
2,65,3400,2,0.001224
2,65,3400,3,0.001251
2,65,3600,1,0.001272
2,65,3600,2,0.000978
2,65,3600,3,0.000843
2,65,3800,1,0.000817
2,65,3800,2,0.000838
2,65,3800,3,0.000989
2,65,4000,1,0.001016
2,65,4000,2,0.000827
2,65,4000,3,0.001306
2,65,4200,1,0.000991
2,65,4200,2,0.000876
2,65,4200,3,0.001037
2,65,4400,1,0.001016
2,65,4400,2,0.000911
2,65,4400,3,0.000842
2,65,4600,1,0.000866
2,65,4600,2,0.001041
2,65,4600,3,0.000898
2,65,4800,1,0.000853
2,65,4800,2,0.000889
2,65,4800,3,0.000858
2,65,5000,1,0.000887
2,65,5000,2,0.000878
2,65,5000,3,0.000900
2,67,1000,1,0.001033
2,67,1000,2,0.000839
2,67,1000,3,0.001308
2,67,1200,1,0.001013
2,67,1200,2,0.000977
2,67,1200,3,0.000818
2,67,1400,1,0.000976
2,67,1400,2,0.001004
2,67,1400,3,0.000852
2,67,1600,1,0.000825
2,67,1600,2,0.000830
2,67,1600,3,0.001317
2,67,1800,1,0.001196
2,67,1800,2,0.000902
2,67,1800,3,0.001217
2,67,2000,1,0.000854
2,67,2000,2,0.000974
2,67,2000,3,0.001244
2,67,2200,1,0.001219
2,67,2200,2,0.001225
2,67,2200,3,0.000901
2,67,2400,1,0.001015
2,67,2400,2,0.001295
2,67,2400,3,0.000858
2,67,2600,1,0.001017
2,67,2600,2,0.001227
2,67,2600,3,0.000883
2,67,2800,1,0.001316
2,67,2800,2,0.000825
2,67,2800,3,0.000856
2,67,3000,1,0.001029
2,67,3000,2,0.000825
2,67,3000,3,0.001284
2,67,3200,1,0.000999
2,67,3200,2,0.000898
2,67,3200,3,0.000994
2,67,3400,1,0.000879
2,67,3400,2,0.000852
2,67,3400,3,0.000997
2,67,3600,1,0.000847
2,67,3600,2,0.001265
2,67,3600,3,0.001293
2,67,3800,1,0.001293
2,67,3800,2,0.000858
2,67,3800,3,0.001321
2,67,4000,1,0.001203
2,67,4000,2,0.001047
2,67,4000,3,0.001054
2,67,4200,1,0.001247
2,67,4200,2,0.001321
2,67,4200,3,0.000988
2,67,4400,1,0.000991
2,67,4400,2,0.000869
2,67,4400,3,0.000874
2,67,4600,1,0.001043
2,67,4600,2,0.000866
2,67,4600,3,0.000880
2,67,4800,1,0.000897
2,67,4800,2,0.001001
2,67,4800,3,0.000881
2,67,5000,1,0.000872
2,67,5000,2,0.001028
2,67,5000,3,0.000875
2,69,1000,1,0.001288
2,69,1000,2,0.000881
2,69,1000,3,0.000974
2,69,1200,1,0.001023
2,69,1200,2,0.000965
2,69,1200,3,0.001041
2,69,1400,1,0.000813
2,69,1400,2,0.000974
2,69,1400,3,0.000996
2,69,1600,1,0.001278
2,69,1600,2,0.000863
2,69,1600,3,0.001030
2,69,1800,1,0.000831
2,69,1800,2,0.000877
2,69,1800,3,0.001218
2,69,2000,1,0.000896
2,69,2000,2,0.000875
2,69,2000,3,0.001326
2,69,2200,1,0.000996
2,69,2200,2,0.001068
2,69,2200,3,0.000980
2,69,2400,1,0.001048
2,69,2400,2,0.001280
2,69,2400,3,0.000997
2,69,2600,1,0.001266
2,69,2600,2,0.000823
2,69,2600,3,0.001287
2,69,2800,1,0.001028
2,69,2800,2,0.001266
2,69,2800,3,0.001003
2,69,3000,1,0.000891
2,69,3000,2,0.000857
2,69,3000,3,0.000857
2,69,3200,1,0.000998
2,69,3200,2,0.001056
2,69,3200,3,0.000926
2,69,3400,1,0.001209
2,69,3400,2,0.000884
2,69,3400,3,0.001033
2,69,3600,1,0.000857
2,69,3600,2,0.000989
2,69,3600,3,0.001237
2,69,3800,1,0.000835
2,69,3800,2,0.001297
2,69,3800,3,0.001221
2,69,4000,1,0.001045
2,69,4000,2,0.001044
2,69,4000,3,0.000840
2,69,4200,1,0.001017
2,69,4200,2,0.001030
2,69,4200,3,0.001065
2,69,4400,1,0.001245
2,69,4400,2,0.000890
2,69,4400,3,0.001008
2,69,4600,1,0.001266
2,69,4600,2,0.000830
2,69,4600,3,0.000871
2,69,4800,1,0.001275
2,69,4800,2,0.001000
2,69,4800,3,0.000998
2,69,5000,1,0.001044
2,69,5000,2,0.000878
2,69,5000,3,0.001040
2,71,1000,1,0.001024
2,71,1000,2,0.001301
2,71,1000,3,0.001256
2,71,1200,1,0.001000
2,71,1200,2,0.000891
2,71,1200,3,0.001029
2,71,1400,1,0.001034
2,71,1400,2,0.001006
2,71,1400,3,0.001020
2,71,1600,1,0.001024
2,71,1600,2,0.001307
2,71,1600,3,0.000893
2,71,1800,1,0.000860
2,71,1800,2,0.001250
2,71,1800,3,0.000870
2,71,2000,1,0.001069
2,71,2000,2,0.000842
2,71,2000,3,0.000864
2,71,2200,1,0.001248
2,71,2200,2,0.001266
2,71,2200,3,0.000983
2,71,2400,1,0.000870
2,71,2400,2,0.001028
2,71,2400,3,0.001304
2,71,2600,1,0.000877
2,71,2600,2,0.000828
2,71,2600,3,0.001032
2,71,2800,1,0.001035
2,71,2800,2,0.001278
2,71,2800,3,0.001257
2,71,3000,1,0.001281
2,71,3000,2,0.000850
2,71,3000,3,0.000882
2,71,3200,1,0.001047
2,71,3200,2,0.000844
2,71,3200,3,0.000888
2,71,3400,1,0.001036
2,71,3400,2,0.001028
2,71,3400,3,0.000881
2,71,3600,1,0.000842
2,71,3600,2,0.001033
2,71,3600,3,0.000846
2,71,3800,1,0.001058
2,71,3800,2,0.001015
2,71,3800,3,0.001293
2,71,4000,1,0.001276
2,71,4000,2,0.000862
2,71,4000,3,0.001012
2,71,4200,1,0.000942
2,71,4200,2,0.000835
2,71,4200,3,0.000823
2,71,4400,1,0.001027
2,71,4400,2,0.001294
2,71,4400,3,0.000961
2,71,4600,1,0.001024
2,71,4600,2,0.000872
2,71,4600,3,0.001278
2,71,4800,1,0.001008
2,71,4800,2,0.000866
2,71,4800,3,0.000902
2,71,5000,1,0.001303
2,71,5000,2,0.001031
2,71,5000,3,0.001006
2,73,1000,1,0.001303
2,73,1000,2,0.000889
2,73,1000,3,0.000856
2,73,1200,1,0.001014
2,73,1200,2,0.001046
2,73,1200,3,0.000989
2,73,1400,1,0.001302
2,73,1400,2,0.001350
2,73,1400,3,0.000970
2,73,1600,1,0.001284
2,73,1600,2,0.001082
2,73,1600,3,0.001032
2,73,1800,1,0.001128
2,73,1800,2,0.001001
2,73,1800,3,0.001035
2,73,2000,1,0.001241
2,73,2000,2,0.000916
2,73,2000,3,0.001029
2,73,2200,1,0.001271
2,73,2200,2,0.000842
2,73,2200,3,0.001121
2,73,2400,1,0.000987
2,73,2400,2,0.000967
2,73,2400,3,0.000887
2,73,2600,1,0.000942
2,73,2600,2,0.001285
2,73,2600,3,0.001025
2,73,2800,1,0.000803
2,73,2800,2,0.000826
2,73,2800,3,0.001055
2,73,3000,1,0.001344
2,73,3000,2,0.001022
2,73,3000,3,0.001227
2,73,3200,1,0.001026
2,73,3200,2,0.001333
2,73,3200,3,0.001057
2,73,3400,1,0.000851
2,73,3400,2,0.001310
2,73,3400,3,0.001279
2,73,3600,1,0.001021
2,73,3600,2,0.001040
2,73,3600,3,0.001273
2,73,3800,1,0.001277
2,73,3800,2,0.001012
2,73,3800,3,0.001212
2,73,4000,1,0.000850
2,73,4000,2,0.001296
2,73,4000,3,0.001034
2,73,4200,1,0.001300
2,73,4200,2,0.001068
2,73,4200,3,0.001312
2,73,4400,1,0.001315
2,73,4400,2,0.000824
2,73,4400,3,0.001386
2,73,4600,1,0.001304
2,73,4600,2,0.000953
2,73,4600,3,0.001217
2,73,4800,1,0.000859
2,73,4800,2,0.001001
2,73,4800,3,0.000883
2,73,5000,1,0.001025
2,73,5000,2,0.000901
2,73,5000,3,0.001243
2,75,1000,1,0.001011
2,75,1000,2,0.001302
2,75,1000,3,0.000904
2,75,1200,1,0.001002
2,75,1200,2,0.000866
2,75,1200,3,0.001045
2,75,1400,1,0.000896
2,75,1400,2,0.001232
2,75,1400,3,0.001240
2,75,1600,1,0.001019
2,75,1600,2,0.000857
2,75,1600,3,0.001059
2,75,1800,1,0.001272
2,75,1800,2,0.000918
2,75,1800,3,0.001326
2,75,2000,1,0.001035
2,75,2000,2,0.001034
2,75,2000,3,0.001298
2,75,2200,1,0.000873
2,75,2200,2,0.001108
2,75,2200,3,0.000901
2,75,2400,1,0.001331
2,75,2400,2,0.000853
2,75,2400,3,0.001280
2,75,2600,1,0.001317
2,75,2600,2,0.001242
2,75,2600,3,0.001063
2,75,2800,1,0.000829
2,75,2800,2,0.000865
2,75,2800,3,0.001038
2,75,3000,1,0.001025
2,75,3000,2,0.001283
2,75,3000,3,0.001142
2,75,3200,1,0.001014
2,75,3200,2,0.000838
2,75,3200,3,0.001022
2,75,3400,1,0.001312
2,75,3400,2,0.001337
2,75,3400,3,0.001061
2,75,3600,1,0.000866
2,75,3600,2,0.001043
2,75,3600,3,0.000930
2,75,3800,1,0.001305
2,75,3800,2,0.001053
2,75,3800,3,0.001307
2,75,4000,1,0.000852
2,75,4000,2,0.001070
2,75,4000,3,0.001058
2,75,4200,1,0.001125
2,75,4200,2,0.001305
2,75,4200,3,0.001018
2,75,4400,1,0.001256
2,75,4400,2,0.000879
2,75,4400,3,0.001320
2,75,4600,1,0.000883
2,75,4600,2,0.000853
2,75,4600,3,0.001055
2,75,4800,1,0.001030
2,75,4800,2,0.000888
2,75,4800,3,0.001316
2,75,5000,1,0.001071
2,75,5000,2,0.001066
2,75,5000,3,0.001001
2,77,1000,1,0.001041
2,77,1000,2,0.001054
2,77,1000,3,0.000904
2,77,1200,1,0.001022
2,77,1200,2,0.000871
2,77,1200,3,0.001018
2,77,1400,1,0.001342
2,77,1400,2,0.000892
2,77,1400,3,0.001043
2,77,1600,1,0.001080
2,77,1600,2,0.000837
2,77,1600,3,0.001025
2,77,1800,1,0.001046
2,77,1800,2,0.001029
2,77,1800,3,0.001070
2,77,2000,1,0.001235
2,77,2000,2,0.000850
2,77,2000,3,0.001228
2,77,2200,1,0.000895
2,77,2200,2,0.001055
2,77,2200,3,0.001059
2,77,2400,1,0.001035
2,77,2400,2,0.000952
2,77,2400,3,0.000886
2,77,2600,1,0.001081
2,77,2600,2,0.000887
2,77,2600,3,0.001298
2,77,2800,1,0.001116
2,77,2800,2,0.001082
2,77,2800,3,0.001048
2,77,3000,1,0.000956
2,77,3000,2,0.001050
2,77,3000,3,0.001315
2,77,3200,1,0.001195
2,77,3200,2,0.001306
2,77,3200,3,0.001317
2,77,3400,1,0.001053
2,77,3400,2,0.001349
2,77,3400,3,0.001090
2,77,3600,1,0.001036
2,77,3600,2,0.001064
2,77,3600,3,0.001303
2,77,3800,1,0.001089
2,77,3800,2,0.001053
2,77,3800,3,0.000890
2,77,4000,1,0.001024
2,77,4000,2,0.000837
2,77,4000,3,0.001080
2,77,4200,1,0.001072
2,77,4200,2,0.000926
2,77,4200,3,0.001042
2,77,4400,1,0.000933
2,77,4400,2,0.001030
2,77,4400,3,0.000870
2,77,4600,1,0.001037
2,77,4600,2,0.001043
2,77,4600,3,0.000950
2,77,4800,1,0.000924
2,77,4800,2,0.001391
2,77,4800,3,0.000838
2,77,5000,1,0.000873
2,77,5000,2,0.001047
2,77,5000,3,0.001298
2,79,1000,1,0.000887
2,79,1000,2,0.000929
2,79,1000,3,0.000824
2,79,1200,1,0.000878
2,79,1200,2,0.000921
2,79,1200,3,0.000970
2,79,1400,1,0.001324
2,79,1400,2,0.001056
2,79,1400,3,0.001348
2,79,1600,1,0.001240
2,79,1600,2,0.001071
2,79,1600,3,0.001062
2,79,1800,1,0.001111
2,79,1800,2,0.001300
2,79,1800,3,0.001059
2,79,2000,1,0.000944
2,79,2000,2,0.001354
2,79,2000,3,0.001079
2,79,2200,1,0.001329
2,79,2200,2,0.001066
2,79,2200,3,0.001109
2,79,2400,1,0.001110
2,79,2400,2,0.001066
2,79,2400,3,0.001046
2,79,2600,1,0.001264
2,79,2600,2,0.001104
2,79,2600,3,0.001306
2,79,2800,1,0.001095
2,79,2800,2,0.000861
2,79,2800,3,0.001244
2,79,3000,1,0.001101
2,79,3000,2,0.001290
2,79,3000,3,0.000880
2,79,3200,1,0.001345
2,79,3200,2,0.001379
2,79,3200,3,0.000901
2,79,3400,1,0.001095
2,79,3400,2,0.000937
2,79,3400,3,0.000899
2,79,3600,1,0.001074
2,79,3600,2,0.001097
2,79,3600,3,0.000906
2,79,3800,1,0.001069
2,79,3800,2,0.001111
2,79,3800,3,0.000920
2,79,4000,1,0.000971
2,79,4000,2,0.000939
2,79,4000,3,0.000928
2,79,4200,1,0.000917
2,79,4200,2,0.001096
2,79,4200,3,0.000893
2,79,4400,1,0.001317
2,79,4400,2,0.001297
2,79,4400,3,0.001064
2,79,4600,1,0.001056
2,79,4600,2,0.001108
2,79,4600,3,0.001051
2,79,4800,1,0.001048
2,79,4800,2,0.001395
2,79,4800,3,0.000891
2,79,5000,1,0.000898
2,79,5000,2,0.001050
2,79,5000,3,0.001109
2,81,1000,1,0.000876
2,81,1000,2,0.001118
2,81,1000,3,0.001343
2,81,1200,1,0.001061
2,81,1200,2,0.001067
2,81,1200,3,0.000883
2,81,1400,1,0.000882
2,81,1400,2,0.001027
2,81,1400,3,0.001283
2,81,1600,1,0.000881
2,81,1600,2,0.001303
2,81,1600,3,0.001095
2,81,1800,1,0.001140
2,81,1800,2,0.000929
2,81,1800,3,0.001297
2,81,2000,1,0.001132
2,81,2000,2,0.001114
2,81,2000,3,0.001292
2,81,2200,1,0.001124
2,81,2200,2,0.001304
2,81,2200,3,0.000874
2,81,2400,1,0.001315
2,81,2400,2,0.001291
2,81,2400,3,0.001209
2,81,2600,1,0.001019
2,81,2600,2,0.001184
2,81,2600,3,0.000962
2,81,2800,1,0.001384
2,81,2800,2,0.000856
2,81,2800,3,0.001127
2,81,3000,1,0.000896
2,81,3000,2,0.001041
2,81,3000,3,0.000891
2,81,3200,1,0.000924
2,81,3200,2,0.001362
2,81,3200,3,0.000942
2,81,3400,1,0.001132
2,81,3400,2,0.001259
2,81,3400,3,0.000858
2,81,3600,1,0.000881
2,81,3600,2,0.001077
2,81,3600,3,0.000885
2,81,3800,1,0.001022
2,81,3800,2,0.000956
2,81,3800,3,0.001027
2,81,4000,1,0.001116
2,81,4000,2,0.001314
2,81,4000,3,0.000844
2,81,4200,1,0.001360
2,81,4200,2,0.000885
2,81,4200,3,0.000963
2,81,4400,1,0.001444
2,81,4400,2,0.001124
2,81,4400,3,0.000859
2,81,4600,1,0.001147
2,81,4600,2,0.000909
2,81,4600,3,0.001354
2,81,4800,1,0.000859
2,81,4800,2,0.000989
2,81,4800,3,0.000974
2,81,5000,1,0.001305
2,81,5000,2,0.001352
2,81,5000,3,0.001142
2,83,1000,1,0.000978
2,83,1000,2,0.001198
2,83,1000,3,0.000929
2,83,1200,1,0.001283
2,83,1200,2,0.000934
2,83,1200,3,0.001139
2,83,1400,1,0.001305
2,83,1400,2,0.000887
2,83,1400,3,0.000890
2,83,1600,1,0.000942
2,83,1600,2,0.000863
2,83,1600,3,0.001242
2,83,1800,1,0.001253
2,83,1800,2,0.001336
2,83,1800,3,0.000927
2,83,2000,1,0.001135
2,83,2000,2,0.000969
2,83,2000,3,0.001342
2,83,2200,1,0.001217
2,83,2200,2,0.001214
2,83,2200,3,0.000933
2,83,2400,1,0.001074
2,83,2400,2,0.001296
2,83,2400,3,0.001198
2,83,2600,1,0.001361
2,83,2600,2,0.001004
2,83,2600,3,0.001166
2,83,2800,1,0.000997
2,83,2800,2,0.000888
2,83,2800,3,0.000970
2,83,3000,1,0.001375
2,83,3000,2,0.001156
2,83,3000,3,0.001431
2,83,3200,1,0.000991
2,83,3200,2,0.000981
2,83,3200,3,0.001264
2,83,3400,1,0.001429
2,83,3400,2,0.001162
2,83,3400,3,0.001073
2,83,3600,1,0.000983
2,83,3600,2,0.000969
2,83,3600,3,0.000947
2,83,3800,1,0.001302
2,83,3800,2,0.001002
2,83,3800,3,0.001330
2,83,4000,1,0.001032
2,83,4000,2,0.001442
2,83,4000,3,0.001014
2,83,4200,1,0.001158
2,83,4200,2,0.001112
2,83,4200,3,0.000943
2,83,4400,1,0.001005
2,83,4400,2,0.001170
2,83,4400,3,0.001246
2,83,4600,1,0.000966
2,83,4600,2,0.001327
2,83,4600,3,0.001014
2,83,4800,1,0.001066
2,83,4800,2,0.000967
2,83,4800,3,0.001184
2,83,5000,1,0.001171
2,83,5000,2,0.001461
2,83,5000,3,0.001005
2,85,1000,1,0.000923
2,85,1000,2,0.001225
2,85,1000,3,0.001230
2,85,1200,1,0.000829
2,85,1200,2,0.001230
2,85,1200,3,0.000917
2,85,1400,1,0.000893
2,85,1400,2,0.000933
2,85,1400,3,0.001032
2,85,1600,1,0.000912
2,85,1600,2,0.000903
2,85,1600,3,0.000884
2,85,1800,1,0.001067
2,85,1800,2,0.001133
2,85,1800,3,0.001083
2,85,2000,1,0.001338
2,85,2000,2,0.000917
2,85,2000,3,0.001434
2,85,2200,1,0.001062
2,85,2200,2,0.000899
2,85,2200,3,0.001394
2,85,2400,1,0.000877
2,85,2400,2,0.000869
2,85,2400,3,0.000910
2,85,2600,1,0.001375
2,85,2600,2,0.000881
2,85,2600,3,0.001017
2,85,2800,1,0.001198
2,85,2800,2,0.001348
2,85,2800,3,0.000917
2,85,3000,1,0.000856
2,85,3000,2,0.000987
2,85,3000,3,0.000965
2,85,3200,1,0.001150
2,85,3200,2,0.001171
2,85,3200,3,0.000896
2,85,3400,1,0.001464
2,85,3400,2,0.000857
2,85,3400,3,0.000898
2,85,3600,1,0.000936
2,85,3600,2,0.000912
2,85,3600,3,0.001329
2,85,3800,1,0.001354
2,85,3800,2,0.000945
2,85,3800,3,0.000939
2,85,4000,1,0.000934
2,85,4000,2,0.001277
2,85,4000,3,0.001246
2,85,4200,1,0.001347
2,85,4200,2,0.001216
2,85,4200,3,0.001184
2,85,4400,1,0.001287
2,85,4400,2,0.000905
2,85,4400,3,0.001276
2,85,4600,1,0.000977
2,85,4600,2,0.001263
2,85,4600,3,0.000884
2,85,4800,1,0.000935
2,85,4800,2,0.001293
2,85,4800,3,0.000950
2,85,5000,1,0.001074
2,85,5000,2,0.000938
2,85,5000,3,0.001385
2,87,1000,1,0.000980
2,87,1000,2,0.001246
2,87,1000,3,0.000962
2,87,1200,1,0.001335
2,87,1200,2,0.000989
2,87,1200,3,0.000990
2,87,1400,1,0.001342
2,87,1400,2,0.001179
2,87,1400,3,0.001151
2,87,1600,1,0.001092
2,87,1600,2,0.001370
2,87,1600,3,0.000982
2,87,1800,1,0.001382
2,87,1800,2,0.001505
2,87,1800,3,0.000919
2,87,2000,1,0.000938
2,87,2000,2,0.001375
2,87,2000,3,0.001050
2,87,2200,1,0.000945
2,87,2200,2,0.001339
2,87,2200,3,0.001504
2,87,2400,1,0.000934
2,87,2400,2,0.001345
2,87,2400,3,0.000927
2,87,2600,1,0.001374
2,87,2600,2,0.001246
2,87,2600,3,0.000897
2,87,2800,1,0.001292
2,87,2800,2,0.001207
2,87,2800,3,0.000978
2,87,3000,1,0.001009
2,87,3000,2,0.001472
2,87,3000,3,0.001333
2,87,3200,1,0.001288
2,87,3200,2,0.001495
2,87,3200,3,0.001466
2,87,3400,1,0.001222
2,87,3400,2,0.001397
2,87,3400,3,0.000954
2,87,3600,1,0.001338
2,87,3600,2,0.001304
2,87,3600,3,0.001446
2,87,3800,1,0.001071
2,87,3800,2,0.000947
2,87,3800,3,0.000955
2,87,4000,1,0.000967
2,87,4000,2,0.001574
2,87,4000,3,0.001020
2,87,4200,1,0.001320
2,87,4200,2,0.001271
2,87,4200,3,0.001318
2,87,4400,1,0.001293
2,87,4400,2,0.001352
2,87,4400,3,0.000950
2,87,4600,1,0.000980
2,87,4600,2,0.001080
2,87,4600,3,0.001026
2,87,4800,1,0.001475
2,87,4800,2,0.001260
2,87,4800,3,0.000987
2,87,5000,1,0.001173
2,87,5000,2,0.001128
2,87,5000,3,0.001089
2,89,1000,1,0.001461
2,89,1000,2,0.001450
2,89,1000,3,0.001151
2,89,1200,1,0.001537
2,89,1200,2,0.001255
2,89,1200,3,0.001365
2,89,1400,1,0.001397
2,89,1400,2,0.001369
2,89,1400,3,0.001492
2,89,1600,1,0.001554
2,89,1600,2,0.001469
2,89,1600,3,0.001420
2,89,1800,1,0.001081
2,89,1800,2,0.001090
2,89,1800,3,0.001122
2,89,2000,1,0.001437
2,89,2000,2,0.001425
2,89,2000,3,0.001150
2,89,2200,1,0.001291
2,89,2200,2,0.001429
2,89,2200,3,0.001119
2,89,2400,1,0.001239
2,89,2400,2,0.001279
2,89,2400,3,0.001105
2,89,2600,1,0.001137
2,89,2600,2,0.001046
2,89,2600,3,0.000974
2,89,2800,1,0.001085
2,89,2800,2,0.001054
2,89,2800,3,0.001423
2,89,3000,1,0.001429
2,89,3000,2,0.001126
2,89,3000,3,0.001506
2,89,3200,1,0.001112
2,89,3200,2,0.001421
2,89,3200,3,0.001063
2,89,3400,1,0.001072
2,89,3400,2,0.001361
2,89,3400,3,0.001566
2,89,3600,1,0.001059
2,89,3600,2,0.001595
2,89,3600,3,0.001275
2,89,3800,1,0.001583
2,89,3800,2,0.001030
2,89,3800,3,0.001036
2,89,4000,1,0.001522
2,89,4000,2,0.001561
2,89,4000,3,0.001117
2,89,4200,1,0.001555
2,89,4200,2,0.001566
2,89,4200,3,0.000991
2,89,4400,1,0.001101
2,89,4400,2,0.001110
2,89,4400,3,0.001564
2,89,4600,1,0.000991
2,89,4600,2,0.001255
2,89,4600,3,0.001585
2,89,4800,1,0.001389
2,89,4800,2,0.001421
2,89,4800,3,0.001085
2,89,5000,1,0.001105
2,89,5000,2,0.000962
2,89,5000,3,0.001124
2,91,1000,1,0.001187
2,91,1000,2,0.001298
2,91,1000,3,0.001360
2,91,1200,1,0.001657
2,91,1200,2,0.001492
2,91,1200,3,0.001570
2,91,1400,1,0.001133
2,91,1400,2,0.001216
2,91,1400,3,0.001200
2,91,1600,1,0.001615
2,91,1600,2,0.001573
2,91,1600,3,0.001495
2,91,1800,1,0.001150
2,91,1800,2,0.001213
2,91,1800,3,0.001142
2,91,2000,1,0.001488
2,91,2000,2,0.001528
2,91,2000,3,0.001313
2,91,2200,1,0.001099
2,91,2200,2,0.001198
2,91,2200,3,0.001140
2,91,2400,1,0.001225
2,91,2400,2,0.001296
2,91,2400,3,0.001173
2,91,2600,1,0.001113
2,91,2600,2,0.001576
2,91,2600,3,0.001486
2,91,2800,1,0.001300
2,91,2800,2,0.001628
2,91,2800,3,0.001250
2,91,3000,1,0.001176
2,91,3000,2,0.001212
2,91,3000,3,0.001636
2,91,3200,1,0.001307
2,91,3200,2,0.001144
2,91,3200,3,0.001394
2,91,3400,1,0.001175
2,91,3400,2,0.001501
2,91,3400,3,0.001219
2,91,3600,1,0.001417
2,91,3600,2,0.001447
2,91,3600,3,0.001226
2,91,3800,1,0.001540
2,91,3800,2,0.001459
2,91,3800,3,0.001215
2,91,4000,1,0.001614
2,91,4000,2,0.001355
2,91,4000,3,0.001189
2,91,4200,1,0.001537
2,91,4200,2,0.001671
2,91,4200,3,0.001511
2,91,4400,1,0.001345
2,91,4400,2,0.001104
2,91,4400,3,0.001289
2,91,4600,1,0.001622
2,91,4600,2,0.001444
2,91,4600,3,0.001151
2,91,4800,1,0.001212
2,91,4800,2,0.001183
2,91,4800,3,0.001664
2,91,5000,1,0.001161
2,91,5000,2,0.001595
2,91,5000,3,0.001547
2,93,1000,1,0.001246
2,93,1000,2,0.001318
2,93,1000,3,0.001732
2,93,1200,1,0.001328
2,93,1200,2,0.001222
2,93,1200,3,0.001269
2,93,1400,1,0.001261
2,93,1400,2,0.001263
2,93,1400,3,0.001278
2,93,1600,1,0.001587
2,93,1600,2,0.001460
2,93,1600,3,0.001436
2,93,1800,1,0.001639
2,93,1800,2,0.001223
2,93,1800,3,0.001609
2,93,2000,1,0.001384
2,93,2000,2,0.001420
2,93,2000,3,0.001690
2,93,2200,1,0.001301
2,93,2200,2,0.001357
2,93,2200,3,0.001337
2,93,2400,1,0.001572
2,93,2400,2,0.001643
2,93,2400,3,0.001588
2,93,2600,1,0.001560
2,93,2600,2,0.001220
2,93,2600,3,0.001406
2,93,2800,1,0.001352
2,93,2800,2,0.001212
2,93,2800,3,0.001378
2,93,3000,1,0.001221
2,93,3000,2,0.001258
2,93,3000,3,0.001525
2,93,3200,1,0.001518
2,93,3200,2,0.001236
2,93,3200,3,0.001228
2,93,3400,1,0.001287
2,93,3400,2,0.001308
2,93,3400,3,0.001290
2,93,3600,1,0.001645
2,93,3600,2,0.001221
2,93,3600,3,0.001267
2,93,3800,1,0.001229
2,93,3800,2,0.001704
2,93,3800,3,0.001550
2,93,4000,1,0.001698
2,93,4000,2,0.001747
2,93,4000,3,0.001751
2,93,4200,1,0.001437
2,93,4200,2,0.001279
2,93,4200,3,0.001404
2,93,4400,1,0.001276
2,93,4400,2,0.001712
2,93,4400,3,0.001704
2,93,4600,1,0.001491
2,93,4600,2,0.001245
2,93,4600,3,0.001513
2,93,4800,1,0.001231
2,93,4800,2,0.001272
2,93,4800,3,0.001274
2,93,5000,1,0.001279
2,93,5000,2,0.001258
2,93,5000,3,0.001741
2,95,1000,1,0.001418
2,95,1000,2,0.001433
2,95,1000,3,0.001413
2,95,1200,1,0.001464
2,95,1200,2,0.001414
2,95,1200,3,0.001509
2,95,1400,1,0.001494
2,95,1400,2,0.001479
2,95,1400,3,0.001463
2,95,1600,1,0.001476
2,95,1600,2,0.001474
2,95,1600,3,0.001778
2,95,1800,1,0.001447
2,95,1800,2,0.001474
2,95,1800,3,0.001346
2,95,2000,1,0.001515
2,95,2000,2,0.001589
2,95,2000,3,0.001713
2,95,2200,1,0.001524
2,95,2200,2,0.001766
2,95,2200,3,0.001692
2,95,2400,1,0.001383
2,95,2400,2,0.001748
2,95,2400,3,0.001572
2,95,2600,1,0.001363
2,95,2600,2,0.001721
2,95,2600,3,0.001797
2,95,2800,1,0.001698
2,95,2800,2,0.001454
2,95,2800,3,0.001583
2,95,3000,1,0.001564
2,95,3000,2,0.001648
2,95,3000,3,0.001885
2,95,3200,1,0.001543
2,95,3200,2,0.001441
2,95,3200,3,0.001409
2,95,3400,1,0.001591
2,95,3400,2,0.001596
2,95,3400,3,0.001476
2,95,3600,1,0.001570
2,95,3600,2,0.001329
2,95,3600,3,0.001544
2,95,3800,1,0.001413
2,95,3800,2,0.001699
2,95,3800,3,0.001774
2,95,4000,1,0.001460
2,95,4000,2,0.001552
2,95,4000,3,0.001585
2,95,4200,1,0.001364
2,95,4200,2,0.001638
2,95,4200,3,0.001306
2,95,4400,1,0.001409
2,95,4400,2,0.001653
2,95,4400,3,0.001400
2,95,4600,1,0.001881
2,95,4600,2,0.001479
2,95,4600,3,0.001363
2,95,4800,1,0.001524
2,95,4800,2,0.001705
2,95,4800,3,0.001501
2,95,5000,1,0.001888
2,95,5000,2,0.001520
2,95,5000,3,0.001427
2,97,1000,1,0.001638
2,97,1000,2,0.001620
2,97,1000,3,0.001635
2,97,1200,1,0.001690
2,97,1200,2,0.001514
2,97,1200,3,0.001574
2,97,1400,1,0.001862
2,97,1400,2,0.001847
2,97,1400,3,0.001620
2,97,1600,1,0.001925
2,97,1600,2,0.001457
2,97,1600,3,0.001637
2,97,1800,1,0.001959
2,97,1800,2,0.001828
2,97,1800,3,0.001852
2,97,2000,1,0.001954
2,97,2000,2,0.001711
2,97,2000,3,0.001577
2,97,2200,1,0.001701
2,97,2200,2,0.001889
2,97,2200,3,0.001487
2,97,2400,1,0.001542
2,97,2400,2,0.001603
2,97,2400,3,0.001701
2,97,2600,1,0.001467
2,97,2600,2,0.001597
2,97,2600,3,0.001888
2,97,2800,1,0.001605
2,97,2800,2,0.001498
2,97,2800,3,0.001634
2,97,3000,1,0.001758
2,97,3000,2,0.001735
2,97,3000,3,0.001837
2,97,3200,1,0.001814
2,97,3200,2,0.001708
2,97,3200,3,0.001647
2,97,3400,1,0.001703
2,97,3400,2,0.001739
2,97,3400,3,0.001973
2,97,3600,1,0.001960
2,97,3600,2,0.001837
2,97,3600,3,0.001717
2,97,3800,1,0.001666
2,97,3800,2,0.001824
2,97,3800,3,0.001591
2,97,4000,1,0.002020
2,97,4000,2,0.001846
2,97,4000,3,0.001662
2,97,4200,1,0.001645
2,97,4200,2,0.001999
2,97,4200,3,0.001746
2,97,4400,1,0.001914
2,97,4400,2,0.001745
2,97,4400,3,0.001792
2,97,4600,1,0.001906
2,97,4600,2,0.001668
2,97,4600,3,0.001963
2,97,4800,1,0.001534
2,97,4800,2,0.001818
2,97,4800,3,0.001497
2,97,5000,1,0.001734
2,97,5000,2,0.001850
2,97,5000,3,0.002138
2,99,1000,1,0.001920
2,99,1000,2,0.001975
2,99,1000,3,0.001792
2,99,1200,1,0.001978
2,99,1200,2,0.001998
2,99,1200,3,0.001987
2,99,1400,1,0.002063
2,99,1400,2,0.001799
2,99,1400,3,0.001970
2,99,1600,1,0.001744
2,99,1600,2,0.001963
2,99,1600,3,0.001956
2,99,1800,1,0.001901
2,99,1800,2,0.001718
2,99,1800,3,0.002010
2,99,2000,1,0.001926
2,99,2000,2,0.002068
2,99,2000,3,0.001965
2,99,2200,1,0.001834
2,99,2200,2,0.002107
2,99,2200,3,0.001872
2,99,2400,1,0.001889
2,99,2400,2,0.001803
2,99,2400,3,0.002041
2,99,2600,1,0.002001
2,99,2600,2,0.002016
2,99,2600,3,0.001755
2,99,2800,1,0.001927
2,99,2800,2,0.001733
2,99,2800,3,0.002177
2,99,3000,1,0.001889
2,99,3000,2,0.001832
2,99,3000,3,0.001972
2,99,3200,1,0.002089
2,99,3200,2,0.001788
2,99,3200,3,0.001939
2,99,3400,1,0.001730
2,99,3400,2,0.002040
2,99,3400,3,0.002054
2,99,3600,1,0.001969
2,99,3600,2,0.002098
2,99,3600,3,0.001697
2,99,3800,1,0.002096
2,99,3800,2,0.001774
2,99,3800,3,0.001696
2,99,4000,1,0.001745
2,99,4000,2,0.001944
2,99,4000,3,0.001771
2,99,4200,1,0.001954
2,99,4200,2,0.001911
2,99,4200,3,0.002166
2,99,4400,1,0.002028
2,99,4400,2,0.002069
2,99,4400,3,0.001818
2,99,4600,1,0.001777
2,99,4600,2,0.001826
2,99,4600,3,0.001979
2,99,4800,1,0.001973
2,99,4800,2,0.001832
2,99,4800,3,0.001662
2,99,5000,1,0.001777
2,99,5000,2,0.002063
2,99,5000,3,0.001827
2,101,1000,1,0.002077
2,101,1000,2,0.002019
2,101,1000,3,0.001919
2,101,1200,1,0.002216
2,101,1200,2,0.002000
2,101,1200,3,0.002102
2,101,1400,1,0.001908
2,101,1400,2,0.001991
2,101,1400,3,0.001826
2,101,1600,1,0.002069
2,101,1600,2,0.002215
2,101,1600,3,0.002115
2,101,1800,1,0.002243
2,101,1800,2,0.002176
2,101,1800,3,0.001777
2,101,2000,1,0.001914
2,101,2000,2,0.001856
2,101,2000,3,0.002032
2,101,2200,1,0.002206
2,101,2200,2,0.002110
2,101,2200,3,0.002061
2,101,2400,1,0.002111
2,101,2400,2,0.002063
2,101,2400,3,0.002061
2,101,2600,1,0.002182
2,101,2600,2,0.001824
2,101,2600,3,0.002198
2,101,2800,1,0.001814
2,101,2800,2,0.002248
2,101,2800,3,0.002070
2,101,3000,1,0.002057
2,101,3000,2,0.002129
2,101,3000,3,0.002100
2,101,3200,1,0.002239
2,101,3200,2,0.002158
2,101,3200,3,0.001947
2,101,3400,1,0.002053
2,101,3400,2,0.002165
2,101,3400,3,0.002123
2,101,3600,1,0.002169
2,101,3600,2,0.002276
2,101,3600,3,0.002079
2,101,3800,1,0.002151
2,101,3800,2,0.002131
2,101,3800,3,0.002065
2,101,4000,1,0.002135
2,101,4000,2,0.001825
2,101,4000,3,0.002064
2,101,4200,1,0.002099
2,101,4200,2,0.002177
2,101,4200,3,0.001918
2,101,4400,1,0.002132
2,101,4400,2,0.001828
2,101,4400,3,0.002087
2,101,4600,1,0.002062
2,101,4600,2,0.002214
2,101,4600,3,0.002189
2,101,4800,1,0.002225
2,101,4800,2,0.002187
2,101,4800,3,0.002116
2,101,5000,1,0.002089
2,101,5000,2,0.002129
2,101,5000,3,0.002239
2,103,1000,1,0.002220
2,103,1000,2,0.002085
2,103,1000,3,0.002308
2,103,1200,1,0.002190
2,103,1200,2,0.002301
2,103,1200,3,0.002145
2,103,1400,1,0.002250
2,103,1400,2,0.002131
2,103,1400,3,0.002195
2,103,1600,1,0.002183
2,103,1600,2,0.002242
2,103,1600,3,0.002089
2,103,1800,1,0.002178
2,103,1800,2,0.001998
2,103,1800,3,0.002214
2,103,2000,1,0.002190
2,103,2000,2,0.002195
2,103,2000,3,0.002258
2,103,2200,1,0.002323
2,103,2200,2,0.002179
2,103,2200,3,0.002148
2,103,2400,1,0.002263
2,103,2400,2,0.002190
2,103,2400,3,0.002149
2,103,2600,1,0.002100
2,103,2600,2,0.002266
2,103,2600,3,0.002201
2,103,2800,1,0.002314
2,103,2800,2,0.002117
2,103,2800,3,0.002232
2,103,3000,1,0.002291
2,103,3000,2,0.002131
2,103,3000,3,0.002121
2,103,3200,1,0.002044
2,103,3200,2,0.002266
2,103,3200,3,0.002300
2,103,3400,1,0.002138
2,103,3400,2,0.002158
2,103,3400,3,0.002207
2,103,3600,1,0.002172
2,103,3600,2,0.002242
2,103,3600,3,0.002251
2,103,3800,1,0.002098
2,103,3800,2,0.002252
2,103,3800,3,0.002166
2,103,4000,1,0.002170
2,103,4000,2,0.002071
2,103,4000,3,0.002194
2,103,4200,1,0.002114
2,103,4200,2,0.002218
2,103,4200,3,0.002270
2,103,4400,1,0.002112
2,103,4400,2,0.002320
2,103,4400,3,0.002349
2,103,4600,1,0.002299
2,103,4600,2,0.002284
2,103,4600,3,0.002172
2,103,4800,1,0.002219
2,103,4800,2,0.002215
2,103,4800,3,0.002161
2,103,5000,1,0.002206
2,103,5000,2,0.002297
2,103,5000,3,0.002174
2,105,1000,1,0.002180
2,105,1000,2,0.002257
2,105,1000,3,0.002296
2,105,1200,1,0.002233
2,105,1200,2,0.002252
2,105,1200,3,0.002227
2,105,1400,1,0.002391
2,105,1400,2,0.002286
2,105,1400,3,0.002162
2,105,1600,1,0.002234
2,105,1600,2,0.002229
2,105,1600,3,0.002233
2,105,1800,1,0.002230
2,105,1800,2,0.002244
2,105,1800,3,0.002264
2,105,2000,1,0.002161
2,105,2000,2,0.002070
2,105,2000,3,0.002292
2,105,2200,1,0.002293
2,105,2200,2,0.002108
2,105,2200,3,0.002281
2,105,2400,1,0.002291
2,105,2400,2,0.002317
2,105,2400,3,0.002276
2,105,2600,1,0.002223
2,105,2600,2,0.002215
2,105,2600,3,0.002107
2,105,2800,1,0.002273
2,105,2800,2,0.002274
2,105,2800,3,0.002072
2,105,3000,1,0.002316
2,105,3000,2,0.002371
2,105,3000,3,0.002225
2,105,3200,1,0.002228
2,105,3200,2,0.002222
2,105,3200,3,0.002200
2,105,3400,1,0.002180
2,105,3400,2,0.002262
2,105,3400,3,0.002272
2,105,3600,1,0.002294
2,105,3600,2,0.002276
2,105,3600,3,0.002267
2,105,3800,1,0.002330
2,105,3800,2,0.002218
2,105,3800,3,0.002253
2,105,4000,1,0.002077
2,105,4000,2,0.002294
2,105,4000,3,0.002335
2,105,4200,1,0.002231
2,105,4200,2,0.002114
2,105,4200,3,0.002302
2,105,4400,1,0.002320
2,105,4400,2,0.002244
2,105,4400,3,0.002311
2,105,4600,1,0.002283
2,105,4600,2,0.002293
2,105,4600,3,0.002263
2,105,4800,1,0.002162
2,105,4800,2,0.002227
2,105,4800,3,0.002162
2,105,5000,1,0.002278
2,105,5000,2,0.002376
2,105,5000,3,0.002273
2,107,1000,1,0.002330
2,107,1000,2,0.002243
2,107,1000,3,0.002279
2,107,1200,1,0.002230
2,107,1200,2,0.002279
2,107,1200,3,0.002149
2,107,1400,1,0.002276
2,107,1400,2,0.002358
2,107,1400,3,0.002194
2,107,1600,1,0.002301
2,107,1600,2,0.002313
2,107,1600,3,0.002213
2,107,1800,1,0.002265
2,107,1800,2,0.002217
2,107,1800,3,0.002193
2,107,2000,1,0.002274
2,107,2000,2,0.002282
2,107,2000,3,0.002258
2,107,2200,1,0.002224
2,107,2200,2,0.002160
2,107,2200,3,0.002254
2,107,2400,1,0.002322
2,107,2400,2,0.002325
2,107,2400,3,0.002222
2,107,2600,1,0.002361
2,107,2600,2,0.002208
2,107,2600,3,0.002207
2,107,2800,1,0.002196
2,107,2800,2,0.002267
2,107,2800,3,0.002188
2,107,3000,1,0.002305
2,107,3000,2,0.002233
2,107,3000,3,0.002323
2,107,3200,1,0.002202
2,107,3200,2,0.002383
2,107,3200,3,0.002206
2,107,3400,1,0.002263
2,107,3400,2,0.002223
2,107,3400,3,0.002275
2,107,3600,1,0.002207
2,107,3600,2,0.002345
2,107,3600,3,0.002255
2,107,3800,1,0.002322
2,107,3800,2,0.002247
2,107,3800,3,0.002154
2,107,4000,1,0.002296
2,107,4000,2,0.002291
2,107,4000,3,0.002298
2,107,4200,1,0.002266
2,107,4200,2,0.002383
2,107,4200,3,0.002250
2,107,4400,1,0.002278
2,107,4400,2,0.002270
2,107,4400,3,0.002259
2,107,4600,1,0.002251
2,107,4600,2,0.002169
2,107,4600,3,0.002196
2,107,4800,1,0.002258
2,107,4800,2,0.002251
2,107,4800,3,0.002202
2,107,5000,1,0.002287
2,107,5000,2,0.002347
2,107,5000,3,0.002372
2,109,1000,1,0.002224
2,109,1000,2,0.002266
2,109,1000,3,0.002309
2,109,1200,1,0.002210
2,109,1200,2,0.002345
2,109,1200,3,0.002216
2,109,1400,1,0.002152
2,109,1400,2,0.002184
2,109,1400,3,0.002308
2,109,1600,1,0.002156
2,109,1600,2,0.002250
2,109,1600,3,0.002234
2,109,1800,1,0.002348
2,109,1800,2,0.002276
2,109,1800,3,0.002268
2,109,2000,1,0.002356
2,109,2000,2,0.002243
2,109,2000,3,0.002247
2,109,2200,1,0.002164
2,109,2200,2,0.002216
2,109,2200,3,0.002342
2,109,2400,1,0.002273
2,109,2400,2,0.002307
2,109,2400,3,0.002221
2,109,2600,1,0.002352
2,109,2600,2,0.002219
2,109,2600,3,0.002246
2,109,2800,1,0.002259
2,109,2800,2,0.002248
2,109,2800,3,0.002350
2,109,3000,1,0.002197
2,109,3000,2,0.002327
2,109,3000,3,0.002272
2,109,3200,1,0.002335
2,109,3200,2,0.002265
2,109,3200,3,0.002248
2,109,3400,1,0.002268
2,109,3400,2,0.002215
2,109,3400,3,0.002201
2,109,3600,1,0.002304
2,109,3600,2,0.002281
2,109,3600,3,0.002363
2,109,3800,1,0.002263
2,109,3800,2,0.002383
2,109,3800,3,0.002239
2,109,4000,1,0.002313
2,109,4000,2,0.002440
2,109,4000,3,0.002303
2,109,4200,1,0.002251
2,109,4200,2,0.002391
2,109,4200,3,0.002324
2,109,4400,1,0.002280
2,109,4400,2,0.002263
2,109,4400,3,0.002192
2,109,4600,1,0.002228
2,109,4600,2,0.002374
2,109,4600,3,0.002336
2,109,4800,1,0.002237
2,109,4800,2,0.002348
2,109,4800,3,0.002330
2,109,5000,1,0.002428
2,109,5000,2,0.002256
2,109,5000,3,0.002282
2,111,1000,1,0.002317
2,111,1000,2,0.002277
2,111,1000,3,0.002203
2,111,1200,1,0.002220
2,111,1200,2,0.002291
2,111,1200,3,0.002260
2,111,1400,1,0.002277
2,111,1400,2,0.002233
2,111,1400,3,0.002275
2,111,1600,1,0.002275
2,111,1600,2,0.002321
2,111,1600,3,0.002284
2,111,1800,1,0.002330
2,111,1800,2,0.002230
2,111,1800,3,0.002315
2,111,2000,1,0.002271
2,111,2000,2,0.002221
2,111,2000,3,0.002279
2,111,2200,1,0.002326
2,111,2200,2,0.002302
2,111,2200,3,0.002254
2,111,2400,1,0.002265
2,111,2400,2,0.002361
2,111,2400,3,0.002219
2,111,2600,1,0.002142
2,111,2600,2,0.002255
2,111,2600,3,0.002232
2,111,2800,1,0.002358
2,111,2800,2,0.002249
2,111,2800,3,0.002204
2,111,3000,1,0.002260
2,111,3000,2,0.002278
2,111,3000,3,0.002269
2,111,3200,1,0.002279
2,111,3200,2,0.002418
2,111,3200,3,0.002229
2,111,3400,1,0.002390
2,111,3400,2,0.002407
2,111,3400,3,0.002375
2,111,3600,1,0.002274
2,111,3600,2,0.002260
2,111,3600,3,0.002225
2,111,3800,1,0.002290
2,111,3800,2,0.002344
2,111,3800,3,0.002262
2,111,4000,1,0.002333
2,111,4000,2,0.002269
2,111,4000,3,0.002331
2,111,4200,1,0.002292
2,111,4200,2,0.002458
2,111,4200,3,0.002290
2,111,4400,1,0.002412
2,111,4400,2,0.002335
2,111,4400,3,0.002286
2,111,4600,1,0.002321
2,111,4600,2,0.002222
2,111,4600,3,0.002321
2,111,4800,1,0.002248
2,111,4800,2,0.002261
2,111,4800,3,0.002300
2,111,5000,1,0.002306
2,111,5000,2,0.002370
2,111,5000,3,0.002317
2,113,1000,1,0.002237
2,113,1000,2,0.002216
2,113,1000,3,0.002291
2,113,1200,1,0.002347
2,113,1200,2,0.002229
2,113,1200,3,0.002348
2,113,1400,1,0.002262
2,113,1400,2,0.002323
2,113,1400,3,0.002330
2,113,1600,1,0.002289
2,113,1600,2,0.002353
2,113,1600,3,0.002257
2,113,1800,1,0.002350
2,113,1800,2,0.002239
2,113,1800,3,0.002288
2,113,2000,1,0.002331
2,113,2000,2,0.002303
2,113,2000,3,0.002231
2,113,2200,1,0.002354
2,113,2200,2,0.002266
2,113,2200,3,0.002432
2,113,2400,1,0.002296
2,113,2400,2,0.002357
2,113,2400,3,0.002323
2,113,2600,1,0.002174
2,113,2600,2,0.002378
2,113,2600,3,0.002269
2,113,2800,1,0.002369
2,113,2800,2,0.002206
2,113,2800,3,0.002204
2,113,3000,1,0.002258
2,113,3000,2,0.002298
2,113,3000,3,0.002243
2,113,3200,1,0.002232
2,113,3200,2,0.002276
2,113,3200,3,0.002238
2,113,3400,1,0.002347
2,113,3400,2,0.002250
2,113,3400,3,0.002163
2,113,3600,1,0.002290
2,113,3600,2,0.002268
2,113,3600,3,0.002368
2,113,3800,1,0.002240
2,113,3800,2,0.002375
2,113,3800,3,0.002248
2,113,4000,1,0.002362
2,113,4000,2,0.002286
2,113,4000,3,0.002280
2,113,4200,1,0.002170
2,113,4200,2,0.002235
2,113,4200,3,0.002173
2,113,4400,1,0.002248
2,113,4400,2,0.002258
2,113,4400,3,0.002296
2,113,4600,1,0.002282
2,113,4600,2,0.002444
2,113,4600,3,0.002251
2,113,4800,1,0.002369
2,113,4800,2,0.002248
2,113,4800,3,0.002353
2,113,5000,1,0.002347
2,113,5000,2,0.002320
2,113,5000,3,0.002193
2,115,1000,1,0.002221
2,115,1000,2,0.002284
2,115,1000,3,0.002247
2,115,1200,1,0.002264
2,115,1200,2,0.002356
2,115,1200,3,0.002319
2,115,1400,1,0.002240
2,115,1400,2,0.002293
2,115,1400,3,0.002261
2,115,1600,1,0.002161
2,115,1600,2,0.002348
2,115,1600,3,0.002355
2,115,1800,1,0.002267
2,115,1800,2,0.002354
2,115,1800,3,0.002291
2,115,2000,1,0.002460
2,115,2000,2,0.002234
2,115,2000,3,0.002286
2,115,2200,1,0.002155
2,115,2200,2,0.002263
2,115,2200,3,0.002180
2,115,2400,1,0.002312
2,115,2400,2,0.002182
2,115,2400,3,0.002374
2,115,2600,1,0.002257
2,115,2600,2,0.002371
2,115,2600,3,0.002319
2,115,2800,1,0.002325
2,115,2800,2,0.002265
2,115,2800,3,0.002197
2,115,3000,1,0.002236
2,115,3000,2,0.002211
2,115,3000,3,0.002271
2,115,3200,1,0.002305
2,115,3200,2,0.002276
2,115,3200,3,0.002393
2,115,3400,1,0.002268
2,115,3400,2,0.002354
2,115,3400,3,0.002351
2,115,3600,1,0.002355
2,115,3600,2,0.002348
2,115,3600,3,0.002228
2,115,3800,1,0.002286
2,115,3800,2,0.002272
2,115,3800,3,0.002249
2,115,4000,1,0.002347
2,115,4000,2,0.002298
2,115,4000,3,0.002358
2,115,4200,1,0.002289
2,115,4200,2,0.002326
2,115,4200,3,0.002260
2,115,4400,1,0.002297
2,115,4400,2,0.002391
2,115,4400,3,0.002353
2,115,4600,1,0.002335
2,115,4600,2,0.002268
2,115,4600,3,0.002259
2,115,4800,1,0.002317
2,115,4800,2,0.002287
2,115,4800,3,0.002226
2,115,5000,1,0.002338
2,115,5000,2,0.002346
2,115,5000,3,0.002351
2,117,1000,1,0.002190
2,117,1000,2,0.002195
2,117,1000,3,0.002322
2,117,1200,1,0.002297
2,117,1200,2,0.002272
2,117,1200,3,0.002378
2,117,1400,1,0.002273
2,117,1400,2,0.002227
2,117,1400,3,0.002344
2,117,1600,1,0.002293
2,117,1600,2,0.002305
2,117,1600,3,0.002276
2,117,1800,1,0.002254
2,117,1800,2,0.002203
2,117,1800,3,0.002328
2,117,2000,1,0.002256
2,117,2000,2,0.002275
2,117,2000,3,0.002362
2,117,2200,1,0.002299
2,117,2200,2,0.002325
2,117,2200,3,0.002300
2,117,2400,1,0.002389
2,117,2400,2,0.002287
2,117,2400,3,0.002250
2,117,2600,1,0.002237
2,117,2600,2,0.002267
2,117,2600,3,0.002309
2,117,2800,1,0.002312
2,117,2800,2,0.002291
2,117,2800,3,0.002350
2,117,3000,1,0.002294
2,117,3000,2,0.002328
2,117,3000,3,0.002280
2,117,3200,1,0.002221
2,117,3200,2,0.002239
2,117,3200,3,0.002274
2,117,3400,1,0.002322
2,117,3400,2,0.002396
2,117,3400,3,0.002281
2,117,3600,1,0.002326
2,117,3600,2,0.002395
2,117,3600,3,0.002426
2,117,3800,1,0.002342
2,117,3800,2,0.002355
2,117,3800,3,0.002272
2,117,4000,1,0.002238
2,117,4000,2,0.002232
2,117,4000,3,0.002313
2,117,4200,1,0.002242
2,117,4200,2,0.002324
2,117,4200,3,0.002332
2,117,4400,1,0.002294
2,117,4400,2,0.002274
2,117,4400,3,0.002256
2,117,4600,1,0.002328
2,117,4600,2,0.002311
2,117,4600,3,0.002146
2,117,4800,1,0.002280
2,117,4800,2,0.002272
2,117,4800,3,0.002257
2,117,5000,1,0.002301
2,117,5000,2,0.002278
2,117,5000,3,0.002316
2,119,1000,1,0.002370
2,119,1000,2,0.002216
2,119,1000,3,0.002269
2,119,1200,1,0.002293
2,119,1200,2,0.002361
2,119,1200,3,0.002240
2,119,1400,1,0.002243
2,119,1400,2,0.002293
2,119,1400,3,0.002273
2,119,1600,1,0.002254
2,119,1600,2,0.002320
2,119,1600,3,0.002380
2,119,1800,1,0.002327
2,119,1800,2,0.002299
2,119,1800,3,0.002231
2,119,2000,1,0.002375
2,119,2000,2,0.002239
2,119,2000,3,0.002248
2,119,2200,1,0.002331
2,119,2200,2,0.002187
2,119,2200,3,0.002308
2,119,2400,1,0.002287
2,119,2400,2,0.002337
2,119,2400,3,0.002407
2,119,2600,1,0.002237
2,119,2600,2,0.002324
2,119,2600,3,0.002349
2,119,2800,1,0.002210
2,119,2800,2,0.002267
2,119,2800,3,0.002257
2,119,3000,1,0.002290
2,119,3000,2,0.002308
2,119,3000,3,0.002365
2,119,3200,1,0.002197
2,119,3200,2,0.002200
2,119,3200,3,0.002287
2,119,3400,1,0.002238
2,119,3400,2,0.002327
2,119,3400,3,0.002276
2,119,3600,1,0.002309
2,119,3600,2,0.002268
2,119,3600,3,0.002299
2,119,3800,1,0.002237
2,119,3800,2,0.002237
2,119,3800,3,0.002337
2,119,4000,1,0.002299
2,119,4000,2,0.002259
2,119,4000,3,0.002211
2,119,4200,1,0.002347
2,119,4200,2,0.002225
2,119,4200,3,0.002350
2,119,4400,1,0.002255
2,119,4400,2,0.002341
2,119,4400,3,0.002318
2,119,4600,1,0.002325
2,119,4600,2,0.002389
2,119,4600,3,0.002293
2,119,4800,1,0.002179
2,119,4800,2,0.002278
2,119,4800,3,0.002316
2,119,5000,1,0.002284
2,119,5000,2,0.002379
2,119,5000,3,0.002340
2,121,1000,1,0.002293
2,121,1000,2,0.002244
2,121,1000,3,0.002294
2,121,1200,1,0.002247
2,121,1200,2,0.002355
2,121,1200,3,0.002217
2,121,1400,1,0.002308
2,121,1400,2,0.002379
2,121,1400,3,0.002267
2,121,1600,1,0.002282
2,121,1600,2,0.002342
2,121,1600,3,0.002282
2,121,1800,1,0.002362
2,121,1800,2,0.002327
2,121,1800,3,0.002220
2,121,2000,1,0.002308
2,121,2000,2,0.002266
2,121,2000,3,0.002334
2,121,2200,1,0.002279
2,121,2200,2,0.002341
2,121,2200,3,0.002417
2,121,2400,1,0.002395
2,121,2400,2,0.002269
2,121,2400,3,0.002315
2,121,2600,1,0.002335
2,121,2600,2,0.002268
2,121,2600,3,0.002265
2,121,2800,1,0.002344
2,121,2800,2,0.002281
2,121,2800,3,0.002352
2,121,3000,1,0.002258
2,121,3000,2,0.002384
2,121,3000,3,0.002356
2,121,3200,1,0.002247
2,121,3200,2,0.002345
2,121,3200,3,0.002458
2,121,3400,1,0.002312
2,121,3400,2,0.002326
2,121,3400,3,0.002282
2,121,3600,1,0.002221
2,121,3600,2,0.002291
2,121,3600,3,0.002235
2,121,3800,1,0.002271
2,121,3800,2,0.002315
2,121,3800,3,0.002295
2,121,4000,1,0.002258
2,121,4000,2,0.002286
2,121,4000,3,0.002259
2,121,4200,1,0.002386
2,121,4200,2,0.002465
2,121,4200,3,0.002347
2,121,4400,1,0.002288
2,121,4400,2,0.002251
2,121,4400,3,0.002296
2,121,4600,1,0.002326
2,121,4600,2,0.002297
2,121,4600,3,0.002352
2,121,4800,1,0.002324
2,121,4800,2,0.002340
2,121,4800,3,0.002276
2,121,5000,1,0.002395
2,121,5000,2,0.002421
2,121,5000,3,0.002349
2,123,1000,1,0.002301
2,123,1000,2,0.002236
2,123,1000,3,0.002239
2,123,1200,1,0.002216
2,123,1200,2,0.002310
2,123,1200,3,0.002271
2,123,1400,1,0.002284
2,123,1400,2,0.002339
2,123,1400,3,0.002306
2,123,1600,1,0.002344
2,123,1600,2,0.002246
2,123,1600,3,0.002224
2,123,1800,1,0.002208
2,123,1800,2,0.002354
2,123,1800,3,0.002256
2,123,2000,1,0.002235
2,123,2000,2,0.002312
2,123,2000,3,0.002401
2,123,2200,1,0.002271
2,123,2200,2,0.002280
2,123,2200,3,0.002432
2,123,2400,1,0.002217
2,123,2400,2,0.002337
2,123,2400,3,0.002239
2,123,2600,1,0.002324
2,123,2600,2,0.002180
2,123,2600,3,0.002289
2,123,2800,1,0.002337
2,123,2800,2,0.002306
2,123,2800,3,0.002247
2,123,3000,1,0.002289
2,123,3000,2,0.002292
2,123,3000,3,0.002282
2,123,3200,1,0.002263
2,123,3200,2,0.002313
2,123,3200,3,0.002353
2,123,3400,1,0.002249
2,123,3400,2,0.002404
2,123,3400,3,0.002321
2,123,3600,1,0.002334
2,123,3600,2,0.002285
2,123,3600,3,0.002409
2,123,3800,1,0.002322
2,123,3800,2,0.002244
2,123,3800,3,0.002318
2,123,4000,1,0.002295
2,123,4000,2,0.002252
2,123,4000,3,0.002269
2,123,4200,1,0.002320
2,123,4200,2,0.002306
2,123,4200,3,0.002297
2,123,4400,1,0.002366
2,123,4400,2,0.002295
2,123,4400,3,0.002286
2,123,4600,1,0.002267
2,123,4600,2,0.002262
2,123,4600,3,0.002314
2,123,4800,1,0.002247
2,123,4800,2,0.002315
2,123,4800,3,0.002279
2,123,5000,1,0.002353
2,123,5000,2,0.002245
2,123,5000,3,0.002348
2,125,1000,1,0.002310
2,125,1000,2,0.002322
2,125,1000,3,0.002317
2,125,1200,1,0.002273
2,125,1200,2,0.002356
2,125,1200,3,0.002256
2,125,1400,1,0.002297
2,125,1400,2,0.002279
2,125,1400,3,0.002294
2,125,1600,1,0.002237
2,125,1600,2,0.002318
2,125,1600,3,0.002363
2,125,1800,1,0.002299
2,125,1800,2,0.002379
2,125,1800,3,0.002221
2,125,2000,1,0.002315
2,125,2000,2,0.002334
2,125,2000,3,0.002375
2,125,2200,1,0.002367
2,125,2200,2,0.002364
2,125,2200,3,0.002300
2,125,2400,1,0.002380
2,125,2400,2,0.002234
2,125,2400,3,0.002322
2,125,2600,1,0.002302
2,125,2600,2,0.002355
2,125,2600,3,0.002432
2,125,2800,1,0.002318
2,125,2800,2,0.002337
2,125,2800,3,0.002376
2,125,3000,1,0.002500
2,125,3000,2,0.002326
2,125,3000,3,0.002276
2,125,3200,1,0.002263
2,125,3200,2,0.002274
2,125,3200,3,0.002327
2,125,3400,1,0.002253
2,125,3400,2,0.002352
2,125,3400,3,0.002255
2,125,3600,1,0.002387
2,125,3600,2,0.002304
2,125,3600,3,0.002271
2,125,3800,1,0.002357
2,125,3800,2,0.002287
2,125,3800,3,0.002318
2,125,4000,1,0.002305
2,125,4000,2,0.002403
2,125,4000,3,0.002244
2,125,4200,1,0.002319
2,125,4200,2,0.002348
2,125,4200,3,0.002303
2,125,4400,1,0.002284
2,125,4400,2,0.002261
2,125,4400,3,0.002333
2,125,4600,1,0.002210
2,125,4600,2,0.002233
2,125,4600,3,0.002285
2,125,4800,1,0.002366
2,125,4800,2,0.002275
2,125,4800,3,0.002388
2,125,5000,1,0.002399
2,125,5000,2,0.002382
2,125,5000,3,0.002324
2,127,1000,1,0.002217
2,127,1000,2,0.002243
2,127,1000,3,0.002299
2,127,1200,1,0.002282
2,127,1200,2,0.002287
2,127,1200,3,0.002273
2,127,1400,1,0.002340
2,127,1400,2,0.002278
2,127,1400,3,0.002338
2,127,1600,1,0.002330
2,127,1600,2,0.002247
2,127,1600,3,0.002381
2,127,1800,1,0.002241
2,127,1800,2,0.002289
2,127,1800,3,0.002295
2,127,2000,1,0.002209
2,127,2000,2,0.002388
2,127,2000,3,0.002271
2,127,2200,1,0.002336
2,127,2200,2,0.002311
2,127,2200,3,0.002224
2,127,2400,1,0.002318
2,127,2400,2,0.002246
2,127,2400,3,0.002293
2,127,2600,1,0.002304
2,127,2600,2,0.002327
2,127,2600,3,0.002281
2,127,2800,1,0.002351
2,127,2800,2,0.002242
2,127,2800,3,0.002336
2,127,3000,1,0.002315
2,127,3000,2,0.002445
2,127,3000,3,0.002289
2,127,3200,1,0.002300
2,127,3200,2,0.002305
2,127,3200,3,0.002296
2,127,3400,1,0.002231
2,127,3400,2,0.002324
2,127,3400,3,0.002223
2,127,3600,1,0.002248
2,127,3600,2,0.002355
2,127,3600,3,0.002272
2,127,3800,1,0.002286
2,127,3800,2,0.002261
2,127,3800,3,0.002327
2,127,4000,1,0.002303
2,127,4000,2,0.002235
2,127,4000,3,0.002269
2,127,4200,1,0.002299
2,127,4200,2,0.002259
2,127,4200,3,0.002352
2,127,4400,1,0.002383
2,127,4400,2,0.002347
2,127,4400,3,0.002351
2,127,4600,1,0.002416
2,127,4600,2,0.002264
2,127,4600,3,0.002278
2,127,4800,1,0.002280
2,127,4800,2,0.002316
2,127,4800,3,0.002345
2,127,5000,1,0.002403
2,127,5000,2,0.002380
2,127,5000,3,0.002369
2,129,1000,1,0.002376
2,129,1000,2,0.002333
2,129,1000,3,0.002300
2,129,1200,1,0.002334
2,129,1200,2,0.002285
2,129,1200,3,0.002216
2,129,1400,1,0.002309
2,129,1400,2,0.002233
2,129,1400,3,0.002301
2,129,1600,1,0.002207
2,129,1600,2,0.002296
2,129,1600,3,0.002306
2,129,1800,1,0.002262
2,129,1800,2,0.002320
2,129,1800,3,0.002287
2,129,2000,1,0.002338
2,129,2000,2,0.002302
2,129,2000,3,0.002266
2,129,2200,1,0.002295
2,129,2200,2,0.002296
2,129,2200,3,0.002315
2,129,2400,1,0.002296
2,129,2400,2,0.002284
2,129,2400,3,0.002265
2,129,2600,1,0.002269
2,129,2600,2,0.002309
2,129,2600,3,0.002305
2,129,2800,1,0.002319
2,129,2800,2,0.002330
2,129,2800,3,0.002363
2,129,3000,1,0.002300
2,129,3000,2,0.002363
2,129,3000,3,0.002260
2,129,3200,1,0.002265
2,129,3200,2,0.002290
2,129,3200,3,0.002307
2,129,3400,1,0.002314
2,129,3400,2,0.002350
2,129,3400,3,0.002440
2,129,3600,1,0.002352
2,129,3600,2,0.002292
2,129,3600,3,0.002254
2,129,3800,1,0.002304
2,129,3800,2,0.002398
2,129,3800,3,0.002251
2,129,4000,1,0.002344
2,129,4000,2,0.002310
2,129,4000,3,0.002420
2,129,4200,1,0.002298
2,129,4200,2,0.002311
2,129,4200,3,0.002252
2,129,4400,1,0.002286
2,129,4400,2,0.002384
2,129,4400,3,0.002334
2,129,4600,1,0.002295
2,129,4600,2,0.002291
2,129,4600,3,0.002338
2,129,4800,1,0.002325
2,129,4800,2,0.002291
2,129,4800,3,0.002328
2,129,5000,1,0.002357
2,129,5000,2,0.002371
2,129,5000,3,0.002257
2,131,1000,1,0.002294
2,131,1000,2,0.002267
2,131,1000,3,0.002381
2,131,1200,1,0.002317
2,131,1200,2,0.002343
2,131,1200,3,0.002389
2,131,1400,1,0.002225
2,131,1400,2,0.002380
2,131,1400,3,0.002293
2,131,1600,1,0.002256
2,131,1600,2,0.002240
2,131,1600,3,0.002265
2,131,1800,1,0.002291
2,131,1800,2,0.002266
2,131,1800,3,0.002330
2,131,2000,1,0.002233
2,131,2000,2,0.002281
2,131,2000,3,0.002250
2,131,2200,1,0.002277
2,131,2200,2,0.002305
2,131,2200,3,0.002272
2,131,2400,1,0.002432
2,131,2400,2,0.002318
2,131,2400,3,0.002296
2,131,2600,1,0.002357
2,131,2600,2,0.002272
2,131,2600,3,0.002314
2,131,2800,1,0.002296
2,131,2800,2,0.002309
2,131,2800,3,0.002394
2,131,3000,1,0.002328
2,131,3000,2,0.002464
2,131,3000,3,0.002405
2,131,3200,1,0.002272
2,131,3200,2,0.002289
2,131,3200,3,0.002299
2,131,3400,1,0.002300
2,131,3400,2,0.002221
2,131,3400,3,0.002215
2,131,3600,1,0.002345
2,131,3600,2,0.002223
2,131,3600,3,0.002284
2,131,3800,1,0.002339
2,131,3800,2,0.002383
2,131,3800,3,0.002330
2,131,4000,1,0.002319
2,131,4000,2,0.002274
2,131,4000,3,0.002329
2,131,4200,1,0.002331
2,131,4200,2,0.002247
2,131,4200,3,0.002287
2,131,4400,1,0.002291
2,131,4400,2,0.002277
2,131,4400,3,0.002354
2,131,4600,1,0.002363
2,131,4600,2,0.002366
2,131,4600,3,0.002407
2,131,4800,1,0.002324
2,131,4800,2,0.002353
2,131,4800,3,0.002356
2,131,5000,1,0.002223
2,131,5000,2,0.002386
2,131,5000,3,0.002374
2,133,1000,1,0.002326
2,133,1000,2,0.002301
2,133,1000,3,0.002266
2,133,1200,1,0.002315
2,133,1200,2,0.002281
2,133,1200,3,0.002331
2,133,1400,1,0.002281
2,133,1400,2,0.002281
2,133,1400,3,0.002286
2,133,1600,1,0.002321
2,133,1600,2,0.002275
2,133,1600,3,0.002247
2,133,1800,1,0.002334
2,133,1800,2,0.002382
2,133,1800,3,0.002299
2,133,2000,1,0.002407
2,133,2000,2,0.002263
2,133,2000,3,0.002325
2,133,2200,1,0.002310
2,133,2200,2,0.002307
2,133,2200,3,0.002276
2,133,2400,1,0.002334
2,133,2400,2,0.002389
2,133,2400,3,0.002324
2,133,2600,1,0.002273
2,133,2600,2,0.002363
2,133,2600,3,0.002387
2,133,2800,1,0.002286
2,133,2800,2,0.002393
2,133,2800,3,0.002309
2,133,3000,1,0.002299
2,133,3000,2,0.002338
2,133,3000,3,0.002345
2,133,3200,1,0.002344
2,133,3200,2,0.002321
2,133,3200,3,0.002269
2,133,3400,1,0.002375
2,133,3400,2,0.002337
2,133,3400,3,0.002397
2,133,3600,1,0.002399
2,133,3600,2,0.002281
2,133,3600,3,0.002332
2,133,3800,1,0.002256
2,133,3800,2,0.002340
2,133,3800,3,0.002243
2,133,4000,1,0.002358
2,133,4000,2,0.002325
2,133,4000,3,0.002294
2,133,4200,1,0.002276
2,133,4200,2,0.002318
2,133,4200,3,0.002403
2,133,4400,1,0.002301
2,133,4400,2,0.002474
2,133,4400,3,0.002294
2,133,4600,1,0.002394
2,133,4600,2,0.002340
2,133,4600,3,0.002347
2,133,4800,1,0.002368
2,133,4800,2,0.002363
2,133,4800,3,0.002401
2,133,5000,1,0.002316
2,133,5000,2,0.002427
2,133,5000,3,0.002378
2,135,1000,1,0.002303
2,135,1000,2,0.002370
2,135,1000,3,0.002304
2,135,1200,1,0.002449
2,135,1200,2,0.002297
2,135,1200,3,0.002322
2,135,1400,1,0.002318
2,135,1400,2,0.002358
2,135,1400,3,0.002387
2,135,1600,1,0.002343
2,135,1600,2,0.002355
2,135,1600,3,0.002368
2,135,1800,1,0.002394
2,135,1800,2,0.002376
2,135,1800,3,0.002389
2,135,2000,1,0.002377
2,135,2000,2,0.002352
2,135,2000,3,0.002331
2,135,2200,1,0.002328
2,135,2200,2,0.002341
2,135,2200,3,0.002321
2,135,2400,1,0.002337
2,135,2400,2,0.002392
2,135,2400,3,0.002386
2,135,2600,1,0.002344
2,135,2600,2,0.002397
2,135,2600,3,0.002327
2,135,2800,1,0.002356
2,135,2800,2,0.002294
2,135,2800,3,0.002358
2,135,3000,1,0.002403
2,135,3000,2,0.002414
2,135,3000,3,0.002371
2,135,3200,1,0.002411
2,135,3200,2,0.002395
2,135,3200,3,0.002367
2,135,3400,1,0.002328
2,135,3400,2,0.002287
2,135,3400,3,0.002303
2,135,3600,1,0.002374
2,135,3600,2,0.002358
2,135,3600,3,0.002301
2,135,3800,1,0.002342
2,135,3800,2,0.002330
2,135,3800,3,0.002392
2,135,4000,1,0.002375
2,135,4000,2,0.002281
2,135,4000,3,0.002250
2,135,4200,1,0.002361
2,135,4200,2,0.002456
2,135,4200,3,0.002329
2,135,4400,1,0.002305
2,135,4400,2,0.002275
2,135,4400,3,0.002460
2,135,4600,1,0.002351
2,135,4600,2,0.002454
2,135,4600,3,0.002383
2,135,4800,1,0.002490
2,135,4800,2,0.002296
2,135,4800,3,0.002349
2,135,5000,1,0.002451
2,135,5000,2,0.002452
2,135,5000,3,0.002389
2,137,1000,1,0.002329
2,137,1000,2,0.002324
2,137,1000,3,0.002365
2,137,1200,1,0.002326
2,137,1200,2,0.002303
2,137,1200,3,0.002336
2,137,1400,1,0.002308
2,137,1400,2,0.002333
2,137,1400,3,0.002387
2,137,1600,1,0.002414
2,137,1600,2,0.002274
2,137,1600,3,0.002383
2,137,1800,1,0.002329
2,137,1800,2,0.002278
2,137,1800,3,0.002438
2,137,2000,1,0.002406
2,137,2000,2,0.002347
2,137,2000,3,0.002364
2,137,2200,1,0.002369
2,137,2200,2,0.002413
2,137,2200,3,0.002345
2,137,2400,1,0.002421
2,137,2400,2,0.002405
2,137,2400,3,0.002332
2,137,2600,1,0.002382
2,137,2600,2,0.002279
2,137,2600,3,0.002361
2,137,2800,1,0.002359
2,137,2800,2,0.002427
2,137,2800,3,0.002345
2,137,3000,1,0.002410
2,137,3000,2,0.002327
2,137,3000,3,0.002307
2,137,3200,1,0.002409
2,137,3200,2,0.002470
2,137,3200,3,0.002315
2,137,3400,1,0.002400
2,137,3400,2,0.002329
2,137,3400,3,0.002336
2,137,3600,1,0.002348
2,137,3600,2,0.002349
2,137,3600,3,0.002343
2,137,3800,1,0.002388
2,137,3800,2,0.002330
2,137,3800,3,0.002367
2,137,4000,1,0.002339
2,137,4000,2,0.002347
2,137,4000,3,0.002303
2,137,4200,1,0.002405
2,137,4200,2,0.002421
2,137,4200,3,0.002431
2,137,4400,1,0.002338
2,137,4400,2,0.002386
2,137,4400,3,0.002350
2,137,4600,1,0.002394
2,137,4600,2,0.002292
2,137,4600,3,0.002461
2,137,4800,1,0.002372
2,137,4800,2,0.002417
2,137,4800,3,0.002388
2,137,5000,1,0.002365
2,137,5000,2,0.002382
2,137,5000,3,0.002391
2,139,1000,1,0.002351
2,139,1000,2,0.002290
2,139,1000,3,0.002321
2,139,1200,1,0.002409
2,139,1200,2,0.002420
2,139,1200,3,0.002411
2,139,1400,1,0.002324
2,139,1400,2,0.002388
2,139,1400,3,0.002334
2,139,1600,1,0.002379
2,139,1600,2,0.002300
2,139,1600,3,0.002305
2,139,1800,1,0.002394
2,139,1800,2,0.002318
2,139,1800,3,0.002380
2,139,2000,1,0.002374
2,139,2000,2,0.002261
2,139,2000,3,0.002336
2,139,2200,1,0.002401
2,139,2200,2,0.002357
2,139,2200,3,0.002430
2,139,2400,1,0.002385
2,139,2400,2,0.002349
2,139,2400,3,0.002343
2,139,2600,1,0.002320
2,139,2600,2,0.002462
2,139,2600,3,0.002339
2,139,2800,1,0.002449
2,139,2800,2,0.002403
2,139,2800,3,0.002370
2,139,3000,1,0.002315
2,139,3000,2,0.002397
2,139,3000,3,0.002400
2,139,3200,1,0.002394
2,139,3200,2,0.002363
2,139,3200,3,0.002411
2,139,3400,1,0.002257
2,139,3400,2,0.002465
2,139,3400,3,0.002303
2,139,3600,1,0.002414
2,139,3600,2,0.002388
2,139,3600,3,0.002415
2,139,3800,1,0.002301
2,139,3800,2,0.002344
2,139,3800,3,0.002445
2,139,4000,1,0.002401
2,139,4000,2,0.002386
2,139,4000,3,0.002480
2,139,4200,1,0.002332
2,139,4200,2,0.002390
2,139,4200,3,0.002292
2,139,4400,1,0.002379
2,139,4400,2,0.002293
2,139,4400,3,0.002509
2,139,4600,1,0.002408
2,139,4600,2,0.002360
2,139,4600,3,0.002370
2,139,4800,1,0.002398
2,139,4800,2,0.002417
2,139,4800,3,0.002412
2,139,5000,1,0.002868
2,139,5000,2,0.002401
2,139,5000,3,0.002356
2,141,1000,1,0.002194
2,141,1000,2,0.002375
2,141,1000,3,0.002376
2,141,1200,1,0.002394
2,141,1200,2,0.002363
2,141,1200,3,0.002311
2,141,1400,1,0.002314
2,141,1400,2,0.002312
2,141,1400,3,0.002322
2,141,1600,1,0.002399
2,141,1600,2,0.002272
2,141,1600,3,0.002409
2,141,1800,1,0.002256
2,141,1800,2,0.002330
2,141,1800,3,0.002369
2,141,2000,1,0.002376
2,141,2000,2,0.002434
2,141,2000,3,0.002354
2,141,2200,1,0.002332
2,141,2200,2,0.002277
2,141,2200,3,0.002338
2,141,2400,1,0.002402
2,141,2400,2,0.002288
2,141,2400,3,0.002400
2,141,2600,1,0.002321
2,141,2600,2,0.002430
2,141,2600,3,0.002449
2,141,2800,1,0.002371
2,141,2800,2,0.002455
2,141,2800,3,0.002365
2,141,3000,1,0.002356
2,141,3000,2,0.002330
2,141,3000,3,0.002427
2,141,3200,1,0.002517
2,141,3200,2,0.002322
2,141,3200,3,0.002344
2,141,3400,1,0.002488
2,141,3400,2,0.002334
2,141,3400,3,0.002301
2,141,3600,1,0.002419
2,141,3600,2,0.002356
2,141,3600,3,0.002363
2,141,3800,1,0.002332
2,141,3800,2,0.002377
2,141,3800,3,0.002384
2,141,4000,1,0.002369
2,141,4000,2,0.002357
2,141,4000,3,0.002409
2,141,4200,1,0.002368
2,141,4200,2,0.002433
2,141,4200,3,0.002390
2,141,4400,1,0.002388
2,141,4400,2,0.002425
2,141,4400,3,0.002414
2,141,4600,1,0.002346
2,141,4600,2,0.002366
2,141,4600,3,0.002349
2,141,4800,1,0.002442
2,141,4800,2,0.002421
2,141,4800,3,0.002423
2,141,5000,1,0.002428
2,141,5000,2,0.002323
2,141,5000,3,0.002499
2,143,1000,1,0.002329
2,143,1000,2,0.002395
2,143,1000,3,0.002362
2,143,1200,1,0.002305
2,143,1200,2,0.002404
2,143,1200,3,0.002343
2,143,1400,1,0.002375
2,143,1400,2,0.002308
2,143,1400,3,0.002381
2,143,1600,1,0.002287
2,143,1600,2,0.002327
2,143,1600,3,0.002332
2,143,1800,1,0.002339
2,143,1800,2,0.002429
2,143,1800,3,0.002422
2,143,2000,1,0.002457
2,143,2000,2,0.002272
2,143,2000,3,0.002382
2,143,2200,1,0.002307
2,143,2200,2,0.002386
2,143,2200,3,0.002427
2,143,2400,1,0.002331
2,143,2400,2,0.002406
2,143,2400,3,0.002282
2,143,2600,1,0.002337
2,143,2600,2,0.002424
2,143,2600,3,0.002431
2,143,2800,1,0.002331
2,143,2800,2,0.002414
2,143,2800,3,0.002372
2,143,3000,1,0.002363
2,143,3000,2,0.002481
2,143,3000,3,0.002315
2,143,3200,1,0.002409
2,143,3200,2,0.002367
2,143,3200,3,0.002440
2,143,3400,1,0.002410
2,143,3400,2,0.002312
2,143,3400,3,0.002381
2,143,3600,1,0.002356
2,143,3600,2,0.002416
2,143,3600,3,0.002324
2,143,3800,1,0.002424
2,143,3800,2,0.002338
2,143,3800,3,0.002264
2,143,4000,1,0.002392
2,143,4000,2,0.002371
2,143,4000,3,0.002468
2,143,4200,1,0.002397
2,143,4200,2,0.002428
2,143,4200,3,0.002372
2,143,4400,1,0.002508
2,143,4400,2,0.002402
2,143,4400,3,0.002344
2,143,4600,1,0.002349
2,143,4600,2,0.002508
2,143,4600,3,0.002416
2,143,4800,1,0.002424
2,143,4800,2,0.002342
2,143,4800,3,0.002389
2,143,5000,1,0.002407
2,143,5000,2,0.002432
2,143,5000,3,0.002490
2,145,1000,1,0.002379
2,145,1000,2,0.002379
2,145,1000,3,0.002347
2,145,1200,1,0.002338
2,145,1200,2,0.002341
2,145,1200,3,0.002370
2,145,1400,1,0.002343
2,145,1400,2,0.002372
2,145,1400,3,0.002365
2,145,1600,1,0.002370
2,145,1600,2,0.002301
2,145,1600,3,0.002413
2,145,1800,1,0.002368
2,145,1800,2,0.002435
2,145,1800,3,0.002348
2,145,2000,1,0.002421
2,145,2000,2,0.002366
2,145,2000,3,0.002409
2,145,2200,1,0.002287
2,145,2200,2,0.002441
2,145,2200,3,0.002360
2,145,2400,1,0.002349
2,145,2400,2,0.002308
2,145,2400,3,0.002393
2,145,2600,1,0.002279
2,145,2600,2,0.002404
2,145,2600,3,0.002325
2,145,2800,1,0.002266
2,145,2800,2,0.002347
2,145,2800,3,0.002412
2,145,3000,1,0.002331
2,145,3000,2,0.002395
2,145,3000,3,0.002385
2,145,3200,1,0.002425
2,145,3200,2,0.002411
2,145,3200,3,0.002321
2,145,3400,1,0.002433
2,145,3400,2,0.002346
2,145,3400,3,0.002396
2,145,3600,1,0.002454
2,145,3600,2,0.002460
2,145,3600,3,0.002386
2,145,3800,1,0.002356
2,145,3800,2,0.002319
2,145,3800,3,0.002401
2,145,4000,1,0.002310
2,145,4000,2,0.002430
2,145,4000,3,0.002375
2,145,4200,1,0.002440
2,145,4200,2,0.002365
2,145,4200,3,0.002408
2,145,4400,1,0.002408
2,145,4400,2,0.002453
2,145,4400,3,0.002445
2,145,4600,1,0.002384
2,145,4600,2,0.002422
2,145,4600,3,0.002333
2,145,4800,1,0.002345
2,145,4800,2,0.002402
2,145,4800,3,0.002409
2,145,5000,1,0.002551
2,145,5000,2,0.002338
2,145,5000,3,0.002382
2,147,1000,1,0.002340
2,147,1000,2,0.002347
2,147,1000,3,0.002363
2,147,1200,1,0.002279
2,147,1200,2,0.002415
2,147,1200,3,0.002391
2,147,1400,1,0.002372
2,147,1400,2,0.002340
2,147,1400,3,0.002301
2,147,1600,1,0.002413
2,147,1600,2,0.002345
2,147,1600,3,0.002316
2,147,1800,1,0.002306
2,147,1800,2,0.002345
2,147,1800,3,0.002302
2,147,2000,1,0.002330
2,147,2000,2,0.002371
2,147,2000,3,0.002385
2,147,2200,1,0.002320
2,147,2200,2,0.002434
2,147,2200,3,0.002312
2,147,2400,1,0.002363
2,147,2400,2,0.002357
2,147,2400,3,0.002383
2,147,2600,1,0.002374
2,147,2600,2,0.002382
2,147,2600,3,0.002391
2,147,2800,1,0.002485
2,147,2800,2,0.002346
2,147,2800,3,0.002384
2,147,3000,1,0.002400
2,147,3000,2,0.002418
2,147,3000,3,0.002413
2,147,3200,1,0.002419
2,147,3200,2,0.002441
2,147,3200,3,0.002352
2,147,3400,1,0.002361
2,147,3400,2,0.002380
2,147,3400,3,0.002375
2,147,3600,1,0.002296
2,147,3600,2,0.002369
2,147,3600,3,0.002394
2,147,3800,1,0.002402
2,147,3800,2,0.002421
2,147,3800,3,0.002368
2,147,4000,1,0.002542
2,147,4000,2,0.002445
2,147,4000,3,0.002418
2,147,4200,1,0.002297
2,147,4200,2,0.002418
2,147,4200,3,0.002363
2,147,4400,1,0.002435
2,147,4400,2,0.002298
2,147,4400,3,0.002341
2,147,4600,1,0.002404
2,147,4600,2,0.002412
2,147,4600,3,0.002406
2,147,4800,1,0.002361
2,147,4800,2,0.002506
2,147,4800,3,0.002375
2,147,5000,1,0.002535
2,147,5000,2,0.002405
2,147,5000,3,0.002471
2,149,1000,1,0.002456
2,149,1000,2,0.002377
2,149,1000,3,0.002368
2,149,1200,1,0.002451
2,149,1200,2,0.002328
2,149,1200,3,0.002387
2,149,1400,1,0.002365
2,149,1400,2,0.002400
2,149,1400,3,0.002353
2,149,1600,1,0.002312
2,149,1600,2,0.002457
2,149,1600,3,0.002384
2,149,1800,1,0.002407
2,149,1800,2,0.002333
2,149,1800,3,0.002476
2,149,2000,1,0.002356
2,149,2000,2,0.002387
2,149,2000,3,0.002484
2,149,2200,1,0.002371
2,149,2200,2,0.002435
2,149,2200,3,0.002427
2,149,2400,1,0.002314
2,149,2400,2,0.002369
2,149,2400,3,0.002291
2,149,2600,1,0.002365
2,149,2600,2,0.002362
2,149,2600,3,0.002390
2,149,2800,1,0.002415
2,149,2800,2,0.002482
2,149,2800,3,0.002309
2,149,3000,1,0.002370
2,149,3000,2,0.002383
2,149,3000,3,0.002373
2,149,3200,1,0.002406
2,149,3200,2,0.002417
2,149,3200,3,0.002291
2,149,3400,1,0.002344
2,149,3400,2,0.002395
2,149,3400,3,0.002385
2,149,3600,1,0.002392
2,149,3600,2,0.002345
2,149,3600,3,0.002451
2,149,3800,1,0.002350
2,149,3800,2,0.002437
2,149,3800,3,0.002344
2,149,4000,1,0.002302
2,149,4000,2,0.002302
2,149,4000,3,0.002382
2,149,4200,1,0.002484
2,149,4200,2,0.002340
2,149,4200,3,0.002385
2,149,4400,1,0.002407
2,149,4400,2,0.002425
2,149,4400,3,0.002430
2,149,4600,1,0.002323
2,149,4600,2,0.002433
2,149,4600,3,0.002322
2,149,4800,1,0.002403
2,149,4800,2,0.002411
2,149,4800,3,0.002348
2,149,5000,1,0.002390
2,149,5000,2,0.002354
2,149,5000,3,0.002484
2,151,1000,1,0.002386
2,151,1000,2,0.002343
2,151,1000,3,0.002379
2,151,1200,1,0.002362
2,151,1200,2,0.002355
2,151,1200,3,0.002425
2,151,1400,1,0.002330
2,151,1400,2,0.002340
2,151,1400,3,0.002383
2,151,1600,1,0.002447
2,151,1600,2,0.002382
2,151,1600,3,0.002539
2,151,1800,1,0.002413
2,151,1800,2,0.002344
2,151,1800,3,0.002286
2,151,2000,1,0.002448
2,151,2000,2,0.002390
2,151,2000,3,0.002288
2,151,2200,1,0.002477
2,151,2200,2,0.002414
2,151,2200,3,0.002364
2,151,2400,1,0.002356
2,151,2400,2,0.002373
2,151,2400,3,0.002345
2,151,2600,1,0.002280
2,151,2600,2,0.002373
2,151,2600,3,0.002409
2,151,2800,1,0.002288
2,151,2800,2,0.002391
2,151,2800,3,0.002355
2,151,3000,1,0.002326
2,151,3000,2,0.002428
2,151,3000,3,0.002351
2,151,3200,1,0.002512
2,151,3200,2,0.002350
2,151,3200,3,0.002430
2,151,3400,1,0.002414
2,151,3400,2,0.002341
2,151,3400,3,0.002355
2,151,3600,1,0.002425
2,151,3600,2,0.002401
2,151,3600,3,0.002353
2,151,3800,1,0.002287
2,151,3800,2,0.002419
2,151,3800,3,0.002426
2,151,4000,1,0.002505
2,151,4000,2,0.002334
2,151,4000,3,0.002537
2,151,4200,1,0.002360
2,151,4200,2,0.002474
2,151,4200,3,0.002352
2,151,4400,1,0.002369
2,151,4400,2,0.002367
2,151,4400,3,0.002460
2,151,4600,1,0.002366
2,151,4600,2,0.002444
2,151,4600,3,0.002412
2,151,4800,1,0.002384
2,151,4800,2,0.002369
2,151,4800,3,0.002478
2,151,5000,1,0.002432
2,151,5000,2,0.002374
2,151,5000,3,0.002540
2,153,1000,1,0.002419
2,153,1000,2,0.002444
2,153,1000,3,0.002393
2,153,1200,1,0.002312
2,153,1200,2,0.002330
2,153,1200,3,0.002345
2,153,1400,1,0.002387
2,153,1400,2,0.002348
2,153,1400,3,0.002339
2,153,1600,1,0.002304
2,153,1600,2,0.002352
2,153,1600,3,0.002291
2,153,1800,1,0.002394
2,153,1800,2,0.002330
2,153,1800,3,0.002418
2,153,2000,1,0.002426
2,153,2000,2,0.002432
2,153,2000,3,0.002334
2,153,2200,1,0.002334
2,153,2200,2,0.002330
2,153,2200,3,0.002496
2,153,2400,1,0.002424
2,153,2400,2,0.002406
2,153,2400,3,0.002370
2,153,2600,1,0.002341
2,153,2600,2,0.002300
2,153,2600,3,0.002401
2,153,2800,1,0.002396
2,153,2800,2,0.002427
2,153,2800,3,0.002417
2,153,3000,1,0.002321
2,153,3000,2,0.002336
2,153,3000,3,0.002418
2,153,3200,1,0.002392
2,153,3200,2,0.002446
2,153,3200,3,0.002457
2,153,3400,1,0.002300
2,153,3400,2,0.002433
2,153,3400,3,0.002312
2,153,3600,1,0.002403
2,153,3600,2,0.002424
2,153,3600,3,0.002479
2,153,3800,1,0.002342
2,153,3800,2,0.002473
2,153,3800,3,0.002431
2,153,4000,1,0.002401
2,153,4000,2,0.002439
2,153,4000,3,0.002308
2,153,4200,1,0.002359
2,153,4200,2,0.002408
2,153,4200,3,0.002366
2,153,4400,1,0.002425
2,153,4400,2,0.002335
2,153,4400,3,0.002373
2,153,4600,1,0.002453
2,153,4600,2,0.002424
2,153,4600,3,0.002474
2,153,4800,1,0.002365
2,153,4800,2,0.002342
2,153,4800,3,0.002425
2,153,5000,1,0.002386
2,153,5000,2,0.002560
2,153,5000,3,0.002458
2,155,1000,1,0.002374
2,155,1000,2,0.002396
2,155,1000,3,0.002364
2,155,1200,1,0.002415
2,155,1200,2,0.002385
2,155,1200,3,0.002385
2,155,1400,1,0.002385
2,155,1400,2,0.002333
2,155,1400,3,0.002391
2,155,1600,1,0.002332
2,155,1600,2,0.002342
2,155,1600,3,0.002343
2,155,1800,1,0.002418
2,155,1800,2,0.002384
2,155,1800,3,0.002421
2,155,2000,1,0.002378
2,155,2000,2,0.002375
2,155,2000,3,0.002362
2,155,2200,1,0.002375
2,155,2200,2,0.002425
2,155,2200,3,0.002429
2,155,2400,1,0.002366
2,155,2400,2,0.002321
2,155,2400,3,0.002434
2,155,2600,1,0.002390
2,155,2600,2,0.002422
2,155,2600,3,0.002420
2,155,2800,1,0.002409
2,155,2800,2,0.002281
2,155,2800,3,0.002321
2,155,3000,1,0.002422
2,155,3000,2,0.002433
2,155,3000,3,0.002360
2,155,3200,1,0.002376
2,155,3200,2,0.002339
2,155,3200,3,0.002359
2,155,3400,1,0.002465
2,155,3400,2,0.002361
2,155,3400,3,0.002351
2,155,3600,1,0.002373
2,155,3600,2,0.002434
2,155,3600,3,0.002300
2,155,3800,1,0.002386
2,155,3800,2,0.002409
2,155,3800,3,0.002475
2,155,4000,1,0.002382
2,155,4000,2,0.002280
2,155,4000,3,0.002347
2,155,4200,1,0.002356
2,155,4200,2,0.002468
2,155,4200,3,0.002398
2,155,4400,1,0.002314
2,155,4400,2,0.002436
2,155,4400,3,0.002318
2,155,4600,1,0.002397
2,155,4600,2,0.002533
2,155,4600,3,0.002389
2,155,4800,1,0.002401
2,155,4800,2,0.002346
2,155,4800,3,0.002429
2,155,5000,1,0.002385
2,155,5000,2,0.002490
2,155,5000,3,0.002429
2,157,1000,1,0.002395
2,157,1000,2,0.002324
2,157,1000,3,0.002399
2,157,1200,1,0.002391
2,157,1200,2,0.002360
2,157,1200,3,0.002341
2,157,1400,1,0.002280
2,157,1400,2,0.002352
2,157,1400,3,0.002414
2,157,1600,1,0.002406
2,157,1600,2,0.002319
2,157,1600,3,0.002329
2,157,1800,1,0.002292
2,157,1800,2,0.002399
2,157,1800,3,0.002432
2,157,2000,1,0.002327
2,157,2000,2,0.002536
2,157,2000,3,0.002321
2,157,2200,1,0.002402
2,157,2200,2,0.002324
2,157,2200,3,0.002393
2,157,2400,1,0.002256
2,157,2400,2,0.002332
2,157,2400,3,0.002330
2,157,2600,1,0.002376
2,157,2600,2,0.002384
2,157,2600,3,0.002401
2,157,2800,1,0.002335
2,157,2800,2,0.002369
2,157,2800,3,0.002374
2,157,3000,1,0.002387
2,157,3000,2,0.002297
2,157,3000,3,0.002316
2,157,3200,1,0.002317
2,157,3200,2,0.002472
2,157,3200,3,0.002470
2,157,3400,1,0.002357
2,157,3400,2,0.002279
2,157,3400,3,0.002385
2,157,3600,1,0.002445
2,157,3600,2,0.002498
2,157,3600,3,0.002406
2,157,3800,1,0.002359
2,157,3800,2,0.002418
2,157,3800,3,0.002416
2,157,4000,1,0.002375
2,157,4000,2,0.002385
2,157,4000,3,0.002438
2,157,4200,1,0.002469
2,157,4200,2,0.002381
2,157,4200,3,0.002430
2,157,4400,1,0.002414
2,157,4400,2,0.002439
2,157,4400,3,0.002431
2,157,4600,1,0.002366
2,157,4600,2,0.002483
2,157,4600,3,0.002442
2,157,4800,1,0.002489
2,157,4800,2,0.002372
2,157,4800,3,0.002402
2,157,5000,1,0.002439
2,157,5000,2,0.002397
2,157,5000,3,0.002558
2,159,1000,1,0.002460
2,159,1000,2,0.002358
2,159,1000,3,0.002389
2,159,1200,1,0.002363
2,159,1200,2,0.002460
2,159,1200,3,0.002325
2,159,1400,1,0.002306
2,159,1400,2,0.002406
2,159,1400,3,0.002304
2,159,1600,1,0.002408
2,159,1600,2,0.002445
2,159,1600,3,0.002384
2,159,1800,1,0.002354
2,159,1800,2,0.002389
2,159,1800,3,0.002469
2,159,2000,1,0.002432
2,159,2000,2,0.002398
2,159,2000,3,0.002454
2,159,2200,1,0.002486
2,159,2200,2,0.002369
2,159,2200,3,0.002238
2,159,2400,1,0.002345
2,159,2400,2,0.002414
2,159,2400,3,0.002388
2,159,2600,1,0.002458
2,159,2600,2,0.002341
2,159,2600,3,0.002406
2,159,2800,1,0.002377
2,159,2800,2,0.002385
2,159,2800,3,0.002372
2,159,3000,1,0.002338
2,159,3000,2,0.002459
2,159,3000,3,0.002329
2,159,3200,1,0.002401
2,159,3200,2,0.002372
2,159,3200,3,0.002284
2,159,3400,1,0.002522
2,159,3400,2,0.002427
2,159,3400,3,0.002475
2,159,3600,1,0.002250
2,159,3600,2,0.002404
2,159,3600,3,0.002376
2,159,3800,1,0.002348
2,159,3800,2,0.002418
2,159,3800,3,0.002454
2,159,4000,1,0.002480
2,159,4000,2,0.002482
2,159,4000,3,0.002406
2,159,4200,1,0.002411
2,159,4200,2,0.002433
2,159,4200,3,0.002421
2,159,4400,1,0.002351
2,159,4400,2,0.002444
2,159,4400,3,0.002492
2,159,4600,1,0.002408
2,159,4600,2,0.002336
2,159,4600,3,0.002552
2,159,4800,1,0.002336
2,159,4800,2,0.002495
2,159,4800,3,0.002373
2,159,5000,1,0.002460
2,159,5000,2,0.002457
2,159,5000,3,0.002536
2,161,1000,1,0.002385
2,161,1000,2,0.002367
2,161,1000,3,0.002388
2,161,1200,1,0.002349
2,161,1200,2,0.002388
2,161,1200,3,0.002385
2,161,1400,1,0.002387
2,161,1400,2,0.002314
2,161,1400,3,0.002422
2,161,1600,1,0.002451
2,161,1600,2,0.002422
2,161,1600,3,0.002424
2,161,1800,1,0.002341
2,161,1800,2,0.002456
2,161,1800,3,0.002488
2,161,2000,1,0.002424
2,161,2000,2,0.002316
2,161,2000,3,0.002422
2,161,2200,1,0.002381
2,161,2200,2,0.002380
2,161,2200,3,0.002399
2,161,2400,1,0.002427
2,161,2400,2,0.002398
2,161,2400,3,0.002364
2,161,2600,1,0.002365
2,161,2600,2,0.002329
2,161,2600,3,0.002241
2,161,2800,1,0.002390
2,161,2800,2,0.002436
2,161,2800,3,0.002405
2,161,3000,1,0.002435
2,161,3000,2,0.002529
2,161,3000,3,0.002451
2,161,3200,1,0.002447
2,161,3200,2,0.002450
2,161,3200,3,0.002467
2,161,3400,1,0.002366
2,161,3400,2,0.002493
2,161,3400,3,0.002489
2,161,3600,1,0.002463
2,161,3600,2,0.002406
2,161,3600,3,0.002316
2,161,3800,1,0.002373
2,161,3800,2,0.002422
2,161,3800,3,0.002382
2,161,4000,1,0.002489
2,161,4000,2,0.002449
2,161,4000,3,0.002497
2,161,4200,1,0.002344
2,161,4200,2,0.002396
2,161,4200,3,0.002422
2,161,4400,1,0.002429
2,161,4400,2,0.002448
2,161,4400,3,0.002353
2,161,4600,1,0.002371
2,161,4600,2,0.002428
2,161,4600,3,0.002430
2,161,4800,1,0.002358
2,161,4800,2,0.002405
2,161,4800,3,0.002470
2,161,5000,1,0.002431
2,161,5000,2,0.002485
2,161,5000,3,0.002464
2,163,1000,1,0.002507
2,163,1000,2,0.002398
2,163,1000,3,0.002412
2,163,1200,1,0.002370
2,163,1200,2,0.002337
2,163,1200,3,0.002409
2,163,1400,1,0.002376
2,163,1400,2,0.002448
2,163,1400,3,0.002384
2,163,1600,1,0.002442
2,163,1600,2,0.002456
2,163,1600,3,0.002348
2,163,1800,1,0.002328
2,163,1800,2,0.002443
2,163,1800,3,0.002354
2,163,2000,1,0.002522
2,163,2000,2,0.002400
2,163,2000,3,0.002376
2,163,2200,1,0.002343
2,163,2200,2,0.002446
2,163,2200,3,0.002411
2,163,2400,1,0.002463
2,163,2400,2,0.002365
2,163,2400,3,0.002373
2,163,2600,1,0.002404
2,163,2600,2,0.002451
2,163,2600,3,0.002370
2,163,2800,1,0.002314
2,163,2800,2,0.002348
2,163,2800,3,0.002423
2,163,3000,1,0.002493
2,163,3000,2,0.002493
2,163,3000,3,0.002412
2,163,3200,1,0.002438
2,163,3200,2,0.002396
2,163,3200,3,0.002424
2,163,3400,1,0.002488
2,163,3400,2,0.002343
2,163,3400,3,0.002483
2,163,3600,1,0.002474
2,163,3600,2,0.002388
2,163,3600,3,0.002457
2,163,3800,1,0.002518
2,163,3800,2,0.002440
2,163,3800,3,0.002486
2,163,4000,1,0.002457
2,163,4000,2,0.002408
2,163,4000,3,0.002363
2,163,4200,1,0.002415
2,163,4200,2,0.002476
2,163,4200,3,0.002527
2,163,4400,1,0.002408
2,163,4400,2,0.002501
2,163,4400,3,0.002540
2,163,4600,1,0.002388
2,163,4600,2,0.002385
2,163,4600,3,0.002348
2,163,4800,1,0.002388
2,163,4800,2,0.002478
2,163,4800,3,0.002377
2,163,5000,1,0.002426
2,163,5000,2,0.002416
2,163,5000,3,0.002389
2,165,1000,1,0.002288
2,165,1000,2,0.002362
2,165,1000,3,0.002394
2,165,1200,1,0.002455
2,165,1200,2,0.002383
2,165,1200,3,0.002413
2,165,1400,1,0.002342
2,165,1400,2,0.002364
2,165,1400,3,0.002347
2,165,1600,1,0.002327
2,165,1600,2,0.002439
2,165,1600,3,0.002443
2,165,1800,1,0.002320
2,165,1800,2,0.002444
2,165,1800,3,0.002436
2,165,2000,1,0.002443
2,165,2000,2,0.002480
2,165,2000,3,0.002393
2,165,2200,1,0.002345
2,165,2200,2,0.002436
2,165,2200,3,0.002401
2,165,2400,1,0.002477
2,165,2400,2,0.002385
2,165,2400,3,0.002367
2,165,2600,1,0.002334
2,165,2600,2,0.002472
2,165,2600,3,0.002338
2,165,2800,1,0.002428
2,165,2800,2,0.002460
2,165,2800,3,0.002379
2,165,3000,1,0.002377
2,165,3000,2,0.002273
2,165,3000,3,0.002389
2,165,3200,1,0.002415
2,165,3200,2,0.002384
2,165,3200,3,0.002405
2,165,3400,1,0.002378
2,165,3400,2,0.002419
2,165,3400,3,0.002453
2,165,3600,1,0.002459
2,165,3600,2,0.002384
2,165,3600,3,0.002422
2,165,3800,1,0.002519
2,165,3800,2,0.002402
2,165,3800,3,0.002397
2,165,4000,1,0.002502
2,165,4000,2,0.002381
2,165,4000,3,0.002402
2,165,4200,1,0.002403
2,165,4200,2,0.002390
2,165,4200,3,0.002414
2,165,4400,1,0.002430
2,165,4400,2,0.002482
2,165,4400,3,0.002445
2,165,4600,1,0.002308
2,165,4600,2,0.002424
2,165,4600,3,0.002468
2,165,4800,1,0.002395
2,165,4800,2,0.002377
2,165,4800,3,0.002422
2,165,5000,1,0.002455
2,165,5000,2,0.002341
2,165,5000,3,0.002422
2,167,1000,1,0.002390
2,167,1000,2,0.002351
2,167,1000,3,0.002365
2,167,1200,1,0.002397
2,167,1200,2,0.002452
2,167,1200,3,0.002395
2,167,1400,1,0.002387
2,167,1400,2,0.002384
2,167,1400,3,0.002384
2,167,1600,1,0.002422
2,167,1600,2,0.002366
2,167,1600,3,0.002373
2,167,1800,1,0.002477
2,167,1800,2,0.002433
2,167,1800,3,0.002463
2,167,2000,1,0.002452
2,167,2000,2,0.002473
2,167,2000,3,0.002482
2,167,2200,1,0.002368
2,167,2200,2,0.002373
2,167,2200,3,0.002465
2,167,2400,1,0.002428
2,167,2400,2,0.002326
2,167,2400,3,0.002474
2,167,2600,1,0.002401
2,167,2600,2,0.002337
2,167,2600,3,0.002450
2,167,2800,1,0.002343
2,167,2800,2,0.002451
2,167,2800,3,0.002363
2,167,3000,1,0.002418
2,167,3000,2,0.002499
2,167,3000,3,0.002417
2,167,3200,1,0.002394
2,167,3200,2,0.002340
2,167,3200,3,0.002370
2,167,3400,1,0.002387
2,167,3400,2,0.002489
2,167,3400,3,0.002443
2,167,3600,1,0.002467
2,167,3600,2,0.002508
2,167,3600,3,0.002362
2,167,3800,1,0.002387
2,167,3800,2,0.002341
2,167,3800,3,0.002341
2,167,4000,1,0.002453
2,167,4000,2,0.002404
2,167,4000,3,0.002397
2,167,4200,1,0.002488
2,167,4200,2,0.002377
2,167,4200,3,0.002399
2,167,4400,1,0.002449
2,167,4400,2,0.002462
2,167,4400,3,0.002392
2,167,4600,1,0.002479
2,167,4600,2,0.002440
2,167,4600,3,0.002410
2,167,4800,1,0.002436
2,167,4800,2,0.002384
2,167,4800,3,0.002528
2,167,5000,1,0.002443
2,167,5000,2,0.002487
2,167,5000,3,0.002412
2,169,1000,1,0.002368
2,169,1000,2,0.002449
2,169,1000,3,0.002433
2,169,1200,1,0.002467
2,169,1200,2,0.002399
2,169,1200,3,0.002423
2,169,1400,1,0.002411
2,169,1400,2,0.002398
2,169,1400,3,0.002493
2,169,1600,1,0.002455
2,169,1600,2,0.002340
2,169,1600,3,0.002349
2,169,1800,1,0.002498
2,169,1800,2,0.002397
2,169,1800,3,0.002464
2,169,2000,1,0.002507
2,169,2000,2,0.002428
2,169,2000,3,0.002448
2,169,2200,1,0.002414
2,169,2200,2,0.002447
2,169,2200,3,0.002459
2,169,2400,1,0.002378
2,169,2400,2,0.002461
2,169,2400,3,0.002468
2,169,2600,1,0.002401
2,169,2600,2,0.002434
2,169,2600,3,0.002369
2,169,2800,1,0.002501
2,169,2800,2,0.002403
2,169,2800,3,0.002364
2,169,3000,1,0.002581
2,169,3000,2,0.002443
2,169,3000,3,0.002455
2,169,3200,1,0.002376
2,169,3200,2,0.002361
2,169,3200,3,0.002417
2,169,3400,1,0.002468
2,169,3400,2,0.002524
2,169,3400,3,0.002456
2,169,3600,1,0.002401
2,169,3600,2,0.002539
2,169,3600,3,0.002370
2,169,3800,1,0.002411
2,169,3800,2,0.002336
2,169,3800,3,0.002385
2,169,4000,1,0.002397
2,169,4000,2,0.002461
2,169,4000,3,0.002356
2,169,4200,1,0.002417
2,169,4200,2,0.002365
2,169,4200,3,0.002374
2,169,4400,1,0.002506
2,169,4400,2,0.002407
2,169,4400,3,0.002416
2,169,4600,1,0.002425
2,169,4600,2,0.002382
2,169,4600,3,0.002352
2,169,4800,1,0.002545
2,169,4800,2,0.002432
2,169,4800,3,0.002532
2,169,5000,1,0.002433
2,169,5000,2,0.002454
2,169,5000,3,0.002489
2,171,1000,1,0.002460
2,171,1000,2,0.002491
2,171,1000,3,0.002372
2,171,1200,1,0.002504
2,171,1200,2,0.002533
2,171,1200,3,0.002405
2,171,1400,1,0.002405
2,171,1400,2,0.002387
2,171,1400,3,0.002432
2,171,1600,1,0.002355
2,171,1600,2,0.002439
2,171,1600,3,0.002457
2,171,1800,1,0.002320
2,171,1800,2,0.002379
2,171,1800,3,0.002412
2,171,2000,1,0.002413
2,171,2000,2,0.002417
2,171,2000,3,0.002332
2,171,2200,1,0.002443
2,171,2200,2,0.002415
2,171,2200,3,0.002402
2,171,2400,1,0.002405
2,171,2400,2,0.002495
2,171,2400,3,0.002399
2,171,2600,1,0.002402
2,171,2600,2,0.002422
2,171,2600,3,0.002371
2,171,2800,1,0.002407
2,171,2800,2,0.002388
2,171,2800,3,0.002376
2,171,3000,1,0.002399
2,171,3000,2,0.002396
2,171,3000,3,0.002398
2,171,3200,1,0.002384
2,171,3200,2,0.002421
2,171,3200,3,0.002464
2,171,3400,1,0.002393
2,171,3400,2,0.002512
2,171,3400,3,0.002564
2,171,3600,1,0.002429
2,171,3600,2,0.002392
2,171,3600,3,0.002445
2,171,3800,1,0.002435
2,171,3800,2,0.002489
2,171,3800,3,0.002423
2,171,4000,1,0.002434
2,171,4000,2,0.002405
2,171,4000,3,0.002446
2,171,4200,1,0.002441
2,171,4200,2,0.002373
2,171,4200,3,0.002478
2,171,4400,1,0.002380
2,171,4400,2,0.002397
2,171,4400,3,0.002370
2,171,4600,1,0.002381
2,171,4600,2,0.002414
2,171,4600,3,0.002363
2,171,4800,1,0.002453
2,171,4800,2,0.002402
2,171,4800,3,0.002324
2,171,5000,1,0.002511
2,171,5000,2,0.002477
2,171,5000,3,0.002403
2,173,1000,1,0.002441
2,173,1000,2,0.002423
2,173,1000,3,0.002430
2,173,1200,1,0.002426
2,173,1200,2,0.002410
2,173,1200,3,0.002430
2,173,1400,1,0.002340
2,173,1400,2,0.002417
2,173,1400,3,0.002282
2,173,1600,1,0.002287
2,173,1600,2,0.002417
2,173,1600,3,0.002462
2,173,1800,1,0.002303
2,173,1800,2,0.002364
2,173,1800,3,0.002352
2,173,2000,1,0.002360
2,173,2000,2,0.002447
2,173,2000,3,0.002453
2,173,2200,1,0.002339
2,173,2200,2,0.002450
2,173,2200,3,0.002438
2,173,2400,1,0.002430
2,173,2400,2,0.002473
2,173,2400,3,0.002379
2,173,2600,1,0.002435
2,173,2600,2,0.002381
2,173,2600,3,0.002547
2,173,2800,1,0.002339
2,173,2800,2,0.002455
2,173,2800,3,0.002431
2,173,3000,1,0.002495
2,173,3000,2,0.002404
2,173,3000,3,0.002445
2,173,3200,1,0.002391
2,173,3200,2,0.002532
2,173,3200,3,0.002406
2,173,3400,1,0.002502
2,173,3400,2,0.002440
2,173,3400,3,0.002532
2,173,3600,1,0.002432
2,173,3600,2,0.002464
2,173,3600,3,0.002381
2,173,3800,1,0.002451
2,173,3800,2,0.002384
2,173,3800,3,0.002426
2,173,4000,1,0.002371
2,173,4000,2,0.002338
2,173,4000,3,0.002397
2,173,4200,1,0.002418
2,173,4200,2,0.002342
2,173,4200,3,0.002378
2,173,4400,1,0.002406
2,173,4400,2,0.002374
2,173,4400,3,0.002384
2,173,4600,1,0.002350
2,173,4600,2,0.002471
2,173,4600,3,0.002401
2,173,4800,1,0.002584
2,173,4800,2,0.002447
2,173,4800,3,0.002538
2,173,5000,1,0.002426
2,173,5000,2,0.002462
2,173,5000,3,0.002452
2,175,1000,1,0.002342
2,175,1000,2,0.002348
2,175,1000,3,0.002380
2,175,1200,1,0.002380
2,175,1200,2,0.002500
2,175,1200,3,0.002513
2,175,1400,1,0.002424
2,175,1400,2,0.002365
2,175,1400,3,0.002490
2,175,1600,1,0.002373
2,175,1600,2,0.002518
2,175,1600,3,0.002385
2,175,1800,1,0.002463
2,175,1800,2,0.002368
2,175,1800,3,0.002474
2,175,2000,1,0.002458
2,175,2000,2,0.002358
2,175,2000,3,0.002342
2,175,2200,1,0.002347
2,175,2200,2,0.002415
2,175,2200,3,0.002444
2,175,2400,1,0.002430
2,175,2400,2,0.002363
2,175,2400,3,0.002384
2,175,2600,1,0.002557
2,175,2600,2,0.002297
2,175,2600,3,0.002475
2,175,2800,1,0.002481
2,175,2800,2,0.002357
2,175,2800,3,0.002528
2,175,3000,1,0.002428
2,175,3000,2,0.002453
2,175,3000,3,0.002495
2,175,3200,1,0.002474
2,175,3200,2,0.002574
2,175,3200,3,0.002536
2,175,3400,1,0.002391
2,175,3400,2,0.002399
2,175,3400,3,0.002408
2,175,3600,1,0.002369
2,175,3600,2,0.002324
2,175,3600,3,0.002364
2,175,3800,1,0.002448
2,175,3800,2,0.002348
2,175,3800,3,0.002427
2,175,4000,1,0.002430
2,175,4000,2,0.002491
2,175,4000,3,0.002441
2,175,4200,1,0.002479
2,175,4200,2,0.002403
2,175,4200,3,0.002505
2,175,4400,1,0.002442
2,175,4400,2,0.002483
2,175,4400,3,0.002386
2,175,4600,1,0.002449
2,175,4600,2,0.002481
2,175,4600,3,0.002402
2,175,4800,1,0.002352
2,175,4800,2,0.002424
2,175,4800,3,0.002413
2,175,5000,1,0.002378
2,175,5000,2,0.002499
2,175,5000,3,0.002440
2,177,1000,1,0.002526
2,177,1000,2,0.002398
2,177,1000,3,0.002465
2,177,1200,1,0.002869
2,177,1200,2,0.002444
2,177,1200,3,0.002467
2,177,1400,1,0.002463
2,177,1400,2,0.002463
2,177,1400,3,0.002454
2,177,1600,1,0.002463
2,177,1600,2,0.002428
2,177,1600,3,0.002409
2,177,1800,1,0.002432
2,177,1800,2,0.002407
2,177,1800,3,0.002516
2,177,2000,1,0.002326
2,177,2000,2,0.002491
2,177,2000,3,0.002375
2,177,2200,1,0.002440
2,177,2200,2,0.002496
2,177,2200,3,0.002474
2,177,2400,1,0.002531
2,177,2400,2,0.002441
2,177,2400,3,0.002311
2,177,2600,1,0.002473
2,177,2600,2,0.002496
2,177,2600,3,0.002381
2,177,2800,1,0.002362
2,177,2800,2,0.002445
2,177,2800,3,0.002427
2,177,3000,1,0.002408
2,177,3000,2,0.002497
2,177,3000,3,0.002401
2,177,3200,1,0.002504
2,177,3200,2,0.002506
2,177,3200,3,0.002566
2,177,3400,1,0.002426
2,177,3400,2,0.002591
2,177,3400,3,0.002473
2,177,3600,1,0.002464
2,177,3600,2,0.002404
2,177,3600,3,0.002425
2,177,3800,1,0.002406
2,177,3800,2,0.002525
2,177,3800,3,0.002524
2,177,4000,1,0.002453
2,177,4000,2,0.002395
2,177,4000,3,0.002460
2,177,4200,1,0.002408
2,177,4200,2,0.002468
2,177,4200,3,0.002408
2,177,4400,1,0.002464
2,177,4400,2,0.002399
2,177,4400,3,0.002504
2,177,4600,1,0.002430
2,177,4600,2,0.002522
2,177,4600,3,0.002402
2,177,4800,1,0.002515
2,177,4800,2,0.002848
2,177,4800,3,0.002493
2,177,5000,1,0.002423
2,177,5000,2,0.002509
2,177,5000,3,0.002629
2,179,1000,1,0.002459
2,179,1000,2,0.002367
2,179,1000,3,0.002359
2,179,1200,1,0.002384
2,179,1200,2,0.002356
2,179,1200,3,0.002449
2,179,1400,1,0.002482
2,179,1400,2,0.002444
2,179,1400,3,0.002521
2,179,1600,1,0.002444
2,179,1600,2,0.002380
2,179,1600,3,0.002401
2,179,1800,1,0.002387
2,179,1800,2,0.002465
2,179,1800,3,0.002383
2,179,2000,1,0.002520
2,179,2000,2,0.002417
2,179,2000,3,0.002467
2,179,2200,1,0.002428
2,179,2200,2,0.002433
2,179,2200,3,0.002386
2,179,2400,1,0.002400
2,179,2400,2,0.002384
2,179,2400,3,0.002388
2,179,2600,1,0.002422
2,179,2600,2,0.002483
2,179,2600,3,0.002349
2,179,2800,1,0.002477
2,179,2800,2,0.002440
2,179,2800,3,0.002414
2,179,3000,1,0.002487
2,179,3000,2,0.002454
2,179,3000,3,0.002439
2,179,3200,1,0.002502
2,179,3200,2,0.002446
2,179,3200,3,0.002479
2,179,3400,1,0.002441
2,179,3400,2,0.002427
2,179,3400,3,0.002387
2,179,3600,1,0.002346
2,179,3600,2,0.002378
2,179,3600,3,0.002527
2,179,3800,1,0.002313
2,179,3800,2,0.002412
2,179,3800,3,0.002424
2,179,4000,1,0.002507
2,179,4000,2,0.002346
2,179,4000,3,0.002315
2,179,4200,1,0.002450
2,179,4200,2,0.002422
2,179,4200,3,0.002472
2,179,4400,1,0.002483
2,179,4400,2,0.002382
2,179,4400,3,0.002448
2,179,4600,1,0.002459
2,179,4600,2,0.002489
2,179,4600,3,0.002483
2,179,4800,1,0.002572
2,179,4800,2,0.002421
2,179,4800,3,0.002492
2,179,5000,1,0.002498
2,179,5000,2,0.002577
2,179,5000,3,0.002414
2,181,1000,1,0.002377
2,181,1000,2,0.002388
2,181,1000,3,0.002377
2,181,1200,1,0.002415
2,181,1200,2,0.002366
2,181,1200,3,0.002436
2,181,1400,1,0.002338
2,181,1400,2,0.002462
2,181,1400,3,0.002411
2,181,1600,1,0.002360
2,181,1600,2,0.002412
2,181,1600,3,0.002394
2,181,1800,1,0.002560
2,181,1800,2,0.002493
2,181,1800,3,0.002456
2,181,2000,1,0.002509
2,181,2000,2,0.002421
2,181,2000,3,0.002427
2,181,2200,1,0.002480
2,181,2200,2,0.002384
2,181,2200,3,0.002389
2,181,2400,1,0.002464
2,181,2400,2,0.002353
2,181,2400,3,0.002414
2,181,2600,1,0.002326
2,181,2600,2,0.002360
2,181,2600,3,0.002382
2,181,2800,1,0.002360
2,181,2800,2,0.002471
2,181,2800,3,0.002450
2,181,3000,1,0.002522
2,181,3000,2,0.002448
2,181,3000,3,0.002505
2,181,3200,1,0.002421
2,181,3200,2,0.002427
2,181,3200,3,0.002479
2,181,3400,1,0.002481
2,181,3400,2,0.002421
2,181,3400,3,0.002545
2,181,3600,1,0.002499
2,181,3600,2,0.002459
2,181,3600,3,0.002497
2,181,3800,1,0.002406
2,181,3800,2,0.002495
2,181,3800,3,0.002555
2,181,4000,1,0.002486
2,181,4000,2,0.002371
2,181,4000,3,0.002393
2,181,4200,1,0.002466
2,181,4200,2,0.002486
2,181,4200,3,0.002467
2,181,4400,1,0.002451
2,181,4400,2,0.002508
2,181,4400,3,0.002412
2,181,4600,1,0.002476
2,181,4600,2,0.002404
2,181,4600,3,0.002430
2,181,4800,1,0.002468
2,181,4800,2,0.002493
2,181,4800,3,0.002416
2,181,5000,1,0.002492
2,181,5000,2,0.002449
2,181,5000,3,0.002425
2,183,1000,1,0.002422
2,183,1000,2,0.002547
2,183,1000,3,0.002449
2,183,1200,1,0.002429
2,183,1200,2,0.002433
2,183,1200,3,0.002317
2,183,1400,1,0.002385
2,183,1400,2,0.002433
2,183,1400,3,0.002432
2,183,1600,1,0.002451
2,183,1600,2,0.002434
2,183,1600,3,0.002396
2,183,1800,1,0.002471
2,183,1800,2,0.002405
2,183,1800,3,0.002430
2,183,2000,1,0.002441
2,183,2000,2,0.002362
2,183,2000,3,0.002502
2,183,2200,1,0.002436
2,183,2200,2,0.002500
2,183,2200,3,0.002468
2,183,2400,1,0.002397
2,183,2400,2,0.002463
2,183,2400,3,0.002397
2,183,2600,1,0.002495
2,183,2600,2,0.002484
2,183,2600,3,0.002523
2,183,2800,1,0.002492
2,183,2800,2,0.002553
2,183,2800,3,0.002422
2,183,3000,1,0.002466
2,183,3000,2,0.002413
2,183,3000,3,0.002385
2,183,3200,1,0.002434
2,183,3200,2,0.002463
2,183,3200,3,0.002380
2,183,3400,1,0.002455
2,183,3400,2,0.002457
2,183,3400,3,0.002534
2,183,3600,1,0.002477
2,183,3600,2,0.002468
2,183,3600,3,0.002433
2,183,3800,1,0.002430
2,183,3800,2,0.002358
2,183,3800,3,0.002512
2,183,4000,1,0.002456
2,183,4000,2,0.002446
2,183,4000,3,0.002444
2,183,4200,1,0.002465
2,183,4200,2,0.002555
2,183,4200,3,0.002413
2,183,4400,1,0.002418
2,183,4400,2,0.002497
2,183,4400,3,0.002502
2,183,4600,1,0.002497
2,183,4600,2,0.002486
2,183,4600,3,0.002523
2,183,4800,1,0.002512
2,183,4800,2,0.002502
2,183,4800,3,0.002496
2,183,5000,1,0.002422
2,183,5000,2,0.002486
2,183,5000,3,0.002597
2,185,1000,1,0.002472
2,185,1000,2,0.002371
2,185,1000,3,0.002490
2,185,1200,1,0.002546
2,185,1200,2,0.002381
2,185,1200,3,0.002350
2,185,1400,1,0.002429
2,185,1400,2,0.002364
2,185,1400,3,0.002402
2,185,1600,1,0.002446
2,185,1600,2,0.002492
2,185,1600,3,0.002464
2,185,1800,1,0.002503
2,185,1800,2,0.002467
2,185,1800,3,0.002481
2,185,2000,1,0.002505
2,185,2000,2,0.002400
2,185,2000,3,0.002454
2,185,2200,1,0.002386
2,185,2200,2,0.002400
2,185,2200,3,0.002506
2,185,2400,1,0.002424
2,185,2400,2,0.002442
2,185,2400,3,0.002445
2,185,2600,1,0.002386
2,185,2600,2,0.002548
2,185,2600,3,0.002402
2,185,2800,1,0.002486
2,185,2800,2,0.002448
2,185,2800,3,0.002424
2,185,3000,1,0.002445
2,185,3000,2,0.002457
2,185,3000,3,0.002364
2,185,3200,1,0.002466
2,185,3200,2,0.002539
2,185,3200,3,0.002391
2,185,3400,1,0.002418
2,185,3400,2,0.002424
2,185,3400,3,0.002421
2,185,3600,1,0.002585
2,185,3600,2,0.002464
2,185,3600,3,0.002387
2,185,3800,1,0.002492
2,185,3800,2,0.002396
2,185,3800,3,0.002401
2,185,4000,1,0.002360
2,185,4000,2,0.002486
2,185,4000,3,0.002440
2,185,4200,1,0.002385
2,185,4200,2,0.002529
2,185,4200,3,0.002517
2,185,4400,1,0.002437
2,185,4400,2,0.002483
2,185,4400,3,0.002539
2,185,4600,1,0.002476
2,185,4600,2,0.002468
2,185,4600,3,0.002428
2,185,4800,1,0.002489
2,185,4800,2,0.002522
2,185,4800,3,0.002473
2,185,5000,1,0.002590
2,185,5000,2,0.002492
2,185,5000,3,0.002462
2,187,1000,1,0.002435
2,187,1000,2,0.002536
2,187,1000,3,0.002330
2,187,1200,1,0.002448
2,187,1200,2,0.002393
2,187,1200,3,0.002420
2,187,1400,1,0.002487
2,187,1400,2,0.002421
2,187,1400,3,0.002399
2,187,1600,1,0.002400
2,187,1600,2,0.002386
2,187,1600,3,0.002411
2,187,1800,1,0.002439
2,187,1800,2,0.002443
2,187,1800,3,0.002409
2,187,2000,1,0.002399
2,187,2000,2,0.002417
2,187,2000,3,0.002551
2,187,2200,1,0.002427
2,187,2200,2,0.002498
2,187,2200,3,0.002395
2,187,2400,1,0.002376
2,187,2400,2,0.002363
2,187,2400,3,0.002411
2,187,2600,1,0.002420
2,187,2600,2,0.002407
2,187,2600,3,0.002463
2,187,2800,1,0.002466
2,187,2800,2,0.002319
2,187,2800,3,0.002407
2,187,3000,1,0.002392
2,187,3000,2,0.002504
2,187,3000,3,0.002394
2,187,3200,1,0.002514
2,187,3200,2,0.002427
2,187,3200,3,0.002446
2,187,3400,1,0.002493
2,187,3400,2,0.002485
2,187,3400,3,0.002449
2,187,3600,1,0.002451
2,187,3600,2,0.002494
2,187,3600,3,0.002466
2,187,3800,1,0.002456
2,187,3800,2,0.002437
2,187,3800,3,0.002399
2,187,4000,1,0.002355
2,187,4000,2,0.002453
2,187,4000,3,0.002467
2,187,4200,1,0.002477
2,187,4200,2,0.002438
2,187,4200,3,0.002610
2,187,4400,1,0.002526
2,187,4400,2,0.002383
2,187,4400,3,0.002395
2,187,4600,1,0.002504
2,187,4600,2,0.002518
2,187,4600,3,0.002431
2,187,4800,1,0.002472
2,187,4800,2,0.002486
2,187,4800,3,0.002455
2,187,5000,1,0.002418
2,187,5000,2,0.002454
2,187,5000,3,0.002358
2,189,1000,1,0.002374
2,189,1000,2,0.002426
2,189,1000,3,0.002435
2,189,1200,1,0.002520
2,189,1200,2,0.002444
2,189,1200,3,0.002317
2,189,1400,1,0.002455
2,189,1400,2,0.002497
2,189,1400,3,0.002434
2,189,1600,1,0.002444
2,189,1600,2,0.002543
2,189,1600,3,0.002474
2,189,1800,1,0.002499
2,189,1800,2,0.002488
2,189,1800,3,0.002413
2,189,2000,1,0.002424
2,189,2000,2,0.002429
2,189,2000,3,0.002360
2,189,2200,1,0.002349
2,189,2200,2,0.002467
2,189,2200,3,0.002359
2,189,2400,1,0.002428
2,189,2400,2,0.002523
2,189,2400,3,0.002372
2,189,2600,1,0.002543
2,189,2600,2,0.002439
2,189,2600,3,0.002452
2,189,2800,1,0.002374
2,189,2800,2,0.002448
2,189,2800,3,0.002387
2,189,3000,1,0.002483
2,189,3000,2,0.002459
2,189,3000,3,0.002490
2,189,3200,1,0.002491
2,189,3200,2,0.002409
2,189,3200,3,0.002497
2,189,3400,1,0.002525
2,189,3400,2,0.002518
2,189,3400,3,0.002420
2,189,3600,1,0.002433
2,189,3600,2,0.002383
2,189,3600,3,0.002359
2,189,3800,1,0.002399
2,189,3800,2,0.002358
2,189,3800,3,0.002336
2,189,4000,1,0.002449
2,189,4000,2,0.002467
2,189,4000,3,0.002472
2,189,4200,1,0.002435
2,189,4200,2,0.002585
2,189,4200,3,0.002663
2,189,4400,1,0.002486
2,189,4400,2,0.002470
2,189,4400,3,0.002485
2,189,4600,1,0.002519
2,189,4600,2,0.002404
2,189,4600,3,0.002484
2,189,4800,1,0.002604
2,189,4800,2,0.002448
2,189,4800,3,0.002502
2,189,5000,1,0.002431
2,189,5000,2,0.002429
2,189,5000,3,0.002491
2,191,1000,1,0.002465
2,191,1000,2,0.002436
2,191,1000,3,0.002389
2,191,1200,1,0.002416
2,191,1200,2,0.002406
2,191,1200,3,0.002455
2,191,1400,1,0.002400
2,191,1400,2,0.002456
2,191,1400,3,0.002470
2,191,1600,1,0.002509
2,191,1600,2,0.002355
2,191,1600,3,0.002489
2,191,1800,1,0.002389
2,191,1800,2,0.002417
2,191,1800,3,0.002395
2,191,2000,1,0.002332
2,191,2000,2,0.002466
2,191,2000,3,0.002472
2,191,2200,1,0.002399
2,191,2200,2,0.002499
2,191,2200,3,0.002428
2,191,2400,1,0.002548
2,191,2400,2,0.002476
2,191,2400,3,0.002471
2,191,2600,1,0.002458
2,191,2600,2,0.002500
2,191,2600,3,0.002465
2,191,2800,1,0.002606
2,191,2800,2,0.002369
2,191,2800,3,0.002486
2,191,3000,1,0.002494
2,191,3000,2,0.002465
2,191,3000,3,0.002550
2,191,3200,1,0.002472
2,191,3200,2,0.002460
2,191,3200,3,0.002335
2,191,3400,1,0.002525
2,191,3400,2,0.002359
2,191,3400,3,0.002443
2,191,3600,1,0.002402
2,191,3600,2,0.002519
2,191,3600,3,0.002531
2,191,3800,1,0.002495
2,191,3800,2,0.002540
2,191,3800,3,0.002460
2,191,4000,1,0.002534
2,191,4000,2,0.002564
2,191,4000,3,0.002513
2,191,4200,1,0.002482
2,191,4200,2,0.002568
2,191,4200,3,0.002517
2,191,4400,1,0.002498
2,191,4400,2,0.002514
2,191,4400,3,0.002495
2,191,4600,1,0.002533
2,191,4600,2,0.002474
2,191,4600,3,0.002519
2,191,4800,1,0.002437
2,191,4800,2,0.002412
2,191,4800,3,0.002460
2,191,5000,1,0.002443
2,191,5000,2,0.002411
2,191,5000,3,0.002453
2,193,1000,1,0.002419
2,193,1000,2,0.002360
2,193,1000,3,0.002459
2,193,1200,1,0.002504
2,193,1200,2,0.002508
2,193,1200,3,0.002418
2,193,1400,1,0.002359
2,193,1400,2,0.002429
2,193,1400,3,0.002490
2,193,1600,1,0.002470
2,193,1600,2,0.002510
2,193,1600,3,0.002438
2,193,1800,1,0.002528
2,193,1800,2,0.002427
2,193,1800,3,0.002425
2,193,2000,1,0.002516
2,193,2000,2,0.002502
2,193,2000,3,0.002401
2,193,2200,1,0.002467
2,193,2200,2,0.002371
2,193,2200,3,0.002452
2,193,2400,1,0.002390
2,193,2400,2,0.002395
2,193,2400,3,0.002471
2,193,2600,1,0.002410
2,193,2600,2,0.002402
2,193,2600,3,0.002506
2,193,2800,1,0.002435
2,193,2800,2,0.002435
2,193,2800,3,0.002459
2,193,3000,1,0.002537
2,193,3000,2,0.002532
2,193,3000,3,0.002374
2,193,3200,1,0.002439
2,193,3200,2,0.002414
2,193,3200,3,0.002445
2,193,3400,1,0.002435
2,193,3400,2,0.002566
2,193,3400,3,0.002472
2,193,3600,1,0.002523
2,193,3600,2,0.002410
2,193,3600,3,0.002498
2,193,3800,1,0.002477
2,193,3800,2,0.002564
2,193,3800,3,0.002419
2,193,4000,1,0.002477
2,193,4000,2,0.002406
2,193,4000,3,0.002456
2,193,4200,1,0.002480
2,193,4200,2,0.002516
2,193,4200,3,0.002474
2,193,4400,1,0.002577
2,193,4400,2,0.002493
2,193,4400,3,0.002468
2,193,4600,1,0.002490
2,193,4600,2,0.002403
2,193,4600,3,0.002466
2,193,4800,1,0.002475
2,193,4800,2,0.002465
2,193,4800,3,0.002447
2,193,5000,1,0.002562
2,193,5000,2,0.002512
2,193,5000,3,0.002478
2,195,1000,1,0.002405
2,195,1000,2,0.002521
2,195,1000,3,0.002450
2,195,1200,1,0.002397
2,195,1200,2,0.002467
2,195,1200,3,0.002424
2,195,1400,1,0.002330
2,195,1400,2,0.002437
2,195,1400,3,0.002414
2,195,1600,1,0.002389
2,195,1600,2,0.002451
2,195,1600,3,0.002498
2,195,1800,1,0.002431
2,195,1800,2,0.002417
2,195,1800,3,0.002426
2,195,2000,1,0.002445
2,195,2000,2,0.002445
2,195,2000,3,0.002465
2,195,2200,1,0.002463
2,195,2200,2,0.002448
2,195,2200,3,0.002433
2,195,2400,1,0.002335
2,195,2400,2,0.002425
2,195,2400,3,0.002544
2,195,2600,1,0.002462
2,195,2600,2,0.002456
2,195,2600,3,0.002469
2,195,2800,1,0.002387
2,195,2800,2,0.002489
2,195,2800,3,0.002477
2,195,3000,1,0.002524
2,195,3000,2,0.002481
2,195,3000,3,0.002483
2,195,3200,1,0.002544
2,195,3200,2,0.002474
2,195,3200,3,0.002524
2,195,3400,1,0.002481
2,195,3400,2,0.002485
2,195,3400,3,0.002380
2,195,3600,1,0.002452
2,195,3600,2,0.002418
2,195,3600,3,0.002440
2,195,3800,1,0.002402
2,195,3800,2,0.002550
2,195,3800,3,0.002540
2,195,4000,1,0.002529
2,195,4000,2,0.002464
2,195,4000,3,0.002481
2,195,4200,1,0.002397
2,195,4200,2,0.002503
2,195,4200,3,0.002580
2,195,4400,1,0.002507
2,195,4400,2,0.002439
2,195,4400,3,0.002491
2,195,4600,1,0.002466
2,195,4600,2,0.002479
2,195,4600,3,0.002482
2,195,4800,1,0.002472
2,195,4800,2,0.002457
2,195,4800,3,0.002453
2,195,5000,1,0.002525
2,195,5000,2,0.002551
2,195,5000,3,0.002500
2,197,1000,1,0.002468
2,197,1000,2,0.002465
2,197,1000,3,0.002420
2,197,1200,1,0.002432
2,197,1200,2,0.002489
2,197,1200,3,0.002510
2,197,1400,1,0.002449
2,197,1400,2,0.002375
2,197,1400,3,0.002427
2,197,1600,1,0.002447
2,197,1600,2,0.002348
2,197,1600,3,0.002460
2,197,1800,1,0.002473
2,197,1800,2,0.002420
2,197,1800,3,0.002494
2,197,2000,1,0.002408
2,197,2000,2,0.002430
2,197,2000,3,0.002466
2,197,2200,1,0.002517
2,197,2200,2,0.002451
2,197,2200,3,0.002436
2,197,2400,1,0.002444
2,197,2400,2,0.002469
2,197,2400,3,0.002500
2,197,2600,1,0.002473
2,197,2600,2,0.002432
2,197,2600,3,0.002439
2,197,2800,1,0.002350
2,197,2800,2,0.002480
2,197,2800,3,0.002541
2,197,3000,1,0.002353
2,197,3000,2,0.002509
2,197,3000,3,0.002372
2,197,3200,1,0.002502
2,197,3200,2,0.002380
2,197,3200,3,0.002500
2,197,3400,1,0.002512
2,197,3400,2,0.002573
2,197,3400,3,0.002557
2,197,3600,1,0.002439
2,197,3600,2,0.002500
2,197,3600,3,0.002462
2,197,3800,1,0.002507
2,197,3800,2,0.002472
2,197,3800,3,0.002442
2,197,4000,1,0.002564
2,197,4000,2,0.002478
2,197,4000,3,0.002606
2,197,4200,1,0.002474
2,197,4200,2,0.002557
2,197,4200,3,0.002506
2,197,4400,1,0.002510
2,197,4400,2,0.002488
2,197,4400,3,0.002513
2,197,4600,1,0.002480
2,197,4600,2,0.002506
2,197,4600,3,0.002426
2,197,4800,1,0.002538
2,197,4800,2,0.002432
2,197,4800,3,0.002504
2,197,5000,1,0.002513
2,197,5000,2,0.002544
2,197,5000,3,0.002550
2,199,1000,1,0.002353
2,199,1000,2,0.002429
2,199,1000,3,0.002415
2,199,1200,1,0.002386
2,199,1200,2,0.002513
2,199,1200,3,0.002567
2,199,1400,1,0.002510
2,199,1400,2,0.002399
2,199,1400,3,0.002443
2,199,1600,1,0.002453
2,199,1600,2,0.002445
2,199,1600,3,0.002535
2,199,1800,1,0.002518
2,199,1800,2,0.002417
2,199,1800,3,0.002522
2,199,2000,1,0.002536
2,199,2000,2,0.002438
2,199,2000,3,0.002500
2,199,2200,1,0.002493
2,199,2200,2,0.002498
2,199,2200,3,0.002539
2,199,2400,1,0.002432
2,199,2400,2,0.002386
2,199,2400,3,0.002384
2,199,2600,1,0.002510
2,199,2600,2,0.002485
2,199,2600,3,0.002446
2,199,2800,1,0.002448
2,199,2800,2,0.002568
2,199,2800,3,0.002469
2,199,3000,1,0.002457
2,199,3000,2,0.002380
2,199,3000,3,0.002399
2,199,3200,1,0.002384
2,199,3200,2,0.002418
2,199,3200,3,0.002401
2,199,3400,1,0.002468
2,199,3400,2,0.002507
2,199,3400,3,0.002436
2,199,3600,1,0.002500
2,199,3600,2,0.002360
2,199,3600,3,0.002461
2,199,3800,1,0.002445
2,199,3800,2,0.002438
2,199,3800,3,0.002459
2,199,4000,1,0.002545
2,199,4000,2,0.002430
2,199,4000,3,0.002508
2,199,4200,1,0.002363
2,199,4200,2,0.002507
2,199,4200,3,0.002470
2,199,4400,1,0.002623
2,199,4400,2,0.002442
2,199,4400,3,0.002548
2,199,4600,1,0.002446
2,199,4600,2,0.002523
2,199,4600,3,0.002434
2,199,4800,1,0.002492
2,199,4800,2,0.002472
2,199,4800,3,0.002573
2,199,5000,1,0.002538
2,199,5000,2,0.002513
2,199,5000,3,0.002439
4,1,1000,1,0.000567
4,1,1000,2,0.000521
4,1,1000,3,0.000504
4,1,1200,1,0.000580
4,1,1200,2,0.000521
4,1,1200,3,0.000555
4,1,1400,1,0.000565
4,1,1400,2,0.000551
4,1,1400,3,0.000566
4,1,1600,1,0.000552
4,1,1600,2,0.000543
4,1,1600,3,0.000506
4,1,1800,1,0.000547
4,1,1800,2,0.000497
4,1,1800,3,0.000514
4,1,2000,1,0.000495
4,1,2000,2,0.000545
4,1,2000,3,0.000562
4,1,2200,1,0.000596
4,1,2200,2,0.000566
4,1,2200,3,0.000547
4,1,2400,1,0.000558
4,1,2400,2,0.000527
4,1,2400,3,0.000539
4,1,2600,1,0.000511
4,1,2600,2,0.000546
4,1,2600,3,0.000545
4,1,2800,1,0.000552
4,1,2800,2,0.000511
4,1,2800,3,0.000593
4,1,3000,1,0.000563
4,1,3000,2,0.000509
4,1,3000,3,0.000563
4,1,3200,1,0.000551
4,1,3200,2,0.000538
4,1,3200,3,0.000534
4,1,3400,1,0.000493
4,1,3400,2,0.000567
4,1,3400,3,0.000558
4,1,3600,1,0.000575
4,1,3600,2,0.000574
4,1,3600,3,0.000532
4,1,3800,1,0.000568
4,1,3800,2,0.000493
4,1,3800,3,0.000515
4,1,4000,1,0.000498
4,1,4000,2,0.000574
4,1,4000,3,0.000499
4,1,4200,1,0.000516
4,1,4200,2,0.000534
4,1,4200,3,0.000527
4,1,4400,1,0.000561
4,1,4400,2,0.000542
4,1,4400,3,0.000561
4,1,4600,1,0.000521
4,1,4600,2,0.000536
4,1,4600,3,0.000550
4,1,4800,1,0.000537
4,1,4800,2,0.000562
4,1,4800,3,0.000567
4,1,5000,1,0.000520
4,1,5000,2,0.000591
4,1,5000,3,0.000529
4,3,1000,1,0.000504
4,3,1000,2,0.000524
4,3,1000,3,0.000559
4,3,1200,1,0.000503
4,3,1200,2,0.000538
4,3,1200,3,0.000531
4,3,1400,1,0.000503
4,3,1400,2,0.000486
4,3,1400,3,0.000590
4,3,1600,1,0.000482
4,3,1600,2,0.000525
4,3,1600,3,0.000536
4,3,1800,1,0.000581
4,3,1800,2,0.000540
4,3,1800,3,0.000503
4,3,2000,1,0.000523
4,3,2000,2,0.000555
4,3,2000,3,0.000491
4,3,2200,1,0.000527
4,3,2200,2,0.000564
4,3,2200,3,0.000513
4,3,2400,1,0.000567
4,3,2400,2,0.000537
4,3,2400,3,0.000537
4,3,2600,1,0.000525
4,3,2600,2,0.000608
4,3,2600,3,0.000533
4,3,2800,1,0.000506
4,3,2800,2,0.000517
4,3,2800,3,0.000546
4,3,3000,1,0.000485
4,3,3000,2,0.000524
4,3,3000,3,0.000515
4,3,3200,1,0.000528
4,3,3200,2,0.000506
4,3,3200,3,0.000497
4,3,3400,1,0.000526
4,3,3400,2,0.000503
4,3,3400,3,0.000488
4,3,3600,1,0.000479
4,3,3600,2,0.000543
4,3,3600,3,0.000507
4,3,3800,1,0.000523
4,3,3800,2,0.000517
4,3,3800,3,0.000527
4,3,4000,1,0.000501
4,3,4000,2,0.000497
4,3,4000,3,0.000493
4,3,4200,1,0.000534
4,3,4200,2,0.000515
4,3,4200,3,0.000503
4,3,4400,1,0.000552
4,3,4400,2,0.000534
4,3,4400,3,0.000528
4,3,4600,1,0.000517
4,3,4600,2,0.000602
4,3,4600,3,0.000505
4,3,4800,1,0.000607
4,3,4800,2,0.000542
4,3,4800,3,0.000529
4,3,5000,1,0.000521
4,3,5000,2,0.000497
4,3,5000,3,0.000483
4,5,1000,1,0.000521
4,5,1000,2,0.000663
4,5,1000,3,0.000500
4,5,1200,1,0.000521
4,5,1200,2,0.000536
4,5,1200,3,0.000592
4,5,1400,1,0.000543
4,5,1400,2,0.000644
4,5,1400,3,0.000593
4,5,1600,1,0.000576
4,5,1600,2,0.000506
4,5,1600,3,0.000569
4,5,1800,1,0.000594
4,5,1800,2,0.000640
4,5,1800,3,0.000598
4,5,2000,1,0.000611
4,5,2000,2,0.000571
4,5,2000,3,0.000591
4,5,2200,1,0.000550
4,5,2200,2,0.000617
4,5,2200,3,0.000531
4,5,2400,1,0.000595
4,5,2400,2,0.000619
4,5,2400,3,0.000540
4,5,2600,1,0.000564
4,5,2600,2,0.000552
4,5,2600,3,0.000511
4,5,2800,1,0.000530
4,5,2800,2,0.000634
4,5,2800,3,0.000538
4,5,3000,1,0.000589
4,5,3000,2,0.000548
4,5,3000,3,0.000556
4,5,3200,1,0.000512
4,5,3200,2,0.000502
4,5,3200,3,0.000572
4,5,3400,1,0.000529
4,5,3400,2,0.000609
4,5,3400,3,0.000576
4,5,3600,1,0.000512
4,5,3600,2,0.000508
4,5,3600,3,0.000568
4,5,3800,1,0.000580
4,5,3800,2,0.000526
4,5,3800,3,0.000601
4,5,4000,1,0.000643
4,5,4000,2,0.000550
4,5,4000,3,0.000576
4,5,4200,1,0.000654
4,5,4200,2,0.000592
4,5,4200,3,0.000592
4,5,4400,1,0.000514
4,5,4400,2,0.000540
4,5,4400,3,0.000499
4,5,4600,1,0.000541
4,5,4600,2,0.000556
4,5,4600,3,0.000581
4,5,4800,1,0.000664
4,5,4800,2,0.000560
4,5,4800,3,0.000552
4,5,5000,1,0.000652
4,5,5000,2,0.000504
4,5,5000,3,0.000525
4,7,1000,1,0.000608
4,7,1000,2,0.000583
4,7,1000,3,0.000636
4,7,1200,1,0.000632
4,7,1200,2,0.000660
4,7,1200,3,0.000630
4,7,1400,1,0.000615
4,7,1400,2,0.000533
4,7,1400,3,0.000610
4,7,1600,1,0.000626
4,7,1600,2,0.000524
4,7,1600,3,0.000612
4,7,1800,1,0.000514
4,7,1800,2,0.000509
4,7,1800,3,0.000527
4,7,2000,1,0.000544
4,7,2000,2,0.000535
4,7,2000,3,0.000598
4,7,2200,1,0.000558
4,7,2200,2,0.000540
4,7,2200,3,0.000585
4,7,2400,1,0.000588
4,7,2400,2,0.000646
4,7,2400,3,0.000667
4,7,2600,1,0.000606
4,7,2600,2,0.000526
4,7,2600,3,0.000552
4,7,2800,1,0.000556
4,7,2800,2,0.000586
4,7,2800,3,0.000545
4,7,3000,1,0.000615
4,7,3000,2,0.000512
4,7,3000,3,nan
4,7,3200,1,0.000643
4,7,3200,2,0.000601
4,7,3200,3,0.000623
4,7,3400,1,0.000629
4,7,3400,2,0.000561
4,7,3400,3,0.000554
4,7,3600,1,0.000505
4,7,3600,2,0.000550
4,7,3600,3,0.000498
4,7,3800,1,0.000524
4,7,3800,2,0.000596
4,7,3800,3,0.000560
4,7,4000,1,0.000500
4,7,4000,2,0.000571
4,7,4000,3,0.000610
4,7,4200,1,0.000582
4,7,4200,2,0.000641
4,7,4200,3,0.000583
4,7,4400,1,0.000518
4,7,4400,2,0.000615
4,7,4400,3,0.000508
4,7,4600,1,0.000522
4,7,4600,2,0.000623
4,7,4600,3,0.000501
4,7,4800,1,0.000507
4,7,4800,2,0.000540
4,7,4800,3,0.000506
4,7,5000,1,0.000544
4,7,5000,2,0.000563
4,7,5000,3,0.000502
4,9,1000,1,0.000573
4,9,1000,2,0.000589
4,9,1000,3,0.000603
4,9,1200,1,0.000568
4,9,1200,2,0.000591
4,9,1200,3,0.000565
4,9,1400,1,0.000652
4,9,1400,2,0.000577
4,9,1400,3,0.000628
4,9,1600,1,0.000559
4,9,1600,2,0.000714
4,9,1600,3,0.000624
4,9,1800,1,0.000508
4,9,1800,2,0.000633
4,9,1800,3,0.000576
4,9,2000,1,0.000585
4,9,2000,2,0.000659
4,9,2000,3,0.000658
4,9,2200,1,0.000593
4,9,2200,2,0.000569
4,9,2200,3,0.000624
4,9,2400,1,0.000719
4,9,2400,2,0.000548
4,9,2400,3,0.000508
4,9,2600,1,0.000743
4,9,2600,2,0.000552
4,9,2600,3,0.000541
4,9,2800,1,0.000571
4,9,2800,2,0.000624
4,9,2800,3,0.000582
4,9,3000,1,0.000595
4,9,3000,2,0.000628
4,9,3000,3,0.000626
4,9,3200,1,0.000502
4,9,3200,2,0.000518
4,9,3200,3,0.000604
4,9,3400,1,0.000658
4,9,3400,2,0.000595
4,9,3400,3,0.000516
4,9,3600,1,0.000544
4,9,3600,2,0.000532
4,9,3600,3,0.000656
4,9,3800,1,0.000666
4,9,3800,2,0.000523
4,9,3800,3,0.000645
4,9,4000,1,0.000549
4,9,4000,2,0.000610
4,9,4000,3,0.000593
4,9,4200,1,0.000571
4,9,4200,2,0.000513
4,9,4200,3,0.000585
4,9,4400,1,0.000658
4,9,4400,2,0.000536
4,9,4400,3,0.000624
4,9,4600,1,0.000591
4,9,4600,2,0.000532
4,9,4600,3,0.000628
4,9,4800,1,0.000516
4,9,4800,2,0.000599
4,9,4800,3,0.000554
4,9,5000,1,0.000580
4,9,5000,2,0.000532
4,9,5000,3,0.000655
4,11,1000,1,0.000606
4,11,1000,2,0.000500
4,11,1000,3,0.000595
4,11,1200,1,0.000501
4,11,1200,2,0.000664
4,11,1200,3,0.000635
4,11,1400,1,0.000693
4,11,1400,2,0.000591
4,11,1400,3,0.000536
4,11,1600,1,0.000571
4,11,1600,2,0.000689
4,11,1600,3,0.000656
4,11,1800,1,0.000501
4,11,1800,2,0.000648
4,11,1800,3,0.000662
4,11,2000,1,0.000503
4,11,2000,2,0.000538
4,11,2000,3,0.000596
4,11,2200,1,0.000674
4,11,2200,2,0.000630
4,11,2200,3,0.000533
4,11,2400,1,0.000674
4,11,2400,2,0.000635
4,11,2400,3,0.000596
4,11,2600,1,0.000570
4,11,2600,2,0.000610
4,11,2600,3,0.000566
4,11,2800,1,0.000502
4,11,2800,2,0.000621
4,11,2800,3,0.000519
4,11,3000,1,0.000569
4,11,3000,2,0.000608
4,11,3000,3,0.000540
4,11,3200,1,0.000621
4,11,3200,2,0.000682
4,11,3200,3,0.000576
4,11,3400,1,0.000713
4,11,3400,2,0.000621
4,11,3400,3,0.000643
4,11,3600,1,0.000672
4,11,3600,2,0.000598
4,11,3600,3,0.000580
4,11,3800,1,0.000692
4,11,3800,2,0.000657
4,11,3800,3,0.000680
4,11,4000,1,0.000598
4,11,4000,2,0.000569
4,11,4000,3,0.000668
4,11,4200,1,0.000629
4,11,4200,2,0.000587
4,11,4200,3,0.000599
4,11,4400,1,0.000565
4,11,4400,2,0.000624
4,11,4400,3,0.000672
4,11,4600,1,0.000743
4,11,4600,2,0.000549
4,11,4600,3,0.000663
4,11,4800,1,0.000647
4,11,4800,2,0.000560
4,11,4800,3,0.000648
4,11,5000,1,0.000678
4,11,5000,2,0.000581
4,11,5000,3,0.000575
4,13,1000,1,0.000619
4,13,1000,2,0.000519
4,13,1000,3,0.000669
4,13,1200,1,0.000646
4,13,1200,2,0.000552
4,13,1200,3,0.000581
4,13,1400,1,0.000561
4,13,1400,2,0.000581
4,13,1400,3,0.000693
4,13,1600,1,0.000701
4,13,1600,2,0.000648
4,13,1600,3,0.000556
4,13,1800,1,0.000580
4,13,1800,2,0.000654
4,13,1800,3,0.000570
4,13,2000,1,0.000572
4,13,2000,2,0.000623
4,13,2000,3,0.000635
4,13,2200,1,0.000615
4,13,2200,2,0.000670
4,13,2200,3,0.000729
4,13,2400,1,0.000578
4,13,2400,2,0.000558
4,13,2400,3,0.000747
4,13,2600,1,0.000547
4,13,2600,2,0.000553
4,13,2600,3,0.000682
4,13,2800,1,0.000594
4,13,2800,2,0.000590
4,13,2800,3,0.000603
4,13,3000,1,0.000587
4,13,3000,2,0.000597
4,13,3000,3,0.000649
4,13,3200,1,0.000600
4,13,3200,2,0.000684
4,13,3200,3,0.000544
4,13,3400,1,0.000762
4,13,3400,2,0.000555
4,13,3400,3,0.000683
4,13,3600,1,0.000724
4,13,3600,2,0.000516
4,13,3600,3,0.000547
4,13,3800,1,0.000564
4,13,3800,2,0.000543
4,13,3800,3,0.000586
4,13,4000,1,0.000677
4,13,4000,2,0.000660
4,13,4000,3,0.000596
4,13,4200,1,0.000553
4,13,4200,2,0.000648
4,13,4200,3,0.000509
4,13,4400,1,0.000556
4,13,4400,2,0.000588
4,13,4400,3,0.000682
4,13,4600,1,0.000692
4,13,4600,2,0.000619
4,13,4600,3,0.000613
4,13,4800,1,0.000614
4,13,4800,2,0.000603
4,13,4800,3,0.000518
4,13,5000,1,0.000636
4,13,5000,2,0.000553
4,13,5000,3,0.000573
4,15,1000,1,0.000632
4,15,1000,2,0.000616
4,15,1000,3,0.000586
4,15,1200,1,0.000545
4,15,1200,2,0.000685
4,15,1200,3,0.000740
4,15,1400,1,0.000624
4,15,1400,2,0.000580
4,15,1400,3,0.000598
4,15,1600,1,0.000670
4,15,1600,2,0.000489
4,15,1600,3,0.000696
4,15,1800,1,0.000615
4,15,1800,2,0.000656
4,15,1800,3,0.000495
4,15,2000,1,0.000627
4,15,2000,2,0.000645
4,15,2000,3,0.000676
4,15,2200,1,0.000574
4,15,2200,2,0.000537
4,15,2200,3,0.000603
4,15,2400,1,0.000699
4,15,2400,2,0.000720
4,15,2400,3,0.000578
4,15,2600,1,0.000672
4,15,2600,2,0.000710
4,15,2600,3,0.000662
4,15,2800,1,0.000686
4,15,2800,2,0.000579
4,15,2800,3,0.000651
4,15,3000,1,0.000643
4,15,3000,2,0.000615
4,15,3000,3,0.000708
4,15,3200,1,0.000638
4,15,3200,2,0.000509
4,15,3200,3,0.000536
4,15,3400,1,0.000543
4,15,3400,2,0.000609
4,15,3400,3,0.000715
4,15,3600,1,0.000558
4,15,3600,2,0.000537
4,15,3600,3,0.000581
4,15,3800,1,0.000732
4,15,3800,2,0.000566
4,15,3800,3,0.000677
4,15,4000,1,0.000618
4,15,4000,2,0.000637
4,15,4000,3,0.000557
4,15,4200,1,0.000562
4,15,4200,2,0.000578
4,15,4200,3,0.000596
4,15,4400,1,0.000613
4,15,4400,2,0.000555
4,15,4400,3,0.000568
4,15,4600,1,0.000549
4,15,4600,2,0.000634
4,15,4600,3,0.000606
4,15,4800,1,0.000683
4,15,4800,2,0.000558
4,15,4800,3,0.000656
4,15,5000,1,0.000548
4,15,5000,2,0.000633
4,15,5000,3,0.000605
4,17,1000,1,0.000594
4,17,1000,2,0.000613
4,17,1000,3,0.000646
4,17,1200,1,0.000677
4,17,1200,2,0.000627
4,17,1200,3,0.000730
4,17,1400,1,0.000617
4,17,1400,2,0.000565
4,17,1400,3,0.000592
4,17,1600,1,0.000553
4,17,1600,2,0.000718
4,17,1600,3,0.000665
4,17,1800,1,0.000650
4,17,1800,2,0.000650
4,17,1800,3,0.000629
4,17,2000,1,0.000704
4,17,2000,2,0.000646
4,17,2000,3,0.000510
4,17,2200,1,0.000531
4,17,2200,2,0.000714
4,17,2200,3,0.000728
4,17,2400,1,0.000585
4,17,2400,2,0.000565
4,17,2400,3,0.000525
4,17,2600,1,0.000629
4,17,2600,2,0.000652
4,17,2600,3,0.000536
4,17,2800,1,0.000642
4,17,2800,2,0.000552
4,17,2800,3,0.000650
4,17,3000,1,0.000536
4,17,3000,2,0.000575
4,17,3000,3,0.000663
4,17,3200,1,0.000779
4,17,3200,2,0.000663
4,17,3200,3,0.000649
4,17,3400,1,0.000609
4,17,3400,2,0.000667
4,17,3400,3,0.000692
4,17,3600,1,0.000742
4,17,3600,2,0.000758
4,17,3600,3,0.000696
4,17,3800,1,0.000681
4,17,3800,2,0.000617
4,17,3800,3,0.000585
4,17,4000,1,0.000720
4,17,4000,2,0.000554
4,17,4000,3,0.000685
4,17,4200,1,0.000689
4,17,4200,2,0.000530
4,17,4200,3,0.000664
4,17,4400,1,0.000639
4,17,4400,2,0.000642
4,17,4400,3,0.000647
4,17,4600,1,0.000630
4,17,4600,2,0.000696
4,17,4600,3,0.000600
4,17,4800,1,0.000652
4,17,4800,2,0.000641
4,17,4800,3,0.000667
4,17,5000,1,0.000528
4,17,5000,2,0.000638
4,17,5000,3,0.000705
4,19,1000,1,0.000677
4,19,1000,2,0.000708
4,19,1000,3,0.000575
4,19,1200,1,0.000536
4,19,1200,2,0.000595
4,19,1200,3,0.000716
4,19,1400,1,0.000704
4,19,1400,2,0.000669
4,19,1400,3,0.000733
4,19,1600,1,0.000720
4,19,1600,2,0.000713
4,19,1600,3,0.000626
4,19,1800,1,0.000558
4,19,1800,2,0.000760
4,19,1800,3,0.000615
4,19,2000,1,0.000651
4,19,2000,2,0.000650
4,19,2000,3,0.000610
4,19,2200,1,0.000614
4,19,2200,2,0.000641
4,19,2200,3,0.000600
4,19,2400,1,0.000522
4,19,2400,2,0.000555
4,19,2400,3,0.000594
4,19,2600,1,0.000712
4,19,2600,2,0.000622
4,19,2600,3,0.000713
4,19,2800,1,0.000713
4,19,2800,2,0.000637
4,19,2800,3,0.000636
4,19,3000,1,0.000632
4,19,3000,2,0.000651
4,19,3000,3,0.000756
4,19,3200,1,0.000758
4,19,3200,2,0.000720
4,19,3200,3,0.000603
4,19,3400,1,0.000577
4,19,3400,2,0.000671
4,19,3400,3,0.000583
4,19,3600,1,0.000603
4,19,3600,2,0.000559
4,19,3600,3,0.000788
4,19,3800,1,0.000628
4,19,3800,2,0.000646
4,19,3800,3,0.000688
4,19,4000,1,0.000678
4,19,4000,2,0.000539
4,19,4000,3,0.000670
4,19,4200,1,0.000594
4,19,4200,2,0.000548
4,19,4200,3,0.000580
4,19,4400,1,0.000599
4,19,4400,2,0.000660
4,19,4400,3,0.000667
4,19,4600,1,0.000732
4,19,4600,2,0.000737
4,19,4600,3,0.000655
4,19,4800,1,0.000637
4,19,4800,2,0.000703
4,19,4800,3,0.000624
4,19,5000,1,0.000641
4,19,5000,2,0.000623
4,19,5000,3,0.000591
4,21,1000,1,0.000692
4,21,1000,2,0.000647
4,21,1000,3,0.000700
4,21,1200,1,0.000639
4,21,1200,2,0.000781
4,21,1200,3,0.000649
4,21,1400,1,0.000739
4,21,1400,2,0.000619
4,21,1400,3,0.000577
4,21,1600,1,0.000737
4,21,1600,2,0.000626
4,21,1600,3,0.000718
4,21,1800,1,0.000605
4,21,1800,2,0.000533
4,21,1800,3,0.000712
4,21,2000,1,0.000763
4,21,2000,2,0.000571
4,21,2000,3,0.000619
4,21,2200,1,0.000622
4,21,2200,2,0.000639
4,21,2200,3,0.000669
4,21,2400,1,0.000533
4,21,2400,2,0.000680
4,21,2400,3,0.000713
4,21,2600,1,0.000576
4,21,2600,2,0.000564
4,21,2600,3,0.000677
4,21,2800,1,0.000641
4,21,2800,2,0.000546
4,21,2800,3,0.000729
4,21,3000,1,0.000572
4,21,3000,2,0.000554
4,21,3000,3,0.000653
4,21,3200,1,0.000632
4,21,3200,2,0.000581
4,21,3200,3,0.000676
4,21,3400,1,0.000684
4,21,3400,2,0.000624
4,21,3400,3,0.000706
4,21,3600,1,0.000687
4,21,3600,2,0.000822
4,21,3600,3,0.000557
4,21,3800,1,0.000764
4,21,3800,2,0.000790
4,21,3800,3,0.000561
4,21,4000,1,0.000635
4,21,4000,2,0.000513
4,21,4000,3,0.000566
4,21,4200,1,0.000572
4,21,4200,2,0.000601
4,21,4200,3,0.000532
4,21,4400,1,0.000711
4,21,4400,2,0.000504
4,21,4400,3,0.000524
4,21,4600,1,0.000690
4,21,4600,2,0.000662
4,21,4600,3,0.000668
4,21,4800,1,0.000679
4,21,4800,2,0.000605
4,21,4800,3,0.000706
4,21,5000,1,0.000619
4,21,5000,2,0.000676
4,21,5000,3,0.000678
4,23,1000,1,0.000678
4,23,1000,2,0.000542
4,23,1000,3,0.000662
4,23,1200,1,0.000642
4,23,1200,2,0.000544
4,23,1200,3,0.000676
4,23,1400,1,0.000653
4,23,1400,2,0.000585
4,23,1400,3,0.000655
4,23,1600,1,0.000693
4,23,1600,2,0.000539
4,23,1600,3,0.000613
4,23,1800,1,0.000736
4,23,1800,2,0.000639
4,23,1800,3,0.000684
4,23,2000,1,0.000768
4,23,2000,2,0.000614
4,23,2000,3,0.000535
4,23,2200,1,0.000688
4,23,2200,2,0.000685
4,23,2200,3,0.000634
4,23,2400,1,0.000658
4,23,2400,2,0.000587
4,23,2400,3,0.000564
4,23,2600,1,0.000640
4,23,2600,2,0.000698
4,23,2600,3,0.000694
4,23,2800,1,0.000695
4,23,2800,2,0.000763
4,23,2800,3,0.000743
4,23,3000,1,0.000710
4,23,3000,2,0.000691
4,23,3000,3,0.000674
4,23,3200,1,0.000531
4,23,3200,2,0.000597
4,23,3200,3,0.000540
4,23,3400,1,0.000737
4,23,3400,2,0.000649
4,23,3400,3,0.000630
4,23,3600,1,0.000529
4,23,3600,2,0.000731
4,23,3600,3,0.000683
4,23,3800,1,0.000554
4,23,3800,2,0.000665
4,23,3800,3,0.000713
4,23,4000,1,0.000551
4,23,4000,2,0.000719
4,23,4000,3,0.000559
4,23,4200,1,0.000795
4,23,4200,2,0.000725
4,23,4200,3,0.000848
4,23,4400,1,0.000572
4,23,4400,2,0.000691
4,23,4400,3,0.000581
4,23,4600,1,0.000533
4,23,4600,2,0.000587
4,23,4600,3,0.000747
4,23,4800,1,0.000740
4,23,4800,2,0.000561
4,23,4800,3,0.000681
4,23,5000,1,0.000730
4,23,5000,2,0.000644
4,23,5000,3,0.000593
4,25,1000,1,0.000614
4,25,1000,2,0.000752
4,25,1000,3,0.000692
4,25,1200,1,0.000624
4,25,1200,2,0.000629
4,25,1200,3,0.000690
4,25,1400,1,0.000733
4,25,1400,2,0.000734
4,25,1400,3,0.000652
4,25,1600,1,0.000738
4,25,1600,2,0.000635
4,25,1600,3,0.000598
4,25,1800,1,0.000625
4,25,1800,2,0.000630
4,25,1800,3,0.000730
4,25,2000,1,0.000766
4,25,2000,2,0.000589
4,25,2000,3,0.000608
4,25,2200,1,0.000695
4,25,2200,2,0.000716
4,25,2200,3,0.000680
4,25,2400,1,0.000501
4,25,2400,2,0.000686
4,25,2400,3,0.000530
4,25,2600,1,0.000745
4,25,2600,2,0.000619
4,25,2600,3,0.000576
4,25,2800,1,0.000659
4,25,2800,2,0.000733
4,25,2800,3,0.000652
4,25,3000,1,0.000777
4,25,3000,2,0.000648
4,25,3000,3,0.000614
4,25,3200,1,0.000689
4,25,3200,2,0.000687
4,25,3200,3,0.000543
4,25,3400,1,0.000680
4,25,3400,2,0.000771
4,25,3400,3,0.000685
4,25,3600,1,0.000732
4,25,3600,2,0.000728
4,25,3600,3,0.000541
4,25,3800,1,0.000708
4,25,3800,2,0.000783
4,25,3800,3,0.000515
4,25,4000,1,0.000556
4,25,4000,2,0.000723
4,25,4000,3,0.000628
4,25,4200,1,0.000598
4,25,4200,2,0.000727
4,25,4200,3,0.000785
4,25,4400,1,0.000678
4,25,4400,2,0.000696
4,25,4400,3,0.000745
4,25,4600,1,0.000726
4,25,4600,2,0.000623
4,25,4600,3,0.000665
4,25,4800,1,0.000697
4,25,4800,2,0.000576
4,25,4800,3,0.000521
4,25,5000,1,0.000650
4,25,5000,2,0.000703
4,25,5000,3,0.000658
4,27,1000,1,0.001595
4,27,1000,2,0.001565
4,27,1000,3,0.001627
4,27,1200,1,0.001548
4,27,1200,2,0.001675
4,27,1200,3,0.001478
4,27,1400,1,0.001663
4,27,1400,2,0.001655
4,27,1400,3,0.001606
4,27,1600,1,0.001622
4,27,1600,2,0.001442
4,27,1600,3,0.001625
4,27,1800,1,0.001622
4,27,1800,2,0.001443
4,27,1800,3,0.001687
4,27,2000,1,0.001503
4,27,2000,2,0.001495
4,27,2000,3,0.001612
4,27,2200,1,0.001431
4,27,2200,2,0.001510
4,27,2200,3,0.001497
4,27,2400,1,0.001507
4,27,2400,2,0.001612
4,27,2400,3,0.001670
4,27,2600,1,0.001434
4,27,2600,2,0.001460
4,27,2600,3,0.001552
4,27,2800,1,0.001609
4,27,2800,2,0.001614
4,27,2800,3,0.001581
4,27,3000,1,0.001606
4,27,3000,2,0.001634
4,27,3000,3,0.001455
4,27,3200,1,0.001415
4,27,3200,2,0.001470
4,27,3200,3,0.001477
4,27,3400,1,0.001468
4,27,3400,2,0.001623
4,27,3400,3,0.001599
4,27,3600,1,0.001522
4,27,3600,2,0.001568
4,27,3600,3,0.001486
4,27,3800,1,0.001573
4,27,3800,2,0.001595
4,27,3800,3,0.001497
4,27,4000,1,0.001656
4,27,4000,2,0.001621
4,27,4000,3,0.001557
4,27,4200,1,0.001490
4,27,4200,2,0.001639
4,27,4200,3,0.001463
4,27,4400,1,0.001460
4,27,4400,2,0.001662
4,27,4400,3,0.001465
4,27,4600,1,0.001563
4,27,4600,2,0.001650
4,27,4600,3,0.001629
4,27,4800,1,0.001573
4,27,4800,2,0.001664
4,27,4800,3,0.001632
4,27,5000,1,0.001462
4,27,5000,2,0.001444
4,27,5000,3,0.001427
4,29,1000,1,0.001246
4,29,1000,2,0.001322
4,29,1000,3,0.001292
4,29,1200,1,0.001252
4,29,1200,2,0.001281
4,29,1200,3,0.001278
4,29,1400,1,0.001320
4,29,1400,2,0.001189
4,29,1400,3,0.001360
4,29,1600,1,0.001326
4,29,1600,2,0.001371
4,29,1600,3,0.001339
4,29,1800,1,0.001289
4,29,1800,2,0.001234
4,29,1800,3,0.001323
4,29,2000,1,0.001224
4,29,2000,2,0.001305
4,29,2000,3,0.001119
4,29,2200,1,0.001155
4,29,2200,2,0.001338
4,29,2200,3,0.001160
4,29,2400,1,0.001316
4,29,2400,2,0.001203
4,29,2400,3,0.001155
4,29,2600,1,0.001284
4,29,2600,2,0.001274
4,29,2600,3,0.001132
4,29,2800,1,0.001297
4,29,2800,2,0.001233
4,29,2800,3,0.001257
4,29,3000,1,0.001352
4,29,3000,2,0.001325
4,29,3000,3,0.001205
4,29,3200,1,0.001178
4,29,3200,2,0.001157
4,29,3200,3,0.001473
4,29,3400,1,0.001353
4,29,3400,2,0.001246
4,29,3400,3,0.001243
4,29,3600,1,0.001148
4,29,3600,2,0.001136
4,29,3600,3,0.001255
4,29,3800,1,0.001192
4,29,3800,2,0.001297
4,29,3800,3,0.001323
4,29,4000,1,0.001166
4,29,4000,2,0.001137
4,29,4000,3,0.001221
4,29,4200,1,0.001281
4,29,4200,2,0.001343
4,29,4200,3,0.001310
4,29,4400,1,0.001117
4,29,4400,2,0.001118
4,29,4400,3,0.001246
4,29,4600,1,0.001372
4,29,4600,2,0.001137
4,29,4600,3,0.001333
4,29,4800,1,0.001214
4,29,4800,2,0.001265
4,29,4800,3,0.001323
4,29,5000,1,0.001324
4,29,5000,2,0.001399
4,29,5000,3,0.001191
4,31,1000,1,0.001311
4,31,1000,2,0.001294
4,31,1000,3,0.001267
4,31,1200,1,0.001333
4,31,1200,2,0.001259
4,31,1200,3,0.001241
4,31,1400,1,0.001268
4,31,1400,2,0.001306
4,31,1400,3,0.001249
4,31,1600,1,0.001337
4,31,1600,2,0.001299
4,31,1600,3,0.001365
4,31,1800,1,0.001187
4,31,1800,2,0.001200
4,31,1800,3,0.001284
4,31,2000,1,0.001356
4,31,2000,2,0.001115
4,31,2000,3,0.001152
4,31,2200,1,0.001389
4,31,2200,2,0.001135
4,31,2200,3,0.001352
4,31,2400,1,0.001230
4,31,2400,2,0.001302
4,31,2400,3,0.001255
4,31,2600,1,0.001313
4,31,2600,2,0.001217
4,31,2600,3,0.001249
4,31,2800,1,0.001220
4,31,2800,2,0.001154
4,31,2800,3,0.001235
4,31,3000,1,0.001121
4,31,3000,2,0.001310
4,31,3000,3,0.001304
4,31,3200,1,0.001348
4,31,3200,2,0.001150
4,31,3200,3,0.001323
4,31,3400,1,0.001164
4,31,3400,2,0.001282
4,31,3400,3,0.001246
4,31,3600,1,0.001200
4,31,3600,2,0.001271
4,31,3600,3,0.001136
4,31,3800,1,0.001142
4,31,3800,2,0.001217
4,31,3800,3,0.001206
4,31,4000,1,0.001283
4,31,4000,2,0.001271
4,31,4000,3,0.001366
4,31,4200,1,0.001115
4,31,4200,2,0.001328
4,31,4200,3,0.001207
4,31,4400,1,0.001314
4,31,4400,2,0.001298
4,31,4400,3,0.001223
4,31,4600,1,0.001325
4,31,4600,2,0.001274
4,31,4600,3,0.001138
4,31,4800,1,0.001264
4,31,4800,2,0.001342
4,31,4800,3,0.001356
4,31,5000,1,0.001320
4,31,5000,2,0.001190
4,31,5000,3,0.001209
4,33,1000,1,0.001363
4,33,1000,2,0.001175
4,33,1000,3,0.001276
4,33,1200,1,0.001254
4,33,1200,2,0.001262
4,33,1200,3,0.001162
4,33,1400,1,0.001319
4,33,1400,2,0.001266
4,33,1400,3,0.001304
4,33,1600,1,0.001162
4,33,1600,2,0.001347
4,33,1600,3,0.001392
4,33,1800,1,0.001314
4,33,1800,2,0.001280
4,33,1800,3,0.001117
4,33,2000,1,0.001322
4,33,2000,2,0.001345
4,33,2000,3,0.001303
4,33,2200,1,0.001316
4,33,2200,2,0.001279
4,33,2200,3,0.001148
4,33,2400,1,0.001314
4,33,2400,2,0.001143
4,33,2400,3,0.001280
4,33,2600,1,0.001389
4,33,2600,2,0.001246
4,33,2600,3,0.001254
4,33,2800,1,0.001366
4,33,2800,2,0.001182
4,33,2800,3,0.001308
4,33,3000,1,0.001347
4,33,3000,2,0.001288
4,33,3000,3,0.001295
4,33,3200,1,0.001392
4,33,3200,2,0.001372
4,33,3200,3,0.001297
4,33,3400,1,0.001210
4,33,3400,2,0.001264
4,33,3400,3,0.001243
4,33,3600,1,0.001371
4,33,3600,2,0.001357
4,33,3600,3,0.001410
4,33,3800,1,0.001292
4,33,3800,2,0.001166
4,33,3800,3,0.001333
4,33,4000,1,0.001321
4,33,4000,2,0.001340
4,33,4000,3,0.001347
4,33,4200,1,0.001146
4,33,4200,2,0.001336
4,33,4200,3,0.001167
4,33,4400,1,0.001288
4,33,4400,2,0.001273
4,33,4400,3,0.001347
4,33,4600,1,0.001273
4,33,4600,2,0.001316
4,33,4600,3,0.001235
4,33,4800,1,0.001278
4,33,4800,2,0.001164
4,33,4800,3,0.001137
4,33,5000,1,0.001141
4,33,5000,2,0.001314
4,33,5000,3,0.001266
4,35,1000,1,0.001287
4,35,1000,2,0.001253
4,35,1000,3,0.001359
4,35,1200,1,0.001326
4,35,1200,2,0.001231
4,35,1200,3,0.001297
4,35,1400,1,0.001300
4,35,1400,2,0.001187
4,35,1400,3,0.001159
4,35,1600,1,0.001306
4,35,1600,2,0.001141
4,35,1600,3,0.001356
4,35,1800,1,0.001209
4,35,1800,2,0.001157
4,35,1800,3,0.001289
4,35,2000,1,0.001310
4,35,2000,2,0.001362
4,35,2000,3,0.001294
4,35,2200,1,0.001313
4,35,2200,2,0.001161
4,35,2200,3,0.001345
4,35,2400,1,0.001292
4,35,2400,2,0.001361
4,35,2400,3,0.001360
4,35,2600,1,0.001375
4,35,2600,2,0.001363
4,35,2600,3,0.001346
4,35,2800,1,0.001375
4,35,2800,2,0.001268
4,35,2800,3,0.001232
4,35,3000,1,0.001407
4,35,3000,2,0.001382
4,35,3000,3,0.001177
4,35,3200,1,0.001354
4,35,3200,2,0.001373
4,35,3200,3,0.001235
4,35,3400,1,0.001319
4,35,3400,2,0.001234
4,35,3400,3,0.001195
4,35,3600,1,0.001304
4,35,3600,2,0.001210
4,35,3600,3,0.001344
4,35,3800,1,0.001125
4,35,3800,2,0.001252
4,35,3800,3,0.001269
4,35,4000,1,0.001206
4,35,4000,2,0.001205
4,35,4000,3,0.001248
4,35,4200,1,0.001356
4,35,4200,2,0.001319
4,35,4200,3,0.001392
4,35,4400,1,0.001445
4,35,4400,2,0.001266
4,35,4400,3,0.001346
4,35,4600,1,0.001312
4,35,4600,2,0.001366
4,35,4600,3,0.001346
4,35,4800,1,0.001366
4,35,4800,2,0.001338
4,35,4800,3,0.001259
4,35,5000,1,0.001388
4,35,5000,2,0.001156
4,35,5000,3,0.001366
4,37,1000,1,0.001381
4,37,1000,2,0.001271
4,37,1000,3,0.001382
4,37,1200,1,0.001332
4,37,1200,2,0.001308
4,37,1200,3,0.001131
4,37,1400,1,0.001234
4,37,1400,2,0.001315
4,37,1400,3,0.001330
4,37,1600,1,0.001328
4,37,1600,2,0.001258
4,37,1600,3,0.001246
4,37,1800,1,0.001330
4,37,1800,2,0.001317
4,37,1800,3,0.001380
4,37,2000,1,0.001337
4,37,2000,2,0.001381
4,37,2000,3,0.001410
4,37,2200,1,0.001418
4,37,2200,2,0.001451
4,37,2200,3,0.001279
4,37,2400,1,0.001151
4,37,2400,2,0.001207
4,37,2400,3,0.001338
4,37,2600,1,0.001155
4,37,2600,2,0.001354
4,37,2600,3,0.001397
4,37,2800,1,0.001321
4,37,2800,2,0.001251
4,37,2800,3,0.001176
4,37,3000,1,0.001264
4,37,3000,2,0.001190
4,37,3000,3,0.001401
4,37,3200,1,0.001381
4,37,3200,2,0.001382
4,37,3200,3,0.001342
4,37,3400,1,0.001197
4,37,3400,2,0.001276
4,37,3400,3,0.001394
4,37,3600,1,0.001362
4,37,3600,2,0.001222
4,37,3600,3,0.001311
4,37,3800,1,0.001186
4,37,3800,2,0.001441
4,37,3800,3,0.001159
4,37,4000,1,0.001376
4,37,4000,2,0.001328
4,37,4000,3,0.001303
4,37,4200,1,0.001328
4,37,4200,2,0.001119
4,37,4200,3,0.001266
4,37,4400,1,0.001281
4,37,4400,2,0.001437
4,37,4400,3,0.001386
4,37,4600,1,0.001256
4,37,4600,2,0.001409
4,37,4600,3,0.001404
4,37,4800,1,0.001402
4,37,4800,2,0.001384
4,37,4800,3,0.001343
4,37,5000,1,0.001171
4,37,5000,2,0.001364
4,37,5000,3,0.001365
4,39,1000,1,0.001363
4,39,1000,2,0.001382
4,39,1000,3,0.001325
4,39,1200,1,0.001428
4,39,1200,2,0.001315
4,39,1200,3,0.001268
4,39,1400,1,0.001426
4,39,1400,2,0.001352
4,39,1400,3,0.001342
4,39,1600,1,0.001191
4,39,1600,2,0.001298
4,39,1600,3,0.001226
4,39,1800,1,0.001269
4,39,1800,2,0.001396
4,39,1800,3,0.001251
4,39,2000,1,0.001285
4,39,2000,2,0.001301
4,39,2000,3,0.001326
4,39,2200,1,0.001220
4,39,2200,2,0.001321
4,39,2200,3,0.001396
4,39,2400,1,0.001411
4,39,2400,2,0.001346
4,39,2400,3,0.001366
4,39,2600,1,0.001231
4,39,2600,2,0.001184
4,39,2600,3,0.001403
4,39,2800,1,0.001253
4,39,2800,2,0.001403
4,39,2800,3,0.001341
4,39,3000,1,0.001160
4,39,3000,2,0.001424
4,39,3000,3,0.001324
4,39,3200,1,0.001221
4,39,3200,2,0.001314
4,39,3200,3,0.001397
4,39,3400,1,0.001290
4,39,3400,2,0.001246
4,39,3400,3,0.001353
4,39,3600,1,0.001272
4,39,3600,2,0.001282
4,39,3600,3,0.001288
4,39,3800,1,0.001401
4,39,3800,2,0.001177
4,39,3800,3,0.001458
4,39,4000,1,0.001427
4,39,4000,2,0.001400
4,39,4000,3,0.001459
4,39,4200,1,0.001197
4,39,4200,2,0.001204
4,39,4200,3,0.001512
4,39,4400,1,0.001253
4,39,4400,2,0.001426
4,39,4400,3,0.001214
4,39,4600,1,0.001287
4,39,4600,2,0.001381
4,39,4600,3,0.001317
4,39,4800,1,0.001339
4,39,4800,2,0.001239
4,39,4800,3,0.001182
4,39,5000,1,0.001361
4,39,5000,2,0.001341
4,39,5000,3,0.001256
4,41,1000,1,0.001415
4,41,1000,2,0.001358
4,41,1000,3,0.001339
4,41,1200,1,0.001313
4,41,1200,2,0.001319
4,41,1200,3,0.001325
4,41,1400,1,0.001307
4,41,1400,2,0.001312
4,41,1400,3,0.001312
4,41,1600,1,0.001351
4,41,1600,2,0.001385
4,41,1600,3,0.001404
4,41,1800,1,0.001393
4,41,1800,2,0.001210
4,41,1800,3,0.001239
4,41,2000,1,0.001442
4,41,2000,2,0.001417
4,41,2000,3,0.001417
4,41,2200,1,0.001194
4,41,2200,2,0.001258
4,41,2200,3,0.001248
4,41,2400,1,0.001367
4,41,2400,2,0.001249
4,41,2400,3,0.001299
4,41,2600,1,0.001367
4,41,2600,2,0.001225
4,41,2600,3,0.001379
4,41,2800,1,0.001394
4,41,2800,2,0.001353
4,41,2800,3,0.001226
4,41,3000,1,0.001282
4,41,3000,2,0.001398
4,41,3000,3,0.001404
4,41,3200,1,0.001398
4,41,3200,2,0.001435
4,41,3200,3,0.001260
4,41,3400,1,0.001349
4,41,3400,2,0.001278
4,41,3400,3,0.001399
4,41,3600,1,0.001445
4,41,3600,2,0.001193
4,41,3600,3,0.001214
4,41,3800,1,0.001228
4,41,3800,2,0.001312
4,41,3800,3,0.001314
4,41,4000,1,0.001335
4,41,4000,2,0.001424
4,41,4000,3,0.001203
4,41,4200,1,0.001482
4,41,4200,2,0.001195
4,41,4200,3,0.001375
4,41,4400,1,0.001177
4,41,4400,2,0.001490
4,41,4400,3,0.001351
4,41,4600,1,0.001403
4,41,4600,2,0.001366
4,41,4600,3,0.001311
4,41,4800,1,0.001294
4,41,4800,2,0.001416
4,41,4800,3,0.001207
4,41,5000,1,0.001398
4,41,5000,2,0.001283
4,41,5000,3,0.001351
4,43,1000,1,0.001245
4,43,1000,2,0.001415
4,43,1000,3,0.001295
4,43,1200,1,0.001315
4,43,1200,2,0.001377
4,43,1200,3,0.001472
4,43,1400,1,0.001357
4,43,1400,2,0.001237
4,43,1400,3,0.001422
4,43,1600,1,0.001252
4,43,1600,2,0.001456
4,43,1600,3,0.001451
4,43,1800,1,0.001314
4,43,1800,2,0.001354
4,43,1800,3,0.001257
4,43,2000,1,0.001415
4,43,2000,2,0.001397
4,43,2000,3,0.001386
4,43,2200,1,0.001510
4,43,2200,2,0.001363
4,43,2200,3,0.001386
4,43,2400,1,0.001336
4,43,2400,2,0.001266
4,43,2400,3,0.001365
4,43,2600,1,0.001335
4,43,2600,2,0.001359
4,43,2600,3,0.001305
4,43,2800,1,0.001421
4,43,2800,2,0.001353
4,43,2800,3,0.001330
4,43,3000,1,0.001445
4,43,3000,2,0.001371
4,43,3000,3,0.001362
4,43,3200,1,0.001449
4,43,3200,2,0.001252
4,43,3200,3,0.001378
4,43,3400,1,0.001437
4,43,3400,2,0.001384
4,43,3400,3,0.001324
4,43,3600,1,0.001165
4,43,3600,2,0.001245
4,43,3600,3,0.001422
4,43,3800,1,0.001397
4,43,3800,2,0.001512
4,43,3800,3,0.001423
4,43,4000,1,0.001310
4,43,4000,2,0.001358
4,43,4000,3,0.001429
4,43,4200,1,0.001324
4,43,4200,2,0.001252
4,43,4200,3,0.001430
4,43,4400,1,0.001343
4,43,4400,2,0.001368
4,43,4400,3,0.001322
4,43,4600,1,0.001392
4,43,4600,2,0.001407
4,43,4600,3,0.001369
4,43,4800,1,0.001430
4,43,4800,2,0.001368
4,43,4800,3,0.001400
4,43,5000,1,0.001212
4,43,5000,2,0.001264
4,43,5000,3,0.001451
4,45,1000,1,0.001153
4,45,1000,2,0.000960
4,45,1000,3,0.001121
4,45,1200,1,0.001020
4,45,1200,2,0.001041
4,45,1200,3,0.000992
4,45,1400,1,0.001074
4,45,1400,2,0.001077
4,45,1400,3,0.001017
4,45,1600,1,0.001010
4,45,1600,2,0.001040
4,45,1600,3,0.001044
4,45,1800,1,0.001014
4,45,1800,2,0.000924
4,45,1800,3,0.001032
4,45,2000,1,0.000814
4,45,2000,2,0.000963
4,45,2000,3,0.000945
4,45,2200,1,0.001046
4,45,2200,2,0.000944
4,45,2200,3,0.001065
4,45,2400,1,0.001007
4,45,2400,2,0.001111
4,45,2400,3,0.001030
4,45,2600,1,0.001002
4,45,2600,2,0.001022
4,45,2600,3,0.001054
4,45,2800,1,0.000887
4,45,2800,2,0.000947
4,45,2800,3,0.000868
4,45,3000,1,0.001121
4,45,3000,2,0.000954
4,45,3000,3,0.000956
4,45,3200,1,0.000905
4,45,3200,2,0.000997
4,45,3200,3,0.000973
4,45,3400,1,0.000990
4,45,3400,2,0.000912
4,45,3400,3,0.001005
4,45,3600,1,0.001048
4,45,3600,2,0.001044
4,45,3600,3,0.001102
4,45,3800,1,0.000933
4,45,3800,2,0.001093
4,45,3800,3,0.000934
4,45,4000,1,0.000906
4,45,4000,2,0.001141
4,45,4000,3,0.001085
4,45,4200,1,0.001115
4,45,4200,2,0.001130
4,45,4200,3,0.000926
4,45,4400,1,0.001141
4,45,4400,2,0.001056
4,45,4400,3,0.001118
4,45,4600,1,0.000902
4,45,4600,2,0.001095
4,45,4600,3,0.001026
4,45,4800,1,0.001143
4,45,4800,2,0.001058
4,45,4800,3,0.000973
4,45,5000,1,0.000881
4,45,5000,2,0.001032
4,45,5000,3,0.000971
4,47,1000,1,0.001090
4,47,1000,2,0.001103
4,47,1000,3,0.001110
4,47,1200,1,0.001065
4,47,1200,2,0.001092
4,47,1200,3,0.001042
4,47,1400,1,0.001163
4,47,1400,2,0.000952
4,47,1400,3,0.000955
4,47,1600,1,0.000951
4,47,1600,2,0.001058
4,47,1600,3,0.001065
4,47,1800,1,0.001123
4,47,1800,2,0.001070
4,47,1800,3,0.001133
4,47,2000,1,0.001040
4,47,2000,2,0.001040
4,47,2000,3,0.001075
4,47,2200,1,0.001050
4,47,2200,2,0.001116
4,47,2200,3,0.001119
4,47,2400,1,0.001016
4,47,2400,2,0.001127
4,47,2400,3,0.000889
4,47,2600,1,0.001180
4,47,2600,2,0.001080
4,47,2600,3,0.001000
4,47,2800,1,0.000895
4,47,2800,2,0.001052
4,47,2800,3,0.000957
4,47,3000,1,0.001104
4,47,3000,2,0.000905
4,47,3000,3,0.001048
4,47,3200,1,0.001057
4,47,3200,2,0.001069
4,47,3200,3,0.001019
4,47,3400,1,0.000938
4,47,3400,2,0.001089
4,47,3400,3,0.001123
4,47,3600,1,0.000966
4,47,3600,2,0.001173
4,47,3600,3,0.000999
4,47,3800,1,0.001016
4,47,3800,2,0.001042
4,47,3800,3,0.001170
4,47,4000,1,0.001075
4,47,4000,2,0.001167
4,47,4000,3,0.000851
4,47,4200,1,0.001081
4,47,4200,2,0.000877
4,47,4200,3,0.001136
4,47,4400,1,0.001080
4,47,4400,2,0.001095
4,47,4400,3,0.000916
4,47,4600,1,0.000947
4,47,4600,2,0.000937
4,47,4600,3,0.001077
4,47,4800,1,0.000932
4,47,4800,2,0.000936
4,47,4800,3,0.001000
4,47,5000,1,0.001043
4,47,5000,2,0.000988
4,47,5000,3,0.001023
4,49,1000,1,0.000986
4,49,1000,2,0.001052
4,49,1000,3,0.001000
4,49,1200,1,0.001108
4,49,1200,2,0.000980
4,49,1200,3,0.001015
4,49,1400,1,0.000945
4,49,1400,2,0.001000
4,49,1400,3,0.000970
4,49,1600,1,0.000934
4,49,1600,2,0.001037
4,49,1600,3,0.001165
4,49,1800,1,0.001195
4,49,1800,2,0.001107
4,49,1800,3,0.001111
4,49,2000,1,0.000995
4,49,2000,2,0.001064
4,49,2000,3,0.000959
4,49,2200,1,0.001011
4,49,2200,2,0.001037
4,49,2200,3,0.001057
4,49,2400,1,0.001040
4,49,2400,2,0.000925
4,49,2400,3,0.001009
4,49,2600,1,0.000912
4,49,2600,2,0.000930
4,49,2600,3,0.001140
4,49,2800,1,0.001000
4,49,2800,2,0.000974
4,49,2800,3,0.000913
4,49,3000,1,0.000920
4,49,3000,2,0.001180
4,49,3000,3,0.001175
4,49,3200,1,0.001127
4,49,3200,2,0.001133
4,49,3200,3,0.001077
4,49,3400,1,0.001030
4,49,3400,2,0.001135
4,49,3400,3,0.001119
4,49,3600,1,0.001048
4,49,3600,2,0.001061
4,49,3600,3,0.001198
4,49,3800,1,0.001072
4,49,3800,2,0.000991
4,49,3800,3,0.001066
4,49,4000,1,0.001064
4,49,4000,2,0.001086
4,49,4000,3,0.000986
4,49,4200,1,0.001082
4,49,4200,2,0.000912
4,49,4200,3,0.001020
4,49,4400,1,0.000994
4,49,4400,2,0.000939
4,49,4400,3,0.000931
4,49,4600,1,0.001175
4,49,4600,2,0.001109
4,49,4600,3,0.001069
4,49,4800,1,0.000906
4,49,4800,2,0.001029
4,49,4800,3,0.001107
4,49,5000,1,0.001098
4,49,5000,2,0.000936
4,49,5000,3,0.000900
4,51,1000,1,0.001106
4,51,1000,2,0.001110
4,51,1000,3,0.000977
4,51,1200,1,0.001019
4,51,1200,2,0.001098
4,51,1200,3,0.001036
4,51,1400,1,0.001027
4,51,1400,2,0.001075
4,51,1400,3,0.001020
4,51,1600,1,0.000960
4,51,1600,2,0.001094
4,51,1600,3,0.001178
4,51,1800,1,0.001140
4,51,1800,2,0.001144
4,51,1800,3,0.001016
4,51,2000,1,0.001015
4,51,2000,2,0.001069
4,51,2000,3,0.001021
4,51,2200,1,0.001182
4,51,2200,2,0.001075
4,51,2200,3,0.001013
4,51,2400,1,0.001117
4,51,2400,2,0.001170
4,51,2400,3,0.001063
4,51,2600,1,0.001091
4,51,2600,2,0.001172
4,51,2600,3,0.001054
4,51,2800,1,0.001109
4,51,2800,2,0.000949
4,51,2800,3,0.001058
4,51,3000,1,0.001066
4,51,3000,2,0.000960
4,51,3000,3,0.001087
4,51,3200,1,0.000959
4,51,3200,2,0.000952
4,51,3200,3,0.001160
4,51,3400,1,0.001162
4,51,3400,2,0.001131
4,51,3400,3,0.000978
4,51,3600,1,0.001113
4,51,3600,2,0.001161
4,51,3600,3,0.001142
4,51,3800,1,0.001052
4,51,3800,2,0.000932
4,51,3800,3,0.000929
4,51,4000,1,0.000947
4,51,4000,2,0.001076
4,51,4000,3,0.001020
4,51,4200,1,0.001108
4,51,4200,2,0.001087
4,51,4200,3,0.001234
4,51,4400,1,0.001177
4,51,4400,2,0.001075
4,51,4400,3,0.001042
4,51,4600,1,0.001111
4,51,4600,2,0.001013
4,51,4600,3,0.000983
4,51,4800,1,0.000967
4,51,4800,2,0.001077
4,51,4800,3,0.000937
4,51,5000,1,0.001081
4,51,5000,2,0.001050
4,51,5000,3,0.000870
4,53,1000,1,0.001022
4,53,1000,2,0.001030
4,53,1000,3,0.001028
4,53,1200,1,0.001121
4,53,1200,2,0.000934
4,53,1200,3,0.001147
4,53,1400,1,0.001104
4,53,1400,2,0.001117
4,53,1400,3,0.001047
4,53,1600,1,0.000950
4,53,1600,2,0.001132
4,53,1600,3,0.001113
4,53,1800,1,0.001101
4,53,1800,2,0.001132
4,53,1800,3,0.001184
4,53,2000,1,0.000964
4,53,2000,2,0.001167
4,53,2000,3,0.001046
4,53,2200,1,0.001155
4,53,2200,2,0.001013
4,53,2200,3,0.001075
4,53,2400,1,0.001135
4,53,2400,2,0.001076
4,53,2400,3,0.001169
4,53,2600,1,0.001160
4,53,2600,2,0.001164
4,53,2600,3,0.001153
4,53,2800,1,0.000921
4,53,2800,2,0.001091
4,53,2800,3,0.000980
4,53,3000,1,0.001040
4,53,3000,2,0.001098
4,53,3000,3,0.001059
4,53,3200,1,0.001111
4,53,3200,2,0.001046
4,53,3200,3,0.000982
4,53,3400,1,0.001084
4,53,3400,2,0.001081
4,53,3400,3,0.001052
4,53,3600,1,0.001177
4,53,3600,2,0.001187
4,53,3600,3,0.001004
4,53,3800,1,0.001070
4,53,3800,2,0.001176
4,53,3800,3,0.000965
4,53,4000,1,0.001030
4,53,4000,2,0.001125
4,53,4000,3,0.001008
4,53,4200,1,0.001185
4,53,4200,2,0.001094
4,53,4200,3,0.001073
4,53,4400,1,0.000953
4,53,4400,2,0.001219
4,53,4400,3,0.001173
4,53,4600,1,0.001001
4,53,4600,2,0.000999
4,53,4600,3,0.001199
4,53,4800,1,0.001142
4,53,4800,2,0.001126
4,53,4800,3,0.000997
4,53,5000,1,0.000983
4,53,5000,2,0.001076
4,53,5000,3,0.000954
4,55,1000,1,0.001134
4,55,1000,2,0.000993
4,55,1000,3,0.001048
4,55,1200,1,0.001144
4,55,1200,2,0.001145
4,55,1200,3,0.001073
4,55,1400,1,0.001120
4,55,1400,2,0.001186
4,55,1400,3,0.001286
4,55,1600,1,0.000958
4,55,1600,2,0.001206
4,55,1600,3,0.001203
4,55,1800,1,0.001162
4,55,1800,2,0.001073
4,55,1800,3,0.001094
4,55,2000,1,0.001008
4,55,2000,2,0.001079
4,55,2000,3,0.001187
4,55,2200,1,0.001166
4,55,2200,2,0.001161
4,55,2200,3,0.001091
4,55,2400,1,0.001234
4,55,2400,2,0.001197
4,55,2400,3,0.001086
4,55,2600,1,0.001105
4,55,2600,2,0.001145
4,55,2600,3,0.001176
4,55,2800,1,0.000936
4,55,2800,2,0.001164
4,55,2800,3,0.001161
4,55,3000,1,0.000961
4,55,3000,2,0.001080
4,55,3000,3,0.001029
4,55,3200,1,0.001032
4,55,3200,2,0.001254
4,55,3200,3,0.001012
4,55,3400,1,0.001093
4,55,3400,2,0.000958
4,55,3400,3,0.001074
4,55,3600,1,0.001187
4,55,3600,2,0.001181
4,55,3600,3,0.001102
4,55,3800,1,0.001131
4,55,3800,2,0.000940
4,55,3800,3,0.001235
4,55,4000,1,0.001021
4,55,4000,2,0.001040
4,55,4000,3,0.001015
4,55,4200,1,0.001104
4,55,4200,2,0.001004
4,55,4200,3,0.000954
4,55,4400,1,0.001040
4,55,4400,2,0.001085
4,55,4400,3,0.001144
4,55,4600,1,0.001052
4,55,4600,2,0.001096
4,55,4600,3,0.001166
4,55,4800,1,0.001116
4,55,4800,2,0.001113
4,55,4800,3,0.001112
4,55,5000,1,0.001047
4,55,5000,2,0.001162
4,55,5000,3,0.000995
4,57,1000,1,0.001021
4,57,1000,2,0.001032
4,57,1000,3,0.001208
4,57,1200,1,0.001221
4,57,1200,2,0.001069
4,57,1200,3,0.001126
4,57,1400,1,0.001068
4,57,1400,2,0.001126
4,57,1400,3,0.001123
4,57,1600,1,0.000991
4,57,1600,2,0.001181
4,57,1600,3,0.001264
4,57,1800,1,0.001099
4,57,1800,2,0.001099
4,57,1800,3,0.000962
4,57,2000,1,0.001198
4,57,2000,2,0.001150
4,57,2000,3,0.000980
4,57,2200,1,0.001014
4,57,2200,2,0.001249
4,57,2200,3,0.001162
4,57,2400,1,0.001093
4,57,2400,2,0.001210
4,57,2400,3,0.001225
4,57,2600,1,0.001235
4,57,2600,2,0.001021
4,57,2600,3,0.001151
4,57,2800,1,0.001195
4,57,2800,2,0.001159
4,57,2800,3,0.001072
4,57,3000,1,0.000961
4,57,3000,2,0.001076
4,57,3000,3,0.001170
4,57,3200,1,0.001260
4,57,3200,2,0.001145
4,57,3200,3,0.001046
4,57,3400,1,0.001167
4,57,3400,2,0.001198
4,57,3400,3,0.001138
4,57,3600,1,0.001118
4,57,3600,2,0.001221
4,57,3600,3,0.001035
4,57,3800,1,0.001114
4,57,3800,2,0.001161
4,57,3800,3,0.001025
4,57,4000,1,0.001128
4,57,4000,2,0.001210
4,57,4000,3,0.001107
4,57,4200,1,0.000976
4,57,4200,2,0.000956
4,57,4200,3,0.001034
4,57,4400,1,0.001170
4,57,4400,2,0.001168
4,57,4400,3,0.001122
4,57,4600,1,0.001150
4,57,4600,2,0.001144
4,57,4600,3,0.001126
4,57,4800,1,0.000989
4,57,4800,2,0.001165
4,57,4800,3,0.001042
4,57,5000,1,0.001129
4,57,5000,2,0.001177
4,57,5000,3,0.001012
4,59,1000,1,0.001115
4,59,1000,2,0.001171
4,59,1000,3,0.001114
4,59,1200,1,0.001153
4,59,1200,2,0.001127
4,59,1200,3,0.001109
4,59,1400,1,0.001125
4,59,1400,2,0.001152
4,59,1400,3,0.001113
4,59,1600,1,0.001157
4,59,1600,2,0.001165
4,59,1600,3,0.001160
4,59,1800,1,0.001262
4,59,1800,2,0.001072
4,59,1800,3,0.001162
4,59,2000,1,0.001009
4,59,2000,2,0.001336
4,59,2000,3,0.000952
4,59,2200,1,0.001199
4,59,2200,2,0.001099
4,59,2200,3,0.001013
4,59,2400,1,0.000997
4,59,2400,2,0.001107
4,59,2400,3,0.001026
4,59,2600,1,0.001181
4,59,2600,2,0.001236
4,59,2600,3,0.001024
4,59,2800,1,0.001005
4,59,2800,2,0.001104
4,59,2800,3,0.001231
4,59,3000,1,0.001207
4,59,3000,2,0.001107
4,59,3000,3,0.001185
4,59,3200,1,0.001069
4,59,3200,2,0.000995
4,59,3200,3,0.001140
4,59,3400,1,0.001052
4,59,3400,2,0.001231
4,59,3400,3,0.001077
4,59,3600,1,0.001111
4,59,3600,2,0.001196
4,59,3600,3,0.001033
4,59,3800,1,0.001183
4,59,3800,2,0.000963
4,59,3800,3,0.001177
4,59,4000,1,0.001112
4,59,4000,2,0.000956
4,59,4000,3,0.001088
4,59,4200,1,0.001177
4,59,4200,2,0.001037
4,59,4200,3,0.001178
4,59,4400,1,0.001221
4,59,4400,2,0.000998
4,59,4400,3,0.001184
4,59,4600,1,0.001121
4,59,4600,2,0.001107
4,59,4600,3,0.001208
4,59,4800,1,0.001216
4,59,4800,2,0.001242
4,59,4800,3,0.001093
4,59,5000,1,0.001080
4,59,5000,2,0.001104
4,59,5000,3,0.001028
4,61,1000,1,0.001065
4,61,1000,2,0.001057
4,61,1000,3,0.001170
4,61,1200,1,0.001211
4,61,1200,2,0.001178
4,61,1200,3,0.001167
4,61,1400,1,0.000959
4,61,1400,2,0.001028
4,61,1400,3,0.001120
4,61,1600,1,0.001271
4,61,1600,2,0.000987
4,61,1600,3,0.001248
4,61,1800,1,0.001066
4,61,1800,2,0.001055
4,61,1800,3,0.001230
4,61,2000,1,0.000999
4,61,2000,2,0.001269
4,61,2000,3,0.001164
4,61,2200,1,0.001197
4,61,2200,2,0.001258
4,61,2200,3,0.001125
4,61,2400,1,0.001200
4,61,2400,2,0.001220
4,61,2400,3,0.001209
4,61,2600,1,0.001123
4,61,2600,2,0.001211
4,61,2600,3,0.001201
4,61,2800,1,0.001054
4,61,2800,2,0.001121
4,61,2800,3,0.001076
4,61,3000,1,0.001157
4,61,3000,2,0.001262
4,61,3000,3,0.001169
4,61,3200,1,0.001001
4,61,3200,2,0.001162
4,61,3200,3,0.001204
4,61,3400,1,0.001188
4,61,3400,2,0.001151
4,61,3400,3,0.001114
4,61,3600,1,0.001090
4,61,3600,2,0.001060
4,61,3600,3,0.001318
4,61,3800,1,0.001063
4,61,3800,2,0.001025
4,61,3800,3,0.001053
4,61,4000,1,0.001170
4,61,4000,2,0.001235
4,61,4000,3,0.001196
4,61,4200,1,0.001045
4,61,4200,2,0.001127
4,61,4200,3,0.001162
4,61,4400,1,0.001195
4,61,4400,2,0.001264
4,61,4400,3,0.001116
4,61,4600,1,0.001118
4,61,4600,2,0.001082
4,61,4600,3,0.001225
4,61,4800,1,0.001296
4,61,4800,2,0.001173
4,61,4800,3,0.001227
4,61,5000,1,0.001092
4,61,5000,2,0.001126
4,61,5000,3,0.001025
4,63,1000,1,0.001060
4,63,1000,2,0.001027
4,63,1000,3,0.001197
4,63,1200,1,0.001052
4,63,1200,2,0.001208
4,63,1200,3,0.001163
4,63,1400,1,0.001252
4,63,1400,2,0.001121
4,63,1400,3,0.001348
4,63,1600,1,0.001064
4,63,1600,2,0.001289
4,63,1600,3,0.001172
4,63,1800,1,0.001055
4,63,1800,2,0.001173
4,63,1800,3,0.001166
4,63,2000,1,0.001185
4,63,2000,2,0.001233
4,63,2000,3,0.001117
4,63,2200,1,0.001217
4,63,2200,2,0.001242
4,63,2200,3,0.001186
4,63,2400,1,0.001199
4,63,2400,2,0.001196
4,63,2400,3,0.001117
4,63,2600,1,0.001223
4,63,2600,2,0.001186
4,63,2600,3,0.001184
4,63,2800,1,0.001149
4,63,2800,2,0.001266
4,63,2800,3,0.001188
4,63,3000,1,0.001175
4,63,3000,2,0.001167
4,63,3000,3,0.001072
4,63,3200,1,0.001138
4,63,3200,2,0.001160
4,63,3200,3,0.001125
4,63,3400,1,0.001040
4,63,3400,2,0.001125
4,63,3400,3,0.001240
4,63,3600,1,0.001012
4,63,3600,2,0.001042
4,63,3600,3,0.001183
4,63,3800,1,0.001184
4,63,3800,2,0.001041
4,63,3800,3,0.001142
4,63,4000,1,0.001177
4,63,4000,2,0.001224
4,63,4000,3,0.001102
4,63,4200,1,0.001052
4,63,4200,2,0.001228
4,63,4200,3,0.001253
4,63,4400,1,0.001253
4,63,4400,2,0.001157
4,63,4400,3,0.001234
4,63,4600,1,0.001092
4,63,4600,2,0.001015
4,63,4600,3,0.000989
4,63,4800,1,0.001071
4,63,4800,2,0.001190
4,63,4800,3,0.001192
4,63,5000,1,0.001045
4,63,5000,2,0.001105
4,63,5000,3,0.001242
4,65,1000,1,0.001190
4,65,1000,2,0.001152
4,65,1000,3,0.001188
4,65,1200,1,0.001105
4,65,1200,2,0.001186
4,65,1200,3,0.001063
4,65,1400,1,0.001181
4,65,1400,2,0.001177
4,65,1400,3,0.001198
4,65,1600,1,0.001279
4,65,1600,2,0.001272
4,65,1600,3,0.001156
4,65,1800,1,0.001132
4,65,1800,2,0.001157
4,65,1800,3,0.001005
4,65,2000,1,0.001154
4,65,2000,2,0.001266
4,65,2000,3,0.001268
4,65,2200,1,0.001217
4,65,2200,2,0.001264
4,65,2200,3,0.001143
4,65,2400,1,0.001251
4,65,2400,2,0.001215
4,65,2400,3,0.001272
4,65,2600,1,0.001242
4,65,2600,2,0.001191
4,65,2600,3,0.001173
4,65,2800,1,0.001236
4,65,2800,2,0.001085
4,65,2800,3,0.001229
4,65,3000,1,0.001319
4,65,3000,2,0.001210
4,65,3000,3,0.001298
4,65,3200,1,0.001268
4,65,3200,2,0.001077
4,65,3200,3,0.001136
4,65,3400,1,0.001081
4,65,3400,2,0.001193
4,65,3400,3,0.001223
4,65,3600,1,0.001034
4,65,3600,2,0.001237
4,65,3600,3,0.001289
4,65,3800,1,0.001153
4,65,3800,2,0.001185
4,65,3800,3,0.001194
4,65,4000,1,0.001179
4,65,4000,2,0.001280
4,65,4000,3,0.001233
4,65,4200,1,0.001215
4,65,4200,2,0.001213
4,65,4200,3,0.001091
4,65,4400,1,0.001164
4,65,4400,2,0.001288
4,65,4400,3,0.001255
4,65,4600,1,0.001171
4,65,4600,2,0.001154
4,65,4600,3,0.001065
4,65,4800,1,0.001128
4,65,4800,2,0.001208
4,65,4800,3,0.001155
4,65,5000,1,0.001238
4,65,5000,2,0.001231
4,65,5000,3,0.001119
4,67,1000,1,0.001292
4,67,1000,2,0.001130
4,67,1000,3,0.001285
4,67,1200,1,0.001127
4,67,1200,2,0.001216
4,67,1200,3,0.001124
4,67,1400,1,0.001152
4,67,1400,2,0.001141
4,67,1400,3,0.001152
4,67,1600,1,0.001170
4,67,1600,2,0.001168
4,67,1600,3,0.001093
4,67,1800,1,0.001109
4,67,1800,2,0.001194
4,67,1800,3,0.001204
4,67,2000,1,0.001226
4,67,2000,2,0.001205
4,67,2000,3,0.001273
4,67,2200,1,0.001104
4,67,2200,2,0.001154
4,67,2200,3,0.001249
4,67,2400,1,0.001294
4,67,2400,2,0.001134
4,67,2400,3,0.001239
4,67,2600,1,0.001073
4,67,2600,2,0.001212
4,67,2600,3,0.001200
4,67,2800,1,0.001225
4,67,2800,2,0.001235
4,67,2800,3,0.001108
4,67,3000,1,0.001249
4,67,3000,2,0.001234
4,67,3000,3,0.001243
4,67,3200,1,0.001239
4,67,3200,2,0.001260
4,67,3200,3,0.001134
4,67,3400,1,0.001209
4,67,3400,2,0.001161
4,67,3400,3,0.001159
4,67,3600,1,0.001020
4,67,3600,2,0.001243
4,67,3600,3,0.001071
4,67,3800,1,0.001123
4,67,3800,2,0.001190
4,67,3800,3,0.001224
4,67,4000,1,0.001230
4,67,4000,2,0.001265
4,67,4000,3,0.001260
4,67,4200,1,0.001053
4,67,4200,2,0.001293
4,67,4200,3,0.001269
4,67,4400,1,0.001249
4,67,4400,2,0.001288
4,67,4400,3,0.001308
4,67,4600,1,0.001277
4,67,4600,2,0.001164
4,67,4600,3,0.001282
4,67,4800,1,0.001231
4,67,4800,2,0.001285
4,67,4800,3,0.001183
4,67,5000,1,0.001288
4,67,5000,2,0.001262
4,67,5000,3,0.001162
4,69,1000,1,0.001238
4,69,1000,2,0.001150
4,69,1000,3,0.001226
4,69,1200,1,0.001229
4,69,1200,2,0.001216
4,69,1200,3,0.001167
4,69,1400,1,0.001211
4,69,1400,2,0.001123
4,69,1400,3,0.001266
4,69,1600,1,0.001258
4,69,1600,2,0.001219
4,69,1600,3,0.001071
4,69,1800,1,0.001155
4,69,1800,2,0.001131
4,69,1800,3,0.001253
4,69,2000,1,0.001229
4,69,2000,2,0.001240
4,69,2000,3,0.001090
4,69,2200,1,0.001317
4,69,2200,2,0.001151
4,69,2200,3,0.001092
4,69,2400,1,0.001212
4,69,2400,2,0.001129
4,69,2400,3,0.001230
4,69,2600,1,0.001205
4,69,2600,2,0.001149
4,69,2600,3,0.001218
4,69,2800,1,0.001263
4,69,2800,2,0.001292
4,69,2800,3,0.001329
4,69,3000,1,0.001287
4,69,3000,2,0.001259
4,69,3000,3,0.001305
4,69,3200,1,0.001277
4,69,3200,2,0.001082
4,69,3200,3,0.001250
4,69,3400,1,0.001169
4,69,3400,2,0.001357
4,69,3400,3,0.001229
4,69,3600,1,0.001218
4,69,3600,2,0.001274
4,69,3600,3,0.001160
4,69,3800,1,0.001249
4,69,3800,2,0.001294
4,69,3800,3,0.001250
4,69,4000,1,0.001229
4,69,4000,2,0.001117
4,69,4000,3,0.001322
4,69,4200,1,0.001308
4,69,4200,2,0.001235
4,69,4200,3,0.001181
4,69,4400,1,0.001280
4,69,4400,2,0.001283
4,69,4400,3,0.001273
4,69,4600,1,0.001098
4,69,4600,2,0.001244
4,69,4600,3,0.001218
4,69,4800,1,0.001343
4,69,4800,2,0.001385
4,69,4800,3,0.001296
4,69,5000,1,0.001237
4,69,5000,2,0.001135
4,69,5000,3,0.001295
4,71,1000,1,0.001128
4,71,1000,2,0.001213
4,71,1000,3,0.001308
4,71,1200,1,0.001169
4,71,1200,2,0.001212
4,71,1200,3,0.001215
4,71,1400,1,0.001230
4,71,1400,2,0.001210
4,71,1400,3,0.001211
4,71,1600,1,0.001208
4,71,1600,2,0.001224
4,71,1600,3,0.001186
4,71,1800,1,0.001208
4,71,1800,2,0.001108
4,71,1800,3,0.001129
4,71,2000,1,0.001253
4,71,2000,2,0.001180
4,71,2000,3,0.001231
4,71,2200,1,0.001219
4,71,2200,2,0.001185
4,71,2200,3,0.001139
4,71,2400,1,0.001129
4,71,2400,2,0.001333
4,71,2400,3,0.001235
4,71,2600,1,0.001280
4,71,2600,2,0.001146
4,71,2600,3,0.001128
4,71,2800,1,0.001299
4,71,2800,2,0.001370
4,71,2800,3,0.001176
4,71,3000,1,0.001061
4,71,3000,2,0.001266
4,71,3000,3,0.001138
4,71,3200,1,0.001413
4,71,3200,2,0.001042
4,71,3200,3,0.001290
4,71,3400,1,0.001186
4,71,3400,2,0.001076
4,71,3400,3,0.001297
4,71,3600,1,0.001016
4,71,3600,2,0.001292
4,71,3600,3,0.001216
4,71,3800,1,0.001190
4,71,3800,2,0.001226
4,71,3800,3,0.001095
4,71,4000,1,0.001072
4,71,4000,2,0.001355
4,71,4000,3,0.001256
4,71,4200,1,0.001168
4,71,4200,2,0.001304
4,71,4200,3,0.001245
4,71,4400,1,0.001264
4,71,4400,2,0.001303
4,71,4400,3,0.001330
4,71,4600,1,0.001364
4,71,4600,2,0.001138
4,71,4600,3,0.001312
4,71,4800,1,0.001091
4,71,4800,2,0.001076
4,71,4800,3,0.001183
4,71,5000,1,0.001369
4,71,5000,2,0.001158
4,71,5000,3,0.001211
4,73,1000,1,0.001243
4,73,1000,2,0.001267
4,73,1000,3,0.001081
4,73,1200,1,0.001175
4,73,1200,2,0.001132
4,73,1200,3,0.001182
4,73,1400,1,0.001192
4,73,1400,2,0.001318
4,73,1400,3,0.001218
4,73,1600,1,0.001187
4,73,1600,2,0.001213
4,73,1600,3,0.000889
4,73,1800,1,0.001255
4,73,1800,2,0.001221
4,73,1800,3,0.001190
4,73,2000,1,0.001131
4,73,2000,2,0.001219
4,73,2000,3,0.001200
4,73,2200,1,0.001325
4,73,2200,2,0.001226
4,73,2200,3,0.001393
4,73,2400,1,0.001036
4,73,2400,2,0.001111
4,73,2400,3,0.001371
4,73,2600,1,0.001241
4,73,2600,2,0.001099
4,73,2600,3,0.001312
4,73,2800,1,0.001256
4,73,2800,2,0.001142
4,73,2800,3,0.001235
4,73,3000,1,0.001154
4,73,3000,2,0.001186
4,73,3000,3,0.001231
4,73,3200,1,0.001257
4,73,3200,2,0.001306
4,73,3200,3,0.001163
4,73,3400,1,0.001274
4,73,3400,2,0.001334
4,73,3400,3,0.001284
4,73,3600,1,0.001205
4,73,3600,2,0.001398
4,73,3600,3,0.001150
4,73,3800,1,0.001376
4,73,3800,2,0.001110
4,73,3800,3,0.001112
4,73,4000,1,0.001301
4,73,4000,2,0.001259
4,73,4000,3,0.001337
4,73,4200,1,0.001251
4,73,4200,2,0.001349
4,73,4200,3,0.001328
4,73,4400,1,0.001199
4,73,4400,2,0.001095
4,73,4400,3,0.001196
4,73,4600,1,0.001312
4,73,4600,2,0.001303
4,73,4600,3,0.001168
4,73,4800,1,0.001142
4,73,4800,2,0.001202
4,73,4800,3,0.001222
4,73,5000,1,0.001363
4,73,5000,2,0.001263
4,73,5000,3,0.001261
4,75,1000,1,0.001130
4,75,1000,2,0.001217
4,75,1000,3,0.001337
4,75,1200,1,0.001282
4,75,1200,2,0.001176
4,75,1200,3,0.001224
4,75,1400,1,0.001277
4,75,1400,2,0.001273
4,75,1400,3,0.001190
4,75,1600,1,0.001208
4,75,1600,2,0.001325
4,75,1600,3,0.001234
4,75,1800,1,0.001196
4,75,1800,2,0.001188
4,75,1800,3,0.001305
4,75,2000,1,0.001366
4,75,2000,2,0.001335
4,75,2000,3,0.001307
4,75,2200,1,0.001165
4,75,2200,2,0.001249
4,75,2200,3,0.001229
4,75,2400,1,0.001140
4,75,2400,2,0.001363
4,75,2400,3,0.001409
4,75,2600,1,0.001138
4,75,2600,2,0.001213
4,75,2600,3,0.001148
4,75,2800,1,0.001132
4,75,2800,2,0.001253
4,75,2800,3,0.001143
4,75,3000,1,0.001153
4,75,3000,2,0.001124
4,75,3000,3,0.001262
4,75,3200,1,0.001125
4,75,3200,2,0.001261
4,75,3200,3,0.001281
4,75,3400,1,0.001163
4,75,3400,2,0.001344
4,75,3400,3,0.001419
4,75,3600,1,0.001208
4,75,3600,2,0.001160
4,75,3600,3,0.001150
4,75,3800,1,0.001276
4,75,3800,2,0.001268
4,75,3800,3,0.001130
4,75,4000,1,0.001153
4,75,4000,2,0.001333
4,75,4000,3,0.001402
4,75,4200,1,0.001306
4,75,4200,2,0.001313
4,75,4200,3,0.001145
4,75,4400,1,0.001153
4,75,4400,2,0.001283
4,75,4400,3,0.001170
4,75,4600,1,0.001302
4,75,4600,2,0.001115
4,75,4600,3,0.001139
4,75,4800,1,0.001279
4,75,4800,2,0.001365
4,75,4800,3,0.001141
4,75,5000,1,0.001136
4,75,5000,2,0.001080
4,75,5000,3,0.001266
4,77,1000,1,0.001309
4,77,1000,2,0.001258
4,77,1000,3,0.001301
4,77,1200,1,0.001289
4,77,1200,2,0.001285
4,77,1200,3,0.001247
4,77,1400,1,0.001340
4,77,1400,2,0.001171
4,77,1400,3,0.001337
4,77,1600,1,0.001365
4,77,1600,2,0.001364
4,77,1600,3,0.001283
4,77,1800,1,0.001305
4,77,1800,2,0.001121
4,77,1800,3,0.001241
4,77,2000,1,0.001296
4,77,2000,2,0.001166
4,77,2000,3,0.001166
4,77,2200,1,0.001336
4,77,2200,2,0.001299
4,77,2200,3,0.001175
4,77,2400,1,0.001422
4,77,2400,2,0.001099
4,77,2400,3,0.001315
4,77,2600,1,0.001170
4,77,2600,2,0.001301
4,77,2600,3,0.001190
4,77,2800,1,0.001081
4,77,2800,2,0.001089
4,77,2800,3,0.001351
4,77,3000,1,0.001307
4,77,3000,2,0.001161
4,77,3000,3,0.001307
4,77,3200,1,0.001236
4,77,3200,2,0.001297
4,77,3200,3,0.001370
4,77,3400,1,0.001235
4,77,3400,2,0.001365
4,77,3400,3,0.001143
4,77,3600,1,0.001219
4,77,3600,2,0.001137
4,77,3600,3,0.001337
4,77,3800,1,0.001346
4,77,3800,2,0.001345
4,77,3800,3,0.001253
4,77,4000,1,0.001289
4,77,4000,2,0.001139
4,77,4000,3,0.001338
4,77,4200,1,0.001325
4,77,4200,2,0.001146
4,77,4200,3,0.001331
4,77,4400,1,0.001332
4,77,4400,2,0.001323
4,77,4400,3,0.001173
4,77,4600,1,0.001285
4,77,4600,2,0.001057
4,77,4600,3,0.001233
4,77,4800,1,0.001203
4,77,4800,2,0.001258
4,77,4800,3,0.001108
4,77,5000,1,0.001314
4,77,5000,2,0.001120
4,77,5000,3,0.001257
4,79,1000,1,0.001267
4,79,1000,2,0.001154
4,79,1000,3,0.001323
4,79,1200,1,0.001285
4,79,1200,2,0.001434
4,79,1200,3,0.001218
4,79,1400,1,0.001368
4,79,1400,2,0.001252
4,79,1400,3,0.001192
4,79,1600,1,0.001357
4,79,1600,2,0.001376
4,79,1600,3,0.001388
4,79,1800,1,0.001287
4,79,1800,2,0.001288
4,79,1800,3,0.001278
4,79,2000,1,0.001265
4,79,2000,2,0.001388
4,79,2000,3,0.001329
4,79,2200,1,0.001305
4,79,2200,2,0.001404
4,79,2200,3,0.001291
4,79,2400,1,0.001195
4,79,2400,2,0.001330
4,79,2400,3,0.001294
4,79,2600,1,0.001289
4,79,2600,2,0.001468
4,79,2600,3,0.001366
4,79,2800,1,0.001378
4,79,2800,2,0.001208
4,79,2800,3,0.001112
4,79,3000,1,0.001244
4,79,3000,2,0.001262
4,79,3000,3,0.001414
4,79,3200,1,0.001348
4,79,3200,2,0.001361
4,79,3200,3,0.001249
4,79,3400,1,0.001104
4,79,3400,2,0.001353
4,79,3400,3,0.001066
4,79,3600,1,0.001101
4,79,3600,2,0.001325
4,79,3600,3,0.001255
4,79,3800,1,0.001283
4,79,3800,2,0.001167
4,79,3800,3,0.001354
4,79,4000,1,0.001123
4,79,4000,2,0.001180
4,79,4000,3,0.001196
4,79,4200,1,0.001340
4,79,4200,2,0.001305
4,79,4200,3,0.001189
4,79,4400,1,0.001383
4,79,4400,2,0.001303
4,79,4400,3,0.001414
4,79,4600,1,0.001374
4,79,4600,2,0.001332
4,79,4600,3,0.001086
4,79,4800,1,0.001336
4,79,4800,2,0.001409
4,79,4800,3,0.001318
4,79,5000,1,0.001346
4,79,5000,2,0.001323
4,79,5000,3,0.001278
4,81,1000,1,0.001216
4,81,1000,2,0.001395
4,81,1000,3,0.001328
4,81,1200,1,0.000986
4,81,1200,2,0.001347
4,81,1200,3,0.001291
4,81,1400,1,0.001331
4,81,1400,2,0.001367
4,81,1400,3,0.001178
4,81,1600,1,0.001346
4,81,1600,2,0.001247
4,81,1600,3,0.001047
4,81,1800,1,0.001122
4,81,1800,2,0.001260
4,81,1800,3,0.001352
4,81,2000,1,0.001314
4,81,2000,2,0.001307
4,81,2000,3,0.001157
4,81,2200,1,0.001290
4,81,2200,2,0.001119
4,81,2200,3,0.001245
4,81,2400,1,0.001133
4,81,2400,2,0.001135
4,81,2400,3,0.001235
4,81,2600,1,0.001076
4,81,2600,2,0.001243
4,81,2600,3,0.001272
4,81,2800,1,0.001316
4,81,2800,2,0.001090
4,81,2800,3,0.001116
4,81,3000,1,0.001207
4,81,3000,2,0.001280
4,81,3000,3,0.001033
4,81,3200,1,0.001028
4,81,3200,2,0.001135
4,81,3200,3,0.001265
4,81,3400,1,0.001133
4,81,3400,2,0.001170
4,81,3400,3,0.001385
4,81,3600,1,0.001253
4,81,3600,2,0.001381
4,81,3600,3,0.001172
4,81,3800,1,0.001317
4,81,3800,2,0.001266
4,81,3800,3,0.001285
4,81,4000,1,0.001199
4,81,4000,2,0.001201
4,81,4000,3,0.001286
4,81,4200,1,0.001250
4,81,4200,2,0.001058
4,81,4200,3,0.001349
4,81,4400,1,0.001047
4,81,4400,2,0.001307
4,81,4400,3,0.001259
4,81,4600,1,0.001307
4,81,4600,2,0.001244
4,81,4600,3,0.001138
4,81,4800,1,0.001272
4,81,4800,2,0.001243
4,81,4800,3,0.001269
4,81,5000,1,0.001259
4,81,5000,2,0.001438
4,81,5000,3,0.001137
4,83,1000,1,0.001201
4,83,1000,2,0.001236
4,83,1000,3,0.001245
4,83,1200,1,0.001252
4,83,1200,2,0.001338
4,83,1200,3,0.001181
4,83,1400,1,0.001270
4,83,1400,2,0.001366
4,83,1400,3,0.001334
4,83,1600,1,0.001215
4,83,1600,2,0.001219
4,83,1600,3,0.001323
4,83,1800,1,0.001308
4,83,1800,2,0.001271
4,83,1800,3,0.001145
4,83,2000,1,0.001262
4,83,2000,2,0.001173
4,83,2000,3,0.001302
4,83,2200,1,0.001135
4,83,2200,2,0.001300
4,83,2200,3,0.001367
4,83,2400,1,0.001214
4,83,2400,2,0.001308
4,83,2400,3,0.001208
4,83,2600,1,0.001291
4,83,2600,2,0.001246
4,83,2600,3,0.001376
4,83,2800,1,0.001106
4,83,2800,2,0.001083
4,83,2800,3,0.001235
4,83,3000,1,0.001052
4,83,3000,2,0.001147
4,83,3000,3,0.001329
4,83,3200,1,0.001377
4,83,3200,2,0.001330
4,83,3200,3,0.001380
4,83,3400,1,0.001285
4,83,3400,2,0.001178
4,83,3400,3,0.001138
4,83,3600,1,0.001240
4,83,3600,2,0.001247
4,83,3600,3,0.001298
4,83,3800,1,0.001435
4,83,3800,2,0.001206
4,83,3800,3,0.001198
4,83,4000,1,0.001124
4,83,4000,2,0.001302
4,83,4000,3,0.001191
4,83,4200,1,0.001368
4,83,4200,2,0.001190
4,83,4200,3,0.001347
4,83,4400,1,0.001372
4,83,4400,2,0.001105
4,83,4400,3,0.001311
4,83,4600,1,0.001394
4,83,4600,2,0.001174
4,83,4600,3,0.001366
4,83,4800,1,0.001253
4,83,4800,2,0.001334
4,83,4800,3,0.001177
4,83,5000,1,0.001394
4,83,5000,2,0.001208
4,83,5000,3,0.001053
4,85,1000,1,0.001133
4,85,1000,2,0.001281
4,85,1000,3,0.001327
4,85,1200,1,0.001413
4,85,1200,2,0.001110
4,85,1200,3,0.001209
4,85,1400,1,0.001103
4,85,1400,2,0.001096
4,85,1400,3,0.001109
4,85,1600,1,0.001438
4,85,1600,2,0.001051
4,85,1600,3,0.001079
4,85,1800,1,0.001271
4,85,1800,2,0.001204
4,85,1800,3,0.001264
4,85,2000,1,0.001388
4,85,2000,2,0.001379
4,85,2000,3,0.001302
4,85,2200,1,0.001055
4,85,2200,2,0.001066
4,85,2200,3,0.001422
4,85,2400,1,0.001318
4,85,2400,2,0.001001
4,85,2400,3,0.001415
4,85,2600,1,0.001434
4,85,2600,2,0.001338
4,85,2600,3,0.001420
4,85,2800,1,0.001256
4,85,2800,2,0.001099
4,85,2800,3,0.001372
4,85,3000,1,0.001246
4,85,3000,2,0.001061
4,85,3000,3,0.001419
4,85,3200,1,0.001197
4,85,3200,2,0.001084
4,85,3200,3,0.001336
4,85,3400,1,0.001323
4,85,3400,2,0.001237
4,85,3400,3,0.001047
4,85,3600,1,0.001110
4,85,3600,2,0.001348
4,85,3600,3,0.001422
4,85,3800,1,0.001423
4,85,3800,2,0.001177
4,85,3800,3,0.001298
4,85,4000,1,0.001248
4,85,4000,2,0.001237
4,85,4000,3,0.001453
4,85,4200,1,0.001095
4,85,4200,2,0.001424
4,85,4200,3,0.000907
4,85,4400,1,0.001181
4,85,4400,2,0.001201
4,85,4400,3,0.000890
4,85,4600,1,0.001353
4,85,4600,2,0.001109
4,85,4600,3,0.001239
4,85,4800,1,0.001101
4,85,4800,2,0.001186
4,85,4800,3,0.001146
4,85,5000,1,0.001113
4,85,5000,2,0.000978
4,85,5000,3,0.001361
4,87,1000,1,0.001242
4,87,1000,2,0.001159
4,87,1000,3,0.001247
4,87,1200,1,0.001203
4,87,1200,2,0.001374
4,87,1200,3,0.001438
4,87,1400,1,0.001375
4,87,1400,2,0.000964
4,87,1400,3,0.001266
4,87,1600,1,0.001363
4,87,1600,2,0.001276
4,87,1600,3,0.001359
4,87,1800,1,0.001370
4,87,1800,2,0.001468
4,87,1800,3,0.001199
4,87,2000,1,0.001480
4,87,2000,2,0.001543
4,87,2000,3,0.001331
4,87,2200,1,0.001236
4,87,2200,2,0.001339
4,87,2200,3,0.001523
4,87,2400,1,0.001123
4,87,2400,2,0.001224
4,87,2400,3,0.001414
4,87,2600,1,0.001056
4,87,2600,2,0.001229
4,87,2600,3,0.001424
4,87,2800,1,0.001348
4,87,2800,2,0.001113
4,87,2800,3,0.001094
4,87,3000,1,0.001467
4,87,3000,2,0.001424
4,87,3000,3,0.001239
4,87,3200,1,0.001222
4,87,3200,2,0.001307
4,87,3200,3,0.001226
4,87,3400,1,0.001520
4,87,3400,2,0.001295
4,87,3400,3,0.001107
4,87,3600,1,0.001233
4,87,3600,2,0.001090
4,87,3600,3,0.001346
4,87,3800,1,0.000958
4,87,3800,2,0.001280
4,87,3800,3,0.001371
4,87,4000,1,0.001097
4,87,4000,2,0.001245
4,87,4000,3,0.001381
4,87,4200,1,0.001321
4,87,4200,2,0.001089
4,87,4200,3,0.001166
4,87,4400,1,0.001199
4,87,4400,2,0.001030
4,87,4400,3,0.000992
4,87,4600,1,0.001447
4,87,4600,2,0.001166
4,87,4600,3,0.001541
4,87,4800,1,0.001458
4,87,4800,2,0.001074
4,87,4800,3,0.001211
4,87,5000,1,0.001296
4,87,5000,2,0.001161
4,87,5000,3,0.001489
4,89,1000,1,0.001166
4,89,1000,2,0.001334
4,89,1000,3,0.001460
4,89,1200,1,0.001451
4,89,1200,2,0.001123
4,89,1200,3,0.001276
4,89,1400,1,0.001528
4,89,1400,2,0.001240
4,89,1400,3,0.001321
4,89,1600,1,0.001413
4,89,1600,2,0.001431
4,89,1600,3,0.001356
4,89,1800,1,0.001443
4,89,1800,2,0.001603
4,89,1800,3,0.001617
4,89,2000,1,0.001557
4,89,2000,2,0.001085
4,89,2000,3,0.001683
4,89,2200,1,0.001655
4,89,2200,2,0.001243
4,89,2200,3,0.001188
4,89,2400,1,0.001384
4,89,2400,2,0.001791
4,89,2400,3,0.001288
4,89,2600,1,0.001311
4,89,2600,2,0.001599
4,89,2600,3,0.001240
4,89,2800,1,0.001140
4,89,2800,2,0.001585
4,89,2800,3,0.001511
4,89,3000,1,0.001475
4,89,3000,2,0.001371
4,89,3000,3,0.001331
4,89,3200,1,0.001620
4,89,3200,2,0.001171
4,89,3200,3,0.001656
4,89,3400,1,0.001219
4,89,3400,2,0.001501
4,89,3400,3,0.001461
4,89,3600,1,0.001385
4,89,3600,2,0.001629
4,89,3600,3,0.001597
4,89,3800,1,0.001664
4,89,3800,2,0.001286
4,89,3800,3,0.001225
4,89,4000,1,0.001438
4,89,4000,2,0.001670
4,89,4000,3,0.001096
4,89,4200,1,0.001322
4,89,4200,2,0.001395
4,89,4200,3,0.001261
4,89,4400,1,0.001275
4,89,4400,2,0.000987
4,89,4400,3,0.001712
4,89,4600,1,0.001121
4,89,4600,2,0.001259
4,89,4600,3,0.001570
4,89,4800,1,0.001088
4,89,4800,2,0.001505
4,89,4800,3,0.001505
4,89,5000,1,0.001580
4,89,5000,2,0.001090
4,89,5000,3,0.001614
4,91,1000,1,0.001298
4,91,1000,2,0.001572
4,91,1000,3,0.001548
4,91,1200,1,0.001219
4,91,1200,2,0.001386
4,91,1200,3,0.001753
4,91,1400,1,0.001145
4,91,1400,2,0.001443
4,91,1400,3,0.001604
4,91,1600,1,0.001186
4,91,1600,2,0.001617
4,91,1600,3,0.001764
4,91,1800,1,0.001307
4,91,1800,2,0.001507
4,91,1800,3,0.001559
4,91,2000,1,0.001717
4,91,2000,2,0.001415
4,91,2000,3,0.001572
4,91,2200,1,0.001522
4,91,2200,2,0.001424
4,91,2200,3,0.001588
4,91,2400,1,0.001278
4,91,2400,2,0.001579
4,91,2400,3,0.001245
4,91,2600,1,0.001216
4,91,2600,2,0.001378
4,91,2600,3,0.001541
4,91,2800,1,0.001245
4,91,2800,2,0.001780
4,91,2800,3,0.001177
4,91,3000,1,0.001580
4,91,3000,2,0.001295
4,91,3000,3,0.001345
4,91,3200,1,0.001600
4,91,3200,2,0.001294
4,91,3200,3,0.001536
4,91,3400,1,0.001454
4,91,3400,2,0.001316
4,91,3400,3,0.001541
4,91,3600,1,0.001269
4,91,3600,2,0.001203
4,91,3600,3,0.001670
4,91,3800,1,0.001503
4,91,3800,2,0.001306
4,91,3800,3,0.001133
4,91,4000,1,0.001389
4,91,4000,2,0.001389
4,91,4000,3,0.001323
4,91,4200,1,0.001569
4,91,4200,2,0.001264
4,91,4200,3,0.001616
4,91,4400,1,0.001709
4,91,4400,2,0.001288
4,91,4400,3,0.001558
4,91,4600,1,0.001487
4,91,4600,2,0.001754
4,91,4600,3,0.001727
4,91,4800,1,0.001101
4,91,4800,2,0.001185
4,91,4800,3,0.001409
4,91,5000,1,0.001701
4,91,5000,2,0.001561
4,91,5000,3,0.001429
4,93,1000,1,0.001360
4,93,1000,2,0.001664
4,93,1000,3,0.001585
4,93,1200,1,0.001730
4,93,1200,2,0.001633
4,93,1200,3,0.001434
4,93,1400,1,0.001277
4,93,1400,2,0.001613
4,93,1400,3,0.001613
4,93,1600,1,0.001650
4,93,1600,2,0.001297
4,93,1600,3,0.001401
4,93,1800,1,0.001344
4,93,1800,2,0.001675
4,93,1800,3,0.001703
4,93,2000,1,0.001509
4,93,2000,2,0.001777
4,93,2000,3,0.001841
4,93,2200,1,0.001811
4,93,2200,2,0.001871
4,93,2200,3,0.001887
4,93,2400,1,0.001834
4,93,2400,2,0.001660
4,93,2400,3,0.001448
4,93,2600,1,0.001803
4,93,2600,2,0.001197
4,93,2600,3,0.001808
4,93,2800,1,0.001432
4,93,2800,2,0.001902
4,93,2800,3,0.001443
4,93,3000,1,0.001871
4,93,3000,2,0.001249
4,93,3000,3,0.001764
4,93,3200,1,0.001307
4,93,3200,2,0.001593
4,93,3200,3,0.001772
4,93,3400,1,0.001597
4,93,3400,2,0.001530
4,93,3400,3,0.001402
4,93,3600,1,0.001845
4,93,3600,2,0.001634
4,93,3600,3,0.001696
4,93,3800,1,0.001510
4,93,3800,2,0.001662
4,93,3800,3,0.001470
4,93,4000,1,0.001794
4,93,4000,2,0.001167
4,93,4000,3,0.001762
4,93,4200,1,0.001383
4,93,4200,2,0.001901
4,93,4200,3,0.001343
4,93,4400,1,0.001822
4,93,4400,2,0.001385
4,93,4400,3,0.001794
4,93,4600,1,0.001675
4,93,4600,2,0.001912
4,93,4600,3,0.001764
4,93,4800,1,0.001371
4,93,4800,2,0.001672
4,93,4800,3,0.001535
4,93,5000,1,0.001877
4,93,5000,2,0.001746
4,93,5000,3,0.001771
4,95,1000,1,0.001690
4,95,1000,2,0.001810
4,95,1000,3,0.001759
4,95,1200,1,0.001340
4,95,1200,2,0.001697
4,95,1200,3,0.001460
4,95,1400,1,0.002089
4,95,1400,2,0.001827
4,95,1400,3,0.002021
4,95,1600,1,0.001562
4,95,1600,2,0.001719
4,95,1600,3,0.001764
4,95,1800,1,0.001677
4,95,1800,2,0.001702
4,95,1800,3,0.001430
4,95,2000,1,0.002012
4,95,2000,2,0.001983
4,95,2000,3,0.001716
4,95,2200,1,0.001567
4,95,2200,2,0.001534
4,95,2200,3,0.001690
4,95,2400,1,0.001687
4,95,2400,2,0.001967
4,95,2400,3,0.001790
4,95,2600,1,0.001812
4,95,2600,2,0.001802
4,95,2600,3,0.001679
4,95,2800,1,0.001332
4,95,2800,2,0.001785
4,95,2800,3,0.001459
4,95,3000,1,0.001800
4,95,3000,2,0.001496
4,95,3000,3,0.001683
4,95,3200,1,0.001850
4,95,3200,2,0.001905
4,95,3200,3,0.002072
4,95,3400,1,0.001869
4,95,3400,2,0.001562
4,95,3400,3,0.001736
4,95,3600,1,0.001906
4,95,3600,2,0.001814
4,95,3600,3,0.001881
4,95,3800,1,0.002154
4,95,3800,2,0.001581
4,95,3800,3,0.001846
4,95,4000,1,0.001886
4,95,4000,2,0.002055
4,95,4000,3,0.001225
4,95,4200,1,0.001680
4,95,4200,2,0.002009
4,95,4200,3,0.001389
4,95,4400,1,0.001998
4,95,4400,2,0.002054
4,95,4400,3,0.001260
4,95,4600,1,0.001349
4,95,4600,2,0.002111
4,95,4600,3,0.001945
4,95,4800,1,0.001605
4,95,4800,2,0.001844
4,95,4800,3,0.002033
4,95,5000,1,0.001986
4,95,5000,2,0.002155
4,95,5000,3,0.001864
4,97,1000,1,0.002157
4,97,1000,2,0.002059
4,97,1000,3,0.002160
4,97,1200,1,0.001390
4,97,1200,2,0.001820
4,97,1200,3,0.002125
4,97,1400,1,0.001896
4,97,1400,2,0.001623
4,97,1400,3,0.002206
4,97,1600,1,0.002079
4,97,1600,2,0.001906
4,97,1600,3,0.001607
4,97,1800,1,0.002052
4,97,1800,2,0.001921
4,97,1800,3,0.001548
4,97,2000,1,0.001786
4,97,2000,2,0.001971
4,97,2000,3,0.002089
4,97,2200,1,0.001784
4,97,2200,2,0.002080
4,97,2200,3,0.001985
4,97,2400,1,0.001472
4,97,2400,2,0.001980
4,97,2400,3,0.001921
4,97,2600,1,0.002212
4,97,2600,2,0.002102
4,97,2600,3,0.001427
4,97,2800,1,0.001309
4,97,2800,2,0.001849
4,97,2800,3,0.001937
4,97,3000,1,0.001639
4,97,3000,2,0.002122
4,97,3000,3,0.001935
4,97,3200,1,0.001334
4,97,3200,2,0.001866
4,97,3200,3,0.002151
4,97,3400,1,0.001873
4,97,3400,2,0.001822
4,97,3400,3,0.002049
4,97,3600,1,0.002188
4,97,3600,2,0.001951
4,97,3600,3,0.002171
4,97,3800,1,0.001893
4,97,3800,2,0.001624
4,97,3800,3,0.001887
4,97,4000,1,0.001601
4,97,4000,2,0.001681
4,97,4000,3,0.002018
4,97,4200,1,0.001770
4,97,4200,2,0.001298
4,97,4200,3,0.002194
4,97,4400,1,0.001652
4,97,4400,2,0.001393
4,97,4400,3,0.001912
4,97,4600,1,0.001423
4,97,4600,2,0.001738
4,97,4600,3,0.002154
4,97,4800,1,0.001431
4,97,4800,2,0.002050
4,97,4800,3,0.002008
4,97,5000,1,0.002140
4,97,5000,2,0.001605
4,97,5000,3,0.001913
4,99,1000,1,0.002033
4,99,1000,2,0.002029
4,99,1000,3,0.001516
4,99,1200,1,0.002164
4,99,1200,2,0.002342
4,99,1200,3,0.002219
4,99,1400,1,0.002097
4,99,1400,2,0.002250
4,99,1400,3,0.001289
4,99,1600,1,0.002380
4,99,1600,2,0.002366
4,99,1600,3,0.002274
4,99,1800,1,0.001941
4,99,1800,2,0.002203
4,99,1800,3,0.001725
4,99,2000,1,0.002355
4,99,2000,2,0.002068
4,99,2000,3,0.001778
4,99,2200,1,0.001639
4,99,2200,2,0.001506
4,99,2200,3,0.002319
4,99,2400,1,0.002362
4,99,2400,2,0.002157
4,99,2400,3,0.002225
4,99,2600,1,0.002048
4,99,2600,2,0.001976
4,99,2600,3,0.002221
4,99,2800,1,0.002047
4,99,2800,2,0.002430
4,99,2800,3,0.002065
4,99,3000,1,0.002039
4,99,3000,2,0.002340
4,99,3000,3,0.001854
4,99,3200,1,0.002372
4,99,3200,2,0.001690
4,99,3200,3,0.002103
4,99,3400,1,0.002201
4,99,3400,2,0.002183
4,99,3400,3,0.002325
4,99,3600,1,0.002062
4,99,3600,2,0.001740
4,99,3600,3,0.002348
4,99,3800,1,0.002380
4,99,3800,2,0.002394
4,99,3800,3,0.001905
4,99,4000,1,0.001928
4,99,4000,2,0.002291
4,99,4000,3,0.002342
4,99,4200,1,0.001916
4,99,4200,2,0.002400
4,99,4200,3,0.001907
4,99,4400,1,0.002243
4,99,4400,2,0.001595
4,99,4400,3,0.001697
4,99,4600,1,0.001926
4,99,4600,2,0.001530
4,99,4600,3,0.001939
4,99,4800,1,0.002471
4,99,4800,2,0.001981
4,99,4800,3,0.001812
4,99,5000,1,0.002330
4,99,5000,2,0.001690
4,99,5000,3,0.001916
4,101,1000,1,0.002438
4,101,1000,2,0.002459
4,101,1000,3,0.002358
4,101,1200,1,0.002549
4,101,1200,2,0.002460
4,101,1200,3,0.001783
4,101,1400,1,0.002451
4,101,1400,2,0.002169
4,101,1400,3,0.001768
4,101,1600,1,0.001961
4,101,1600,2,0.002582
4,101,1600,3,0.002453
4,101,1800,1,0.002010
4,101,1800,2,0.002609
4,101,1800,3,0.001833
4,101,2000,1,0.002592
4,101,2000,2,0.001998
4,101,2000,3,0.002410
4,101,2200,1,0.001836
4,101,2200,2,0.002468
4,101,2200,3,0.002486
4,101,2400,1,0.001921
4,101,2400,2,0.002529
4,101,2400,3,0.001677
4,101,2600,1,0.001703
4,101,2600,2,0.002266
4,101,2600,3,0.002292
4,101,2800,1,0.002430
4,101,2800,2,0.001430
4,101,2800,3,0.002509
4,101,3000,1,0.002507
4,101,3000,2,0.002297
4,101,3000,3,0.002517
4,101,3200,1,0.001362
4,101,3200,2,0.002236
4,101,3200,3,0.002062
4,101,3400,1,0.002011
4,101,3400,2,0.002207
4,101,3400,3,0.001860
4,101,3600,1,0.002391
4,101,3600,2,0.001762
4,101,3600,3,0.002611
4,101,3800,1,0.002429
4,101,3800,2,0.002496
4,101,3800,3,0.002279
4,101,4000,1,0.002275
4,101,4000,2,0.001973
4,101,4000,3,0.002573
4,101,4200,1,0.002413
4,101,4200,2,0.002332
4,101,4200,3,0.002416
4,101,4400,1,0.001731
4,101,4400,2,0.002449
4,101,4400,3,0.002562
4,101,4600,1,0.002289
4,101,4600,2,0.001654
4,101,4600,3,0.001495
4,101,4800,1,0.002430
4,101,4800,2,0.002561
4,101,4800,3,0.002611
4,101,5000,1,0.002006
4,101,5000,2,0.001872
4,101,5000,3,0.002368
4,103,1000,1,0.002555
4,103,1000,2,0.002687
4,103,1000,3,0.002415
4,103,1200,1,0.002199
4,103,1200,2,0.002584
4,103,1200,3,0.002573
4,103,1400,1,0.002557
4,103,1400,2,0.002609
4,103,1400,3,0.002622
4,103,1600,1,0.002587
4,103,1600,2,0.002554
4,103,1600,3,0.002609
4,103,1800,1,0.002638
4,103,1800,2,0.002745
4,103,1800,3,0.002625
4,103,2000,1,0.002581
4,103,2000,2,0.002239
4,103,2000,3,0.002663
4,103,2200,1,0.002337
4,103,2200,2,0.001684
4,103,2200,3,0.002638
4,103,2400,1,0.001369
4,103,2400,2,0.002502
4,103,2400,3,0.002665
4,103,2600,1,0.002550
4,103,2600,2,0.002535
4,103,2600,3,0.002492
4,103,2800,1,0.002508
4,103,2800,2,0.002019
4,103,2800,3,0.002586
4,103,3000,1,0.001972
4,103,3000,2,0.002554
4,103,3000,3,0.002454
4,103,3200,1,0.002183
4,103,3200,2,0.002393
4,103,3200,3,0.001784
4,103,3400,1,0.002353
4,103,3400,2,0.001969
4,103,3400,3,0.002285
4,103,3600,1,0.002251
4,103,3600,2,0.002592
4,103,3600,3,0.001926
4,103,3800,1,0.002542
4,103,3800,2,0.002537
4,103,3800,3,0.002574
4,103,4000,1,0.002499
4,103,4000,2,0.002458
4,103,4000,3,0.002026
4,103,4200,1,0.002444
4,103,4200,2,0.002740
4,103,4200,3,0.002193
4,103,4400,1,0.002453
4,103,4400,2,0.002582
4,103,4400,3,0.002556
4,103,4600,1,0.001530
4,103,4600,2,0.002642
4,103,4600,3,0.002300
4,103,4800,1,0.001652
4,103,4800,2,0.001931
4,103,4800,3,0.002261
4,103,5000,1,0.001886
4,103,5000,2,0.002303
4,103,5000,3,0.002732
4,105,1000,1,0.002611
4,105,1000,2,0.002479
4,105,1000,3,0.002537
4,105,1200,1,0.002685
4,105,1200,2,0.002598
4,105,1200,3,0.002602
4,105,1400,1,0.002629
4,105,1400,2,0.002488
4,105,1400,3,0.002617
4,105,1600,1,0.002696
4,105,1600,2,0.002730
4,105,1600,3,0.002563
4,105,1800,1,0.002688
4,105,1800,2,0.002420
4,105,1800,3,0.002592
4,105,2000,1,0.002233
4,105,2000,2,0.002654
4,105,2000,3,0.002716
4,105,2200,1,0.002473
4,105,2200,2,0.002440
4,105,2200,3,0.002457
4,105,2400,1,0.002637
4,105,2400,2,0.002639
4,105,2400,3,0.002439
4,105,2600,1,0.001944
4,105,2600,2,0.002640
4,105,2600,3,0.002270
4,105,2800,1,0.002426
4,105,2800,2,0.002284
4,105,2800,3,0.002693
4,105,3000,1,0.001958
4,105,3000,2,0.002360
4,105,3000,3,0.002588
4,105,3200,1,0.002379
4,105,3200,2,0.002532
4,105,3200,3,0.002680
4,105,3400,1,0.002739
4,105,3400,2,0.002636
4,105,3400,3,0.002591
4,105,3600,1,0.002413
4,105,3600,2,0.002597
4,105,3600,3,0.002572
4,105,3800,1,0.002511
4,105,3800,2,0.002616
4,105,3800,3,0.002563
4,105,4000,1,0.002622
4,105,4000,2,0.002436
4,105,4000,3,0.002548
4,105,4200,1,0.002729
4,105,4200,2,0.002590
4,105,4200,3,0.002135
4,105,4400,1,0.002799
4,105,4400,2,0.001851
4,105,4400,3,0.002662
4,105,4600,1,0.002546
4,105,4600,2,0.002321
4,105,4600,3,0.002213
4,105,4800,1,0.002680
4,105,4800,2,0.001610
4,105,4800,3,0.002253
4,105,5000,1,0.002376
4,105,5000,2,0.002717
4,105,5000,3,0.002715
4,107,1000,1,0.002585
4,107,1000,2,0.002652
4,107,1000,3,0.002367
4,107,1200,1,0.002565
4,107,1200,2,0.002633
4,107,1200,3,0.002635
4,107,1400,1,0.002606
4,107,1400,2,0.002513
4,107,1400,3,0.002726
4,107,1600,1,0.002597
4,107,1600,2,0.002518
4,107,1600,3,0.002564
4,107,1800,1,0.002335
4,107,1800,2,0.001732
4,107,1800,3,0.002523
4,107,2000,1,0.002626
4,107,2000,2,0.001669
4,107,2000,3,0.002568
4,107,2200,1,0.002654
4,107,2200,2,0.002679
4,107,2200,3,0.002407
4,107,2400,1,0.002518
4,107,2400,2,0.002538
4,107,2400,3,0.002735
4,107,2600,1,0.002319
4,107,2600,2,0.002807
4,107,2600,3,0.001840
4,107,2800,1,0.002456
4,107,2800,2,0.001397
4,107,2800,3,0.002700
4,107,3000,1,0.002456
4,107,3000,2,0.002756
4,107,3000,3,0.002714
4,107,3200,1,0.002194
4,107,3200,2,0.002535
4,107,3200,3,0.002548
4,107,3400,1,0.002074
4,107,3400,2,0.002678
4,107,3400,3,0.002490
4,107,3600,1,0.002000
4,107,3600,2,0.002626
4,107,3600,3,0.002454
4,107,3800,1,0.002684
4,107,3800,2,0.002782
4,107,3800,3,0.002671
4,107,4000,1,0.002448
4,107,4000,2,0.002716
4,107,4000,3,0.002741
4,107,4200,1,0.002737
4,107,4200,2,0.002427
4,107,4200,3,0.002639
4,107,4400,1,0.002873
4,107,4400,2,0.002612
4,107,4400,3,0.002627
4,107,4600,1,0.002698
4,107,4600,2,0.002528
4,107,4600,3,0.002159
4,107,4800,1,0.002293
4,107,4800,2,0.002450
4,107,4800,3,0.002623
4,107,5000,1,0.002638
4,107,5000,2,0.002513
4,107,5000,3,0.002693
4,109,1000,1,0.002548
4,109,1000,2,0.002360
4,109,1000,3,0.002702
4,109,1200,1,0.002559
4,109,1200,2,0.002693
4,109,1200,3,0.002503
4,109,1400,1,0.002660
4,109,1400,2,0.002679
4,109,1400,3,0.002475
4,109,1600,1,0.002693
4,109,1600,2,0.002724
4,109,1600,3,0.002776
4,109,1800,1,0.002720
4,109,1800,2,0.003164
4,109,1800,3,0.002653
4,109,2000,1,0.002668
4,109,2000,2,0.002720
4,109,2000,3,0.002692
4,109,2200,1,0.002695
4,109,2200,2,0.002655
4,109,2200,3,0.002516
4,109,2400,1,0.002601
4,109,2400,2,0.002582
4,109,2400,3,0.002432
4,109,2600,1,0.002740
4,109,2600,2,0.002792
4,109,2600,3,0.002141
4,109,2800,1,0.002636
4,109,2800,2,0.002691
4,109,2800,3,0.002403
4,109,3000,1,0.002712
4,109,3000,2,0.002623
4,109,3000,3,0.002626
4,109,3200,1,0.002724
4,109,3200,2,0.002474
4,109,3200,3,0.002609
4,109,3400,1,0.001851
4,109,3400,2,0.002733
4,109,3400,3,0.002462
4,109,3600,1,0.002725
4,109,3600,2,0.002572
4,109,3600,3,0.002479
4,109,3800,1,0.002884
4,109,3800,2,0.002471
4,109,3800,3,0.002461
4,109,4000,1,0.002638
4,109,4000,2,0.002733
4,109,4000,3,0.002534
4,109,4200,1,0.002230
4,109,4200,2,0.002671
4,109,4200,3,0.002660
4,109,4400,1,0.002588
4,109,4400,2,0.002319
4,109,4400,3,0.002664
4,109,4600,1,0.002614
4,109,4600,2,0.002175
4,109,4600,3,0.002772
4,109,4800,1,0.002642
4,109,4800,2,0.001946
4,109,4800,3,0.002755
4,109,5000,1,0.002498
4,109,5000,2,0.002325
4,109,5000,3,0.002724
4,111,1000,1,0.002562
4,111,1000,2,0.002618
4,111,1000,3,0.002697
4,111,1200,1,0.002498
4,111,1200,2,0.002705
4,111,1200,3,0.002659
4,111,1400,1,0.002593
4,111,1400,2,0.002652
4,111,1400,3,0.002593
4,111,1600,1,0.002574
4,111,1600,2,0.002501
4,111,1600,3,0.002698
4,111,1800,1,0.002636
4,111,1800,2,0.002440
4,111,1800,3,0.002651
4,111,2000,1,0.002761
4,111,2000,2,0.002787
4,111,2000,3,0.002626
4,111,2200,1,0.002370
4,111,2200,2,0.002178
4,111,2200,3,0.002749
4,111,2400,1,0.002618
4,111,2400,2,0.002569
4,111,2400,3,0.002643
4,111,2600,1,0.002834
4,111,2600,2,0.002544
4,111,2600,3,0.002248
4,111,2800,1,0.002576
4,111,2800,2,0.002518
4,111,2800,3,0.002625
4,111,3000,1,0.002454
4,111,3000,2,0.002692
4,111,3000,3,0.002506
4,111,3200,1,0.002662
4,111,3200,2,0.002242
4,111,3200,3,0.002744
4,111,3400,1,0.002597
4,111,3400,2,0.002568
4,111,3400,3,0.002628
4,111,3600,1,0.002551
4,111,3600,2,0.002776
4,111,3600,3,0.002819
4,111,3800,1,0.002304
4,111,3800,2,0.002579
4,111,3800,3,0.002595
4,111,4000,1,0.002516
4,111,4000,2,0.002760
4,111,4000,3,0.002574
4,111,4200,1,0.002580
4,111,4200,2,0.002451
4,111,4200,3,0.002573
4,111,4400,1,0.002598
4,111,4400,2,0.002677
4,111,4400,3,0.002450
4,111,4600,1,0.002596
4,111,4600,2,0.002732
4,111,4600,3,0.002444
4,111,4800,1,0.002659
4,111,4800,2,0.002575
4,111,4800,3,0.002779
4,111,5000,1,0.002806
4,111,5000,2,0.002601
4,111,5000,3,0.002689
4,113,1000,1,0.002167
4,113,1000,2,0.002808
4,113,1000,3,0.002057
4,113,1200,1,0.002779
4,113,1200,2,0.002719
4,113,1200,3,0.002709
4,113,1400,1,0.002732
4,113,1400,2,0.002734
4,113,1400,3,0.002647
4,113,1600,1,0.002656
4,113,1600,2,0.002585
4,113,1600,3,0.002798
4,113,1800,1,0.002740
4,113,1800,2,0.002833
4,113,1800,3,0.002727
4,113,2000,1,0.002546
4,113,2000,2,0.002732
4,113,2000,3,0.002593
4,113,2200,1,0.002626
4,113,2200,2,0.002555
4,113,2200,3,0.002640
4,113,2400,1,0.002644
4,113,2400,2,0.002753
4,113,2400,3,0.002590
4,113,2600,1,0.002687
4,113,2600,2,0.002663
4,113,2600,3,0.002629
4,113,2800,1,0.002805
4,113,2800,2,0.002516
4,113,2800,3,0.002692
4,113,3000,1,0.002590
4,113,3000,2,0.002698
4,113,3000,3,0.002626
4,113,3200,1,0.002668
4,113,3200,2,0.002547
4,113,3200,3,0.002838
4,113,3400,1,0.002653
4,113,3400,2,0.002575
4,113,3400,3,0.002515
4,113,3600,1,0.002638
4,113,3600,2,0.002498
4,113,3600,3,0.002764
4,113,3800,1,0.002839
4,113,3800,2,0.002664
4,113,3800,3,0.002582
4,113,4000,1,0.002548
4,113,4000,2,0.002691
4,113,4000,3,0.002768
4,113,4200,1,0.002612
4,113,4200,2,0.002464
4,113,4200,3,0.002619
4,113,4400,1,0.002615
4,113,4400,2,0.002783
4,113,4400,3,0.002593
4,113,4600,1,0.002556
4,113,4600,2,0.002648
4,113,4600,3,0.002707
4,113,4800,1,0.002755
4,113,4800,2,0.002638
4,113,4800,3,0.002891
4,113,5000,1,0.002665
4,113,5000,2,0.002665
4,113,5000,3,0.002571
4,115,1000,1,0.002752
4,115,1000,2,0.002702
4,115,1000,3,0.002734
4,115,1200,1,0.002704
4,115,1200,2,0.002780
4,115,1200,3,0.002763
4,115,1400,1,0.002638
4,115,1400,2,0.002756
4,115,1400,3,0.002534
4,115,1600,1,0.002669
4,115,1600,2,0.002708
4,115,1600,3,0.002632
4,115,1800,1,0.002158
4,115,1800,2,0.002836
4,115,1800,3,0.003004
4,115,2000,1,0.002704
4,115,2000,2,0.002579
4,115,2000,3,0.002509
4,115,2200,1,0.002862
4,115,2200,2,0.002615
4,115,2200,3,0.002904
4,115,2400,1,0.002841
4,115,2400,2,0.002656
4,115,2400,3,0.002774
4,115,2600,1,0.002564
4,115,2600,2,0.002624
4,115,2600,3,0.002686
4,115,2800,1,0.002766
4,115,2800,2,0.002692
4,115,2800,3,0.002792
4,115,3000,1,0.002579
4,115,3000,2,0.002692
4,115,3000,3,0.002726
4,115,3200,1,nan
4,115,3200,2,0.001740
4,115,3200,3,0.002734
4,115,3400,1,0.002661
4,115,3400,2,0.002679
4,115,3400,3,0.002180
4,115,3600,1,0.002610
4,115,3600,2,0.002510
4,115,3600,3,0.002816
4,115,3800,1,0.002683
4,115,3800,2,0.002550
4,115,3800,3,0.002612
4,115,4000,1,0.002787
4,115,4000,2,0.002805
4,115,4000,3,0.002742
4,115,4200,1,0.002549
4,115,4200,2,0.002813
4,115,4200,3,0.002714
4,115,4400,1,0.002704
4,115,4400,2,0.002823
4,115,4400,3,0.002576
4,115,4600,1,0.002592
4,115,4600,2,0.002737
4,115,4600,3,0.002753
4,115,4800,1,0.002589
4,115,4800,2,0.002833
4,115,4800,3,0.002658
4,115,5000,1,0.002906
4,115,5000,2,0.002893
4,115,5000,3,0.002820
4,117,1000,1,0.002777
4,117,1000,2,0.002738
4,117,1000,3,0.002690
4,117,1200,1,0.002672
4,117,1200,2,0.002664
4,117,1200,3,0.002787
4,117,1400,1,0.002715
4,117,1400,2,0.002666
4,117,1400,3,0.002742
4,117,1600,1,0.002681
4,117,1600,2,0.002543
4,117,1600,3,0.002533
4,117,1800,1,0.002659
4,117,1800,2,0.002612
4,117,1800,3,0.002705
4,117,2000,1,0.002648
4,117,2000,2,0.002647
4,117,2000,3,0.001674
4,117,2200,1,0.002867
4,117,2200,2,0.002837
4,117,2200,3,0.002695
4,117,2400,1,0.002632
4,117,2400,2,0.002619
4,117,2400,3,0.002772
4,117,2600,1,0.002790
4,117,2600,2,0.002675
4,117,2600,3,0.002639
4,117,2800,1,0.002543
4,117,2800,2,0.002788
4,117,2800,3,0.002876
4,117,3000,1,0.002679
4,117,3000,2,0.002732
4,117,3000,3,0.002613
4,117,3200,1,0.002647
4,117,3200,2,0.002770
4,117,3200,3,0.002767
4,117,3400,1,0.002764
4,117,3400,2,0.002795
4,117,3400,3,0.002773
4,117,3600,1,0.002689
4,117,3600,2,0.002658
4,117,3600,3,0.002948
4,117,3800,1,0.002682
4,117,3800,2,0.002708
4,117,3800,3,0.002776
4,117,4000,1,0.002665
4,117,4000,2,0.002851
4,117,4000,3,0.002830
4,117,4200,1,0.002707
4,117,4200,2,0.002553
4,117,4200,3,0.002576
4,117,4400,1,0.002794
4,117,4400,2,0.002807
4,117,4400,3,0.002353
4,117,4600,1,0.002757
4,117,4600,2,0.002730
4,117,4600,3,0.002680
4,117,4800,1,0.002664
4,117,4800,2,0.002756
4,117,4800,3,0.002790
4,117,5000,1,0.002921
4,117,5000,2,0.002956
4,117,5000,3,0.002599
4,119,1000,1,0.002713
4,119,1000,2,0.002738
4,119,1000,3,0.002532
4,119,1200,1,0.002761
4,119,1200,2,0.002830
4,119,1200,3,0.002598
4,119,1400,1,0.002745
4,119,1400,2,0.002883
4,119,1400,3,0.002653
4,119,1600,1,0.002716
4,119,1600,2,0.002833
4,119,1600,3,0.002708
4,119,1800,1,0.002859
4,119,1800,2,0.002585
4,119,1800,3,0.002742
4,119,2000,1,0.002771
4,119,2000,2,0.002540
4,119,2000,3,0.002645
4,119,2200,1,0.002762
4,119,2200,2,0.002843
4,119,2200,3,0.002738
4,119,2400,1,0.002794
4,119,2400,2,0.002658
4,119,2400,3,0.002699
4,119,2600,1,0.002402
4,119,2600,2,0.002792
4,119,2600,3,0.002565
4,119,2800,1,0.002734
4,119,2800,2,0.002654
4,119,2800,3,0.002719
4,119,3000,1,0.002462
4,119,3000,2,0.002655
4,119,3000,3,0.002637
4,119,3200,1,0.002663
4,119,3200,2,0.002787
4,119,3200,3,0.002695
4,119,3400,1,0.002784
4,119,3400,2,0.002637
4,119,3400,3,0.002777
4,119,3600,1,0.002640
4,119,3600,2,0.002593
4,119,3600,3,0.002862
4,119,3800,1,0.002774
4,119,3800,2,0.002845
4,119,3800,3,0.002879
4,119,4000,1,0.002873
4,119,4000,2,0.002707
4,119,4000,3,0.003005
4,119,4200,1,0.002644
4,119,4200,2,0.002567
4,119,4200,3,0.002765
4,119,4400,1,0.002849
4,119,4400,2,0.002831
4,119,4400,3,0.002612
4,119,4600,1,0.002607
4,119,4600,2,0.002907
4,119,4600,3,0.002661
4,119,4800,1,0.002669
4,119,4800,2,0.002605
4,119,4800,3,0.002892
4,119,5000,1,0.002798
4,119,5000,2,0.002760
4,119,5000,3,0.002846
4,121,1000,1,0.002738
4,121,1000,2,0.002559
4,121,1000,3,0.002775
4,121,1200,1,0.002806
4,121,1200,2,0.002707
4,121,1200,3,0.002758
4,121,1400,1,0.002750
4,121,1400,2,0.002653
4,121,1400,3,0.002690
4,121,1600,1,0.002728
4,121,1600,2,0.002696
4,121,1600,3,0.002774
4,121,1800,1,0.002621
4,121,1800,2,0.002891
4,121,1800,3,0.002559
4,121,2000,1,0.002584
4,121,2000,2,0.002582
4,121,2000,3,0.002927
4,121,2200,1,0.002610
4,121,2200,2,0.002674
4,121,2200,3,0.002584
4,121,2400,1,0.002654
4,121,2400,2,0.002703
4,121,2400,3,0.002728
4,121,2600,1,0.002674
4,121,2600,2,0.002629
4,121,2600,3,0.002689
4,121,2800,1,0.002636
4,121,2800,2,0.002635
4,121,2800,3,0.002677
4,121,3000,1,0.002875
4,121,3000,2,0.002887
4,121,3000,3,0.002802
4,121,3200,1,0.002744
4,121,3200,2,0.002621
4,121,3200,3,0.002815
4,121,3400,1,0.002772
4,121,3400,2,0.002770
4,121,3400,3,0.002867
4,121,3600,1,0.002693
4,121,3600,2,0.002830
4,121,3600,3,0.002624
4,121,3800,1,0.002737
4,121,3800,2,0.002721
4,121,3800,3,0.002922
4,121,4000,1,0.002850
4,121,4000,2,0.002710
4,121,4000,3,0.002645
4,121,4200,1,0.002635
4,121,4200,2,0.002640
4,121,4200,3,0.002606
4,121,4400,1,0.002869
4,121,4400,2,0.002659
4,121,4400,3,0.002863
4,121,4600,1,0.002827
4,121,4600,2,0.002848
4,121,4600,3,0.002755
4,121,4800,1,0.002901
4,121,4800,2,0.002650
4,121,4800,3,0.002795
4,121,5000,1,0.002963
4,121,5000,2,0.002716
4,121,5000,3,0.002731
4,123,1000,1,0.002794
4,123,1000,2,0.002834
4,123,1000,3,0.002846
4,123,1200,1,0.002713
4,123,1200,2,0.002805
4,123,1200,3,0.002698
4,123,1400,1,0.002691
4,123,1400,2,0.002736
4,123,1400,3,0.002708
4,123,1600,1,0.002682
4,123,1600,2,0.002755
4,123,1600,3,0.002578
4,123,1800,1,0.002765
4,123,1800,2,0.002921
4,123,1800,3,0.002653
4,123,2000,1,0.002636
4,123,2000,2,0.002768
4,123,2000,3,0.002771
4,123,2200,1,0.002647
4,123,2200,2,0.002709
4,123,2200,3,0.002663
4,123,2400,1,0.002751
4,123,2400,2,0.002776
4,123,2400,3,0.002716
4,123,2600,1,0.002638
4,123,2600,2,0.002760
4,123,2600,3,0.002817
4,123,2800,1,0.002526
4,123,2800,2,0.002723
4,123,2800,3,0.002664
4,123,3000,1,0.002699
4,123,3000,2,0.002718
4,123,3000,3,0.002732
4,123,3200,1,0.002706
4,123,3200,2,0.002803
4,123,3200,3,0.002560
4,123,3400,1,0.002729
4,123,3400,2,0.002877
4,123,3400,3,0.002574
4,123,3600,1,0.002685
4,123,3600,2,0.002663
4,123,3600,3,0.002810
4,123,3800,1,0.002909
4,123,3800,2,0.002821
4,123,3800,3,0.002663
4,123,4000,1,0.002586
4,123,4000,2,0.002948
4,123,4000,3,0.002743
4,123,4200,1,0.002844
4,123,4200,2,0.002854
4,123,4200,3,0.002838
4,123,4400,1,0.002739
4,123,4400,2,0.002924
4,123,4400,3,0.002684
4,123,4600,1,0.003021
4,123,4600,2,0.002684
4,123,4600,3,0.002788
4,123,4800,1,0.002724
4,123,4800,2,0.002732
4,123,4800,3,0.002740
4,123,5000,1,0.002661
4,123,5000,2,0.002913
4,123,5000,3,0.002795
4,125,1000,1,0.002864
4,125,1000,2,0.002944
4,125,1000,3,0.002623
4,125,1200,1,0.002767
4,125,1200,2,0.002813
4,125,1200,3,0.002529
4,125,1400,1,0.002748
4,125,1400,2,0.002687
4,125,1400,3,0.002743
4,125,1600,1,0.002611
4,125,1600,2,0.002675
4,125,1600,3,0.002585
4,125,1800,1,0.002797
4,125,1800,2,0.002813
4,125,1800,3,0.002780
4,125,2000,1,0.002710
4,125,2000,2,0.002631
4,125,2000,3,0.002740
4,125,2200,1,0.002905
4,125,2200,2,0.002853
4,125,2200,3,0.002715
4,125,2400,1,0.002602
4,125,2400,2,0.002879
4,125,2400,3,0.002670
4,125,2600,1,0.002933
4,125,2600,2,0.002789
4,125,2600,3,0.002838
4,125,2800,1,0.002616
4,125,2800,2,0.002822
4,125,2800,3,0.002698
4,125,3000,1,0.002873
4,125,3000,2,0.002575
4,125,3000,3,0.002797
4,125,3200,1,0.002729
4,125,3200,2,0.002957
4,125,3200,3,0.002684
4,125,3400,1,0.002803
4,125,3400,2,0.002802
4,125,3400,3,0.002646
4,125,3600,1,0.002905
4,125,3600,2,0.002680
4,125,3600,3,0.002689
4,125,3800,1,0.002783
4,125,3800,2,0.002816
4,125,3800,3,0.002777
4,125,4000,1,0.002962
4,125,4000,2,0.002743
4,125,4000,3,0.002778
4,125,4200,1,0.002934
4,125,4200,2,0.002766
4,125,4200,3,0.002795
4,125,4400,1,0.002683
4,125,4400,2,0.002788
4,125,4400,3,0.002864
4,125,4600,1,0.002669
4,125,4600,2,0.002704
4,125,4600,3,0.002782
4,125,4800,1,0.002911
4,125,4800,2,0.003029
4,125,4800,3,0.002903
4,125,5000,1,0.002871
4,125,5000,2,0.002801
4,125,5000,3,0.002621
4,127,1000,1,0.002847
4,127,1000,2,0.002699
4,127,1000,3,0.002860
4,127,1200,1,0.002861
4,127,1200,2,0.002943
4,127,1200,3,0.002810
4,127,1400,1,0.002701
4,127,1400,2,0.002748
4,127,1400,3,0.002670
4,127,1600,1,0.002988
4,127,1600,2,0.002845
4,127,1600,3,0.002676
4,127,1800,1,0.002722
4,127,1800,2,0.002831
4,127,1800,3,0.002754
4,127,2000,1,0.002855
4,127,2000,2,0.002998
4,127,2000,3,0.002680
4,127,2200,1,0.002700
4,127,2200,2,0.002620
4,127,2200,3,0.002640
4,127,2400,1,0.002707
4,127,2400,2,0.002927
4,127,2400,3,0.002645
4,127,2600,1,0.002895
4,127,2600,2,0.002895
4,127,2600,3,0.002872
4,127,2800,1,0.002850
4,127,2800,2,0.002792
4,127,2800,3,0.002863
4,127,3000,1,0.002802
4,127,3000,2,0.002765
4,127,3000,3,0.002991
4,127,3200,1,0.002712
4,127,3200,2,0.002780
4,127,3200,3,0.002818
4,127,3400,1,0.002753
4,127,3400,2,0.002736
4,127,3400,3,0.002854
4,127,3600,1,0.002907
4,127,3600,2,0.002932
4,127,3600,3,0.002765
4,127,3800,1,0.002800
4,127,3800,2,0.002792
4,127,3800,3,0.002823
4,127,4000,1,0.002658
4,127,4000,2,0.002715
4,127,4000,3,0.002733
4,127,4200,1,0.002858
4,127,4200,2,0.002963
4,127,4200,3,0.002775
4,127,4400,1,0.002663
4,127,4400,2,0.002785
4,127,4400,3,0.002937
4,127,4600,1,0.002635
4,127,4600,2,0.002980
4,127,4600,3,0.002757
4,127,4800,1,0.003011
4,127,4800,2,0.002771
4,127,4800,3,0.002787
4,127,5000,1,0.002937
4,127,5000,2,0.002925
4,127,5000,3,0.002813
4,129,1000,1,0.002744
4,129,1000,2,0.002775
4,129,1000,3,0.002724
4,129,1200,1,0.002647
4,129,1200,2,0.002620
4,129,1200,3,0.002875
4,129,1400,1,0.002622
4,129,1400,2,0.002716
4,129,1400,3,0.002784
4,129,1600,1,0.002736
4,129,1600,2,0.002819
4,129,1600,3,0.002571
4,129,1800,1,0.002874
4,129,1800,2,0.002565
4,129,1800,3,0.002837
4,129,2000,1,0.002827
4,129,2000,2,0.002765
4,129,2000,3,0.002787
4,129,2200,1,0.002913
4,129,2200,2,0.002870
4,129,2200,3,0.002900
4,129,2400,1,0.002841
4,129,2400,2,0.002859
4,129,2400,3,0.002818
4,129,2600,1,0.002727
4,129,2600,2,0.002837
4,129,2600,3,0.002899
4,129,2800,1,0.002810
4,129,2800,2,0.002717
4,129,2800,3,0.002688
4,129,3000,1,0.002673
4,129,3000,2,0.002766
4,129,3000,3,0.002855
4,129,3200,1,0.002828
4,129,3200,2,0.002966
4,129,3200,3,0.002966
4,129,3400,1,0.002607
4,129,3400,2,0.002789
4,129,3400,3,0.002764
4,129,3600,1,0.002800
4,129,3600,2,0.002586
4,129,3600,3,0.002809
4,129,3800,1,0.002953
4,129,3800,2,0.003039
4,129,3800,3,0.002797
4,129,4000,1,0.002872
4,129,4000,2,0.002888
4,129,4000,3,0.002859
4,129,4200,1,0.002757
4,129,4200,2,0.003000
4,129,4200,3,0.002891
4,129,4400,1,0.002686
4,129,4400,2,0.002916
4,129,4400,3,0.002628
4,129,4600,1,0.002662
4,129,4600,2,0.002451
4,129,4600,3,0.002883
4,129,4800,1,0.002821
4,129,4800,2,0.002683
4,129,4800,3,0.002683
4,129,5000,1,0.002801
4,129,5000,2,0.002644
4,129,5000,3,0.002657
4,131,1000,1,0.002826
4,131,1000,2,0.002694
4,131,1000,3,0.002619
4,131,1200,1,0.002906
4,131,1200,2,0.002758
4,131,1200,3,0.002920
4,131,1400,1,0.002936
4,131,1400,2,0.002780
4,131,1400,3,0.002854
4,131,1600,1,0.002941
4,131,1600,2,0.002679
4,131,1600,3,0.002884
4,131,1800,1,0.002825
4,131,1800,2,0.002671
4,131,1800,3,0.002911
4,131,2000,1,0.002794
4,131,2000,2,0.002948
4,131,2000,3,0.002927
4,131,2200,1,0.002788
4,131,2200,2,0.002717
4,131,2200,3,0.002786
4,131,2400,1,0.002560
4,131,2400,2,0.002782
4,131,2400,3,0.002867
4,131,2600,1,0.002463
4,131,2600,2,0.002892
4,131,2600,3,0.002831
4,131,2800,1,0.002584
4,131,2800,2,0.002843
4,131,2800,3,0.002796
4,131,3000,1,0.002837
4,131,3000,2,0.002904
4,131,3000,3,0.002789
4,131,3200,1,0.002764
4,131,3200,2,0.002654
4,131,3200,3,0.002758
4,131,3400,1,0.002768
4,131,3400,2,0.002735
4,131,3400,3,0.002800
4,131,3600,1,0.002647
4,131,3600,2,0.002672
4,131,3600,3,0.002792
4,131,3800,1,0.002838
4,131,3800,2,0.002957
4,131,3800,3,0.002976
4,131,4000,1,0.002690
4,131,4000,2,0.002720
4,131,4000,3,0.002900
4,131,4200,1,0.002753
4,131,4200,2,0.002864
4,131,4200,3,0.002855
4,131,4400,1,0.002906
4,131,4400,2,0.002863
4,131,4400,3,0.002917
4,131,4600,1,0.002952
4,131,4600,2,0.002669
4,131,4600,3,0.002781
4,131,4800,1,0.002752
4,131,4800,2,0.002566
4,131,4800,3,0.002711
4,131,5000,1,0.003011
4,131,5000,2,0.002793
4,131,5000,3,0.002782
4,133,1000,1,0.002813
4,133,1000,2,0.002961
4,133,1000,3,0.002797
4,133,1200,1,0.002744
4,133,1200,2,0.002853
4,133,1200,3,0.002760
4,133,1400,1,0.002775
4,133,1400,2,0.002920
4,133,1400,3,0.002732
4,133,1600,1,0.002892
4,133,1600,2,0.002720
4,133,1600,3,0.002705
4,133,1800,1,0.002821
4,133,1800,2,0.002967
4,133,1800,3,0.002773
4,133,2000,1,0.002848
4,133,2000,2,0.002842
4,133,2000,3,0.002751
4,133,2200,1,0.002890
4,133,2200,2,0.002706
4,133,2200,3,0.002630
4,133,2400,1,0.002681
4,133,2400,2,0.002917
4,133,2400,3,0.002721
4,133,2600,1,0.002698
4,133,2600,2,0.002700
4,133,2600,3,0.002662
4,133,2800,1,0.002795
4,133,2800,2,0.002798
4,133,2800,3,0.002827
4,133,3000,1,0.002752
4,133,3000,2,0.002683
4,133,3000,3,0.002653
4,133,3200,1,0.002844
4,133,3200,2,0.002880
4,133,3200,3,0.002749
4,133,3400,1,0.003000
4,133,3400,2,0.002707
4,133,3400,3,0.002867
4,133,3600,1,0.002756
4,133,3600,2,0.002983
4,133,3600,3,0.002752
4,133,3800,1,0.002886
4,133,3800,2,0.002845
4,133,3800,3,0.002973
4,133,4000,1,0.002759
4,133,4000,2,0.002897
4,133,4000,3,0.002745
4,133,4200,1,0.002725
4,133,4200,2,0.002857
4,133,4200,3,0.002834
4,133,4400,1,0.002973
4,133,4400,2,0.002704
4,133,4400,3,0.002715
4,133,4600,1,0.002755
4,133,4600,2,0.002829
4,133,4600,3,0.002981
4,133,4800,1,0.002826
4,133,4800,2,0.002864
4,133,4800,3,0.002810
4,133,5000,1,0.002948
4,133,5000,2,0.002954
4,133,5000,3,0.002778
4,135,1000,1,0.002633
4,135,1000,2,0.002752
4,135,1000,3,0.002915
4,135,1200,1,0.002939
4,135,1200,2,0.002664
4,135,1200,3,0.002999
4,135,1400,1,0.002903
4,135,1400,2,0.002833
4,135,1400,3,0.002646
4,135,1600,1,0.003008
4,135,1600,2,0.002886
4,135,1600,3,0.002783
4,135,1800,1,0.002835
4,135,1800,2,0.002895
4,135,1800,3,0.002939
4,135,2000,1,0.002692
4,135,2000,2,0.002563
4,135,2000,3,0.002929
4,135,2200,1,0.002889
4,135,2200,2,0.002887
4,135,2200,3,0.002924
4,135,2400,1,0.002765
4,135,2400,2,0.002887
4,135,2400,3,0.002666
4,135,2600,1,0.002900
4,135,2600,2,0.002841
4,135,2600,3,0.002778
4,135,2800,1,0.002905
4,135,2800,2,0.002986
4,135,2800,3,0.002642
4,135,3000,1,0.002849
4,135,3000,2,0.002882
4,135,3000,3,0.002906
4,135,3200,1,0.002893
4,135,3200,2,0.002810
4,135,3200,3,0.002911
4,135,3400,1,0.002883
4,135,3400,2,0.002714
4,135,3400,3,0.002887
4,135,3600,1,0.002836
4,135,3600,2,0.002887
4,135,3600,3,0.002849
4,135,3800,1,0.002855
4,135,3800,2,0.002434
4,135,3800,3,0.002757
4,135,4000,1,0.002952
4,135,4000,2,0.002950
4,135,4000,3,0.002867
4,135,4200,1,0.002923
4,135,4200,2,0.002709
4,135,4200,3,0.002882
4,135,4400,1,0.003024
4,135,4400,2,0.002826
4,135,4400,3,0.002773
4,135,4600,1,0.002856
4,135,4600,2,0.002748
4,135,4600,3,0.002952
4,135,4800,1,0.002727
4,135,4800,2,0.002872
4,135,4800,3,0.002664
4,135,5000,1,0.002879
4,135,5000,2,0.002866
4,135,5000,3,0.002667
4,137,1000,1,0.002848
4,137,1000,2,0.002833
4,137,1000,3,0.002737
4,137,1200,1,0.002849
4,137,1200,2,0.002905
4,137,1200,3,0.002854
4,137,1400,1,0.002724
4,137,1400,2,0.002905
4,137,1400,3,0.002896
4,137,1600,1,0.002814
4,137,1600,2,0.002793
4,137,1600,3,0.002870
4,137,1800,1,0.002717
4,137,1800,2,0.002942
4,137,1800,3,0.002792
4,137,2000,1,0.002804
4,137,2000,2,0.002766
4,137,2000,3,0.002960
4,137,2200,1,0.002864
4,137,2200,2,0.002890
4,137,2200,3,0.003038
4,137,2400,1,0.002997
4,137,2400,2,0.002569
4,137,2400,3,0.002953
4,137,2600,1,0.002785
4,137,2600,2,0.002899
4,137,2600,3,0.002646
4,137,2800,1,0.002909
4,137,2800,2,0.002929
4,137,2800,3,0.002747
4,137,3000,1,0.002907
4,137,3000,2,0.002808
4,137,3000,3,0.003024
4,137,3200,1,0.002900
4,137,3200,2,0.002509
4,137,3200,3,0.002958
4,137,3400,1,0.002892
4,137,3400,2,0.002929
4,137,3400,3,0.002932
4,137,3600,1,0.002886
4,137,3600,2,0.002719
4,137,3600,3,0.002764
4,137,3800,1,0.002802
4,137,3800,2,0.002794
4,137,3800,3,0.002658
4,137,4000,1,0.002846
4,137,4000,2,0.002786
4,137,4000,3,0.002661
4,137,4200,1,0.003059
4,137,4200,2,0.002732
4,137,4200,3,0.002737
4,137,4400,1,0.002857
4,137,4400,2,0.002793
4,137,4400,3,0.002823
4,137,4600,1,0.002927
4,137,4600,2,0.002900
4,137,4600,3,0.002842
4,137,4800,1,0.002908
4,137,4800,2,0.002934
4,137,4800,3,0.002951
4,137,5000,1,0.002781
4,137,5000,2,0.002753
4,137,5000,3,0.002787
4,139,1000,1,0.002908
4,139,1000,2,0.003025
4,139,1000,3,0.003017
4,139,1200,1,0.002926
4,139,1200,2,0.002814
4,139,1200,3,0.002759
4,139,1400,1,0.002643
4,139,1400,2,0.002994
4,139,1400,3,0.002828
4,139,1600,1,0.002839
4,139,1600,2,0.002765
4,139,1600,3,0.002742
4,139,1800,1,0.002983
4,139,1800,2,0.002886
4,139,1800,3,0.002877
4,139,2000,1,0.003130
4,139,2000,2,0.002878
4,139,2000,3,0.002863
4,139,2200,1,0.002926
4,139,2200,2,0.002906
4,139,2200,3,0.002907
4,139,2400,1,0.003086
4,139,2400,2,0.002646
4,139,2400,3,0.002841
4,139,2600,1,0.002742
4,139,2600,2,0.002753
4,139,2600,3,0.002706
4,139,2800,1,0.002813
4,139,2800,2,0.002873
4,139,2800,3,0.002866
4,139,3000,1,0.002854
4,139,3000,2,0.002758
4,139,3000,3,0.002700
4,139,3200,1,0.002632
4,139,3200,2,0.002808
4,139,3200,3,0.002870
4,139,3400,1,0.002867
4,139,3400,2,0.002835
4,139,3400,3,0.002805
4,139,3600,1,0.002904
4,139,3600,2,0.002880
4,139,3600,3,0.002953
4,139,3800,1,0.002750
4,139,3800,2,0.002903
4,139,3800,3,0.002860
4,139,4000,1,0.002681
4,139,4000,2,0.003052
4,139,4000,3,0.002838
4,139,4200,1,0.002815
4,139,4200,2,0.002793
4,139,4200,3,0.002697
4,139,4400,1,0.002785
4,139,4400,2,0.002888
4,139,4400,3,0.002869
4,139,4600,1,0.002774
4,139,4600,2,0.002850
4,139,4600,3,0.002638
4,139,4800,1,0.002892
4,139,4800,2,0.002738
4,139,4800,3,0.002999
4,139,5000,1,0.002723
4,139,5000,2,0.002895
4,139,5000,3,0.003027
4,141,1000,1,0.002954
4,141,1000,2,0.002880
4,141,1000,3,0.003015
4,141,1200,1,0.002885
4,141,1200,2,0.002974
4,141,1200,3,0.002801
4,141,1400,1,0.002808
4,141,1400,2,0.002832
4,141,1400,3,0.002914
4,141,1600,1,0.002857
4,141,1600,2,0.002861
4,141,1600,3,0.002786
4,141,1800,1,0.002816
4,141,1800,2,0.002955
4,141,1800,3,0.003106
4,141,2000,1,0.002911
4,141,2000,2,0.003059
4,141,2000,3,0.003043
4,141,2200,1,0.002830
4,141,2200,2,0.002882
4,141,2200,3,0.002756
4,141,2400,1,0.002938
4,141,2400,2,0.002795
4,141,2400,3,0.002854
4,141,2600,1,0.002739
4,141,2600,2,0.002785
4,141,2600,3,0.002920
4,141,2800,1,0.002851
4,141,2800,2,0.002855
4,141,2800,3,0.002791
4,141,3000,1,0.002796
4,141,3000,2,0.003014
4,141,3000,3,0.003085
4,141,3200,1,0.003017
4,141,3200,2,0.003063
4,141,3200,3,0.002689
4,141,3400,1,0.002820
4,141,3400,2,0.003034
4,141,3400,3,0.003043
4,141,3600,1,0.002714
4,141,3600,2,0.002920
4,141,3600,3,0.002869
4,141,3800,1,0.002747
4,141,3800,2,0.002660
4,141,3800,3,0.002676
4,141,4000,1,0.003061
4,141,4000,2,0.002744
4,141,4000,3,0.002805
4,141,4200,1,0.002889
4,141,4200,2,0.002832
4,141,4200,3,0.002980
4,141,4400,1,0.003007
4,141,4400,2,0.003007
4,141,4400,3,0.002840
4,141,4600,1,0.002844
4,141,4600,2,0.002912
4,141,4600,3,0.003006
4,141,4800,1,0.002913
4,141,4800,2,0.002856
4,141,4800,3,0.002714
4,141,5000,1,0.002680
4,141,5000,2,0.003026
4,141,5000,3,0.002898
4,143,1000,1,0.002723
4,143,1000,2,0.002813
4,143,1000,3,0.002976
4,143,1200,1,0.002969
4,143,1200,2,0.002886
4,143,1200,3,0.002914
4,143,1400,1,0.002769
4,143,1400,2,0.002874
4,143,1400,3,0.002953
4,143,1600,1,0.002899
4,143,1600,2,0.002836
4,143,1600,3,0.002692
4,143,1800,1,0.003005
4,143,1800,2,0.002898
4,143,1800,3,0.003005
4,143,2000,1,0.002935
4,143,2000,2,0.002886
4,143,2000,3,0.002663
4,143,2200,1,0.002893
4,143,2200,2,0.002930
4,143,2200,3,0.002847
4,143,2400,1,0.002872
4,143,2400,2,0.003039
4,143,2400,3,0.003041
4,143,2600,1,0.002899
4,143,2600,2,0.002868
4,143,2600,3,0.003021
4,143,2800,1,0.002837
4,143,2800,2,0.002986
4,143,2800,3,0.002879
4,143,3000,1,0.002807
4,143,3000,2,0.002753
4,143,3000,3,0.002757
4,143,3200,1,0.002976
4,143,3200,2,0.002754
4,143,3200,3,0.002847
4,143,3400,1,0.003067
4,143,3400,2,0.002874
4,143,3400,3,0.002811
4,143,3600,1,0.003058
4,143,3600,2,0.002829
4,143,3600,3,0.002943
4,143,3800,1,0.002833
4,143,3800,2,0.002983
4,143,3800,3,0.002754
4,143,4000,1,0.003030
4,143,4000,2,0.002848
4,143,4000,3,0.002771
4,143,4200,1,0.002776
4,143,4200,2,0.002737
4,143,4200,3,0.002761
4,143,4400,1,0.002880
4,143,4400,2,0.002774
4,143,4400,3,0.002853
4,143,4600,1,0.002888
4,143,4600,2,0.002667
4,143,4600,3,0.003000
4,143,4800,1,0.002910
4,143,4800,2,0.002810
4,143,4800,3,0.002849
4,143,5000,1,0.002882
4,143,5000,2,0.002808
4,143,5000,3,0.003065
4,145,1000,1,0.002827
4,145,1000,2,0.002739
4,145,1000,3,0.002872
4,145,1200,1,0.002770
4,145,1200,2,0.003034
4,145,1200,3,0.002666
4,145,1400,1,0.002753
4,145,1400,2,0.002943
4,145,1400,3,0.002891
4,145,1600,1,0.002889
4,145,1600,2,0.002864
4,145,1600,3,0.002955
4,145,1800,1,0.002955
4,145,1800,2,0.002917
4,145,1800,3,0.002851
4,145,2000,1,0.003064
4,145,2000,2,0.002731
4,145,2000,3,0.002673
4,145,2200,1,0.002919
4,145,2200,2,0.003006
4,145,2200,3,0.003134
4,145,2400,1,0.002841
4,145,2400,2,0.002714
4,145,2400,3,0.002799
4,145,2600,1,0.003057
4,145,2600,2,0.003056
4,145,2600,3,0.002761
4,145,2800,1,0.002848
4,145,2800,2,0.002886
4,145,2800,3,0.002657
4,145,3000,1,0.002943
4,145,3000,2,0.002900
4,145,3000,3,0.002932
4,145,3200,1,0.002954
4,145,3200,2,0.002719
4,145,3200,3,0.002872
4,145,3400,1,0.002939
4,145,3400,2,0.002904
4,145,3400,3,0.002915
4,145,3600,1,0.002974
4,145,3600,2,0.002739
4,145,3600,3,0.002762
4,145,3800,1,0.002990
4,145,3800,2,0.002875
4,145,3800,3,0.002792
4,145,4000,1,0.002912
4,145,4000,2,0.002806
4,145,4000,3,0.003121
4,145,4200,1,0.002892
4,145,4200,2,0.002993
4,145,4200,3,0.002846
4,145,4400,1,0.002959
4,145,4400,2,0.003007
4,145,4400,3,0.002861
4,145,4600,1,0.003159
4,145,4600,2,0.002853
4,145,4600,3,0.002684
4,145,4800,1,0.002822
4,145,4800,2,0.002798
4,145,4800,3,0.002972
4,145,5000,1,0.002879
4,145,5000,2,0.002897
4,145,5000,3,0.002984
4,147,1000,1,0.002946
4,147,1000,2,0.002866
4,147,1000,3,0.002932
4,147,1200,1,0.002933
4,147,1200,2,0.002771
4,147,1200,3,0.002948
4,147,1400,1,0.002928
4,147,1400,2,0.002821
4,147,1400,3,0.002823
4,147,1600,1,0.002897
4,147,1600,2,0.002844
4,147,1600,3,0.002834
4,147,1800,1,0.003057
4,147,1800,2,0.002882
4,147,1800,3,0.003085
4,147,2000,1,0.002777
4,147,2000,2,0.002884
4,147,2000,3,0.002820
4,147,2200,1,0.002862
4,147,2200,2,0.003005
4,147,2200,3,0.002876
4,147,2400,1,0.002833
4,147,2400,2,0.003033
4,147,2400,3,0.002778
4,147,2600,1,0.003006
4,147,2600,2,0.002998
4,147,2600,3,0.003082
4,147,2800,1,0.002803
4,147,2800,2,0.002918
4,147,2800,3,0.002949
4,147,3000,1,0.002836
4,147,3000,2,0.002889
4,147,3000,3,0.002943
4,147,3200,1,0.002924
4,147,3200,2,0.002910
4,147,3200,3,0.002948
4,147,3400,1,0.003083
4,147,3400,2,0.002867
4,147,3400,3,0.002801
4,147,3600,1,0.002854
4,147,3600,2,0.002916
4,147,3600,3,0.002930
4,147,3800,1,0.002906
4,147,3800,2,0.002913
4,147,3800,3,nan
4,147,4000,1,0.003158
4,147,4000,2,0.002966
4,147,4000,3,0.003000
4,147,4200,1,0.002902
4,147,4200,2,0.002766
4,147,4200,3,0.003047
4,147,4400,1,0.002576
4,147,4400,2,0.002985
4,147,4400,3,0.003171
4,147,4600,1,0.003046
4,147,4600,2,0.002907
4,147,4600,3,0.002948
4,147,4800,1,0.002927
4,147,4800,2,0.003002
4,147,4800,3,0.002945
4,147,5000,1,0.002827
4,147,5000,2,0.002740
4,147,5000,3,0.002961
4,149,1000,1,0.002967
4,149,1000,2,0.002801
4,149,1000,3,0.003132
4,149,1200,1,0.002935
4,149,1200,2,0.002982
4,149,1200,3,0.002824
4,149,1400,1,0.002997
4,149,1400,2,0.002959
4,149,1400,3,0.002940
4,149,1600,1,0.002810
4,149,1600,2,0.002894
4,149,1600,3,0.002947
4,149,1800,1,0.002918
4,149,1800,2,0.003016
4,149,1800,3,0.003007
4,149,2000,1,0.002775
4,149,2000,2,0.002866
4,149,2000,3,0.002878
4,149,2200,1,0.002968
4,149,2200,2,0.002975
4,149,2200,3,0.003028
4,149,2400,1,0.002964
4,149,2400,2,0.003104
4,149,2400,3,0.002981
4,149,2600,1,0.002946
4,149,2600,2,0.002933
4,149,2600,3,0.002975
4,149,2800,1,0.002958
4,149,2800,2,0.002813
4,149,2800,3,0.002888
4,149,3000,1,0.003124
4,149,3000,2,0.002960
4,149,3000,3,0.003113
4,149,3200,1,0.003197
4,149,3200,2,0.002719
4,149,3200,3,0.003023
4,149,3400,1,0.002894
4,149,3400,2,0.002989
4,149,3400,3,0.002974
4,149,3600,1,0.002918
4,149,3600,2,0.002824
4,149,3600,3,0.002854
4,149,3800,1,0.002943
4,149,3800,2,0.003023
4,149,3800,3,0.002952
4,149,4000,1,0.002788
4,149,4000,2,0.002956
4,149,4000,3,0.003170
4,149,4200,1,0.003121
4,149,4200,2,0.002827
4,149,4200,3,0.003036
4,149,4400,1,0.003201
4,149,4400,2,0.002932
4,149,4400,3,0.003032
4,149,4600,1,0.002823
4,149,4600,2,0.002939
4,149,4600,3,0.003027
4,149,4800,1,0.002892
4,149,4800,2,0.003006
4,149,4800,3,0.003044
4,149,5000,1,0.002986
4,149,5000,2,0.002865
4,149,5000,3,0.003038
4,151,1000,1,0.003067
4,151,1000,2,0.002776
4,151,1000,3,0.002724
4,151,1200,1,0.002910
4,151,1200,2,0.002982
4,151,1200,3,0.003115
4,151,1400,1,0.002814
4,151,1400,2,0.003032
4,151,1400,3,0.002944
4,151,1600,1,0.002736
4,151,1600,2,0.002780
4,151,1600,3,0.002890
4,151,1800,1,0.003208
4,151,1800,2,0.003059
4,151,1800,3,0.002951
4,151,2000,1,0.002822
4,151,2000,2,0.003091
4,151,2000,3,0.003146
4,151,2200,1,0.002949
4,151,2200,2,0.003085
4,151,2200,3,0.002832
4,151,2400,1,0.002804
4,151,2400,2,0.003099
4,151,2400,3,0.002762
4,151,2600,1,0.002991
4,151,2600,2,0.002910
4,151,2600,3,0.002983
4,151,2800,1,0.002815
4,151,2800,2,0.002847
4,151,2800,3,0.002800
4,151,3000,1,0.002878
4,151,3000,2,0.003060
4,151,3000,3,0.002897
4,151,3200,1,0.002905
4,151,3200,2,0.002984
4,151,3200,3,0.002899
4,151,3400,1,0.002802
4,151,3400,2,0.002983
4,151,3400,3,0.002935
4,151,3600,1,0.003033
4,151,3600,2,0.002977
4,151,3600,3,0.002909
4,151,3800,1,0.002925
4,151,3800,2,0.002861
4,151,3800,3,0.002976
4,151,4000,1,0.003021
4,151,4000,2,0.003027
4,151,4000,3,0.002725
4,151,4200,1,0.003383
4,151,4200,2,0.002904
4,151,4200,3,0.002862
4,151,4400,1,0.002912
4,151,4400,2,0.003049
4,151,4400,3,0.002883
4,151,4600,1,0.002860
4,151,4600,2,0.002985
4,151,4600,3,0.003131
4,151,4800,1,0.003013
4,151,4800,2,0.003033
4,151,4800,3,0.002949
4,151,5000,1,0.002948
4,151,5000,2,0.003001
4,151,5000,3,0.002680
4,153,1000,1,0.002886
4,153,1000,2,0.003030
4,153,1000,3,0.002964
4,153,1200,1,0.003005
4,153,1200,2,0.002848
4,153,1200,3,0.003140
4,153,1400,1,0.002844
4,153,1400,2,0.002984
4,153,1400,3,0.002676
4,153,1600,1,0.003146
4,153,1600,2,0.002935
4,153,1600,3,0.002969
4,153,1800,1,0.003113
4,153,1800,2,0.003037
4,153,1800,3,0.003016
4,153,2000,1,0.002933
4,153,2000,2,0.002925
4,153,2000,3,0.003102
4,153,2200,1,0.003129
4,153,2200,2,0.003057
4,153,2200,3,0.003034
4,153,2400,1,0.002614
4,153,2400,2,0.002991
4,153,2400,3,0.003122
4,153,2600,1,0.003034
4,153,2600,2,0.002960
4,153,2600,3,0.003061
4,153,2800,1,0.003043
4,153,2800,2,0.002858
4,153,2800,3,0.002892
4,153,3000,1,0.002978
4,153,3000,2,0.002831
4,153,3000,3,0.002882
4,153,3200,1,0.002904
4,153,3200,2,0.002988
4,153,3200,3,0.003150
4,153,3400,1,0.003148
4,153,3400,2,0.002790
4,153,3400,3,0.002975
4,153,3600,1,0.002937
4,153,3600,2,0.002815
4,153,3600,3,0.002875
4,153,3800,1,0.002847
4,153,3800,2,0.002943
4,153,3800,3,0.002878
4,153,4000,1,0.002947
4,153,4000,2,0.002823
4,153,4000,3,0.002959
4,153,4200,1,0.003064
4,153,4200,2,0.003071
4,153,4200,3,0.003050
4,153,4400,1,0.002910
4,153,4400,2,0.003035
4,153,4400,3,0.002896
4,153,4600,1,0.002853
4,153,4600,2,0.003189
4,153,4600,3,0.002934
4,153,4800,1,0.003017
4,153,4800,2,0.002998
4,153,4800,3,0.003200
4,153,5000,1,0.002815
4,153,5000,2,0.002949
4,153,5000,3,0.002810
4,155,1000,1,0.002874
4,155,1000,2,0.002856
4,155,1000,3,0.003083
4,155,1200,1,0.002767
4,155,1200,2,0.002982
4,155,1200,3,0.002921
4,155,1400,1,0.003063
4,155,1400,2,0.002953
4,155,1400,3,0.002808
4,155,1600,1,0.002880
4,155,1600,2,0.002851
4,155,1600,3,0.003042
4,155,1800,1,0.003127
4,155,1800,2,0.002973
4,155,1800,3,0.003003
4,155,2000,1,0.002889
4,155,2000,2,0.002928
4,155,2000,3,0.003034
4,155,2200,1,0.002969
4,155,2200,2,0.002808
4,155,2200,3,0.003046
4,155,2400,1,0.003118
4,155,2400,2,0.003175
4,155,2400,3,0.002716
4,155,2600,1,0.002866
4,155,2600,2,0.003175
4,155,2600,3,0.002695
4,155,2800,1,0.002867
4,155,2800,2,0.003083
4,155,2800,3,0.003164
4,155,3000,1,0.003006
4,155,3000,2,0.003046
4,155,3000,3,0.002927
4,155,3200,1,0.003008
4,155,3200,2,0.003196
4,155,3200,3,0.002918
4,155,3400,1,0.002969
4,155,3400,2,0.003075
4,155,3400,3,0.002957
4,155,3600,1,0.002789
4,155,3600,2,0.002756
4,155,3600,3,0.002967
4,155,3800,1,0.003049
4,155,3800,2,0.003247
4,155,3800,3,0.002953
4,155,4000,1,0.002783
4,155,4000,2,0.002797
4,155,4000,3,0.002912
4,155,4200,1,0.002946
4,155,4200,2,0.003026
4,155,4200,3,0.002829
4,155,4400,1,0.003024
4,155,4400,2,0.002935
4,155,4400,3,0.002733
4,155,4600,1,0.002871
4,155,4600,2,0.002906
4,155,4600,3,0.002980
4,155,4800,1,0.002754
4,155,4800,2,0.003065
4,155,4800,3,0.002928
4,155,5000,1,0.003101
4,155,5000,2,0.003079
4,155,5000,3,0.002938
4,157,1000,1,0.003087
4,157,1000,2,0.003036
4,157,1000,3,0.002881
4,157,1200,1,0.003069
4,157,1200,2,0.003006
4,157,1200,3,0.003097
4,157,1400,1,0.003066
4,157,1400,2,0.002706
4,157,1400,3,0.003113
4,157,1600,1,0.003017
4,157,1600,2,0.002948
4,157,1600,3,0.003081
4,157,1800,1,0.003122
4,157,1800,2,0.003020
4,157,1800,3,0.002877
4,157,2000,1,0.002945
4,157,2000,2,0.002827
4,157,2000,3,0.003000
4,157,2200,1,0.002892
4,157,2200,2,0.003120
4,157,2200,3,0.003126
4,157,2400,1,0.003009
4,157,2400,2,0.002954
4,157,2400,3,0.003279
4,157,2600,1,0.002934
4,157,2600,2,0.002998
4,157,2600,3,0.002970
4,157,2800,1,0.002995
4,157,2800,2,0.002866
4,157,2800,3,0.003081
4,157,3000,1,0.003203
4,157,3000,2,0.002991
4,157,3000,3,0.002870
4,157,3200,1,0.002940
4,157,3200,2,0.003014
4,157,3200,3,0.003194
4,157,3400,1,0.002981
4,157,3400,2,0.002990
4,157,3400,3,0.002892
4,157,3600,1,0.002945
4,157,3600,2,0.002872
4,157,3600,3,0.002882
4,157,3800,1,0.003099
4,157,3800,2,0.002957
4,157,3800,3,0.003154
4,157,4000,1,0.002852
4,157,4000,2,0.003084
4,157,4000,3,0.003161
4,157,4200,1,0.002943
4,157,4200,2,0.003152
4,157,4200,3,0.002887
4,157,4400,1,0.003027
4,157,4400,2,0.002789
4,157,4400,3,nan
4,157,4600,1,0.002914
4,157,4600,2,0.002886
4,157,4600,3,0.002992
4,157,4800,1,0.002975
4,157,4800,2,0.002973
4,157,4800,3,0.002766
4,157,5000,1,0.002958
4,157,5000,2,0.003053
4,157,5000,3,0.002932
4,159,1000,1,0.003163
4,159,1000,2,0.002980
4,159,1000,3,0.003206
4,159,1200,1,0.003044
4,159,1200,2,0.002836
4,159,1200,3,0.002738
4,159,1400,1,0.002913
4,159,1400,2,0.003045
4,159,1400,3,0.002948
4,159,1600,1,0.003204
4,159,1600,2,0.003082
4,159,1600,3,0.002960
4,159,1800,1,0.002827
4,159,1800,2,0.002910
4,159,1800,3,0.003115
4,159,2000,1,0.003020
4,159,2000,2,0.002959
4,159,2000,3,0.002832
4,159,2200,1,0.003043
4,159,2200,2,0.003043
4,159,2200,3,0.002821
4,159,2400,1,0.002953
4,159,2400,2,0.003087
4,159,2400,3,0.002870
4,159,2600,1,0.002967
4,159,2600,2,0.003063
4,159,2600,3,0.002942
4,159,2800,1,0.003094
4,159,2800,2,0.003189
4,159,2800,3,0.003142
4,159,3000,1,0.002968
4,159,3000,2,0.002977
4,159,3000,3,0.002857
4,159,3200,1,0.003049
4,159,3200,2,0.002983
4,159,3200,3,0.002676
4,159,3400,1,0.002781
4,159,3400,2,0.003004
4,159,3400,3,0.003051
4,159,3600,1,0.002865
4,159,3600,2,0.003350
4,159,3600,3,0.002985
4,159,3800,1,0.003161
4,159,3800,2,0.002968
4,159,3800,3,0.002997
4,159,4000,1,0.003116
4,159,4000,2,0.003044
4,159,4000,3,0.002737
4,159,4200,1,0.002985
4,159,4200,2,0.002951
4,159,4200,3,0.003067
4,159,4400,1,0.003104
4,159,4400,2,0.002878
4,159,4400,3,0.003080
4,159,4600,1,0.003060
4,159,4600,2,0.002848
4,159,4600,3,0.003033
4,159,4800,1,0.002827
4,159,4800,2,0.003229
4,159,4800,3,0.002895
4,159,5000,1,0.002915
4,159,5000,2,0.003087
4,159,5000,3,0.004289
4,161,1000,1,0.002967
4,161,1000,2,0.003011
4,161,1000,3,0.002996
4,161,1200,1,0.003176
4,161,1200,2,0.003193
4,161,1200,3,0.002984
4,161,1400,1,0.002966
4,161,1400,2,0.003275
4,161,1400,3,0.002925
4,161,1600,1,nan
4,161,1600,2,0.003105
4,161,1600,3,0.002988
4,161,1800,1,0.002954
4,161,1800,2,0.002916
4,161,1800,3,0.003004
4,161,2000,1,0.003027
4,161,2000,2,0.002898
4,161,2000,3,0.003019
4,161,2200,1,0.003138
4,161,2200,2,0.003121
4,161,2200,3,0.003093
4,161,2400,1,0.003041
4,161,2400,2,0.003077
4,161,2400,3,0.003034
4,161,2600,1,0.003005
4,161,2600,2,0.003072
4,161,2600,3,0.003034
4,161,2800,1,0.002935
4,161,2800,2,0.002946
4,161,2800,3,0.003213
4,161,3000,1,0.002898
4,161,3000,2,0.003185
4,161,3000,3,0.003119
4,161,3200,1,0.003219
4,161,3200,2,0.003127
4,161,3200,3,0.002932
4,161,3400,1,0.002870
4,161,3400,2,0.003069
4,161,3400,3,0.003119
4,161,3600,1,0.002833
4,161,3600,2,0.003271
4,161,3600,3,0.003066
4,161,3800,1,0.003284
4,161,3800,2,0.003064
4,161,3800,3,0.003037
4,161,4000,1,0.002888
4,161,4000,2,0.003150
4,161,4000,3,0.002988
4,161,4200,1,0.003098
4,161,4200,2,0.003037
4,161,4200,3,0.003014
4,161,4400,1,0.002981
4,161,4400,2,0.002986
4,161,4400,3,0.002999
4,161,4600,1,0.003004
4,161,4600,2,0.002873
4,161,4600,3,0.003021
4,161,4800,1,0.002614
4,161,4800,2,0.002994
4,161,4800,3,0.002890
4,161,5000,1,0.002959
4,161,5000,2,0.003141
4,161,5000,3,0.003320
4,163,1000,1,0.002905
4,163,1000,2,0.002953
4,163,1000,3,0.002926
4,163,1200,1,0.002889
4,163,1200,2,0.003065
4,163,1200,3,0.002912
4,163,1400,1,0.003101
4,163,1400,2,0.003049
4,163,1400,3,0.003043
4,163,1600,1,0.002992
4,163,1600,2,0.003062
4,163,1600,3,0.003114
4,163,1800,1,0.003191
4,163,1800,2,0.003149
4,163,1800,3,0.003121
4,163,2000,1,0.002930
4,163,2000,2,0.002971
4,163,2000,3,0.003094
4,163,2200,1,0.003163
4,163,2200,2,0.002782
4,163,2200,3,0.003068
4,163,2400,1,0.002953
4,163,2400,2,0.002870
4,163,2400,3,0.003055
4,163,2600,1,0.002976
4,163,2600,2,0.003034
4,163,2600,3,0.003063
4,163,2800,1,0.003173
4,163,2800,2,0.002854
4,163,2800,3,0.002971
4,163,3000,1,0.003056
4,163,3000,2,0.002984
4,163,3000,3,0.002952
4,163,3200,1,0.003026
4,163,3200,2,0.003105
4,163,3200,3,0.003182
4,163,3400,1,0.003136
4,163,3400,2,0.002793
4,163,3400,3,0.003097
4,163,3600,1,0.003146
4,163,3600,2,0.002941
4,163,3600,3,0.003104
4,163,3800,1,0.003032
4,163,3800,2,0.003122
4,163,3800,3,0.002948
4,163,4000,1,0.003110
4,163,4000,2,0.003114
4,163,4000,3,0.003191
4,163,4200,1,0.002977
4,163,4200,2,0.003034
4,163,4200,3,0.002851
4,163,4400,1,0.002947
4,163,4400,2,0.003121
4,163,4400,3,0.002968
4,163,4600,1,0.003100
4,163,4600,2,0.003138
4,163,4600,3,0.002983
4,163,4800,1,0.003210
4,163,4800,2,0.003018
4,163,4800,3,0.002987
4,163,5000,1,0.003014
4,163,5000,2,0.003007
4,163,5000,3,0.003094
4,165,1000,1,0.002983
4,165,1000,2,0.003099
4,165,1000,3,0.003125
4,165,1200,1,0.002967
4,165,1200,2,0.002919
4,165,1200,3,0.003025
4,165,1400,1,0.003121
4,165,1400,2,0.003111
4,165,1400,3,0.003107
4,165,1600,1,0.002997
4,165,1600,2,0.003029
4,165,1600,3,0.003175
4,165,1800,1,0.003193
4,165,1800,2,0.003036
4,165,1800,3,0.002912
4,165,2000,1,0.002923
4,165,2000,2,0.003133
4,165,2000,3,0.003041
4,165,2200,1,0.003166
4,165,2200,2,0.002773
4,165,2200,3,0.002998
4,165,2400,1,0.002883
4,165,2400,2,0.002914
4,165,2400,3,0.002995
4,165,2600,1,0.003190
4,165,2600,2,0.003017
4,165,2600,3,0.003024
4,165,2800,1,0.002933
4,165,2800,2,0.002886
4,165,2800,3,0.002874
4,165,3000,1,0.003078
4,165,3000,2,0.002988
4,165,3000,3,0.003017
4,165,3200,1,0.002950
4,165,3200,2,0.003098
4,165,3200,3,0.003089
4,165,3400,1,0.003168
4,165,3400,2,0.002994
4,165,3400,3,0.002955
4,165,3600,1,0.002982
4,165,3600,2,0.003247
4,165,3600,3,0.003052
4,165,3800,1,0.002917
4,165,3800,2,0.003065
4,165,3800,3,0.003057
4,165,4000,1,0.002977
4,165,4000,2,0.003200
4,165,4000,3,0.003069
4,165,4200,1,0.003076
4,165,4200,2,0.003013
4,165,4200,3,0.003320
4,165,4400,1,0.002903
4,165,4400,2,0.003082
4,165,4400,3,0.002978
4,165,4600,1,0.002986
4,165,4600,2,0.003197
4,165,4600,3,0.002986
4,165,4800,1,0.003080
4,165,4800,2,0.002885
4,165,4800,3,0.003032
4,165,5000,1,0.002956
4,165,5000,2,0.003043
4,165,5000,3,0.003073
4,167,1000,1,0.003051
4,167,1000,2,0.003085
4,167,1000,3,0.003190
4,167,1200,1,0.003056
4,167,1200,2,0.003013
4,167,1200,3,0.003050
4,167,1400,1,0.003000
4,167,1400,2,0.002935
4,167,1400,3,0.003154
4,167,1600,1,0.002880
4,167,1600,2,0.002936
4,167,1600,3,0.003121
4,167,1800,1,0.002891
4,167,1800,2,0.002943
4,167,1800,3,0.003166
4,167,2000,1,0.002969
4,167,2000,2,0.003102
4,167,2000,3,0.002895
4,167,2200,1,0.002957
4,167,2200,2,0.003041
4,167,2200,3,0.003153
4,167,2400,1,0.003079
4,167,2400,2,0.003117
4,167,2400,3,0.003195
4,167,2600,1,0.003016
4,167,2600,2,0.003077
4,167,2600,3,0.002969
4,167,2800,1,0.003118
4,167,2800,2,0.002814
4,167,2800,3,0.003218
4,167,3000,1,0.003208
4,167,3000,2,0.002942
4,167,3000,3,0.002818
4,167,3200,1,0.003097
4,167,3200,2,0.002929
4,167,3200,3,0.002886
4,167,3400,1,0.003161
4,167,3400,2,0.002951
4,167,3400,3,0.003116
4,167,3600,1,0.003140
4,167,3600,2,0.003138
4,167,3600,3,0.003210
4,167,3800,1,0.003008
4,167,3800,2,0.003321
4,167,3800,3,0.002940
4,167,4000,1,0.002941
4,167,4000,2,0.003372
4,167,4000,3,0.003032
4,167,4200,1,0.003108
4,167,4200,2,0.003057
4,167,4200,3,0.003026
4,167,4400,1,0.003227
4,167,4400,2,0.002976
4,167,4400,3,0.003251
4,167,4600,1,0.002949
4,167,4600,2,0.002978
4,167,4600,3,0.003078
4,167,4800,1,0.003265
4,167,4800,2,0.002964
4,167,4800,3,0.003199
4,167,5000,1,0.002876
4,167,5000,2,0.003282
4,167,5000,3,0.003143
4,169,1000,1,0.003238
4,169,1000,2,0.003184
4,169,1000,3,0.003121
4,169,1200,1,0.002850
4,169,1200,2,0.002848
4,169,1200,3,0.003277
4,169,1400,1,0.002872
4,169,1400,2,0.003183
4,169,1400,3,0.003309
4,169,1600,1,0.002937
4,169,1600,2,0.003153
4,169,1600,3,0.002968
4,169,1800,1,0.003029
4,169,1800,2,0.003144
4,169,1800,3,0.003093
4,169,2000,1,0.002994
4,169,2000,2,0.002926
4,169,2000,3,0.003050
4,169,2200,1,0.003064
4,169,2200,2,0.003034
4,169,2200,3,0.002936
4,169,2400,1,0.003197
4,169,2400,2,0.003301
4,169,2400,3,0.003009
4,169,2600,1,0.002939
4,169,2600,2,0.003049
4,169,2600,3,0.003096
4,169,2800,1,0.003173
4,169,2800,2,0.003134
4,169,2800,3,nan
4,169,3000,1,0.003071
4,169,3000,2,0.002857
4,169,3000,3,0.003097
4,169,3200,1,0.003061
4,169,3200,2,0.003252
4,169,3200,3,0.003099
4,169,3400,1,0.003193
4,169,3400,2,0.002971
4,169,3400,3,0.003100
4,169,3600,1,0.003195
4,169,3600,2,0.003138
4,169,3600,3,0.003025
4,169,3800,1,0.002902
4,169,3800,2,0.003021
4,169,3800,3,0.003203
4,169,4000,1,0.003254
4,169,4000,2,0.002979
4,169,4000,3,0.002773
4,169,4200,1,0.002955
4,169,4200,2,0.003116
4,169,4200,3,0.003195
4,169,4400,1,0.003027
4,169,4400,2,0.003208
4,169,4400,3,0.003215
4,169,4600,1,0.003004
4,169,4600,2,0.003010
4,169,4600,3,0.003163
4,169,4800,1,0.003118
4,169,4800,2,0.003056
4,169,4800,3,0.002884
4,169,5000,1,0.003060
4,169,5000,2,0.003086
4,169,5000,3,0.003039
4,171,1000,1,0.003030
4,171,1000,2,0.003198
4,171,1000,3,0.003112
4,171,1200,1,0.003165
4,171,1200,2,0.003106
4,171,1200,3,0.003237
4,171,1400,1,0.003044
4,171,1400,2,0.003149
4,171,1400,3,0.003158
4,171,1600,1,0.003173
4,171,1600,2,0.003160
4,171,1600,3,0.003147
4,171,1800,1,0.002795
4,171,1800,2,0.003047
4,171,1800,3,0.002884
4,171,2000,1,0.003184
4,171,2000,2,0.003002
4,171,2000,3,0.003035
4,171,2200,1,0.002849
4,171,2200,2,0.003108
4,171,2200,3,0.002986
4,171,2400,1,0.002987
4,171,2400,2,0.003179
4,171,2400,3,0.003078
4,171,2600,1,0.003041
4,171,2600,2,0.003071
4,171,2600,3,0.002948
4,171,2800,1,0.003040
4,171,2800,2,0.003080
4,171,2800,3,0.003028
4,171,3000,1,0.003013
4,171,3000,2,0.002853
4,171,3000,3,0.003165
4,171,3200,1,0.003095
4,171,3200,2,0.003018
4,171,3200,3,0.003196
4,171,3400,1,0.003045
4,171,3400,2,0.002859
4,171,3400,3,0.003220
4,171,3600,1,0.003044
4,171,3600,2,0.003029
4,171,3600,3,0.002904
4,171,3800,1,0.003175
4,171,3800,2,0.002954
4,171,3800,3,0.003330
4,171,4000,1,0.003030
4,171,4000,2,0.002975
4,171,4000,3,0.002951
4,171,4200,1,0.003119
4,171,4200,2,0.002858
4,171,4200,3,0.002981
4,171,4400,1,0.003011
4,171,4400,2,0.003251
4,171,4400,3,0.003326
4,171,4600,1,0.002974
4,171,4600,2,0.003090
4,171,4600,3,0.003062
4,171,4800,1,0.003020
4,171,4800,2,0.003224
4,171,4800,3,0.003300
4,171,5000,1,0.003133
4,171,5000,2,0.002957
4,171,5000,3,0.003313
4,173,1000,1,0.002956
4,173,1000,2,0.003171
4,173,1000,3,0.003065
4,173,1200,1,0.003116
4,173,1200,2,0.002991
4,173,1200,3,0.003018
4,173,1400,1,0.003038
4,173,1400,2,0.003198
4,173,1400,3,0.003004
4,173,1600,1,0.002987
4,173,1600,2,0.002950
4,173,1600,3,0.003077
4,173,1800,1,0.002980
4,173,1800,2,0.002961
4,173,1800,3,0.003044
4,173,2000,1,0.002952
4,173,2000,2,0.003166
4,173,2000,3,0.003267
4,173,2200,1,0.003055
4,173,2200,2,0.003038
4,173,2200,3,0.003261
4,173,2400,1,0.002857
4,173,2400,2,0.002999
4,173,2400,3,0.003101
4,173,2600,1,0.003002
4,173,2600,2,0.003075
4,173,2600,3,0.003323
4,173,2800,1,0.003095
4,173,2800,2,0.003223
4,173,2800,3,0.003128
4,173,3000,1,0.003058
4,173,3000,2,0.003112
4,173,3000,3,0.003260
4,173,3200,1,0.002957
4,173,3200,2,0.002915
4,173,3200,3,0.003016
4,173,3400,1,0.003113
4,173,3400,2,0.003111
4,173,3400,3,0.003061
4,173,3600,1,0.003086
4,173,3600,2,0.003023
4,173,3600,3,0.003245
4,173,3800,1,0.003102
4,173,3800,2,0.003129
4,173,3800,3,0.003169
4,173,4000,1,0.003134
4,173,4000,2,0.003258
4,173,4000,3,0.003346
4,173,4200,1,0.003094
4,173,4200,2,0.003043
4,173,4200,3,0.002896
4,173,4400,1,0.003076
4,173,4400,2,0.003120
4,173,4400,3,0.003087
4,173,4600,1,0.003095
4,173,4600,2,0.003185
4,173,4600,3,0.003176
4,173,4800,1,0.003163
4,173,4800,2,0.003325
4,173,4800,3,0.002927
4,173,5000,1,0.003059
4,173,5000,2,0.003067
4,173,5000,3,0.003115
4,175,1000,1,0.003257
4,175,1000,2,0.003107
4,175,1000,3,0.003082
4,175,1200,1,0.003060
4,175,1200,2,0.003129
4,175,1200,3,0.003060
4,175,1400,1,0.002950
4,175,1400,2,0.003120
4,175,1400,3,0.003222
4,175,1600,1,0.003117
4,175,1600,2,0.003225
4,175,1600,3,0.003096
4,175,1800,1,0.003054
4,175,1800,2,0.003051
4,175,1800,3,0.002972
4,175,2000,1,0.003141
4,175,2000,2,0.003104
4,175,2000,3,0.002970
4,175,2200,1,0.003083
4,175,2200,2,0.003126
4,175,2200,3,0.003262
4,175,2400,1,0.003399
4,175,2400,2,0.003242
4,175,2400,3,0.002664
4,175,2600,1,0.002907
4,175,2600,2,0.003198
4,175,2600,3,0.002999
4,175,2800,1,0.003110
4,175,2800,2,0.003096
4,175,2800,3,0.002983
4,175,3000,1,0.003202
4,175,3000,2,0.002950
4,175,3000,3,0.002994
4,175,3200,1,0.003196
4,175,3200,2,0.003199
4,175,3200,3,0.002900
4,175,3400,1,0.003212
4,175,3400,2,0.003147
4,175,3400,3,0.003164
4,175,3600,1,0.003359
4,175,3600,2,0.003158
4,175,3600,3,0.002952
4,175,3800,1,0.003076
4,175,3800,2,0.003301
4,175,3800,3,0.003136
4,175,4000,1,0.003144
4,175,4000,2,0.003001
4,175,4000,3,0.003040
4,175,4200,1,0.003023
4,175,4200,2,0.003122
4,175,4200,3,0.003090
4,175,4400,1,0.003169
4,175,4400,2,0.003020
4,175,4400,3,0.003199
4,175,4600,1,0.003167
4,175,4600,2,0.003009
4,175,4600,3,0.003340
4,175,4800,1,0.003255
4,175,4800,2,0.003196
4,175,4800,3,0.002982
4,175,5000,1,0.003061
4,175,5000,2,0.003101
4,175,5000,3,0.003044
4,177,1000,1,0.003171
4,177,1000,2,0.003043
4,177,1000,3,0.002995
4,177,1200,1,0.003261
4,177,1200,2,0.003024
4,177,1200,3,0.002948
4,177,1400,1,0.003096
4,177,1400,2,0.003281
4,177,1400,3,0.003060
4,177,1600,1,0.003168
4,177,1600,2,0.003122
4,177,1600,3,0.003078
4,177,1800,1,0.002952
4,177,1800,2,0.003147
4,177,1800,3,0.003099
4,177,2000,1,0.003090
4,177,2000,2,0.003168
4,177,2000,3,0.003344
4,177,2200,1,0.003078
4,177,2200,2,0.003020
4,177,2200,3,0.003187
4,177,2400,1,0.003379
4,177,2400,2,0.003168
4,177,2400,3,0.003294
4,177,2600,1,0.003092
4,177,2600,2,0.003122
4,177,2600,3,0.003088
4,177,2800,1,0.003053
4,177,2800,2,0.003164
4,177,2800,3,0.003136
4,177,3000,1,0.003086
4,177,3000,2,0.002990
4,177,3000,3,0.003195
4,177,3200,1,0.003138
4,177,3200,2,0.003159
4,177,3200,3,0.003182
4,177,3400,1,0.003333
4,177,3400,2,0.003075
4,177,3400,3,0.003172
4,177,3600,1,0.003306
4,177,3600,2,0.003093
4,177,3600,3,0.003076
4,177,3800,1,0.003042
4,177,3800,2,0.003011
4,177,3800,3,0.003038
4,177,4000,1,0.003370
4,177,4000,2,0.003117
4,177,4000,3,0.003319
4,177,4200,1,0.002942
4,177,4200,2,0.003193
4,177,4200,3,0.003215
4,177,4400,1,0.002918
4,177,4400,2,0.003195
4,177,4400,3,0.003125
4,177,4600,1,0.002942
4,177,4600,2,0.003174
4,177,4600,3,0.003297
4,177,4800,1,0.003125
4,177,4800,2,0.003030
4,177,4800,3,0.002964
4,177,5000,1,0.003004
4,177,5000,2,0.003151
4,177,5000,3,0.003057
4,179,1000,1,0.002948
4,179,1000,2,0.003114
4,179,1000,3,0.003219
4,179,1200,1,0.003199
4,179,1200,2,0.003060
4,179,1200,3,0.003096
4,179,1400,1,0.002912
4,179,1400,2,0.003001
4,179,1400,3,0.003162
4,179,1600,1,0.003079
4,179,1600,2,0.002900
4,179,1600,3,0.003148
4,179,1800,1,0.003011
4,179,1800,2,0.003300
4,179,1800,3,0.003003
4,179,2000,1,0.003103
4,179,2000,2,0.003003
4,179,2000,3,0.003195
4,179,2200,1,0.002931
4,179,2200,2,0.003154
4,179,2200,3,0.003014
4,179,2400,1,0.003087
4,179,2400,2,0.003010
4,179,2400,3,0.003232
4,179,2600,1,0.003072
4,179,2600,2,0.003115
4,179,2600,3,0.003091
4,179,2800,1,0.003064
4,179,2800,2,0.003211
4,179,2800,3,0.003106
4,179,3000,1,0.003161
4,179,3000,2,0.003148
4,179,3000,3,0.003062
4,179,3200,1,0.003095
4,179,3200,2,0.003196
4,179,3200,3,0.003332
4,179,3400,1,0.003168
4,179,3400,2,0.003196
4,179,3400,3,0.003273
4,179,3600,1,0.003029
4,179,3600,2,0.003153
4,179,3600,3,0.003215
4,179,3800,1,0.003257
4,179,3800,2,0.003033
4,179,3800,3,0.003253
4,179,4000,1,0.003153
4,179,4000,2,0.002986
4,179,4000,3,0.003003
4,179,4200,1,0.003072
4,179,4200,2,0.003141
4,179,4200,3,0.003011
4,179,4400,1,0.003160
4,179,4400,2,0.003172
4,179,4400,3,0.003163
4,179,4600,1,0.003120
4,179,4600,2,0.003114
4,179,4600,3,0.003112
4,179,4800,1,0.003174
4,179,4800,2,0.003067
4,179,4800,3,0.003280
4,179,5000,1,0.002942
4,179,5000,2,0.002899
4,179,5000,3,0.003333
4,181,1000,1,0.003220
4,181,1000,2,0.003068
4,181,1000,3,0.003263
4,181,1200,1,0.002998
4,181,1200,2,0.003186
4,181,1200,3,0.003263
4,181,1400,1,0.002964
4,181,1400,2,0.003072
4,181,1400,3,0.002932
4,181,1600,1,0.003189
4,181,1600,2,0.003297
4,181,1600,3,0.003126
4,181,1800,1,0.003071
4,181,1800,2,0.003072
4,181,1800,3,0.003171
4,181,2000,1,0.003161
4,181,2000,2,0.003207
4,181,2000,3,0.003081
4,181,2200,1,0.003331
4,181,2200,2,0.003163
4,181,2200,3,0.003261
4,181,2400,1,0.003193
4,181,2400,2,0.003449
4,181,2400,3,0.003090
4,181,2600,1,0.003323
4,181,2600,2,0.003048
4,181,2600,3,0.003155
4,181,2800,1,0.003116
4,181,2800,2,0.003058
4,181,2800,3,0.003047
4,181,3000,1,0.003184
4,181,3000,2,0.003077
4,181,3000,3,0.002963
4,181,3200,1,0.003235
4,181,3200,2,0.002917
4,181,3200,3,0.003269
4,181,3400,1,0.003069
4,181,3400,2,0.003121
4,181,3400,3,0.002922
4,181,3600,1,nan
4,181,3600,2,0.003132
4,181,3600,3,0.003192
4,181,3800,1,0.003079
4,181,3800,2,0.003166
4,181,3800,3,0.003085
4,181,4000,1,0.003065
4,181,4000,2,0.003199
4,181,4000,3,0.003323
4,181,4200,1,0.003211
4,181,4200,2,0.003112
4,181,4200,3,0.003064
4,181,4400,1,0.002942
4,181,4400,2,0.003187
4,181,4400,3,0.003005
4,181,4600,1,0.003122
4,181,4600,2,0.002989
4,181,4600,3,0.003133
4,181,4800,1,0.003324
4,181,4800,2,0.003080
4,181,4800,3,0.003264
4,181,5000,1,0.003308
4,181,5000,2,0.002971
4,181,5000,3,0.003040
4,183,1000,1,0.003062
4,183,1000,2,0.003103
4,183,1000,3,0.002853
4,183,1200,1,0.003233
4,183,1200,2,0.003115
4,183,1200,3,0.003141
4,183,1400,1,0.003161
4,183,1400,2,0.003164
4,183,1400,3,0.003040
4,183,1600,1,0.003015
4,183,1600,2,0.003154
4,183,1600,3,0.003266
4,183,1800,1,0.003060
4,183,1800,2,0.003068
4,183,1800,3,0.003277
4,183,2000,1,0.003065
4,183,2000,2,0.003209
4,183,2000,3,0.002962
4,183,2200,1,0.003065
4,183,2200,2,0.003088
4,183,2200,3,0.003081
4,183,2400,1,0.003270
4,183,2400,2,0.003273
4,183,2400,3,0.003037
4,183,2600,1,0.003276
4,183,2600,2,0.003412
4,183,2600,3,0.003135
4,183,2800,1,0.003136
4,183,2800,2,0.003151
4,183,2800,3,0.003247
4,183,3000,1,0.003326
4,183,3000,2,0.003229
4,183,3000,3,0.003220
4,183,3200,1,0.003257
4,183,3200,2,0.003045
4,183,3200,3,0.003109
4,183,3400,1,0.003161
4,183,3400,2,0.003277
4,183,3400,3,0.003015
4,183,3600,1,0.003070
4,183,3600,2,0.003060
4,183,3600,3,0.003145
4,183,3800,1,0.003249
4,183,3800,2,0.003050
4,183,3800,3,0.002941
4,183,4000,1,0.003064
4,183,4000,2,0.003109
4,183,4000,3,0.003204
4,183,4200,1,0.003124
4,183,4200,2,0.003210
4,183,4200,3,0.003281
4,183,4400,1,0.003289
4,183,4400,2,0.003068
4,183,4400,3,0.003199
4,183,4600,1,0.003234
4,183,4600,2,0.003176
4,183,4600,3,0.003184
4,183,4800,1,0.003213
4,183,4800,2,0.003220
4,183,4800,3,0.003210
4,183,5000,1,0.003087
4,183,5000,2,0.003140
4,183,5000,3,0.002883
4,185,1000,1,0.003424
4,185,1000,2,0.003283
4,185,1000,3,0.003085
4,185,1200,1,0.003190
4,185,1200,2,0.002963
4,185,1200,3,0.003062
4,185,1400,1,0.003123
4,185,1400,2,0.003279
4,185,1400,3,0.003229
4,185,1600,1,0.003191
4,185,1600,2,0.003194
4,185,1600,3,0.003174
4,185,1800,1,0.003148
4,185,1800,2,0.003050
4,185,1800,3,0.003143
4,185,2000,1,0.003074
4,185,2000,2,0.003191
4,185,2000,3,0.003273
4,185,2200,1,0.003187
4,185,2200,2,0.003123
4,185,2200,3,0.003151
4,185,2400,1,0.003167
4,185,2400,2,0.003008
4,185,2400,3,0.003304
4,185,2600,1,0.003150
4,185,2600,2,0.003154
4,185,2600,3,0.003134
4,185,2800,1,0.003178
4,185,2800,2,0.003048
4,185,2800,3,0.003192
4,185,3000,1,0.003289
4,185,3000,2,0.003126
4,185,3000,3,0.003187
4,185,3200,1,0.003160
4,185,3200,2,0.003029
4,185,3200,3,0.003069
4,185,3400,1,0.003155
4,185,3400,2,0.003229
4,185,3400,3,0.003112
4,185,3600,1,0.002911
4,185,3600,2,0.003012
4,185,3600,3,0.002984
4,185,3800,1,0.002990
4,185,3800,2,0.003316
4,185,3800,3,0.003220
4,185,4000,1,0.003290
4,185,4000,2,0.003147
4,185,4000,3,0.003261
4,185,4200,1,0.003340
4,185,4200,2,0.003278
4,185,4200,3,0.003256
4,185,4400,1,0.003147
4,185,4400,2,0.003245
4,185,4400,3,0.003152
4,185,4600,1,0.003228
4,185,4600,2,0.002930
4,185,4600,3,0.003251
4,185,4800,1,0.003063
4,185,4800,2,0.003231
4,185,4800,3,0.003209
4,185,5000,1,0.003201
4,185,5000,2,0.003210
4,185,5000,3,0.003073
4,187,1000,1,0.003324
4,187,1000,2,0.003159
4,187,1000,3,0.003250
4,187,1200,1,0.003169
4,187,1200,2,0.003125
4,187,1200,3,0.003145
4,187,1400,1,0.003142
4,187,1400,2,0.003180
4,187,1400,3,0.003002
4,187,1600,1,0.003383
4,187,1600,2,0.003247
4,187,1600,3,0.003274
4,187,1800,1,0.003166
4,187,1800,2,0.003260
4,187,1800,3,0.003262
4,187,2000,1,0.003237
4,187,2000,2,0.003366
4,187,2000,3,0.003277
4,187,2200,1,0.003006
4,187,2200,2,0.003311
4,187,2200,3,0.002850
4,187,2400,1,0.003340
4,187,2400,2,0.003119
4,187,2400,3,0.003205
4,187,2600,1,0.003303
4,187,2600,2,0.003104
4,187,2600,3,0.002980
4,187,2800,1,0.003017
4,187,2800,2,0.003272
4,187,2800,3,0.003318
4,187,3000,1,0.003226
4,187,3000,2,0.003242
4,187,3000,3,0.003298
4,187,3200,1,0.003238
4,187,3200,2,0.003331
4,187,3200,3,0.003146
4,187,3400,1,0.003212
4,187,3400,2,0.003204
4,187,3400,3,0.003211
4,187,3600,1,0.003211
4,187,3600,2,0.003158
4,187,3600,3,0.003032
4,187,3800,1,0.003269
4,187,3800,2,0.003125
4,187,3800,3,0.003192
4,187,4000,1,0.002973
4,187,4000,2,0.003246
4,187,4000,3,0.003187
4,187,4200,1,0.003347
4,187,4200,2,0.003362
4,187,4200,3,0.003191
4,187,4400,1,0.003098
4,187,4400,2,0.003393
4,187,4400,3,0.003136
4,187,4600,1,0.003249
4,187,4600,2,0.003320
4,187,4600,3,0.003048
4,187,4800,1,0.003099
4,187,4800,2,0.003384
4,187,4800,3,0.003270
4,187,5000,1,0.003224
4,187,5000,2,0.003261
4,187,5000,3,0.003242
4,189,1000,1,0.002890
4,189,1000,2,0.003332
4,189,1000,3,0.003141
4,189,1200,1,0.003239
4,189,1200,2,0.003144
4,189,1200,3,0.003069
4,189,1400,1,0.003032
4,189,1400,2,0.003036
4,189,1400,3,0.003076
4,189,1600,1,0.003281
4,189,1600,2,0.003160
4,189,1600,3,0.003082
4,189,1800,1,0.003144
4,189,1800,2,0.003292
4,189,1800,3,0.003113
4,189,2000,1,0.003028
4,189,2000,2,0.003426
4,189,2000,3,0.003374
4,189,2200,1,0.003261
4,189,2200,2,0.003090
4,189,2200,3,0.002945
4,189,2400,1,0.003022
4,189,2400,2,0.003387
4,189,2400,3,0.003373
4,189,2600,1,0.003134
4,189,2600,2,0.003042
4,189,2600,3,0.003001
4,189,2800,1,0.003119
4,189,2800,2,0.003166
4,189,2800,3,0.003121
4,189,3000,1,0.003240
4,189,3000,2,0.003112
4,189,3000,3,0.003058
4,189,3200,1,0.003321
4,189,3200,2,0.003093
4,189,3200,3,0.003007
4,189,3400,1,0.003210
4,189,3400,2,0.003297
4,189,3400,3,0.003092
4,189,3600,1,0.003459
4,189,3600,2,0.003319
4,189,3600,3,0.003050
4,189,3800,1,0.003387
4,189,3800,2,0.003074
4,189,3800,3,0.003271
4,189,4000,1,0.003312
4,189,4000,2,0.003301
4,189,4000,3,0.003168
4,189,4200,1,0.003198
4,189,4200,2,0.003123
4,189,4200,3,0.003194
4,189,4400,1,0.003302
4,189,4400,2,0.003115
4,189,4400,3,0.003222
4,189,4600,1,0.003114
4,189,4600,2,0.003130
4,189,4600,3,0.003164
4,189,4800,1,0.003164
4,189,4800,2,0.003057
4,189,4800,3,0.003304
4,189,5000,1,0.003241
4,189,5000,2,0.003215
4,189,5000,3,0.003567
4,191,1000,1,0.003372
4,191,1000,2,0.003080
4,191,1000,3,0.003273
4,191,1200,1,0.003041
4,191,1200,2,0.003382
4,191,1200,3,0.003059
4,191,1400,1,0.003155
4,191,1400,2,0.003209
4,191,1400,3,0.003413
4,191,1600,1,0.003396
4,191,1600,2,0.003072
4,191,1600,3,0.003171
4,191,1800,1,0.003158
4,191,1800,2,0.003028
4,191,1800,3,0.003262
4,191,2000,1,0.003036
4,191,2000,2,0.003180
4,191,2000,3,0.003431
4,191,2200,1,0.003198
4,191,2200,2,0.003006
4,191,2200,3,0.003492
4,191,2400,1,0.003439
4,191,2400,2,0.003004
4,191,2400,3,0.003307
4,191,2600,1,0.003032
4,191,2600,2,0.003110
4,191,2600,3,0.003264
4,191,2800,1,0.003100
4,191,2800,2,0.003263
4,191,2800,3,0.003112
4,191,3000,1,0.003532
4,191,3000,2,0.003222
4,191,3000,3,0.003270
4,191,3200,1,0.003159
4,191,3200,2,0.003101
4,191,3200,3,0.003166
4,191,3400,1,0.003344
4,191,3400,2,0.003206
4,191,3400,3,0.003202
4,191,3600,1,0.003186
4,191,3600,2,0.003107
4,191,3600,3,0.003369
4,191,3800,1,0.003290
4,191,3800,2,0.003171
4,191,3800,3,0.003315
4,191,4000,1,0.003206
4,191,4000,2,0.003295
4,191,4000,3,0.003431
4,191,4200,1,0.003115
4,191,4200,2,0.003117
4,191,4200,3,0.003090
4,191,4400,1,0.003272
4,191,4400,2,0.003338
4,191,4400,3,0.003076
4,191,4600,1,0.003391
4,191,4600,2,0.003226
4,191,4600,3,0.003260
4,191,4800,1,0.003113
4,191,4800,2,0.003251
4,191,4800,3,0.003402
4,191,5000,1,0.003312
4,191,5000,2,0.003187
4,191,5000,3,0.003209
4,193,1000,1,0.003229
4,193,1000,2,0.003235
4,193,1000,3,0.003112
4,193,1200,1,0.003456
4,193,1200,2,0.003127
4,193,1200,3,0.003309
4,193,1400,1,0.003137
4,193,1400,2,0.003181
4,193,1400,3,0.003099
4,193,1600,1,0.003367
4,193,1600,2,0.003353
4,193,1600,3,0.003099
4,193,1800,1,0.003351
4,193,1800,2,0.003269
4,193,1800,3,0.003206
4,193,2000,1,0.003044
4,193,2000,2,0.003259
4,193,2000,3,0.003094
4,193,2200,1,0.003189
4,193,2200,2,0.003245
4,193,2200,3,0.003290
4,193,2400,1,0.003262
4,193,2400,2,0.003167
4,193,2400,3,0.003217
4,193,2600,1,0.003415
4,193,2600,2,0.003258
4,193,2600,3,0.003168
4,193,2800,1,0.003145
4,193,2800,2,0.003238
4,193,2800,3,0.003324
4,193,3000,1,0.003395
4,193,3000,2,0.003258
4,193,3000,3,0.003206
4,193,3200,1,0.003212
4,193,3200,2,0.003142
4,193,3200,3,0.002963
4,193,3400,1,0.003041
4,193,3400,2,0.003206
4,193,3400,3,0.003185
4,193,3600,1,0.003188
4,193,3600,2,0.003191
4,193,3600,3,0.003440
4,193,3800,1,0.003355
4,193,3800,2,0.003181
4,193,3800,3,0.003203
4,193,4000,1,0.003090
4,193,4000,2,0.003421
4,193,4000,3,0.003268
4,193,4200,1,0.003306
4,193,4200,2,0.003375
4,193,4200,3,0.003255
4,193,4400,1,0.003158
4,193,4400,2,0.003237
4,193,4400,3,0.003278
4,193,4600,1,0.003164
4,193,4600,2,0.003122
4,193,4600,3,0.003030
4,193,4800,1,0.003284
4,193,4800,2,0.002991
4,193,4800,3,0.003348
4,193,5000,1,0.003267
4,193,5000,2,0.003355
4,193,5000,3,0.003180
4,195,1000,1,0.003369
4,195,1000,2,0.003259
4,195,1000,3,0.003177
4,195,1200,1,0.003235
4,195,1200,2,0.003432
4,195,1200,3,0.003110
4,195,1400,1,0.003292
4,195,1400,2,0.003067
4,195,1400,3,0.003151
4,195,1600,1,0.003363
4,195,1600,2,0.003020
4,195,1600,3,0.003300
4,195,1800,1,0.003277
4,195,1800,2,0.003360
4,195,1800,3,0.003191
4,195,2000,1,0.003213
4,195,2000,2,0.003336
4,195,2000,3,0.003238
4,195,2200,1,0.003097
4,195,2200,2,0.003444
4,195,2200,3,0.003255
4,195,2400,1,0.003365
4,195,2400,2,0.003201
4,195,2400,3,nan
4,195,2600,1,0.003093
4,195,2600,2,0.003138
4,195,2600,3,0.003053
4,195,2800,1,0.003304
4,195,2800,2,0.003154
4,195,2800,3,0.003108
4,195,3000,1,0.003284
4,195,3000,2,0.003112
4,195,3000,3,0.003271
4,195,3200,1,0.003085
4,195,3200,2,0.003100
4,195,3200,3,0.003136
4,195,3400,1,0.003307
4,195,3400,2,0.003272
4,195,3400,3,0.003360
4,195,3600,1,0.003189
4,195,3600,2,0.003183
4,195,3600,3,0.003090
4,195,3800,1,0.003402
4,195,3800,2,0.003398
4,195,3800,3,0.003169
4,195,4000,1,0.003133
4,195,4000,2,0.003195
4,195,4000,3,0.003230
4,195,4200,1,0.003469
4,195,4200,2,0.003290
4,195,4200,3,0.003388
4,195,4400,1,0.003301
4,195,4400,2,0.003365
4,195,4400,3,0.003108
4,195,4600,1,0.003130
4,195,4600,2,0.003179
4,195,4600,3,0.003155
4,195,4800,1,0.003302
4,195,4800,2,0.003176
4,195,4800,3,0.002931
4,195,5000,1,0.003258
4,195,5000,2,0.003245
4,195,5000,3,0.003340
4,197,1000,1,0.003264
4,197,1000,2,0.003397
4,197,1000,3,0.003335
4,197,1200,1,0.003144
4,197,1200,2,0.003658
4,197,1200,3,0.003284
4,197,1400,1,0.003322
4,197,1400,2,0.003236
4,197,1400,3,0.003256
4,197,1600,1,0.003129
4,197,1600,2,0.003269
4,197,1600,3,0.002972
4,197,1800,1,0.003247
4,197,1800,2,0.003298
4,197,1800,3,0.003077
4,197,2000,1,0.003316
4,197,2000,2,0.003180
4,197,2000,3,0.003329
4,197,2200,1,0.002999
4,197,2200,2,0.003401
4,197,2200,3,0.003256
4,197,2400,1,0.003089
4,197,2400,2,0.003245
4,197,2400,3,0.003353
4,197,2600,1,nan
4,197,2600,2,0.003395
4,197,2600,3,0.003092
4,197,2800,1,0.003118
4,197,2800,2,0.003096
4,197,2800,3,0.003343
4,197,3000,1,0.003395
4,197,3000,2,0.003299
4,197,3000,3,0.003387
4,197,3200,1,0.003291
4,197,3200,2,0.003214
4,197,3200,3,0.003308
4,197,3400,1,0.003398
4,197,3400,2,0.003232
4,197,3400,3,nan
4,197,3600,1,0.003186
4,197,3600,2,0.003012
4,197,3600,3,0.002933
4,197,3800,1,0.003259
4,197,3800,2,0.003154
4,197,3800,3,0.003229
4,197,4000,1,0.003292
4,197,4000,2,0.003324
4,197,4000,3,0.003415
4,197,4200,1,0.003264
4,197,4200,2,0.003342
4,197,4200,3,0.003183
4,197,4400,1,0.003554
4,197,4400,2,0.004351
4,197,4400,3,0.003263
4,197,4600,1,0.003236
4,197,4600,2,0.003312
4,197,4600,3,0.003106
4,197,4800,1,0.003153
4,197,4800,2,0.003113
4,197,4800,3,0.003213
4,197,5000,1,0.003303
4,197,5000,2,0.003229
4,197,5000,3,0.003338
4,199,1000,1,0.003182
4,199,1000,2,0.003371
4,199,1000,3,0.003184
4,199,1200,1,0.003152
4,199,1200,2,0.003179
4,199,1200,3,0.003308
4,199,1400,1,0.003235
4,199,1400,2,0.003253
4,199,1400,3,0.003227
4,199,1600,1,0.003341
4,199,1600,2,0.003368
4,199,1600,3,0.003161
4,199,1800,1,0.003412
4,199,1800,2,0.003280
4,199,1800,3,0.003242
4,199,2000,1,0.003465
4,199,2000,2,0.003103
4,199,2000,3,0.003309
4,199,2200,1,0.003124
4,199,2200,2,0.003276
4,199,2200,3,0.003469
4,199,2400,1,0.003253
4,199,2400,2,0.003414
4,199,2400,3,0.003279
4,199,2600,1,0.003047
4,199,2600,2,0.003034
4,199,2600,3,0.003218
4,199,2800,1,0.003266
4,199,2800,2,0.003231
4,199,2800,3,0.003266
4,199,3000,1,0.003447
4,199,3000,2,0.003139
4,199,3000,3,0.003308
4,199,3200,1,0.003270
4,199,3200,2,0.003221
4,199,3200,3,0.003132
4,199,3400,1,0.003050
4,199,3400,2,0.003246
4,199,3400,3,0.003261
4,199,3600,1,0.003134
4,199,3600,2,0.003049
4,199,3600,3,0.003194
4,199,3800,1,0.003052
4,199,3800,2,0.003267
4,199,3800,3,0.003294
4,199,4000,1,0.003069
4,199,4000,2,0.003379
4,199,4000,3,0.003105
4,199,4200,1,0.003090
4,199,4200,2,0.003186
4,199,4200,3,0.003101
4,199,4400,1,0.003331
4,199,4400,2,0.003294
4,199,4400,3,0.003387
4,199,4600,1,0.003314
4,199,4600,2,0.003151
4,199,4600,3,0.003380
4,199,4800,1,0.003481
4,199,4800,2,0.003047
4,199,4800,3,0.003054
4,199,5000,1,0.003170
4,199,5000,2,0.003351
4,199,5000,3,0.003247
8,1,1000,1,0.000623
8,1,1000,2,0.000658
8,1,1000,3,0.000651
8,1,1200,1,0.000625
8,1,1200,2,0.000684
8,1,1200,3,0.000668
8,1,1400,1,0.000649
8,1,1400,2,0.000611
8,1,1400,3,0.000680
8,1,1600,1,0.000624
8,1,1600,2,0.000602
8,1,1600,3,0.000602
8,1,1800,1,0.000623
8,1,1800,2,0.000616
8,1,1800,3,0.000658
8,1,2000,1,0.000616
8,1,2000,2,0.000652
8,1,2000,3,0.000630
8,1,2200,1,0.000621
8,1,2200,2,0.000632
8,1,2200,3,0.000648
8,1,2400,1,0.000635
8,1,2400,2,0.000664
8,1,2400,3,0.000677
8,1,2600,1,0.000637
8,1,2600,2,0.000575
8,1,2600,3,0.000612
8,1,2800,1,0.000605
8,1,2800,2,0.000663
8,1,2800,3,0.000710
8,1,3000,1,0.000633
8,1,3000,2,0.000617
8,1,3000,3,0.000641
8,1,3200,1,0.000659
8,1,3200,2,0.000614
8,1,3200,3,0.000709
8,1,3400,1,0.000652
8,1,3400,2,0.000661
8,1,3400,3,0.000636
8,1,3600,1,0.000617
8,1,3600,2,0.000708
8,1,3600,3,0.000640
8,1,3800,1,0.000637
8,1,3800,2,0.000629
8,1,3800,3,0.000669
8,1,4000,1,0.000592
8,1,4000,2,0.000635
8,1,4000,3,0.000642
8,1,4200,1,0.000651
8,1,4200,2,0.000621
8,1,4200,3,0.000616
8,1,4400,1,0.000618
8,1,4400,2,0.000601
8,1,4400,3,0.000598
8,1,4600,1,0.000684
8,1,4600,2,0.000607
8,1,4600,3,0.000613
8,1,4800,1,0.000621
8,1,4800,2,0.000578
8,1,4800,3,0.000694
8,1,5000,1,0.000669
8,1,5000,2,0.000665
8,1,5000,3,0.000590
8,3,1000,1,0.000604
8,3,1000,2,0.000647
8,3,1000,3,0.000737
8,3,1200,1,0.000687
8,3,1200,2,0.000722
8,3,1200,3,0.000640
8,3,1400,1,0.000579
8,3,1400,2,0.000618
8,3,1400,3,0.000601
8,3,1600,1,0.000592
8,3,1600,2,0.000702
8,3,1600,3,0.000627
8,3,1800,1,0.000663
8,3,1800,2,0.000573
8,3,1800,3,0.000704
8,3,2000,1,0.000625
8,3,2000,2,0.000639
8,3,2000,3,0.000579
8,3,2200,1,0.000633
8,3,2200,2,0.000682
8,3,2200,3,0.000610
8,3,2400,1,0.000643
8,3,2400,2,0.000628
8,3,2400,3,0.000641
8,3,2600,1,0.000715
8,3,2600,2,0.000649
8,3,2600,3,0.000584
8,3,2800,1,0.000732
8,3,2800,2,0.000589
8,3,2800,3,0.000651
8,3,3000,1,0.000634
8,3,3000,2,0.000662
8,3,3000,3,0.000608
8,3,3200,1,0.000660
8,3,3200,2,0.000611
8,3,3200,3,0.000621
8,3,3400,1,0.000688
8,3,3400,2,0.000704
8,3,3400,3,0.000611
8,3,3600,1,0.000607
8,3,3600,2,0.000625
8,3,3600,3,0.000625
8,3,3800,1,0.000649
8,3,3800,2,0.000639
8,3,3800,3,0.000734
8,3,4000,1,0.000663
8,3,4000,2,0.000642
8,3,4000,3,0.000644
8,3,4200,1,0.000593
8,3,4200,2,0.000764
8,3,4200,3,0.000632
8,3,4400,1,0.000564
8,3,4400,2,0.000630
8,3,4400,3,0.000640
8,3,4600,1,0.000641
8,3,4600,2,0.000623
8,3,4600,3,0.000738
8,3,4800,1,0.000634
8,3,4800,2,0.000682
8,3,4800,3,0.000635
8,3,5000,1,0.000663
8,3,5000,2,0.000608
8,3,5000,3,0.000645
8,5,1000,1,0.000661
8,5,1000,2,0.000669
8,5,1000,3,0.000738
8,5,1200,1,0.000665
8,5,1200,2,0.000558
8,5,1200,3,0.000585
8,5,1400,1,0.000772
8,5,1400,2,0.000682
8,5,1400,3,0.000639
8,5,1600,1,0.000809
8,5,1600,2,0.000676
8,5,1600,3,0.000626
8,5,1800,1,0.000733
8,5,1800,2,0.000630
8,5,1800,3,0.000648
8,5,2000,1,0.000680
8,5,2000,2,0.000643
8,5,2000,3,0.000635
8,5,2200,1,0.000593
8,5,2200,2,0.000692
8,5,2200,3,0.000598
8,5,2400,1,0.000634
8,5,2400,2,0.000673
8,5,2400,3,0.000770
8,5,2600,1,0.000656
8,5,2600,2,0.000708
8,5,2600,3,0.000652
8,5,2800,1,0.000677
8,5,2800,2,0.000656
8,5,2800,3,0.000633
8,5,3000,1,0.000632
8,5,3000,2,0.000683
8,5,3000,3,0.000731
8,5,3200,1,0.000762
8,5,3200,2,0.000638
8,5,3200,3,0.000748
8,5,3400,1,0.000640
8,5,3400,2,0.000545
8,5,3400,3,0.000662
8,5,3600,1,0.000647
8,5,3600,2,0.000715
8,5,3600,3,0.000681
8,5,3800,1,0.000639
8,5,3800,2,0.000634
8,5,3800,3,0.000929
8,5,4000,1,0.000757
8,5,4000,2,0.000687
8,5,4000,3,0.000662
8,5,4200,1,0.000660
8,5,4200,2,0.000633
8,5,4200,3,0.000608
8,5,4400,1,0.000631
8,5,4400,2,0.000733
8,5,4400,3,0.000774
8,5,4600,1,0.000552
8,5,4600,2,0.000609
8,5,4600,3,0.000632
8,5,4800,1,0.000631
8,5,4800,2,0.000664
8,5,4800,3,0.000685
8,5,5000,1,0.000613
8,5,5000,2,0.000631
8,5,5000,3,0.000700
8,7,1000,1,0.000627
8,7,1000,2,0.000686
8,7,1000,3,0.000711
8,7,1200,1,0.000634
8,7,1200,2,0.001263
8,7,1200,3,0.000669
8,7,1400,1,0.000811
8,7,1400,2,0.000667
8,7,1400,3,0.000706
8,7,1600,1,0.000746
8,7,1600,2,0.000630
8,7,1600,3,0.000587
8,7,1800,1,0.000649
8,7,1800,2,0.000713
8,7,1800,3,0.000630
8,7,2000,1,0.000681
8,7,2000,2,0.000736
8,7,2000,3,0.000668
8,7,2200,1,0.000613
8,7,2200,2,0.000641
8,7,2200,3,0.000727
8,7,2400,1,0.000629
8,7,2400,2,0.000725
8,7,2400,3,0.000685
8,7,2600,1,0.000681
8,7,2600,2,0.000773
8,7,2600,3,0.001133
8,7,2800,1,0.000716
8,7,2800,2,0.000760
8,7,2800,3,0.000801
8,7,3000,1,0.000673
8,7,3000,2,0.000766
8,7,3000,3,0.000649
8,7,3200,1,0.000668
8,7,3200,2,0.000772
8,7,3200,3,0.000717
8,7,3400,1,0.000723
8,7,3400,2,0.000794
8,7,3400,3,0.000640
8,7,3600,1,0.000588
8,7,3600,2,0.000746
8,7,3600,3,0.000633
8,7,3800,1,0.000684
8,7,3800,2,0.000633
8,7,3800,3,0.000728
8,7,4000,1,0.000611
8,7,4000,2,0.000715
8,7,4000,3,0.000665
8,7,4200,1,0.000820
8,7,4200,2,0.000602
8,7,4200,3,0.000808
8,7,4400,1,0.000765
8,7,4400,2,0.000705
8,7,4400,3,0.000618
8,7,4600,1,0.000729
8,7,4600,2,0.000608
8,7,4600,3,0.000673
8,7,4800,1,0.000721
8,7,4800,2,0.000935
8,7,4800,3,0.000732
8,7,5000,1,0.000612
8,7,5000,2,0.000656
8,7,5000,3,0.000669
8,9,1000,1,0.000697
8,9,1000,2,0.000696
8,9,1000,3,0.000648
8,9,1200,1,0.000756
8,9,1200,2,0.000611
8,9,1200,3,0.000698
8,9,1400,1,0.000690
8,9,1400,2,0.000679
8,9,1400,3,0.000675
8,9,1600,1,0.000646
8,9,1600,2,0.000601
8,9,1600,3,0.000663
8,9,1800,1,0.000669
8,9,1800,2,0.000631
8,9,1800,3,0.000744
8,9,2000,1,0.000632
8,9,2000,2,0.000704
8,9,2000,3,0.000792
8,9,2200,1,0.000677
8,9,2200,2,0.000694
8,9,2200,3,0.000673
8,9,2400,1,0.000652
8,9,2400,2,0.000641
8,9,2400,3,0.000810
8,9,2600,1,0.000749
8,9,2600,2,0.000647
8,9,2600,3,0.000764
8,9,2800,1,0.000739
8,9,2800,2,0.000721
8,9,2800,3,0.000828
8,9,3000,1,0.000832
8,9,3000,2,0.000651
8,9,3000,3,0.000712
8,9,3200,1,0.000698
8,9,3200,2,0.000718
8,9,3200,3,0.000664
8,9,3400,1,0.000765
8,9,3400,2,0.000715
8,9,3400,3,0.000674
8,9,3600,1,0.000601
8,9,3600,2,0.000685
8,9,3600,3,0.000684
8,9,3800,1,0.000652
8,9,3800,2,0.000606
8,9,3800,3,0.000678
8,9,4000,1,0.000682
8,9,4000,2,0.000651
8,9,4000,3,0.000671
8,9,4200,1,0.000633
8,9,4200,2,0.000790
8,9,4200,3,0.000739
8,9,4400,1,0.000719
8,9,4400,2,0.000657
8,9,4400,3,0.000758
8,9,4600,1,0.000627
8,9,4600,2,0.000649
8,9,4600,3,0.000824
8,9,4800,1,0.000623
8,9,4800,2,0.000633
8,9,4800,3,0.000740
8,9,5000,1,0.000709
8,9,5000,2,0.001164
8,9,5000,3,0.000710
8,11,1000,1,0.000632
8,11,1000,2,0.000637
8,11,1000,3,0.000654
8,11,1200,1,0.000673
8,11,1200,2,0.000705
8,11,1200,3,0.000760
8,11,1400,1,0.000702
8,11,1400,2,0.000751
8,11,1400,3,0.000705
8,11,1600,1,0.000828
8,11,1600,2,0.000714
8,11,1600,3,0.000710
8,11,1800,1,0.000762
8,11,1800,2,0.000761
8,11,1800,3,0.000760
8,11,2000,1,0.000681
8,11,2000,2,0.000657
8,11,2000,3,0.001007
8,11,2200,1,0.000689
8,11,2200,2,0.000682
8,11,2200,3,0.000653
8,11,2400,1,0.000685
8,11,2400,2,0.000685
8,11,2400,3,0.000639
8,11,2600,1,0.000705
8,11,2600,2,0.000677
8,11,2600,3,0.000694
8,11,2800,1,0.000711
8,11,2800,2,0.000755
8,11,2800,3,0.000779
8,11,3000,1,0.000686
8,11,3000,2,0.000689
8,11,3000,3,0.000693
8,11,3200,1,0.000677
8,11,3200,2,0.000701
8,11,3200,3,0.000685
8,11,3400,1,0.000803
8,11,3400,2,0.000744
8,11,3400,3,0.000630
8,11,3600,1,0.000695
8,11,3600,2,0.000667
8,11,3600,3,0.000742
8,11,3800,1,0.000604
8,11,3800,2,nan
8,11,3800,3,0.000947
8,11,4000,1,0.000603
8,11,4000,2,0.000889
8,11,4000,3,0.000669
8,11,4200,1,0.000599
8,11,4200,2,0.000675
8,11,4200,3,0.000870
8,11,4400,1,0.000703
8,11,4400,2,0.000728
8,11,4400,3,0.000675
8,11,4600,1,0.000665
8,11,4600,2,0.000738
8,11,4600,3,0.000622
8,11,4800,1,0.000662
8,11,4800,2,0.000921
8,11,4800,3,0.000662
8,11,5000,1,0.000655
8,11,5000,2,0.000715
8,11,5000,3,0.000704
8,13,1000,1,0.000685
8,13,1000,2,0.000668
8,13,1000,3,0.000713
8,13,1200,1,0.000705
8,13,1200,2,0.000725
8,13,1200,3,0.000690
8,13,1400,1,0.000762
8,13,1400,2,0.000733
8,13,1400,3,0.000726
8,13,1600,1,0.000713
8,13,1600,2,0.000780
8,13,1600,3,0.000680
8,13,1800,1,0.000635
8,13,1800,2,0.000674
8,13,1800,3,0.000772
8,13,2000,1,0.000697
8,13,2000,2,0.000771
8,13,2000,3,0.000609
8,13,2200,1,0.000877
8,13,2200,2,0.000968
8,13,2200,3,0.000738
8,13,2400,1,0.000662
8,13,2400,2,0.000732
8,13,2400,3,0.000722
8,13,2600,1,0.000732
8,13,2600,2,0.000781
8,13,2600,3,0.000729
8,13,2800,1,0.000683
8,13,2800,2,0.000733
8,13,2800,3,0.000650
8,13,3000,1,0.000609
8,13,3000,2,0.000649
8,13,3000,3,0.000711
8,13,3200,1,0.000733
8,13,3200,2,0.000717
8,13,3200,3,0.000803
8,13,3400,1,0.000635
8,13,3400,2,0.000689
8,13,3400,3,0.000653
8,13,3600,1,0.000697
8,13,3600,2,0.000691
8,13,3600,3,0.000649
8,13,3800,1,0.000936
8,13,3800,2,0.000704
8,13,3800,3,0.000791
8,13,4000,1,0.000743
8,13,4000,2,0.000684
8,13,4000,3,0.000636
8,13,4200,1,0.000783
8,13,4200,2,0.000678
8,13,4200,3,0.000722
8,13,4400,1,0.000821
8,13,4400,2,0.000706
8,13,4400,3,0.000697
8,13,4600,1,0.000774
8,13,4600,2,0.000709
8,13,4600,3,0.000789
8,13,4800,1,0.000727
8,13,4800,2,0.000716
8,13,4800,3,0.000602
8,13,5000,1,0.000762
8,13,5000,2,0.000725
8,13,5000,3,0.000752
8,15,1000,1,0.000791
8,15,1000,2,0.000870
8,15,1000,3,0.000702
8,15,1200,1,0.000733
8,15,1200,2,0.000837
8,15,1200,3,0.000689
8,15,1400,1,0.000964
8,15,1400,2,0.000637
8,15,1400,3,0.000726
8,15,1600,1,0.000760
8,15,1600,2,0.000835
8,15,1600,3,0.000687
8,15,1800,1,0.000618
8,15,1800,2,0.000731
8,15,1800,3,0.000681
8,15,2000,1,0.000647
8,15,2000,2,0.000675
8,15,2000,3,0.000708
8,15,2200,1,0.000744
8,15,2200,2,0.000696
8,15,2200,3,0.000717
8,15,2400,1,0.000712
8,15,2400,2,0.000725
8,15,2400,3,0.000720
8,15,2600,1,0.000723
8,15,2600,2,0.000677
8,15,2600,3,0.000716
8,15,2800,1,0.000713
8,15,2800,2,0.000789
8,15,2800,3,0.000964
8,15,3000,1,0.000838
8,15,3000,2,0.000752
8,15,3000,3,0.000726
8,15,3200,1,0.000710
8,15,3200,2,0.000958
8,15,3200,3,0.000792
8,15,3400,1,0.000622
8,15,3400,2,0.000675
8,15,3400,3,0.000752
8,15,3600,1,0.000706
8,15,3600,2,0.000673
8,15,3600,3,0.000740
8,15,3800,1,0.000656
8,15,3800,2,0.000721
8,15,3800,3,0.000710
8,15,4000,1,0.001094
8,15,4000,2,0.000831
8,15,4000,3,0.000716
8,15,4200,1,0.000841
8,15,4200,2,0.000803
8,15,4200,3,0.000750
8,15,4400,1,0.000723
8,15,4400,2,0.000651
8,15,4400,3,0.000798
8,15,4600,1,0.000703
8,15,4600,2,0.000737
8,15,4600,3,0.000677
8,15,4800,1,0.000710
8,15,4800,2,0.000605
8,15,4800,3,0.000824
8,15,5000,1,0.000642
8,15,5000,2,0.000985
8,15,5000,3,0.000620
8,17,1000,1,0.000677
8,17,1000,2,0.000695
8,17,1000,3,0.000678
8,17,1200,1,0.000954
8,17,1200,2,0.000702
8,17,1200,3,0.000624
8,17,1400,1,0.000703
8,17,1400,2,0.000816
8,17,1400,3,0.000737
8,17,1600,1,0.000797
8,17,1600,2,0.000772
8,17,1600,3,0.000924
8,17,1800,1,0.000597
8,17,1800,2,0.000928
8,17,1800,3,0.000734
8,17,2000,1,0.000774
8,17,2000,2,0.000666
8,17,2000,3,0.000685
8,17,2200,1,0.000835
8,17,2200,2,0.000690
8,17,2200,3,0.000644
8,17,2400,1,0.000824
8,17,2400,2,0.000693
8,17,2400,3,0.000652
8,17,2600,1,0.001005
8,17,2600,2,0.000687
8,17,2600,3,0.000814
8,17,2800,1,0.000746
8,17,2800,2,0.000606
8,17,2800,3,0.000865
8,17,3000,1,0.000865
8,17,3000,2,0.000686
8,17,3000,3,0.000837
8,17,3200,1,0.000786
8,17,3200,2,0.001139
8,17,3200,3,0.001049
8,17,3400,1,0.000707
8,17,3400,2,0.000636
8,17,3400,3,0.000653
8,17,3600,1,0.000917
8,17,3600,2,0.000595
8,17,3600,3,0.000656
8,17,3800,1,0.000753
8,17,3800,2,0.000809
8,17,3800,3,0.000647
8,17,4000,1,0.000738
8,17,4000,2,0.000967
8,17,4000,3,0.000659
8,17,4200,1,0.000578
8,17,4200,2,0.000630
8,17,4200,3,0.000772
8,17,4400,1,0.000626
8,17,4400,2,0.000821
8,17,4400,3,0.000894
8,17,4600,1,0.000681
8,17,4600,2,0.000700
8,17,4600,3,0.000697
8,17,4800,1,0.000687
8,17,4800,2,0.001039
8,17,4800,3,0.000775
8,17,5000,1,0.000846
8,17,5000,2,0.000924
8,17,5000,3,0.000648
8,19,1000,1,0.000786
8,19,1000,2,0.000669
8,19,1000,3,0.000690
8,19,1200,1,0.000882
8,19,1200,2,0.000853
8,19,1200,3,0.000865
8,19,1400,1,0.000783
8,19,1400,2,0.000778
8,19,1400,3,0.000800
8,19,1600,1,0.000751
8,19,1600,2,0.000792
8,19,1600,3,0.000956
8,19,1800,1,0.000640
8,19,1800,2,0.000756
8,19,1800,3,0.000659
8,19,2000,1,0.000729
8,19,2000,2,0.000784
8,19,2000,3,0.000807
8,19,2200,1,0.000627
8,19,2200,2,0.000731
8,19,2200,3,0.000761
8,19,2400,1,0.000966
8,19,2400,2,0.000698
8,19,2400,3,0.000936
8,19,2600,1,0.000861
8,19,2600,2,0.000713
8,19,2600,3,0.000764
8,19,2800,1,0.000779
8,19,2800,2,0.000815
8,19,2800,3,0.000635
8,19,3000,1,0.000776
8,19,3000,2,0.000851
8,19,3000,3,0.001034
8,19,3200,1,0.000925
8,19,3200,2,0.000615
8,19,3200,3,0.000984
8,19,3400,1,0.000911
8,19,3400,2,0.000685
8,19,3400,3,0.000731
8,19,3600,1,0.000736
8,19,3600,2,0.000600
8,19,3600,3,0.000973
8,19,3800,1,0.000703
8,19,3800,2,0.000667
8,19,3800,3,0.000708
8,19,4000,1,0.000776
8,19,4000,2,0.000738
8,19,4000,3,0.000897
8,19,4200,1,0.000713
8,19,4200,2,0.000749
8,19,4200,3,0.000999
8,19,4400,1,0.000616
8,19,4400,2,0.000650
8,19,4400,3,0.000641
8,19,4600,1,0.000702
8,19,4600,2,0.000689
8,19,4600,3,0.000702
8,19,4800,1,0.000750
8,19,4800,2,0.000765
8,19,4800,3,0.000698
8,19,5000,1,0.000624
8,19,5000,2,0.000781
8,19,5000,3,0.000764
8,21,1000,1,0.000647
8,21,1000,2,0.000907
8,21,1000,3,0.000635
8,21,1200,1,0.000946
8,21,1200,2,0.000712
8,21,1200,3,0.000665
8,21,1400,1,0.000822
8,21,1400,2,0.000753
8,21,1400,3,0.000688
8,21,1600,1,0.000749
8,21,1600,2,0.000679
8,21,1600,3,0.000691
8,21,1800,1,0.000674
8,21,1800,2,0.000677
8,21,1800,3,0.000723
8,21,2000,1,0.000767
8,21,2000,2,0.000738
8,21,2000,3,0.000745
8,21,2200,1,0.000812
8,21,2200,2,0.000790
8,21,2200,3,0.000654
8,21,2400,1,0.000760
8,21,2400,2,0.000651
8,21,2400,3,0.001056
8,21,2600,1,0.000850
8,21,2600,2,0.000648
8,21,2600,3,0.000700
8,21,2800,1,0.000715
8,21,2800,2,0.000852
8,21,2800,3,0.000886
8,21,3000,1,0.000872
8,21,3000,2,0.000808
8,21,3000,3,0.000685
8,21,3200,1,0.000765
8,21,3200,2,0.000674
8,21,3200,3,0.000725
8,21,3400,1,0.000715
8,21,3400,2,0.000618
8,21,3400,3,0.000840
8,21,3600,1,0.001056
8,21,3600,2,0.000699
8,21,3600,3,0.000736
8,21,3800,1,0.000676
8,21,3800,2,0.000784
8,21,3800,3,0.000691
8,21,4000,1,0.000739
8,21,4000,2,0.000702
8,21,4000,3,0.000708
8,21,4200,1,0.000980
8,21,4200,2,0.000844
8,21,4200,3,0.000633
8,21,4400,1,0.001062
8,21,4400,2,0.001105
8,21,4400,3,0.000708
8,21,4600,1,0.000677
8,21,4600,2,0.000667
8,21,4600,3,0.000848
8,21,4800,1,0.000601
8,21,4800,2,0.000638
8,21,4800,3,0.000837
8,21,5000,1,0.000720
8,21,5000,2,0.000658
8,21,5000,3,0.000944
8,23,1000,1,0.000827
8,23,1000,2,0.000688
8,23,1000,3,0.000813
8,23,1200,1,0.000773
8,23,1200,2,0.000802
8,23,1200,3,0.000737
8,23,1400,1,0.000798
8,23,1400,2,0.000702
8,23,1400,3,0.000805
8,23,1600,1,0.000707
8,23,1600,2,0.000973
8,23,1600,3,0.000723
8,23,1800,1,0.000687
8,23,1800,2,0.000738
8,23,1800,3,0.000738
8,23,2000,1,0.000796
8,23,2000,2,0.000704
8,23,2000,3,0.000701
8,23,2200,1,0.000859
8,23,2200,2,0.001061
8,23,2200,3,0.001032
8,23,2400,1,0.000712
8,23,2400,2,0.000759
8,23,2400,3,0.000650
8,23,2600,1,0.000860
8,23,2600,2,0.000844
8,23,2600,3,0.000735
8,23,2800,1,0.000786
8,23,2800,2,0.000702
8,23,2800,3,0.000805
8,23,3000,1,0.000853
8,23,3000,2,0.000753
8,23,3000,3,0.000941
8,23,3200,1,0.000786
8,23,3200,2,0.000799
8,23,3200,3,0.000868
8,23,3400,1,0.001280
8,23,3400,2,0.000838
8,23,3400,3,0.000804
8,23,3600,1,0.000803
8,23,3600,2,0.000820
8,23,3600,3,0.000705
8,23,3800,1,0.000800
8,23,3800,2,0.000612
8,23,3800,3,0.001012
8,23,4000,1,0.000824
8,23,4000,2,0.000739
8,23,4000,3,0.000665
8,23,4200,1,0.000788
8,23,4200,2,0.000601
8,23,4200,3,0.000863
8,23,4400,1,0.000804
8,23,4400,2,0.001025
8,23,4400,3,0.000732
8,23,4600,1,0.000945
8,23,4600,2,0.001083
8,23,4600,3,0.000799
8,23,4800,1,0.000954
8,23,4800,2,0.000792
8,23,4800,3,0.000827
8,23,5000,1,0.000672
8,23,5000,2,0.000876
8,23,5000,3,0.000638
8,25,1000,1,0.000727
8,25,1000,2,0.000750
8,25,1000,3,0.001103
8,25,1200,1,0.000853
8,25,1200,2,0.000686
8,25,1200,3,0.000798
8,25,1400,1,0.000932
8,25,1400,2,0.000661
8,25,1400,3,0.000726
8,25,1600,1,0.000926
8,25,1600,2,0.000646
8,25,1600,3,0.000718
8,25,1800,1,0.000831
8,25,1800,2,0.000967
8,25,1800,3,0.001050
8,25,2000,1,0.000834
8,25,2000,2,0.000879
8,25,2000,3,0.000891
8,25,2200,1,0.000728
8,25,2200,2,0.001112
8,25,2200,3,0.000692
8,25,2400,1,0.001012
8,25,2400,2,0.000716
8,25,2400,3,0.001206
8,25,2600,1,0.000890
8,25,2600,2,0.001019
8,25,2600,3,0.000818
8,25,2800,1,0.000803
8,25,2800,2,0.000853
8,25,2800,3,0.000926
8,25,3000,1,0.001059
8,25,3000,2,0.000831
8,25,3000,3,0.000854
8,25,3200,1,0.000677
8,25,3200,2,0.000823
8,25,3200,3,0.001042
8,25,3400,1,0.000682
8,25,3400,2,0.000643
8,25,3400,3,0.000741
8,25,3600,1,0.000787
8,25,3600,2,0.001329
8,25,3600,3,0.000818
8,25,3800,1,0.000809
8,25,3800,2,0.000799
8,25,3800,3,0.000638
8,25,4000,1,0.000982
8,25,4000,2,0.000933
8,25,4000,3,0.000874
8,25,4200,1,0.000736
8,25,4200,2,0.000789
8,25,4200,3,0.000661
8,25,4400,1,0.000898
8,25,4400,2,0.000694
8,25,4400,3,0.001106
8,25,4600,1,0.000800
8,25,4600,2,0.000674
8,25,4600,3,0.000823
8,25,4800,1,0.001137
8,25,4800,2,0.000826
8,25,4800,3,0.000901
8,25,5000,1,0.000712
8,25,5000,2,0.000885
8,25,5000,3,0.000641
8,27,1000,1,0.001753
8,27,1000,2,0.001892
8,27,1000,3,0.001928
8,27,1200,1,0.001751
8,27,1200,2,0.001733
8,27,1200,3,0.001574
8,27,1400,1,0.001749
8,27,1400,2,0.001927
8,27,1400,3,0.001894
8,27,1600,1,0.001827
8,27,1600,2,0.001606
8,27,1600,3,0.001552
8,27,1800,1,0.001776
8,27,1800,2,0.001683
8,27,1800,3,0.001698
8,27,2000,1,0.001681
8,27,2000,2,0.001646
8,27,2000,3,0.001572
8,27,2200,1,0.001807
8,27,2200,2,0.001569
8,27,2200,3,0.001601
8,27,2400,1,0.001854
8,27,2400,2,0.001922
8,27,2400,3,0.001688
8,27,2600,1,0.001568
8,27,2600,2,0.001791
8,27,2600,3,0.002094
8,27,2800,1,0.001554
8,27,2800,2,0.001575
8,27,2800,3,0.001711
8,27,3000,1,0.001770
8,27,3000,2,0.001549
8,27,3000,3,0.001898
8,27,3200,1,0.001719
8,27,3200,2,0.001594
8,27,3200,3,0.001633
8,27,3400,1,0.001884
8,27,3400,2,0.001994
8,27,3400,3,0.001548
8,27,3600,1,0.001893
8,27,3600,2,0.001490
8,27,3600,3,0.001736
8,27,3800,1,0.001727
8,27,3800,2,0.001548
8,27,3800,3,0.001585
8,27,4000,1,0.001645
8,27,4000,2,0.001924
8,27,4000,3,0.001851
8,27,4200,1,0.001567
8,27,4200,2,0.001505
8,27,4200,3,0.001686
8,27,4400,1,0.001670
8,27,4400,2,0.001684
8,27,4400,3,0.001910
8,27,4600,1,0.001942
8,27,4600,2,0.001581
8,27,4600,3,0.001781
8,27,4800,1,0.001966
8,27,4800,2,0.001918
8,27,4800,3,0.001914
8,27,5000,1,0.001674
8,27,5000,2,0.002017
8,27,5000,3,0.001884
8,29,1000,1,0.001233
8,29,1000,2,0.001312
8,29,1000,3,0.001295
8,29,1200,1,0.001563
8,29,1200,2,0.001441
8,29,1200,3,0.001683
8,29,1400,1,0.001246
8,29,1400,2,0.001311
8,29,1400,3,0.001385
8,29,1600,1,0.001375
8,29,1600,2,0.001400
8,29,1600,3,0.001448
8,29,1800,1,0.001383
8,29,1800,2,0.001416
8,29,1800,3,0.001692
8,29,2000,1,0.001437
8,29,2000,2,0.001482
8,29,2000,3,0.001233
8,29,2200,1,0.001245
8,29,2200,2,0.001489
8,29,2200,3,0.001195
8,29,2400,1,0.001527
8,29,2400,2,0.001495
8,29,2400,3,0.001532
8,29,2600,1,0.001473
8,29,2600,2,0.001483
8,29,2600,3,0.001677
8,29,2800,1,0.001218
8,29,2800,2,0.001563
8,29,2800,3,0.001267
8,29,3000,1,0.001476
8,29,3000,2,0.001333
8,29,3000,3,0.001286
8,29,3200,1,0.001807
8,29,3200,2,0.001264
8,29,3200,3,0.001539
8,29,3400,1,0.001209
8,29,3400,2,0.001421
8,29,3400,3,0.001270
8,29,3600,1,0.001346
8,29,3600,2,0.001604
8,29,3600,3,0.001660
8,29,3800,1,0.001511
8,29,3800,2,0.001454
8,29,3800,3,0.001211
8,29,4000,1,0.001330
8,29,4000,2,0.001623
8,29,4000,3,0.001748
8,29,4200,1,0.001532
8,29,4200,2,0.001679
8,29,4200,3,nan
8,29,4400,1,0.001205
8,29,4400,2,0.001649
8,29,4400,3,0.001239
8,29,4600,1,0.001192
8,29,4600,2,0.001322
8,29,4600,3,0.001426
8,29,4800,1,0.001328
8,29,4800,2,0.001395
8,29,4800,3,0.001415
8,29,5000,1,0.001214
8,29,5000,2,0.001670
8,29,5000,3,0.001782
8,31,1000,1,0.001535
8,31,1000,2,0.001571
8,31,1000,3,0.001334
8,31,1200,1,0.001715
8,31,1200,2,0.001684
8,31,1200,3,0.001275
8,31,1400,1,0.001213
8,31,1400,2,0.001627
8,31,1400,3,0.001492
8,31,1600,1,0.001569
8,31,1600,2,0.001504
8,31,1600,3,0.001371
8,31,1800,1,0.001441
8,31,1800,2,0.001600
8,31,1800,3,0.001294
8,31,2000,1,0.001623
8,31,2000,2,0.001348
8,31,2000,3,0.001306
8,31,2200,1,0.001607
8,31,2200,2,0.001621
8,31,2200,3,0.001347
8,31,2400,1,0.001306
8,31,2400,2,0.001521
8,31,2400,3,0.001268
8,31,2600,1,0.001528
8,31,2600,2,0.001377
8,31,2600,3,0.001570
8,31,2800,1,0.001556
8,31,2800,2,0.001321
8,31,2800,3,0.001728
8,31,3000,1,0.001239
8,31,3000,2,0.001438
8,31,3000,3,0.001514
8,31,3200,1,0.001202
8,31,3200,2,0.001416
8,31,3200,3,0.001635
8,31,3400,1,0.001503
8,31,3400,2,0.001456
8,31,3400,3,0.001314
8,31,3600,1,0.001337
8,31,3600,2,0.001474
8,31,3600,3,0.001303
8,31,3800,1,0.001487
8,31,3800,2,0.001845
8,31,3800,3,0.001220
8,31,4000,1,0.001620
8,31,4000,2,0.001410
8,31,4000,3,0.001481
8,31,4200,1,0.001724
8,31,4200,2,0.001596
8,31,4200,3,0.001314
8,31,4400,1,0.001236
8,31,4400,2,0.001251
8,31,4400,3,0.001429
8,31,4600,1,0.001460
8,31,4600,2,0.001282
8,31,4600,3,0.001590
8,31,4800,1,0.001257
8,31,4800,2,0.001629
8,31,4800,3,0.001280
8,31,5000,1,0.001516
8,31,5000,2,0.001683
8,31,5000,3,0.001646
8,33,1000,1,0.001870
8,33,1000,2,0.001523
8,33,1000,3,0.001371
8,33,1200,1,0.001309
8,33,1200,2,0.001532
8,33,1200,3,0.001305
8,33,1400,1,0.001300
8,33,1400,2,0.001745
8,33,1400,3,0.001575
8,33,1600,1,0.001547
8,33,1600,2,0.001773
8,33,1600,3,0.001755
8,33,1800,1,0.001688
8,33,1800,2,0.001484
8,33,1800,3,0.001531
8,33,2000,1,0.001616
8,33,2000,2,0.001533
8,33,2000,3,0.001559
8,33,2200,1,0.001475
8,33,2200,2,0.001490
8,33,2200,3,0.001818
8,33,2400,1,0.001198
8,33,2400,2,0.001447
8,33,2400,3,0.001454
8,33,2600,1,0.001298
8,33,2600,2,0.001281
8,33,2600,3,0.001451
8,33,2800,1,0.001408
8,33,2800,2,0.001763
8,33,2800,3,0.001691
8,33,3000,1,0.001287
8,33,3000,2,0.001718
8,33,3000,3,0.001402
8,33,3200,1,0.001788
8,33,3200,2,0.001641
8,33,3200,3,0.001751
8,33,3400,1,0.001745
8,33,3400,2,0.001230
8,33,3400,3,0.001625
8,33,3600,1,0.001408
8,33,3600,2,0.001934
8,33,3600,3,0.001256
8,33,3800,1,0.001494
8,33,3800,2,0.001207
8,33,3800,3,0.001390
8,33,4000,1,0.001201
8,33,4000,2,0.001797
8,33,4000,3,0.001634
8,33,4200,1,0.002229
8,33,4200,2,0.001541
8,33,4200,3,0.001552
8,33,4400,1,0.001608
8,33,4400,2,0.001683
8,33,4400,3,0.001356
8,33,4600,1,0.001249
8,33,4600,2,0.001741
8,33,4600,3,0.001581
8,33,4800,1,0.001254
8,33,4800,2,0.001419
8,33,4800,3,0.001423
8,33,5000,1,0.001678
8,33,5000,2,0.001705
8,33,5000,3,0.001536
8,35,1000,1,0.001546
8,35,1000,2,0.001741
8,35,1000,3,0.001763
8,35,1200,1,0.001716
8,35,1200,2,0.001258
8,35,1200,3,0.001777
8,35,1400,1,0.001282
8,35,1400,2,0.001226
8,35,1400,3,0.001519
8,35,1600,1,0.001605
8,35,1600,2,0.001649
8,35,1600,3,0.001817
8,35,1800,1,0.001642
8,35,1800,2,0.001626
8,35,1800,3,0.001366
8,35,2000,1,0.001683
8,35,2000,2,0.001467
8,35,2000,3,0.001502
8,35,2200,1,0.001804
8,35,2200,2,0.001634
8,35,2200,3,0.001356
8,35,2400,1,0.001308
8,35,2400,2,0.001498
8,35,2400,3,0.001325
8,35,2600,1,0.001557
8,35,2600,2,0.001950
8,35,2600,3,0.001648
8,35,2800,1,0.001228
8,35,2800,2,0.001770
8,35,2800,3,0.001268
8,35,3000,1,0.001579
8,35,3000,2,0.001699
8,35,3000,3,0.001740
8,35,3200,1,0.001683
8,35,3200,2,0.001429
8,35,3200,3,0.001339
8,35,3400,1,0.001885
8,35,3400,2,0.001635
8,35,3400,3,0.001550
8,35,3600,1,0.001271
8,35,3600,2,0.001404
8,35,3600,3,0.001553
8,35,3800,1,0.001428
8,35,3800,2,0.002013
8,35,3800,3,0.001478
8,35,4000,1,0.001634
8,35,4000,2,0.001212
8,35,4000,3,0.001290
8,35,4200,1,0.001357
8,35,4200,2,0.001550
8,35,4200,3,0.001499
8,35,4400,1,0.001258
8,35,4400,2,0.001378
8,35,4400,3,0.001558
8,35,4600,1,0.001854
8,35,4600,2,0.001220
8,35,4600,3,0.001472
8,35,4800,1,0.001235
8,35,4800,2,0.001270
8,35,4800,3,0.001517
8,35,5000,1,0.001408
8,35,5000,2,0.001801
8,35,5000,3,0.001223
8,37,1000,1,0.001560
8,37,1000,2,0.001771
8,37,1000,3,0.001497
8,37,1200,1,0.001747
8,37,1200,2,0.001786
8,37,1200,3,0.001267
8,37,1400,1,0.001632
8,37,1400,2,0.001861
8,37,1400,3,0.001603
8,37,1600,1,0.001391
8,37,1600,2,0.001329
8,37,1600,3,0.001508
8,37,1800,1,0.001525
8,37,1800,2,0.001682
8,37,1800,3,0.001667
8,37,2000,1,0.001313
8,37,2000,2,0.001730
8,37,2000,3,0.001612
8,37,2200,1,0.001760
8,37,2200,2,0.001686
8,37,2200,3,0.001509
8,37,2400,1,0.001570
8,37,2400,2,0.001743
8,37,2400,3,0.001575
8,37,2600,1,0.001461
8,37,2600,2,0.001602
8,37,2600,3,0.001463
8,37,2800,1,0.001628
8,37,2800,2,0.001596
8,37,2800,3,0.001719
8,37,3000,1,0.001470
8,37,3000,2,0.001615
8,37,3000,3,0.001910
8,37,3200,1,0.001535
8,37,3200,2,0.001357
8,37,3200,3,0.001574
8,37,3400,1,0.001739
8,37,3400,2,0.001587
8,37,3400,3,0.001239
8,37,3600,1,0.001603
8,37,3600,2,0.001524
8,37,3600,3,0.001226
8,37,3800,1,0.001251
8,37,3800,2,0.001554
8,37,3800,3,0.001320
8,37,4000,1,0.001603
8,37,4000,2,0.001652
8,37,4000,3,0.001236
8,37,4200,1,0.001663
8,37,4200,2,0.001730
8,37,4200,3,0.001942
8,37,4400,1,0.001342
8,37,4400,2,0.001417
8,37,4400,3,0.001707
8,37,4600,1,0.001663
8,37,4600,2,0.001333
8,37,4600,3,0.001538
8,37,4800,1,0.001444
8,37,4800,2,0.001257
8,37,4800,3,0.001609
8,37,5000,1,0.001783
8,37,5000,2,0.001765
8,37,5000,3,0.001520
8,39,1000,1,0.001846
8,39,1000,2,0.001769
8,39,1000,3,0.001556
8,39,1200,1,0.001494
8,39,1200,2,0.001726
8,39,1200,3,0.001289
8,39,1400,1,0.001654
8,39,1400,2,0.001352
8,39,1400,3,0.001687
8,39,1600,1,0.001704
8,39,1600,2,0.001797
8,39,1600,3,0.001828
8,39,1800,1,0.001614
8,39,1800,2,0.001839
8,39,1800,3,0.001571
8,39,2000,1,0.001077
8,39,2000,2,0.001469
8,39,2000,3,0.001811
8,39,2200,1,0.001918
8,39,2200,2,0.001718
8,39,2200,3,0.001902
8,39,2400,1,0.001266
8,39,2400,2,0.001399
8,39,2400,3,0.001653
8,39,2600,1,0.001700
8,39,2600,2,0.001672
8,39,2600,3,0.001325
8,39,2800,1,0.001789
8,39,2800,2,0.001691
8,39,2800,3,0.001796
8,39,3000,1,0.001294
8,39,3000,2,0.001743
8,39,3000,3,0.001560
8,39,3200,1,0.001804
8,39,3200,2,0.001308
8,39,3200,3,0.001281
8,39,3400,1,0.001798
8,39,3400,2,0.001368
8,39,3400,3,0.001620
8,39,3600,1,0.001375
8,39,3600,2,0.001620
8,39,3600,3,0.001627
8,39,3800,1,0.001789
8,39,3800,2,0.001767
8,39,3800,3,0.001893
8,39,4000,1,0.001714
8,39,4000,2,0.001913
8,39,4000,3,0.001445
8,39,4200,1,0.001862
8,39,4200,2,0.001545
8,39,4200,3,0.001293
8,39,4400,1,0.001202
8,39,4400,2,0.001241
8,39,4400,3,0.001637
8,39,4600,1,0.001712
8,39,4600,2,0.001246
8,39,4600,3,0.001914
8,39,4800,1,0.001310
8,39,4800,2,0.001699
8,39,4800,3,0.001580
8,39,5000,1,0.001632
8,39,5000,2,0.001706
8,39,5000,3,0.001732
8,41,1000,1,0.001336
8,41,1000,2,0.001249
8,41,1000,3,0.001790
8,41,1200,1,0.001530
8,41,1200,2,0.001385
8,41,1200,3,0.001685
8,41,1400,1,0.001244
8,41,1400,2,0.001500
8,41,1400,3,0.001603
8,41,1600,1,0.001612
8,41,1600,2,0.001677
8,41,1600,3,0.001319
8,41,1800,1,0.001479
8,41,1800,2,0.001316
8,41,1800,3,0.001300
8,41,2000,1,0.001887
8,41,2000,2,0.001842
8,41,2000,3,0.001496
8,41,2200,1,0.001761
8,41,2200,2,0.001645
8,41,2200,3,0.001560
8,41,2400,1,0.001580
8,41,2400,2,0.001332
8,41,2400,3,0.001293
8,41,2600,1,0.001713
8,41,2600,2,0.001708
8,41,2600,3,0.001574
8,41,2800,1,0.001620
8,41,2800,2,0.001642
8,41,2800,3,0.001605
8,41,3000,1,0.001648
8,41,3000,2,0.001697
8,41,3000,3,0.001867
8,41,3200,1,0.001226
8,41,3200,2,0.001474
8,41,3200,3,0.001813
8,41,3400,1,0.001385
8,41,3400,2,0.001295
8,41,3400,3,0.001434
8,41,3600,1,0.001535
8,41,3600,2,0.001319
8,41,3600,3,0.001919
8,41,3800,1,0.001630
8,41,3800,2,0.001919
8,41,3800,3,0.001642
8,41,4000,1,0.001838
8,41,4000,2,0.001285
8,41,4000,3,0.001547
8,41,4200,1,0.001519
8,41,4200,2,0.001238
8,41,4200,3,0.001906
8,41,4400,1,0.001236
8,41,4400,2,0.001720
8,41,4400,3,0.001318
8,41,4600,1,0.001355
8,41,4600,2,0.001820
8,41,4600,3,0.001746
8,41,4800,1,0.001684
8,41,4800,2,0.001351
8,41,4800,3,0.001340
8,41,5000,1,0.002029
8,41,5000,2,0.001279
8,41,5000,3,0.001275
8,43,1000,1,0.001339
8,43,1000,2,0.001667
8,43,1000,3,0.001831
8,43,1200,1,0.001698
8,43,1200,2,0.001933
8,43,1200,3,0.001688
8,43,1400,1,0.001780
8,43,1400,2,0.001920
8,43,1400,3,0.001812
8,43,1600,1,0.001918
8,43,1600,2,0.001955
8,43,1600,3,0.001856
8,43,1800,1,0.001798
8,43,1800,2,0.001404
8,43,1800,3,0.001590
8,43,2000,1,0.002052
8,43,2000,2,0.001838
8,43,2000,3,0.001749
8,43,2200,1,0.001341
8,43,2200,2,0.001735
8,43,2200,3,0.001346
8,43,2400,1,0.001668
8,43,2400,2,0.001863
8,43,2400,3,0.001313
8,43,2600,1,0.001812
8,43,2600,2,0.001683
8,43,2600,3,0.001395
8,43,2800,1,0.001765
8,43,2800,2,0.001730
8,43,2800,3,0.000743
8,43,3000,1,0.001834
8,43,3000,2,0.001711
8,43,3000,3,0.001637
8,43,3200,1,0.001901
8,43,3200,2,0.001764
8,43,3200,3,0.001899
8,43,3400,1,0.001356
8,43,3400,2,0.001719
8,43,3400,3,0.001893
8,43,3600,1,0.001747
8,43,3600,2,0.002009
8,43,3600,3,0.001839
8,43,3800,1,0.001428
8,43,3800,2,0.001811
8,43,3800,3,0.001232
8,43,4000,1,0.001439
8,43,4000,2,0.002118
8,43,4000,3,0.001746
8,43,4200,1,0.001726
8,43,4200,2,0.001514
8,43,4200,3,0.001721
8,43,4400,1,0.001292
8,43,4400,2,0.001878
8,43,4400,3,0.001742
8,43,4600,1,0.002114
8,43,4600,2,0.001821
8,43,4600,3,0.001796
8,43,4800,1,0.001677
8,43,4800,2,0.001492
8,43,4800,3,0.001336
8,43,5000,1,0.001715
8,43,5000,2,0.001707
8,43,5000,3,0.001696
8,45,1000,1,0.001577
8,45,1000,2,0.001708
8,45,1000,3,0.001272
8,45,1200,1,0.001376
8,45,1200,2,0.001406
8,45,1200,3,0.001601
8,45,1400,1,0.001390
8,45,1400,2,0.001407
8,45,1400,3,0.001099
8,45,1600,1,0.001488
8,45,1600,2,0.001416
8,45,1600,3,0.001110
8,45,1800,1,0.001741
8,45,1800,2,0.001533
8,45,1800,3,0.001002
8,45,2000,1,0.001542
8,45,2000,2,0.001394
8,45,2000,3,0.001234
8,45,2200,1,0.001388
8,45,2200,2,0.001310
8,45,2200,3,0.001487
8,45,2400,1,0.001223
8,45,2400,2,0.001181
8,45,2400,3,0.001517
8,45,2600,1,0.001570
8,45,2600,2,0.001536
8,45,2600,3,0.001475
8,45,2800,1,0.001464
8,45,2800,2,0.001096
8,45,2800,3,0.001476
8,45,3000,1,0.001328
8,45,3000,2,0.001425
8,45,3000,3,0.001590
8,45,3200,1,0.001328
8,45,3200,2,0.000954
8,45,3200,3,0.001438
8,45,3400,1,0.001032
8,45,3400,2,0.000935
8,45,3400,3,0.001257
8,45,3600,1,0.001054
8,45,3600,2,0.000982
8,45,3600,3,0.001584
8,45,3800,1,0.001312
8,45,3800,2,0.000980
8,45,3800,3,0.001201
8,45,4000,1,0.001541
8,45,4000,2,0.001255
8,45,4000,3,0.001449
8,45,4200,1,0.001399
8,45,4200,2,0.000901
8,45,4200,3,0.001092
8,45,4400,1,0.001552
8,45,4400,2,0.000903
8,45,4400,3,0.001236
8,45,4600,1,0.001342
8,45,4600,2,0.001428
8,45,4600,3,0.000878
8,45,4800,1,0.001466
8,45,4800,2,0.001381
8,45,4800,3,0.001077
8,45,5000,1,0.001308
8,45,5000,2,0.000940
8,45,5000,3,0.001412
8,47,1000,1,0.001595
8,47,1000,2,0.001424
8,47,1000,3,0.001305
8,47,1200,1,0.001352
8,47,1200,2,0.001024
8,47,1200,3,0.001525
8,47,1400,1,0.001709
8,47,1400,2,0.001471
8,47,1400,3,0.001439
8,47,1600,1,0.001390
8,47,1600,2,0.001518
8,47,1600,3,0.001138
8,47,1800,1,0.001283
8,47,1800,2,0.000965
8,47,1800,3,0.000993
8,47,2000,1,0.001553
8,47,2000,2,0.001545
8,47,2000,3,0.001348
8,47,2200,1,0.001216
8,47,2200,2,0.001379
8,47,2200,3,0.001018
8,47,2400,1,0.001297
8,47,2400,2,0.001101
8,47,2400,3,0.001415
8,47,2600,1,0.001645
8,47,2600,2,0.001237
8,47,2600,3,0.000968
8,47,2800,1,0.001685
8,47,2800,2,0.001424
8,47,2800,3,0.001678
8,47,3000,1,0.001425
8,47,3000,2,0.001424
8,47,3000,3,0.000961
8,47,3200,1,0.001406
8,47,3200,2,0.001319
8,47,3200,3,0.001485
8,47,3400,1,0.001548
8,47,3400,2,0.001279
8,47,3400,3,0.000968
8,47,3600,1,0.001487
8,47,3600,2,0.001412
8,47,3600,3,0.001051
8,47,3800,1,0.000988
8,47,3800,2,0.000979
8,47,3800,3,0.001231
8,47,4000,1,0.001580
8,47,4000,2,0.001088
8,47,4000,3,0.001463
8,47,4200,1,0.001315
8,47,4200,2,0.001100
8,47,4200,3,0.000920
8,47,4400,1,0.001068
8,47,4400,2,0.001530
8,47,4400,3,0.001490
8,47,4600,1,0.001371
8,47,4600,2,0.001711
8,47,4600,3,0.001022
8,47,4800,1,0.001728
8,47,4800,2,0.001539
8,47,4800,3,0.001543
8,47,5000,1,0.001748
8,47,5000,2,0.001669
8,47,5000,3,0.000884
8,49,1000,1,0.001539
8,49,1000,2,0.001397
8,49,1000,3,0.001481
8,49,1200,1,0.000842
8,49,1200,2,0.001495
8,49,1200,3,0.000959
8,49,1400,1,0.001529
8,49,1400,2,0.001259
8,49,1400,3,0.001363
8,49,1600,1,0.001338
8,49,1600,2,0.001166
8,49,1600,3,0.001486
8,49,1800,1,0.001219
8,49,1800,2,0.001396
8,49,1800,3,0.001416
8,49,2000,1,0.001438
8,49,2000,2,0.001480
8,49,2000,3,0.001717
8,49,2200,1,0.001014
8,49,2200,2,0.001317
8,49,2200,3,0.001560
8,49,2400,1,0.001289
8,49,2400,2,0.001634
8,49,2400,3,0.001426
8,49,2600,1,0.001366
8,49,2600,2,0.001462
8,49,2600,3,0.001471
8,49,2800,1,0.001060
8,49,2800,2,0.001571
8,49,2800,3,0.001605
8,49,3000,1,0.001243
8,49,3000,2,0.001385
8,49,3000,3,0.001666
8,49,3200,1,0.001514
8,49,3200,2,0.000969
8,49,3200,3,0.001166
8,49,3400,1,0.000808
8,49,3400,2,0.001142
8,49,3400,3,0.001024
8,49,3600,1,0.001739
8,49,3600,2,0.001063
8,49,3600,3,0.001318
8,49,3800,1,0.001296
8,49,3800,2,0.001001
8,49,3800,3,0.000876
8,49,4000,1,0.001424
8,49,4000,2,0.001444
8,49,4000,3,0.001325
8,49,4200,1,0.001085
8,49,4200,2,0.001224
8,49,4200,3,0.001616
8,49,4400,1,0.001212
8,49,4400,2,0.001401
8,49,4400,3,0.001035
8,49,4600,1,0.001646
8,49,4600,2,0.000961
8,49,4600,3,0.001486
8,49,4800,1,0.001973
8,49,4800,2,0.001301
8,49,4800,3,0.000850
8,49,5000,1,0.000987
8,49,5000,2,0.000873
8,49,5000,3,0.001416
8,51,1000,1,0.001371
8,51,1000,2,0.001370
8,51,1000,3,0.001630
8,51,1200,1,0.001161
8,51,1200,2,0.001259
8,51,1200,3,0.001576
8,51,1400,1,0.001142
8,51,1400,2,0.001437
8,51,1400,3,0.001575
8,51,1600,1,0.001549
8,51,1600,2,0.001415
8,51,1600,3,0.001373
8,51,1800,1,0.001544
8,51,1800,2,0.001525
8,51,1800,3,0.001397
8,51,2000,1,0.001310
8,51,2000,2,0.001627
8,51,2000,3,0.001843
8,51,2200,1,0.001546
8,51,2200,2,0.001414
8,51,2200,3,0.001614
8,51,2400,1,0.001154
8,51,2400,2,0.001363
8,51,2400,3,0.001188
8,51,2600,1,0.001685
8,51,2600,2,0.001337
8,51,2600,3,0.001564
8,51,2800,1,0.001142
8,51,2800,2,0.001751
8,51,2800,3,0.001436
8,51,3000,1,0.001676
8,51,3000,2,0.001291
8,51,3000,3,0.001215
8,51,3200,1,0.001544
8,51,3200,2,0.001109
8,51,3200,3,0.001312
8,51,3400,1,0.001299
8,51,3400,2,0.001434
8,51,3400,3,0.001419
8,51,3600,1,0.001683
8,51,3600,2,0.001590
8,51,3600,3,0.001215
8,51,3800,1,0.001041
8,51,3800,2,0.001509
8,51,3800,3,0.001534
8,51,4000,1,0.001809
8,51,4000,2,0.001573
8,51,4000,3,0.001619
8,51,4200,1,0.001028
8,51,4200,2,0.001180
8,51,4200,3,0.001473
8,51,4400,1,0.001403
8,51,4400,2,0.001569
8,51,4400,3,0.000980
8,51,4600,1,0.001069
8,51,4600,2,0.000964
8,51,4600,3,0.000959
8,51,4800,1,0.001219
8,51,4800,2,0.001415
8,51,4800,3,0.001727
8,51,5000,1,0.000921
8,51,5000,2,0.001298
8,51,5000,3,0.001399
8,53,1000,1,0.001329
8,53,1000,2,0.001656
8,53,1000,3,0.001907
8,53,1200,1,0.001447
8,53,1200,2,nan
8,53,1200,3,0.001195
8,53,1400,1,0.001743
8,53,1400,2,0.001369
8,53,1400,3,0.001357
8,53,1600,1,0.001504
8,53,1600,2,0.001076
8,53,1600,3,0.001661
8,53,1800,1,0.001515
8,53,1800,2,0.001356
8,53,1800,3,0.001251
8,53,2000,1,0.001710
8,53,2000,2,0.001488
8,53,2000,3,0.001114
8,53,2200,1,0.001421
8,53,2200,2,0.001608
8,53,2200,3,0.001667
8,53,2400,1,0.001736
8,53,2400,2,0.001120
8,53,2400,3,0.001588
8,53,2600,1,0.001535
8,53,2600,2,0.001167
8,53,2600,3,0.001435
8,53,2800,1,0.001148
8,53,2800,2,0.001387
8,53,2800,3,0.001645
8,53,3000,1,0.001880
8,53,3000,2,0.001619
8,53,3000,3,0.001607
8,53,3200,1,0.001556
8,53,3200,2,0.001700
8,53,3200,3,0.001614
8,53,3400,1,0.001617
8,53,3400,2,0.001674
8,53,3400,3,0.001373
8,53,3600,1,0.001443
8,53,3600,2,0.001569
8,53,3600,3,0.001601
8,53,3800,1,0.001264
8,53,3800,2,0.001720
8,53,3800,3,0.001415
8,53,4000,1,0.001570
8,53,4000,2,0.001314
8,53,4000,3,0.001395
8,53,4200,1,0.001809
8,53,4200,2,0.001670
8,53,4200,3,0.001261
8,53,4400,1,0.000958
8,53,4400,2,0.001161
8,53,4400,3,0.001107
8,53,4600,1,0.001041
8,53,4600,2,0.001121
8,53,4600,3,0.001791
8,53,4800,1,0.001577
8,53,4800,2,0.001551
8,53,4800,3,0.001815
8,53,5000,1,0.001695
8,53,5000,2,0.001489
8,53,5000,3,0.001647
8,55,1000,1,0.001854
8,55,1000,2,0.001439
8,55,1000,3,0.001405
8,55,1200,1,0.001588
8,55,1200,2,0.001530
8,55,1200,3,0.001482
8,55,1400,1,0.001116
8,55,1400,2,0.001458
8,55,1400,3,0.001124
8,55,1600,1,0.001544
8,55,1600,2,0.001443
8,55,1600,3,0.001193
8,55,1800,1,0.001732
8,55,1800,2,0.001122
8,55,1800,3,0.001331
8,55,2000,1,0.001650
8,55,2000,2,0.001228
8,55,2000,3,0.001553
8,55,2200,1,0.001816
8,55,2200,2,0.001733
8,55,2200,3,0.001533
8,55,2400,1,0.001562
8,55,2400,2,0.001217
8,55,2400,3,0.001455
8,55,2600,1,0.001529
8,55,2600,2,0.001796
8,55,2600,3,0.001017
8,55,2800,1,0.001858
8,55,2800,2,0.001589
8,55,2800,3,0.001924
8,55,3000,1,0.001717
8,55,3000,2,0.001493
8,55,3000,3,0.001605
8,55,3200,1,0.001212
8,55,3200,2,0.001544
8,55,3200,3,0.001298
8,55,3400,1,0.001087
8,55,3400,2,0.001813
8,55,3400,3,0.001741
8,55,3600,1,0.001844
8,55,3600,2,0.001247
8,55,3600,3,0.001586
8,55,3800,1,0.001430
8,55,3800,2,0.001517
8,55,3800,3,0.001892
8,55,4000,1,0.001638
8,55,4000,2,0.001612
8,55,4000,3,0.001628
8,55,4200,1,0.001106
8,55,4200,2,0.001049
8,55,4200,3,0.001392
8,55,4400,1,0.001618
8,55,4400,2,0.001585
8,55,4400,3,0.001689
8,55,4600,1,0.001747
8,55,4600,2,0.001469
8,55,4600,3,0.001651
8,55,4800,1,0.001241
8,55,4800,2,0.001989
8,55,4800,3,0.001563
8,55,5000,1,0.001389
8,55,5000,2,0.001142
8,55,5000,3,0.001563
8,57,1000,1,0.001486
8,57,1000,2,0.001600
8,57,1000,3,0.001865
8,57,1200,1,0.001193
8,57,1200,2,0.001588
8,57,1200,3,0.001367
8,57,1400,1,0.001291
8,57,1400,2,0.001365
8,57,1400,3,0.001844
8,57,1600,1,0.001632
8,57,1600,2,0.001278
8,57,1600,3,0.001665
8,57,1800,1,0.001173
8,57,1800,2,0.001594
8,57,1800,3,0.001788
8,57,2000,1,0.001583
8,57,2000,2,0.001812
8,57,2000,3,0.001703
8,57,2200,1,0.001837
8,57,2200,2,0.001622
8,57,2200,3,0.001412
8,57,2400,1,0.001831
8,57,2400,2,0.001814
8,57,2400,3,0.001693
8,57,2600,1,0.001722
8,57,2600,2,0.001709
8,57,2600,3,0.001659
8,57,2800,1,0.001630
8,57,2800,2,0.001384
8,57,2800,3,0.001628
8,57,3000,1,0.001843
8,57,3000,2,0.001652
8,57,3000,3,0.001577
8,57,3200,1,0.001518
8,57,3200,2,0.000967
8,57,3200,3,0.001464
8,57,3400,1,0.001223
8,57,3400,2,0.001960
8,57,3400,3,0.001546
8,57,3600,1,0.001745
8,57,3600,2,0.001567
8,57,3600,3,0.001440
8,57,3800,1,0.001659
8,57,3800,2,0.001119
8,57,3800,3,0.001664
8,57,4000,1,0.001783
8,57,4000,2,0.001590
8,57,4000,3,0.001847
8,57,4200,1,0.001625
8,57,4200,2,0.001458
8,57,4200,3,0.001667
8,57,4400,1,0.001940
8,57,4400,2,0.001168
8,57,4400,3,0.001397
8,57,4600,1,0.001683
8,57,4600,2,0.000989
8,57,4600,3,0.001475
8,57,4800,1,0.001427
8,57,4800,2,0.001343
8,57,4800,3,0.000966
8,57,5000,1,0.001386
8,57,5000,2,0.001817
8,57,5000,3,0.001309
8,59,1000,1,0.001472
8,59,1000,2,0.001902
8,59,1000,3,0.001593
8,59,1200,1,0.002149
8,59,1200,2,0.001772
8,59,1200,3,0.001589
8,59,1400,1,0.001340
8,59,1400,2,0.001687
8,59,1400,3,0.001699
8,59,1600,1,0.001698
8,59,1600,2,0.001104
8,59,1600,3,0.001839
8,59,1800,1,0.001603
8,59,1800,2,0.001731
8,59,1800,3,0.001534
8,59,2000,1,0.001808
8,59,2000,2,nan
8,59,2000,3,0.001244
8,59,2200,1,0.001531
8,59,2200,2,0.001519
8,59,2200,3,0.001785
8,59,2400,1,0.001458
8,59,2400,2,0.001759
8,59,2400,3,0.001104
8,59,2600,1,0.001734
8,59,2600,2,0.001575
8,59,2600,3,0.001302
8,59,2800,1,0.001154
8,59,2800,2,0.001229
8,59,2800,3,0.001760
8,59,3000,1,0.001921
8,59,3000,2,0.001642
8,59,3000,3,0.001810
8,59,3200,1,0.001607
8,59,3200,2,0.001295
8,59,3200,3,0.001861
8,59,3400,1,0.001049
8,59,3400,2,0.001768
8,59,3400,3,0.001455
8,59,3600,1,0.001851
8,59,3600,2,0.001889
8,59,3600,3,0.002039
8,59,3800,1,0.001088
8,59,3800,2,0.001809
8,59,3800,3,0.001423
8,59,4000,1,0.001478
8,59,4000,2,0.001845
8,59,4000,3,0.001028
8,59,4200,1,0.001790
8,59,4200,2,0.001864
8,59,4200,3,0.001387
8,59,4400,1,0.001567
8,59,4400,2,0.001832
8,59,4400,3,0.001231
8,59,4600,1,0.001066
8,59,4600,2,0.001786
8,59,4600,3,0.001011
8,59,4800,1,0.001525
8,59,4800,2,0.001399
8,59,4800,3,0.001982
8,59,5000,1,0.001767
8,59,5000,2,0.001474
8,59,5000,3,0.001675
8,61,1000,1,0.001695
8,61,1000,2,0.001713
8,61,1000,3,0.001298
8,61,1200,1,0.001790
8,61,1200,2,0.001803
8,61,1200,3,0.001501
8,61,1400,1,0.001753
8,61,1400,2,0.001787
8,61,1400,3,0.001250
8,61,1600,1,0.001714
8,61,1600,2,0.001486
8,61,1600,3,0.001704
8,61,1800,1,0.001544
8,61,1800,2,0.001364
8,61,1800,3,0.001701
8,61,2000,1,0.001568
8,61,2000,2,0.001159
8,61,2000,3,0.001904
8,61,2200,1,0.001785
8,61,2200,2,0.001703
8,61,2200,3,0.001713
8,61,2400,1,0.001711
8,61,2400,2,0.001829
8,61,2400,3,0.001813
8,61,2600,1,0.001277
8,61,2600,2,0.001093
8,61,2600,3,0.001414
8,61,2800,1,0.001690
8,61,2800,2,0.001592
8,61,2800,3,0.000970
8,61,3000,1,0.001710
8,61,3000,2,0.001767
8,61,3000,3,0.001873
8,61,3200,1,0.001872
8,61,3200,2,0.001186
8,61,3200,3,0.001854
8,61,3400,1,0.001197
8,61,3400,2,0.001636
8,61,3400,3,0.001229
8,61,3600,1,0.001569
8,61,3600,2,0.001758
8,61,3600,3,0.001559
8,61,3800,1,0.001734
8,61,3800,2,0.001117
8,61,3800,3,0.001294
8,61,4000,1,0.001337
8,61,4000,2,0.001497
8,61,4000,3,0.001651
8,61,4200,1,0.001595
8,61,4200,2,0.001410
8,61,4200,3,0.001772
8,61,4400,1,0.001227
8,61,4400,2,0.001406
8,61,4400,3,0.001350
8,61,4600,1,0.001796
8,61,4600,2,0.001947
8,61,4600,3,0.001292
8,61,4800,1,0.001556
8,61,4800,2,0.001028
8,61,4800,3,0.001190
8,61,5000,1,0.001455
8,61,5000,2,0.001624
8,61,5000,3,0.001444
8,63,1000,1,0.001962
8,63,1000,2,0.001888
8,63,1000,3,0.001610
8,63,1200,1,0.001607
8,63,1200,2,0.001740
8,63,1200,3,0.001778
8,63,1400,1,0.001559
8,63,1400,2,0.001568
8,63,1400,3,0.001902
8,63,1600,1,0.001973
8,63,1600,2,0.001546
8,63,1600,3,0.001178
8,63,1800,1,0.001110
8,63,1800,2,0.001241
8,63,1800,3,0.001879
8,63,2000,1,0.001696
8,63,2000,2,0.001816
8,63,2000,3,0.001640
8,63,2200,1,0.002050
8,63,2200,2,0.001806
8,63,2200,3,0.001586
8,63,2400,1,0.001864
8,63,2400,2,0.001960
8,63,2400,3,0.001287
8,63,2600,1,0.001876
8,63,2600,2,0.001320
8,63,2600,3,0.001756
8,63,2800,1,0.001875
8,63,2800,2,0.001581
8,63,2800,3,0.001762
8,63,3000,1,0.001825
8,63,3000,2,0.001730
8,63,3000,3,0.001519
8,63,3200,1,0.001854
8,63,3200,2,0.001737
8,63,3200,3,0.001798
8,63,3400,1,0.001810
8,63,3400,2,0.001139
8,63,3400,3,0.002030
8,63,3600,1,0.001551
8,63,3600,2,0.001774
8,63,3600,3,0.001826
8,63,3800,1,0.001000
8,63,3800,2,0.002030
8,63,3800,3,0.001601
8,63,4000,1,0.001797
8,63,4000,2,0.001295
8,63,4000,3,0.001215
8,63,4200,1,0.001808
8,63,4200,2,0.001969
8,63,4200,3,0.001593
8,63,4400,1,0.001644
8,63,4400,2,0.001236
8,63,4400,3,0.001724
8,63,4600,1,0.001624
8,63,4600,2,0.001629
8,63,4600,3,0.001588
8,63,4800,1,0.001420
8,63,4800,2,0.001350
8,63,4800,3,0.001404
8,63,5000,1,0.002084
8,63,5000,2,0.001408
8,63,5000,3,0.001817
8,65,1000,1,0.002030
8,65,1000,2,0.001568
8,65,1000,3,0.002038
8,65,1200,1,0.001494
8,65,1200,2,0.001793
8,65,1200,3,0.002147
8,65,1400,1,0.001670
8,65,1400,2,0.001319
8,65,1400,3,0.001649
8,65,1600,1,0.001583
8,65,1600,2,0.001686
8,65,1600,3,0.001574
8,65,1800,1,0.001682
8,65,1800,2,0.001345
8,65,1800,3,0.001683
8,65,2000,1,0.002032
8,65,2000,2,0.001558
8,65,2000,3,0.001821
8,65,2200,1,0.001124
8,65,2200,2,0.001722
8,65,2200,3,0.001683
8,65,2400,1,0.001613
8,65,2400,2,0.001238
8,65,2400,3,0.001817
8,65,2600,1,0.001929
8,65,2600,2,0.001804
8,65,2600,3,0.001443
8,65,2800,1,0.001944
8,65,2800,2,0.001771
8,65,2800,3,0.001869
8,65,3000,1,0.001503
8,65,3000,2,0.001836
8,65,3000,3,0.001615
8,65,3200,1,0.001982
8,65,3200,2,0.001564
8,65,3200,3,0.001113
8,65,3400,1,0.002244
8,65,3400,2,0.001885
8,65,3400,3,0.001152
8,65,3600,1,0.001836
8,65,3600,2,0.001964
8,65,3600,3,0.001649
8,65,3800,1,0.001037
8,65,3800,2,0.001230
8,65,3800,3,0.001493
8,65,4000,1,0.001997
8,65,4000,2,0.001421
8,65,4000,3,0.001357
8,65,4200,1,0.001592
8,65,4200,2,0.002064
8,65,4200,3,0.001421
8,65,4400,1,0.001873
8,65,4400,2,0.001761
8,65,4400,3,0.001746
8,65,4600,1,0.001841
8,65,4600,2,0.001240
8,65,4600,3,0.001905
8,65,4800,1,0.001950
8,65,4800,2,0.001612
8,65,4800,3,0.001849
8,65,5000,1,0.001663
8,65,5000,2,0.001441
8,65,5000,3,0.001753
8,67,1000,1,0.001685
8,67,1000,2,0.002142
8,67,1000,3,0.002027
8,67,1200,1,0.002026
8,67,1200,2,0.001782
8,67,1200,3,0.001699
8,67,1400,1,0.001605
8,67,1400,2,0.001716
8,67,1400,3,0.001973
8,67,1600,1,0.001460
8,67,1600,2,0.001882
8,67,1600,3,0.001410
8,67,1800,1,0.001915
8,67,1800,2,0.002019
8,67,1800,3,0.001949
8,67,2000,1,0.001287
8,67,2000,2,0.001766
8,67,2000,3,0.001857
8,67,2200,1,0.001393
8,67,2200,2,0.001999
8,67,2200,3,0.001058
8,67,2400,1,0.001356
8,67,2400,2,0.001199
8,67,2400,3,0.001966
8,67,2600,1,0.001657
8,67,2600,2,0.001511
8,67,2600,3,0.001735
8,67,2800,1,0.001403
8,67,2800,2,nan
8,67,2800,3,0.001460
8,67,3000,1,0.001464
8,67,3000,2,0.001984
8,67,3000,3,0.001941
8,67,3200,1,0.001802
8,67,3200,2,0.001700
8,67,3200,3,0.001428
8,67,3400,1,0.001836
8,67,3400,2,0.001360
8,67,3400,3,0.001786
8,67,3600,1,0.001727
8,67,3600,2,0.001421
8,67,3600,3,0.001444
8,67,3800,1,0.001524
8,67,3800,2,0.001328
8,67,3800,3,0.001378
8,67,4000,1,0.001689
8,67,4000,2,0.001938
8,67,4000,3,0.001579
8,67,4200,1,0.002036
8,67,4200,2,0.001809
8,67,4200,3,0.001302
8,67,4400,1,0.001698
8,67,4400,2,0.001942
8,67,4400,3,0.001691
8,67,4600,1,0.002136
8,67,4600,2,0.001718
8,67,4600,3,0.001499
8,67,4800,1,0.001504
8,67,4800,2,0.001771
8,67,4800,3,0.001184
8,67,5000,1,0.001367
8,67,5000,2,0.001982
8,67,5000,3,0.001803
8,69,1000,1,0.001710
8,69,1000,2,0.001715
8,69,1000,3,0.001743
8,69,1200,1,0.002094
8,69,1200,2,0.001974
8,69,1200,3,0.001900
8,69,1400,1,0.001062
8,69,1400,2,0.001906
8,69,1400,3,0.001600
8,69,1600,1,0.001820
8,69,1600,2,0.001389
8,69,1600,3,0.001704
8,69,1800,1,0.001277
8,69,1800,2,0.002123
8,69,1800,3,0.001409
8,69,2000,1,0.001472
8,69,2000,2,0.001727
8,69,2000,3,0.001738
8,69,2200,1,0.001546
8,69,2200,2,0.001965
8,69,2200,3,0.001439
8,69,2400,1,0.001839
8,69,2400,2,0.001769
8,69,2400,3,0.001923
8,69,2600,1,0.002132
8,69,2600,2,0.001905
8,69,2600,3,0.001638
8,69,2800,1,0.001481
8,69,2800,2,0.001852
8,69,2800,3,0.001619
8,69,3000,1,0.001932
8,69,3000,2,0.001603
8,69,3000,3,0.001895
8,69,3200,1,0.001785
8,69,3200,2,0.001655
8,69,3200,3,0.001896
8,69,3400,1,0.001636
8,69,3400,2,0.001880
8,69,3400,3,0.001256
8,69,3600,1,0.001789
8,69,3600,2,0.001771
8,69,3600,3,0.001729
8,69,3800,1,0.002174
8,69,3800,2,0.001594
8,69,3800,3,0.001706
8,69,4000,1,0.001258
8,69,4000,2,0.001333
8,69,4000,3,0.001391
8,69,4200,1,0.001566
8,69,4200,2,0.001505
8,69,4200,3,0.001922
8,69,4400,1,0.001789
8,69,4400,2,0.001213
8,69,4400,3,0.001437
8,69,4600,1,0.002013
8,69,4600,2,0.001865
8,69,4600,3,0.001851
8,69,4800,1,0.001476
8,69,4800,2,0.001261
8,69,4800,3,0.001411
8,69,5000,1,0.001324
8,69,5000,2,0.001839
8,69,5000,3,0.001969
8,71,1000,1,0.001782
8,71,1000,2,0.001920
8,71,1000,3,0.001929
8,71,1200,1,0.001790
8,71,1200,2,0.001263
8,71,1200,3,0.001735
8,71,1400,1,0.001820
8,71,1400,2,0.001957
8,71,1400,3,0.001906
8,71,1600,1,0.001527
8,71,1600,2,0.001411
8,71,1600,3,0.001827
8,71,1800,1,0.001574
8,71,1800,2,0.001975
8,71,1800,3,0.001880
8,71,2000,1,0.002072
8,71,2000,2,0.001606
8,71,2000,3,0.001493
8,71,2200,1,0.001822
8,71,2200,2,0.002050
8,71,2200,3,0.001352
8,71,2400,1,0.001990
8,71,2400,2,0.001928
8,71,2400,3,0.001398
8,71,2600,1,0.001487
8,71,2600,2,0.002355
8,71,2600,3,0.001910
8,71,2800,1,0.001778
8,71,2800,2,0.001887
8,71,2800,3,0.001895
8,71,3000,1,0.001803
8,71,3000,2,0.001924
8,71,3000,3,0.001655
8,71,3200,1,0.001756
8,71,3200,2,0.001269
8,71,3200,3,0.001708
8,71,3400,1,0.002195
8,71,3400,2,0.001303
8,71,3400,3,0.001815
8,71,3600,1,0.001750
8,71,3600,2,0.001953
8,71,3600,3,0.001400
8,71,3800,1,0.001464
8,71,3800,2,0.001884
8,71,3800,3,0.001688
8,71,4000,1,0.001977
8,71,4000,2,0.001836
8,71,4000,3,0.001558
8,71,4200,1,0.001923
8,71,4200,2,0.001987
8,71,4200,3,0.001616
8,71,4400,1,0.001808
8,71,4400,2,0.001537
8,71,4400,3,0.002010
8,71,4600,1,0.002026
8,71,4600,2,nan
8,71,4600,3,0.001953
8,71,4800,1,0.001483
8,71,4800,2,0.001895
8,71,4800,3,0.001179
8,71,5000,1,0.001492
8,71,5000,2,0.001578
8,71,5000,3,0.001561
8,73,1000,1,0.001668
8,73,1000,2,0.001739
8,73,1000,3,0.001340
8,73,1200,1,0.001956
8,73,1200,2,0.001674
8,73,1200,3,0.001815
8,73,1400,1,0.002001
8,73,1400,2,0.001468
8,73,1400,3,0.001644
8,73,1600,1,0.001739
8,73,1600,2,0.002318
8,73,1600,3,0.001922
8,73,1800,1,0.001614
8,73,1800,2,0.001831
8,73,1800,3,0.001604
8,73,2000,1,0.001862
8,73,2000,2,0.001955
8,73,2000,3,0.001831
8,73,2200,1,0.001688
8,73,2200,2,0.001570
8,73,2200,3,0.001330
8,73,2400,1,0.002143
8,73,2400,2,0.001548
8,73,2400,3,0.001621
8,73,2600,1,0.001691
8,73,2600,2,0.001583
8,73,2600,3,0.002030
8,73,2800,1,0.001670
8,73,2800,2,0.001984
8,73,2800,3,0.001994
8,73,3000,1,0.001916
8,73,3000,2,0.001481
8,73,3000,3,0.001854
8,73,3200,1,0.002197
8,73,3200,2,0.002179
8,73,3200,3,0.001831
8,73,3400,1,0.002038
8,73,3400,2,0.002373
8,73,3400,3,0.001412
8,73,3600,1,0.002079
8,73,3600,2,0.001940
8,73,3600,3,0.002019
8,73,3800,1,0.001773
8,73,3800,2,0.001699
8,73,3800,3,0.001468
8,73,4000,1,0.002166
8,73,4000,2,0.001944
8,73,4000,3,0.001993
8,73,4200,1,0.001845
8,73,4200,2,0.001850
8,73,4200,3,0.001672
8,73,4400,1,0.001741
8,73,4400,2,0.001396
8,73,4400,3,0.001470
8,73,4600,1,0.001635
8,73,4600,2,0.001860
8,73,4600,3,0.002167
8,73,4800,1,0.001671
8,73,4800,2,0.001626
8,73,4800,3,0.001593
8,73,5000,1,0.001571
8,73,5000,2,0.001479
8,73,5000,3,0.002024
8,75,1000,1,0.002102
8,75,1000,2,0.002007
8,75,1000,3,0.001792
8,75,1200,1,0.001975
8,75,1200,2,0.001694
8,75,1200,3,0.001856
8,75,1400,1,0.001774
8,75,1400,2,0.001822
8,75,1400,3,0.001282
8,75,1600,1,0.001993
8,75,1600,2,0.001875
8,75,1600,3,0.001523
8,75,1800,1,0.002233
8,75,1800,2,0.001571
8,75,1800,3,0.001716
8,75,2000,1,0.001736
8,75,2000,2,0.001699
8,75,2000,3,0.001915
8,75,2200,1,0.001882
8,75,2200,2,0.001976
8,75,2200,3,0.002221
8,75,2400,1,0.002112
8,75,2400,2,0.001813
8,75,2400,3,0.001872
8,75,2600,1,0.001498
8,75,2600,2,0.002105
8,75,2600,3,0.001962
8,75,2800,1,0.002021
8,75,2800,2,0.001571
8,75,2800,3,0.001991
8,75,3000,1,0.002091
8,75,3000,2,0.001517
8,75,3000,3,0.001925
8,75,3200,1,0.001815
8,75,3200,2,0.002112
8,75,3200,3,0.001959
8,75,3400,1,0.002120
8,75,3400,2,0.002010
8,75,3400,3,0.001637
8,75,3600,1,0.001974
8,75,3600,2,0.001954
8,75,3600,3,0.002021
8,75,3800,1,0.002075
8,75,3800,2,0.001993
8,75,3800,3,0.001751
8,75,4000,1,0.001317
8,75,4000,2,0.002118
8,75,4000,3,0.002403
8,75,4200,1,0.001595
8,75,4200,2,0.002013
8,75,4200,3,0.001720
8,75,4400,1,0.001674
8,75,4400,2,0.001828
8,75,4400,3,0.001276
8,75,4600,1,0.001967
8,75,4600,2,0.001557
8,75,4600,3,0.002205
8,75,4800,1,0.001802
8,75,4800,2,0.001761
8,75,4800,3,0.002286
8,75,5000,1,0.001272
8,75,5000,2,0.001533
8,75,5000,3,0.001546
8,77,1000,1,0.001406
8,77,1000,2,0.002210
8,77,1000,3,0.001916
8,77,1200,1,0.002005
8,77,1200,2,0.001742
8,77,1200,3,0.001531
8,77,1400,1,0.001849
8,77,1400,2,0.002152
8,77,1400,3,0.001818
8,77,1600,1,0.001810
8,77,1600,2,0.001839
8,77,1600,3,0.002110
8,77,1800,1,0.002052
8,77,1800,2,0.001789
8,77,1800,3,0.001807
8,77,2000,1,0.001540
8,77,2000,2,0.001935
8,77,2000,3,0.002021
8,77,2200,1,0.001887
8,77,2200,2,0.002060
8,77,2200,3,0.001775
8,77,2400,1,0.001751
8,77,2400,2,0.001902
8,77,2400,3,0.002013
8,77,2600,1,0.002132
8,77,2600,2,0.001600
8,77,2600,3,0.002058
8,77,2800,1,0.002194
8,77,2800,2,0.002003
8,77,2800,3,0.002005
8,77,3000,1,0.002254
8,77,3000,2,0.001760
8,77,3000,3,0.002214
8,77,3200,1,0.002272
8,77,3200,2,0.002105
8,77,3200,3,0.001945
8,77,3400,1,0.002076
8,77,3400,2,0.001442
8,77,3400,3,0.001509
8,77,3600,1,0.001582
8,77,3600,2,0.001693
8,77,3600,3,0.001915
8,77,3800,1,0.001866
8,77,3800,2,0.001866
8,77,3800,3,0.001856
8,77,4000,1,0.001925
8,77,4000,2,0.002045
8,77,4000,3,0.001464
8,77,4200,1,0.002237
8,77,4200,2,0.001565
8,77,4200,3,0.002201
8,77,4400,1,0.002099
8,77,4400,2,0.002079
8,77,4400,3,0.001611
8,77,4600,1,0.001925
8,77,4600,2,0.002467
8,77,4600,3,0.001723
8,77,4800,1,0.001823
8,77,4800,2,0.001576
8,77,4800,3,0.002008
8,77,5000,1,0.002045
8,77,5000,2,0.001706
8,77,5000,3,0.001996
8,79,1000,1,0.002339
8,79,1000,2,0.001436
8,79,1000,3,0.002081
8,79,1200,1,0.002294
8,79,1200,2,0.001549
8,79,1200,3,0.001793
8,79,1400,1,0.002016
8,79,1400,2,0.002039
8,79,1400,3,0.001777
8,79,1600,1,0.002030
8,79,1600,2,0.001877
8,79,1600,3,0.002177
8,79,1800,1,0.002013
8,79,1800,2,0.002103
8,79,1800,3,0.001822
8,79,2000,1,0.002222
8,79,2000,2,0.001811
8,79,2000,3,0.001580
8,79,2200,1,0.001855
8,79,2200,2,0.002279
8,79,2200,3,0.001223
8,79,2400,1,0.001753
8,79,2400,2,0.002435
8,79,2400,3,0.002226
8,79,2600,1,0.001676
8,79,2600,2,0.001900
8,79,2600,3,0.002174
8,79,2800,1,0.001608
8,79,2800,2,0.001996
8,79,2800,3,0.001559
8,79,3000,1,0.001532
8,79,3000,2,0.002075
8,79,3000,3,0.001948
8,79,3200,1,0.001447
8,79,3200,2,0.002377
8,79,3200,3,0.001501
8,79,3400,1,0.001715
8,79,3400,2,0.002142
8,79,3400,3,0.001863
8,79,3600,1,0.002052
8,79,3600,2,0.001739
8,79,3600,3,0.001928
8,79,3800,1,0.002325
8,79,3800,2,0.001680
8,79,3800,3,0.001085
8,79,4000,1,0.001878
8,79,4000,2,0.002031
8,79,4000,3,0.001431
8,79,4200,1,0.001629
8,79,4200,2,0.002170
8,79,4200,3,0.002091
8,79,4400,1,0.001834
8,79,4400,2,0.001488
8,79,4400,3,0.001759
8,79,4600,1,0.001473
8,79,4600,2,0.002352
8,79,4600,3,0.001855
8,79,4800,1,0.001640
8,79,4800,2,0.002328
8,79,4800,3,0.001723
8,79,5000,1,0.002222
8,79,5000,2,0.001922
8,79,5000,3,0.001911
8,81,1000,1,0.001913
8,81,1000,2,0.001866
8,81,1000,3,0.001600
8,81,1200,1,0.001988
8,81,1200,2,0.001605
8,81,1200,3,0.001523
8,81,1400,1,0.001798
8,81,1400,2,0.002144
8,81,1400,3,0.001604
8,81,1600,1,0.002070
8,81,1600,2,0.001742
8,81,1600,3,0.001797
8,81,1800,1,0.001787
8,81,1800,2,0.001890
8,81,1800,3,0.001367
8,81,2000,1,0.001310
8,81,2000,2,0.001861
8,81,2000,3,0.001472
8,81,2200,1,0.002062
8,81,2200,2,0.001700
8,81,2200,3,0.002007
8,81,2400,1,0.001914
8,81,2400,2,0.001937
8,81,2400,3,0.001423
8,81,2600,1,0.001456
8,81,2600,2,0.001723
8,81,2600,3,0.002190
8,81,2800,1,0.001672
8,81,2800,2,0.002289
8,81,2800,3,0.001730
8,81,3000,1,0.002028
8,81,3000,2,0.001914
8,81,3000,3,0.001196
8,81,3200,1,0.001592
8,81,3200,2,0.001658
8,81,3200,3,0.001917
8,81,3400,1,0.001961
8,81,3400,2,0.002052
8,81,3400,3,0.001804
8,81,3600,1,0.001858
8,81,3600,2,0.001491
8,81,3600,3,0.002028
8,81,3800,1,0.001276
8,81,3800,2,0.001524
8,81,3800,3,0.002077
8,81,4000,1,0.001888
8,81,4000,2,0.001470
8,81,4000,3,0.001990
8,81,4200,1,0.002077
8,81,4200,2,0.001463
8,81,4200,3,0.001460
8,81,4400,1,0.002186
8,81,4400,2,0.001303
8,81,4400,3,0.001376
8,81,4600,1,0.002115
8,81,4600,2,0.002076
8,81,4600,3,0.001897
8,81,4800,1,0.001596
8,81,4800,2,0.002240
8,81,4800,3,0.001301
8,81,5000,1,0.001576
8,81,5000,2,0.001344
8,81,5000,3,0.002060
8,83,1000,1,0.001540
8,83,1000,2,0.001640
8,83,1000,3,0.001336
8,83,1200,1,0.002017
8,83,1200,2,0.002484
8,83,1200,3,0.001617
8,83,1400,1,0.001882
8,83,1400,2,0.001454
8,83,1400,3,0.001979
8,83,1600,1,0.001313
8,83,1600,2,0.001700
8,83,1600,3,0.002096
8,83,1800,1,0.001584
8,83,1800,2,0.001762
8,83,1800,3,0.002052
8,83,2000,1,0.001434
8,83,2000,2,0.002092
8,83,2000,3,0.002032
8,83,2200,1,0.002121
8,83,2200,2,0.001673
8,83,2200,3,0.001209
8,83,2400,1,0.001690
8,83,2400,2,0.001731
8,83,2400,3,0.001627
8,83,2600,1,0.001856
8,83,2600,2,0.001997
8,83,2600,3,0.001951
8,83,2800,1,0.001927
8,83,2800,2,0.001551
8,83,2800,3,0.001666
8,83,3000,1,0.002273
8,83,3000,2,0.002033
8,83,3000,3,0.001289
8,83,3200,1,0.001759
8,83,3200,2,0.001718
8,83,3200,3,0.001416
8,83,3400,1,0.002312
8,83,3400,2,0.002103
8,83,3400,3,0.001633
8,83,3600,1,0.001568
8,83,3600,2,0.002263
8,83,3600,3,0.002096
8,83,3800,1,0.001574
8,83,3800,2,0.001953
8,83,3800,3,0.001499
8,83,4000,1,0.002072
8,83,4000,2,0.001434
8,83,4000,3,0.001899
8,83,4200,1,0.001671
8,83,4200,2,0.001893
8,83,4200,3,0.001736
8,83,4400,1,0.002298
8,83,4400,2,0.001799
8,83,4400,3,0.002043
8,83,4600,1,0.001840
8,83,4600,2,0.001756
8,83,4600,3,0.001894
8,83,4800,1,0.002147
8,83,4800,2,0.001543
8,83,4800,3,0.002052
8,83,5000,1,0.001909
8,83,5000,2,0.001449
8,83,5000,3,0.001589
8,85,1000,1,0.001926
8,85,1000,2,0.001452
8,85,1000,3,0.001536
8,85,1200,1,0.001812
8,85,1200,2,0.001970
8,85,1200,3,0.001220
8,85,1400,1,0.002157
8,85,1400,2,0.001816
8,85,1400,3,0.002033
8,85,1600,1,0.001709
8,85,1600,2,0.002137
8,85,1600,3,0.002002
8,85,1800,1,0.001938
8,85,1800,2,0.001422
8,85,1800,3,0.001435
8,85,2000,1,0.001868
8,85,2000,2,0.001835
8,85,2000,3,0.001992
8,85,2200,1,0.001775
8,85,2200,2,0.001831
8,85,2200,3,0.001709
8,85,2400,1,0.002154
8,85,2400,2,0.001995
8,85,2400,3,0.001544
8,85,2600,1,0.001368
8,85,2600,2,0.001934
8,85,2600,3,0.002193
8,85,2800,1,0.001869
8,85,2800,2,0.002061
8,85,2800,3,0.002218
8,85,3000,1,0.002069
8,85,3000,2,0.002036
8,85,3000,3,0.002201
8,85,3200,1,0.002194
8,85,3200,2,0.001948
8,85,3200,3,0.001451
8,85,3400,1,0.001880
8,85,3400,2,0.001347
8,85,3400,3,0.001737
8,85,3600,1,0.002081
8,85,3600,2,0.001905
8,85,3600,3,0.002220
8,85,3800,1,0.001898
8,85,3800,2,0.001932
8,85,3800,3,0.002034
8,85,4000,1,0.001391
8,85,4000,2,0.001728
8,85,4000,3,0.001992
8,85,4200,1,0.001959
8,85,4200,2,0.002069
8,85,4200,3,0.001639
8,85,4400,1,0.001654
8,85,4400,2,0.001446
8,85,4400,3,0.001549
8,85,4600,1,0.001973
8,85,4600,2,0.002107
8,85,4600,3,0.001975
8,85,4800,1,0.001963
8,85,4800,2,0.001270
8,85,4800,3,0.001495
8,85,5000,1,0.001990
8,85,5000,2,0.001694
8,85,5000,3,0.002360
8,87,1000,1,0.001752
8,87,1000,2,0.001802
8,87,1000,3,0.001591
8,87,1200,1,0.002105
8,87,1200,2,0.002366
8,87,1200,3,0.001860
8,87,1400,1,0.001813
8,87,1400,2,0.001428
8,87,1400,3,0.001551
8,87,1600,1,0.001878
8,87,1600,2,0.001931
8,87,1600,3,0.001598
8,87,1800,1,0.002082
8,87,1800,2,0.001387
8,87,1800,3,0.002358
8,87,2000,1,0.002182
8,87,2000,2,0.001923
8,87,2000,3,0.001838
8,87,2200,1,0.002004
8,87,2200,2,0.002006
8,87,2200,3,0.002046
8,87,2400,1,0.001974
8,87,2400,2,0.002016
8,87,2400,3,0.002447
8,87,2600,1,0.001704
8,87,2600,2,0.001713
8,87,2600,3,0.001772
8,87,2800,1,0.001980
8,87,2800,2,0.001701
8,87,2800,3,0.001934
8,87,3000,1,0.001808
8,87,3000,2,0.001848
8,87,3000,3,0.001762
8,87,3200,1,0.001590
8,87,3200,2,0.001386
8,87,3200,3,0.002152
8,87,3400,1,0.002109
8,87,3400,2,0.002204
8,87,3400,3,0.001989
8,87,3600,1,0.001895
8,87,3600,2,0.002259
8,87,3600,3,0.001609
8,87,3800,1,0.002038
8,87,3800,2,0.002147
8,87,3800,3,0.001956
8,87,4000,1,0.002083
8,87,4000,2,0.002033
8,87,4000,3,0.001967
8,87,4200,1,0.001346
8,87,4200,2,0.001810
8,87,4200,3,0.002143
8,87,4400,1,0.001401
8,87,4400,2,0.001948
8,87,4400,3,0.001860
8,87,4600,1,0.002047
8,87,4600,2,0.002054
8,87,4600,3,0.002098
8,87,4800,1,0.001813
8,87,4800,2,0.001465
8,87,4800,3,0.002080
8,87,5000,1,0.001586
8,87,5000,2,0.001903
8,87,5000,3,0.002263
8,89,1000,1,0.001924
8,89,1000,2,0.001871
8,89,1000,3,0.002165
8,89,1200,1,0.002293
8,89,1200,2,0.002217
8,89,1200,3,0.001876
8,89,1400,1,0.002164
8,89,1400,2,0.002210
8,89,1400,3,0.002322
8,89,1600,1,0.001739
8,89,1600,2,0.002047
8,89,1600,3,0.001917
8,89,1800,1,0.002144
8,89,1800,2,0.002062
8,89,1800,3,0.001753
8,89,2000,1,0.001983
8,89,2000,2,0.001969
8,89,2000,3,0.001817
8,89,2200,1,0.002277
8,89,2200,2,0.002381
8,89,2200,3,0.002023
8,89,2400,1,0.002429
8,89,2400,2,0.002116
8,89,2400,3,0.002333
8,89,2600,1,0.002263
8,89,2600,2,0.002098
8,89,2600,3,0.002003
8,89,2800,1,0.002259
8,89,2800,2,0.001644
8,89,2800,3,0.001668
8,89,3000,1,0.002231
8,89,3000,2,0.002262
8,89,3000,3,0.001543
8,89,3200,1,0.001926
8,89,3200,2,0.002531
8,89,3200,3,0.002040
8,89,3400,1,0.002143
8,89,3400,2,0.002630
8,89,3400,3,0.001988
8,89,3600,1,0.001815
8,89,3600,2,0.001862
8,89,3600,3,0.001622
8,89,3800,1,0.002632
8,89,3800,2,0.001810
8,89,3800,3,0.002049
8,89,4000,1,0.002408
8,89,4000,2,0.002213
8,89,4000,3,0.002550
8,89,4200,1,0.001933
8,89,4200,2,0.001723
8,89,4200,3,0.002216
8,89,4400,1,0.001499
8,89,4400,2,0.002333
8,89,4400,3,0.002108
8,89,4600,1,0.001398
8,89,4600,2,0.001858
8,89,4600,3,0.001980
8,89,4800,1,0.002238
8,89,4800,2,0.002052
8,89,4800,3,0.001695
8,89,5000,1,0.001507
8,89,5000,2,0.001874
8,89,5000,3,0.001759
8,91,1000,1,0.002158
8,91,1000,2,0.001986
8,91,1000,3,0.002392
8,91,1200,1,0.002289
8,91,1200,2,0.002342
8,91,1200,3,0.002415
8,91,1400,1,0.002196
8,91,1400,2,0.002285
8,91,1400,3,0.002191
8,91,1600,1,0.002576
8,91,1600,2,0.002463
8,91,1600,3,0.002556
8,91,1800,1,0.002350
8,91,1800,2,0.002446
8,91,1800,3,0.001928
8,91,2000,1,0.002378
8,91,2000,2,0.002415
8,91,2000,3,0.002640
8,91,2200,1,0.002265
8,91,2200,2,0.002115
8,91,2200,3,0.001505
8,91,2400,1,0.002298
8,91,2400,2,0.002044
8,91,2400,3,0.002074
8,91,2600,1,0.002385
8,91,2600,2,0.002399
8,91,2600,3,0.001739
8,91,2800,1,0.001695
8,91,2800,2,0.002213
8,91,2800,3,0.002278
8,91,3000,1,0.002748
8,91,3000,2,0.002184
8,91,3000,3,0.002291
8,91,3200,1,0.001989
8,91,3200,2,0.002116
8,91,3200,3,0.001702
8,91,3400,1,0.002223
8,91,3400,2,0.001862
8,91,3400,3,0.001762
8,91,3600,1,0.002255
8,91,3600,2,0.002393
8,91,3600,3,0.002413
8,91,3800,1,0.001944
8,91,3800,2,0.001969
8,91,3800,3,0.002059
8,91,4000,1,0.002099
8,91,4000,2,0.002791
8,91,4000,3,0.002060
8,91,4200,1,0.002041
8,91,4200,2,0.002417
8,91,4200,3,0.002093
8,91,4400,1,0.001815
8,91,4400,2,0.002202
8,91,4400,3,0.002402
8,91,4600,1,0.001988
8,91,4600,2,0.001986
8,91,4600,3,0.002074
8,91,4800,1,0.002234
8,91,4800,2,0.001768
8,91,4800,3,0.002159
8,91,5000,1,0.002498
8,91,5000,2,0.001694
8,91,5000,3,0.002203
8,93,1000,1,0.001792
8,93,1000,2,0.002755
8,93,1000,3,0.002591
8,93,1200,1,0.001654
8,93,1200,2,0.002249
8,93,1200,3,0.002305
8,93,1400,1,0.002673
8,93,1400,2,0.002855
8,93,1400,3,0.002244
8,93,1600,1,0.002040
8,93,1600,2,0.002299
8,93,1600,3,0.002088
8,93,1800,1,0.002644
8,93,1800,2,0.001919
8,93,1800,3,0.002434
8,93,2000,1,0.002175
8,93,2000,2,0.001414
8,93,2000,3,0.002563
8,93,2200,1,0.002488
8,93,2200,2,0.001990
8,93,2200,3,0.002709
8,93,2400,1,0.002082
8,93,2400,2,0.002556
8,93,2400,3,0.002230
8,93,2600,1,0.002511
8,93,2600,2,0.002691
8,93,2600,3,0.002229
8,93,2800,1,0.002800
8,93,2800,2,0.002379
8,93,2800,3,0.002911
8,93,3000,1,0.002437
8,93,3000,2,0.002516
8,93,3000,3,0.003278
8,93,3200,1,0.002250
8,93,3200,2,0.002111
8,93,3200,3,0.002749
8,93,3400,1,0.002445
8,93,3400,2,0.002697
8,93,3400,3,0.002128
8,93,3600,1,0.003306
8,93,3600,2,0.001901
8,93,3600,3,0.002000
8,93,3800,1,0.003119
8,93,3800,2,0.002351
8,93,3800,3,0.002806
8,93,4000,1,0.002081
8,93,4000,2,0.002332
8,93,4000,3,0.001754
8,93,4200,1,0.001795
8,93,4200,2,0.002567
8,93,4200,3,0.002025
8,93,4400,1,0.001508
8,93,4400,2,0.001637
8,93,4400,3,0.002807
8,93,4600,1,0.002789
8,93,4600,2,0.002239
8,93,4600,3,0.002739
8,93,4800,1,0.001907
8,93,4800,2,0.002246
8,93,4800,3,0.002716
8,93,5000,1,0.001987
8,93,5000,2,0.001493
8,93,5000,3,0.001967
8,95,1000,1,0.002478
8,95,1000,2,0.002500
8,95,1000,3,0.001816
8,95,1200,1,0.002576
8,95,1200,2,0.003022
8,95,1200,3,0.002031
8,95,1400,1,0.002132
8,95,1400,2,0.002623
8,95,1400,3,0.002968
8,95,1600,1,0.002744
8,95,1600,2,0.001964
8,95,1600,3,0.002035
8,95,1800,1,0.002881
8,95,1800,2,0.002785
8,95,1800,3,0.002292
8,95,2000,1,0.002998
8,95,2000,2,0.002938
8,95,2000,3,0.002167
8,95,2200,1,0.002390
8,95,2200,2,0.002628
8,95,2200,3,0.002011
8,95,2400,1,0.003135
8,95,2400,2,0.002403
8,95,2400,3,0.002071
8,95,2600,1,0.002635
8,95,2600,2,0.001189
8,95,2600,3,0.002543
8,95,2800,1,0.002957
8,95,2800,2,0.002930
8,95,2800,3,0.002818
8,95,3000,1,0.002067
8,95,3000,2,0.002504
8,95,3000,3,0.002829
8,95,3200,1,0.002871
8,95,3200,2,0.002185
8,95,3200,3,0.002874
8,95,3400,1,0.002876
8,95,3400,2,0.002628
8,95,3400,3,0.002722
8,95,3600,1,0.002603
8,95,3600,2,0.001925
8,95,3600,3,0.002334
8,95,3800,1,0.002843
8,95,3800,2,0.002260
8,95,3800,3,0.002335
8,95,4000,1,0.002253
8,95,4000,2,0.002588
8,95,4000,3,0.001916
8,95,4200,1,0.002397
8,95,4200,2,0.002710
8,95,4200,3,0.002082
8,95,4400,1,0.002911
8,95,4400,2,0.002277
8,95,4400,3,0.002979
8,95,4600,1,0.002074
8,95,4600,2,0.001827
8,95,4600,3,0.002001
8,95,4800,1,0.002725
8,95,4800,2,0.002560
8,95,4800,3,0.001911
8,95,5000,1,0.002828
8,95,5000,2,0.001855
8,95,5000,3,0.002889
8,97,1000,1,0.002512
8,97,1000,2,0.002227
8,97,1000,3,0.002445
8,97,1200,1,0.002133
8,97,1200,2,0.002547
8,97,1200,3,0.001967
8,97,1400,1,0.002442
8,97,1400,2,0.002595
8,97,1400,3,0.003389
8,97,1600,1,0.002411
8,97,1600,2,0.003291
8,97,1600,3,0.001903
8,97,1800,1,0.003040
8,97,1800,2,0.002656
8,97,1800,3,0.002539
8,97,2000,1,0.002831
8,97,2000,2,0.002780
8,97,2000,3,0.002397
8,97,2200,1,0.003060
8,97,2200,2,0.002991
8,97,2200,3,0.002769
8,97,2400,1,0.002740
8,97,2400,2,0.003015
8,97,2400,3,0.002290
8,97,2600,1,0.001942
8,97,2600,2,0.002483
8,97,2600,3,0.002631
8,97,2800,1,0.002205
8,97,2800,2,0.002837
8,97,2800,3,0.001805
8,97,3000,1,0.002062
8,97,3000,2,0.002486
8,97,3000,3,0.003126
8,97,3200,1,0.002040
8,97,3200,2,0.002654
8,97,3200,3,0.002965
8,97,3400,1,0.002609
8,97,3400,2,0.003132
8,97,3400,3,0.003201
8,97,3600,1,0.003137
8,97,3600,2,0.003361
8,97,3600,3,0.002611
8,97,3800,1,0.002302
8,97,3800,2,0.002949
8,97,3800,3,0.001492
8,97,4000,1,0.002302
8,97,4000,2,0.003111
8,97,4000,3,0.003040
8,97,4200,1,0.003053
8,97,4200,2,0.002477
8,97,4200,3,0.002845
8,97,4400,1,0.002342
8,97,4400,2,0.002782
8,97,4400,3,0.003079
8,97,4600,1,0.002218
8,97,4600,2,0.002044
8,97,4600,3,0.002900
8,97,4800,1,0.002078
8,97,4800,2,0.002767
8,97,4800,3,0.002520
8,97,5000,1,0.002871
8,97,5000,2,0.002199
8,97,5000,3,0.002683
8,99,1000,1,0.002528
8,99,1000,2,0.002630
8,99,1000,3,0.001740
8,99,1200,1,0.002594
8,99,1200,2,0.002332
8,99,1200,3,0.002924
8,99,1400,1,0.002941
8,99,1400,2,0.001970
8,99,1400,3,0.002350
8,99,1600,1,0.002536
8,99,1600,2,0.003376
8,99,1600,3,0.003515
8,99,1800,1,0.002462
8,99,1800,2,0.003361
8,99,1800,3,0.003032
8,99,2000,1,0.003480
8,99,2000,2,0.002637
8,99,2000,3,0.002238
8,99,2200,1,0.003026
8,99,2200,2,0.002696
8,99,2200,3,0.002589
8,99,2400,1,0.003599
8,99,2400,2,0.003397
8,99,2400,3,0.003254
8,99,2600,1,0.003793
8,99,2600,2,0.002428
8,99,2600,3,0.002946
8,99,2800,1,0.002516
8,99,2800,2,0.003183
8,99,2800,3,0.002974
8,99,3000,1,0.002929
8,99,3000,2,0.003038
8,99,3000,3,0.002902
8,99,3200,1,0.002665
8,99,3200,2,0.002436
8,99,3200,3,0.003567
8,99,3400,1,0.003534
8,99,3400,2,0.002808
8,99,3400,3,0.002287
8,99,3600,1,0.003552
8,99,3600,2,0.003764
8,99,3600,3,0.002543
8,99,3800,1,0.002634
8,99,3800,2,0.003222
8,99,3800,3,0.003272
8,99,4000,1,0.003592
8,99,4000,2,0.002590
8,99,4000,3,0.002942
8,99,4200,1,0.003419
8,99,4200,2,0.002400
8,99,4200,3,0.003484
8,99,4400,1,0.003335
8,99,4400,2,0.002036
8,99,4400,3,0.003457
8,99,4600,1,0.001602
8,99,4600,2,0.002091
8,99,4600,3,0.003853
8,99,4800,1,0.002114
8,99,4800,2,0.001801
8,99,4800,3,0.003475
8,99,5000,1,0.002130
8,99,5000,2,0.003604
8,99,5000,3,0.002986
8,101,1000,1,0.003683
8,101,1000,2,0.002832
8,101,1000,3,0.003791
8,101,1200,1,0.003293
8,101,1200,2,0.002199
8,101,1200,3,0.003202
8,101,1400,1,0.001710
8,101,1400,2,0.003218
8,101,1400,3,0.003323
8,101,1600,1,0.002372
8,101,1600,2,0.003476
8,101,1600,3,0.002087
8,101,1800,1,0.002154
8,101,1800,2,0.003746
8,101,1800,3,0.002405
8,101,2000,1,0.003076
8,101,2000,2,0.003543
8,101,2000,3,0.003706
8,101,2200,1,0.003669
8,101,2200,2,0.003865
8,101,2200,3,0.003477
8,101,2400,1,0.003390
8,101,2400,2,0.003418
8,101,2400,3,0.002943
8,101,2600,1,0.003744
8,101,2600,2,0.003408
8,101,2600,3,0.002950
8,101,2800,1,0.002249
8,101,2800,2,0.003096
8,101,2800,3,0.002207
8,101,3000,1,0.002884
8,101,3000,2,0.002650
8,101,3000,3,0.003879
8,101,3200,1,0.002109
8,101,3200,2,0.003240
8,101,3200,3,0.003262
8,101,3400,1,0.003728
8,101,3400,2,0.002080
8,101,3400,3,0.002925
8,101,3600,1,0.003061
8,101,3600,2,0.002688
8,101,3600,3,0.003297
8,101,3800,1,0.001766
8,101,3800,2,0.003520
8,101,3800,3,0.002802
8,101,4000,1,0.002266
8,101,4000,2,0.003240
8,101,4000,3,0.003567
8,101,4200,1,0.003305
8,101,4200,2,0.002973
8,101,4200,3,0.002972
8,101,4400,1,0.003842
8,101,4400,2,0.002674
8,101,4400,3,0.002322
8,101,4600,1,0.003571
8,101,4600,2,0.001718
8,101,4600,3,0.002297
8,101,4800,1,0.003652
8,101,4800,2,0.003343
8,101,4800,3,0.003456
8,101,5000,1,0.003795
8,101,5000,2,0.003059
8,101,5000,3,0.002943
8,103,1000,1,0.003560
8,103,1000,2,0.004188
8,103,1000,3,0.003267
8,103,1200,1,0.002977
8,103,1200,2,0.002633
8,103,1200,3,0.003500
8,103,1400,1,0.002937
8,103,1400,2,0.002965
8,103,1400,3,0.003965
8,103,1600,1,0.003834
8,103,1600,2,0.003382
8,103,1600,3,0.002826
8,103,1800,1,0.003185
8,103,1800,2,0.002417
8,103,1800,3,0.002228
8,103,2000,1,0.003524
8,103,2000,2,0.002742
8,103,2000,3,0.003566
8,103,2200,1,0.003706
8,103,2200,2,0.001939
8,103,2200,3,0.003434
8,103,2400,1,0.003753
8,103,2400,2,0.003298
8,103,2400,3,0.003785
8,103,2600,1,0.004024
8,103,2600,2,0.003812
8,103,2600,3,0.003939
8,103,2800,1,0.003521
8,103,2800,2,0.003852
8,103,2800,3,0.003467
8,103,3000,1,0.002217
8,103,3000,2,0.003486
8,103,3000,3,0.003639
8,103,3200,1,0.002353
8,103,3200,2,0.003954
8,103,3200,3,0.002761
8,103,3400,1,0.003811
8,103,3400,2,0.002868
8,103,3400,3,0.002774
8,103,3600,1,0.003138
8,103,3600,2,0.002577
8,103,3600,3,0.001973
8,103,3800,1,0.002504
8,103,3800,2,0.002104
8,103,3800,3,0.003695
8,103,4000,1,0.003315
8,103,4000,2,0.002329
8,103,4000,3,0.003443
8,103,4200,1,0.003071
8,103,4200,2,0.003747
8,103,4200,3,0.002166
8,103,4400,1,0.003419
8,103,4400,2,0.002567
8,103,4400,3,0.003599
8,103,4600,1,0.003877
8,103,4600,2,0.003772
8,103,4600,3,0.002767
8,103,4800,1,0.002792
8,103,4800,2,0.003387
8,103,4800,3,0.002449
8,103,5000,1,0.003311
8,103,5000,2,0.003212
8,103,5000,3,0.003961
8,105,1000,1,0.003840
8,105,1000,2,0.003667
8,105,1000,3,0.003899
8,105,1200,1,0.003127
8,105,1200,2,0.003080
8,105,1200,3,0.004003
8,105,1400,1,0.003045
8,105,1400,2,0.002901
8,105,1400,3,0.003870
8,105,1600,1,0.003881
8,105,1600,2,0.002996
8,105,1600,3,0.003503
8,105,1800,1,0.003919
8,105,1800,2,0.002372
8,105,1800,3,0.004005
8,105,2000,1,0.003015
8,105,2000,2,0.003913
8,105,2000,3,0.002862
8,105,2200,1,0.002425
8,105,2200,2,0.003351
8,105,2200,3,0.003834
8,105,2400,1,0.003653
8,105,2400,2,0.003774
8,105,2400,3,0.003951
8,105,2600,1,0.003206
8,105,2600,2,0.003747
8,105,2600,3,0.003817
8,105,2800,1,0.003682
8,105,2800,2,0.003143
8,105,2800,3,0.002499
8,105,3000,1,0.004001
8,105,3000,2,0.002954
8,105,3000,3,0.003894
8,105,3200,1,0.003904
8,105,3200,2,0.003703
8,105,3200,3,0.003287
8,105,3400,1,0.003263
8,105,3400,2,0.004199
8,105,3400,3,0.003120
8,105,3600,1,0.003666
8,105,3600,2,0.003022
8,105,3600,3,0.003822
8,105,3800,1,0.004107
8,105,3800,2,0.003817
8,105,3800,3,0.002838
8,105,4000,1,0.003954
8,105,4000,2,0.002727
8,105,4000,3,0.003386
8,105,4200,1,0.003542
8,105,4200,2,0.004145
8,105,4200,3,0.002888
8,105,4400,1,0.003248
8,105,4400,2,0.003389
8,105,4400,3,0.003580
8,105,4600,1,0.003598
8,105,4600,2,0.003732
8,105,4600,3,0.003707
8,105,4800,1,0.003101
8,105,4800,2,0.002240
8,105,4800,3,0.003084
8,105,5000,1,0.003458
8,105,5000,2,0.003382
8,105,5000,3,0.003305
8,107,1000,1,0.003017
8,107,1000,2,0.001625
8,107,1000,3,0.003553
8,107,1200,1,0.003935
8,107,1200,2,0.003911
8,107,1200,3,0.002864
8,107,1400,1,0.003617
8,107,1400,2,0.003815
8,107,1400,3,0.003678
8,107,1600,1,0.002751
8,107,1600,2,0.002873
8,107,1600,3,0.004005
8,107,1800,1,0.003791
8,107,1800,2,0.002989
8,107,1800,3,0.003523
8,107,2000,1,0.003038
8,107,2000,2,0.003743
8,107,2000,3,0.003146
8,107,2200,1,0.003234
8,107,2200,2,0.004035
8,107,2200,3,0.003492
8,107,2400,1,0.002847
8,107,2400,2,0.003903
8,107,2400,3,0.003956
8,107,2600,1,0.004025
8,107,2600,2,0.003280
8,107,2600,3,0.003749
8,107,2800,1,0.003556
8,107,2800,2,0.002852
8,107,2800,3,0.003787
8,107,3000,1,0.003521
8,107,3000,2,0.002547
8,107,3000,3,0.003254
8,107,3200,1,0.003281
8,107,3200,2,0.003346
8,107,3200,3,0.003700
8,107,3400,1,0.003082
8,107,3400,2,0.002200
8,107,3400,3,0.003931
8,107,3600,1,0.003293
8,107,3600,2,0.003551
8,107,3600,3,0.003919
8,107,3800,1,0.003377
8,107,3800,2,0.003486
8,107,3800,3,0.004139
8,107,4000,1,0.003497
8,107,4000,2,0.003232
8,107,4000,3,0.003483
8,107,4200,1,0.003500
8,107,4200,2,0.003839
8,107,4200,3,0.003650
8,107,4400,1,0.003417
8,107,4400,2,0.003980
8,107,4400,3,0.003083
8,107,4600,1,0.003916
8,107,4600,2,nan
8,107,4600,3,0.003864
8,107,4800,1,0.003434
8,107,4800,2,0.003500
8,107,4800,3,0.003853
8,107,5000,1,0.003832
8,107,5000,2,0.003852
8,107,5000,3,0.002652
8,109,1000,1,0.003087
8,109,1000,2,0.002764
8,109,1000,3,0.003404
8,109,1200,1,0.002215
8,109,1200,2,0.003900
8,109,1200,3,0.003976
8,109,1400,1,0.003956
8,109,1400,2,0.003703
8,109,1400,3,0.003828
8,109,1600,1,0.002876
8,109,1600,2,0.003450
8,109,1600,3,0.003379
8,109,1800,1,0.003720
8,109,1800,2,0.003484
8,109,1800,3,0.003168
8,109,2000,1,0.003938
8,109,2000,2,0.003253
8,109,2000,3,0.003242
8,109,2200,1,0.003670
8,109,2200,2,0.002527
8,109,2200,3,0.003931
8,109,2400,1,0.003766
8,109,2400,2,0.003771
8,109,2400,3,0.003398
8,109,2600,1,0.003614
8,109,2600,2,0.002383
8,109,2600,3,0.003809
8,109,2800,1,0.003753
8,109,2800,2,0.003314
8,109,2800,3,0.003807
8,109,3000,1,0.003747
8,109,3000,2,0.004156
8,109,3000,3,0.003025
8,109,3200,1,0.004059
8,109,3200,2,0.004110
8,109,3200,3,0.003939
8,109,3400,1,0.003828
8,109,3400,2,0.004050
8,109,3400,3,0.003447
8,109,3600,1,0.004087
8,109,3600,2,0.003541
8,109,3600,3,0.003743
8,109,3800,1,0.003585
8,109,3800,2,0.003915
8,109,3800,3,0.004164
8,109,4000,1,0.003489
8,109,4000,2,0.002277
8,109,4000,3,0.003488
8,109,4200,1,0.003943
8,109,4200,2,0.003955
8,109,4200,3,0.002829
8,109,4400,1,0.002821
8,109,4400,2,0.004231
8,109,4400,3,0.004248
8,109,4600,1,0.004082
8,109,4600,2,0.004246
8,109,4600,3,0.003378
8,109,4800,1,0.003625
8,109,4800,2,0.003719
8,109,4800,3,0.003593
8,109,5000,1,0.004296
8,109,5000,2,0.003123
8,109,5000,3,0.003320
8,111,1000,1,0.003855
8,111,1000,2,0.003675
8,111,1000,3,0.004219
8,111,1200,1,0.003446
8,111,1200,2,0.004155
8,111,1200,3,0.003321
8,111,1400,1,0.002198
8,111,1400,2,0.003569
8,111,1400,3,0.003657
8,111,1600,1,0.003122
8,111,1600,2,0.003270
8,111,1600,3,0.003573
8,111,1800,1,0.002944
8,111,1800,2,0.003904
8,111,1800,3,0.003745
8,111,2000,1,0.003922
8,111,2000,2,0.003892
8,111,2000,3,0.004107
8,111,2200,1,0.003378
8,111,2200,2,0.002985
8,111,2200,3,0.004006
8,111,2400,1,0.002102
8,111,2400,2,0.004031
8,111,2400,3,0.004221
8,111,2600,1,0.004156
8,111,2600,2,0.003608
8,111,2600,3,0.003671
8,111,2800,1,0.003802
8,111,2800,2,0.002866
8,111,2800,3,0.004146
8,111,3000,1,0.002256
8,111,3000,2,0.004403
8,111,3000,3,0.001900
8,111,3200,1,0.003221
8,111,3200,2,0.003414
8,111,3200,3,0.003289
8,111,3400,1,0.004164
8,111,3400,2,0.003803
8,111,3400,3,0.003412
8,111,3600,1,0.003772
8,111,3600,2,0.003829
8,111,3600,3,0.004261
8,111,3800,1,0.003335
8,111,3800,2,0.003783
8,111,3800,3,0.003734
8,111,4000,1,0.003582
8,111,4000,2,0.003335
8,111,4000,3,0.003831
8,111,4200,1,0.003468
8,111,4200,2,0.003504
8,111,4200,3,0.002122
8,111,4400,1,0.002240
8,111,4400,2,0.003908
8,111,4400,3,0.003975
8,111,4600,1,0.003404
8,111,4600,2,0.003591
8,111,4600,3,0.003844
8,111,4800,1,0.003848
8,111,4800,2,0.004064
8,111,4800,3,0.003374
8,111,5000,1,0.003770
8,111,5000,2,0.003494
8,111,5000,3,0.004114
8,113,1000,1,0.003496
8,113,1000,2,0.004222
8,113,1000,3,0.002920
8,113,1200,1,0.003708
8,113,1200,2,0.004251
8,113,1200,3,0.003701
8,113,1400,1,0.003615
8,113,1400,2,0.003660
8,113,1400,3,0.003548
8,113,1600,1,0.004084
8,113,1600,2,0.003780
8,113,1600,3,0.003955
8,113,1800,1,0.002298
8,113,1800,2,0.003985
8,113,1800,3,0.002513
8,113,2000,1,0.003263
8,113,2000,2,0.003030
8,113,2000,3,0.003208
8,113,2200,1,0.003331
8,113,2200,2,0.004157
8,113,2200,3,0.003628
8,113,2400,1,0.004073
8,113,2400,2,0.003952
8,113,2400,3,0.003740
8,113,2600,1,0.003751
8,113,2600,2,0.004116
8,113,2600,3,0.003724
8,113,2800,1,0.003625
8,113,2800,2,0.003982
8,113,2800,3,0.003449
8,113,3000,1,0.003776
8,113,3000,2,0.004112
8,113,3000,3,0.003171
8,113,3200,1,0.002772
8,113,3200,2,nan
8,113,3200,3,0.003530
8,113,3400,1,0.003986
8,113,3400,2,0.003744
8,113,3400,3,0.004465
8,113,3600,1,0.004109
8,113,3600,2,0.004234
8,113,3600,3,0.003899
8,113,3800,1,0.003572
8,113,3800,2,0.003862
8,113,3800,3,0.003913
8,113,4000,1,0.004161
8,113,4000,2,0.003917
8,113,4000,3,0.003211
8,113,4200,1,0.004129
8,113,4200,2,0.003715
8,113,4200,3,0.004152
8,113,4400,1,0.003977
8,113,4400,2,0.003025
8,113,4400,3,nan
8,113,4600,1,0.004343
8,113,4600,2,0.004066
8,113,4600,3,0.002797
8,113,4800,1,0.003109
8,113,4800,2,0.003523
8,113,4800,3,0.004288
8,113,5000,1,0.004173
8,113,5000,2,0.004124
8,113,5000,3,0.004298
8,115,1000,1,0.003772
8,115,1000,2,0.003306
8,115,1000,3,0.004303
8,115,1200,1,0.004345
8,115,1200,2,0.003932
8,115,1200,3,0.003793
8,115,1400,1,0.003649
8,115,1400,2,0.003798
8,115,1400,3,0.004049
8,115,1600,1,0.003625
8,115,1600,2,0.003881
8,115,1600,3,0.003825
8,115,1800,1,0.003478
8,115,1800,2,0.004357
8,115,1800,3,0.004153
8,115,2000,1,0.004178
8,115,2000,2,0.002307
8,115,2000,3,0.003492
8,115,2200,1,0.004337
8,115,2200,2,0.003305
8,115,2200,3,0.003764
8,115,2400,1,0.003644
8,115,2400,2,0.004148
8,115,2400,3,0.003292
8,115,2600,1,0.003847
8,115,2600,2,0.003646
8,115,2600,3,0.004207
8,115,2800,1,0.004050
8,115,2800,2,0.004219
8,115,2800,3,0.003925
8,115,3000,1,0.003965
8,115,3000,2,nan
8,115,3000,3,0.004099
8,115,3200,1,0.003856
8,115,3200,2,0.003860
8,115,3200,3,0.004356
8,115,3400,1,0.003872
8,115,3400,2,0.004142
8,115,3400,3,0.003683
8,115,3600,1,0.004269
8,115,3600,2,0.003418
8,115,3600,3,0.003399
8,115,3800,1,0.003871
8,115,3800,2,0.003839
8,115,3800,3,0.003519
8,115,4000,1,0.003686
8,115,4000,2,0.003559
8,115,4000,3,0.003865
8,115,4200,1,0.004098
8,115,4200,2,0.004138
8,115,4200,3,0.004263
8,115,4400,1,0.003995
8,115,4400,2,0.003996
8,115,4400,3,0.003715
8,115,4600,1,0.004113
8,115,4600,2,0.003849
8,115,4600,3,0.003881
8,115,4800,1,0.003923
8,115,4800,2,0.004038
8,115,4800,3,0.004004
8,115,5000,1,0.004238
8,115,5000,2,0.002774
8,115,5000,3,0.004041
8,117,1000,1,0.003680
8,117,1000,2,0.004330
8,117,1000,3,0.004247
8,117,1200,1,0.003656
8,117,1200,2,0.003832
8,117,1200,3,0.004048
8,117,1400,1,0.003696
8,117,1400,2,0.003838
8,117,1400,3,0.003492
8,117,1600,1,0.003898
8,117,1600,2,0.004097
8,117,1600,3,0.003818
8,117,1800,1,0.003969
8,117,1800,2,0.003920
8,117,1800,3,nan
8,117,2000,1,0.003965
8,117,2000,2,0.004196
8,117,2000,3,0.003587
8,117,2200,1,0.004169
8,117,2200,2,0.003926
8,117,2200,3,0.003724
8,117,2400,1,0.003949
8,117,2400,2,0.004139
8,117,2400,3,0.003442
8,117,2600,1,0.003997
8,117,2600,2,0.004200
8,117,2600,3,0.004128
8,117,2800,1,0.003652
8,117,2800,2,0.003979
8,117,2800,3,0.003930
8,117,3000,1,0.003913
8,117,3000,2,0.004221
8,117,3000,3,0.003963
8,117,3200,1,0.004032
8,117,3200,2,0.003798
8,117,3200,3,0.003559
8,117,3400,1,0.003553
8,117,3400,2,0.004249
8,117,3400,3,0.004226
8,117,3600,1,0.003834
8,117,3600,2,0.003455
8,117,3600,3,0.004229
8,117,3800,1,0.003737
8,117,3800,2,0.003879
8,117,3800,3,0.003787
8,117,4000,1,0.004034
8,117,4000,2,0.004476
8,117,4000,3,0.004557
8,117,4200,1,0.003773
8,117,4200,2,0.003972
8,117,4200,3,0.004160
8,117,4400,1,0.003661
8,117,4400,2,0.003082
8,117,4400,3,0.004144
8,117,4600,1,0.004018
8,117,4600,2,0.003478
8,117,4600,3,0.003471
8,117,4800,1,0.003996
8,117,4800,2,0.003761
8,117,4800,3,0.004335
8,117,5000,1,0.004043
8,117,5000,2,0.004031
8,117,5000,3,0.003411
8,119,1000,1,0.003754
8,119,1000,2,0.003694
8,119,1000,3,0.003801
8,119,1200,1,0.004009
8,119,1200,2,0.003691
8,119,1200,3,0.004054
8,119,1400,1,0.003525
8,119,1400,2,0.003688
8,119,1400,3,0.003573
8,119,1600,1,0.003863
8,119,1600,2,0.004237
8,119,1600,3,0.003314
8,119,1800,1,0.003982
8,119,1800,2,0.004382
8,119,1800,3,0.003912
8,119,2000,1,0.003131
8,119,2000,2,0.004000
8,119,2000,3,0.004255
8,119,2200,1,0.004014
8,119,2200,2,0.003845
8,119,2200,3,0.003976
8,119,2400,1,0.003692
8,119,2400,2,0.004139
8,119,2400,3,0.003863
8,119,2600,1,0.004182
8,119,2600,2,0.003774
8,119,2600,3,0.004131
8,119,2800,1,0.003665
8,119,2800,2,0.004044
8,119,2800,3,0.003927
8,119,3000,1,0.003896
8,119,3000,2,0.003840
8,119,3000,3,0.003931
8,119,3200,1,0.004151
8,119,3200,2,0.004558
8,119,3200,3,0.003473
8,119,3400,1,0.003731
8,119,3400,2,0.004116
8,119,3400,3,0.004071
8,119,3600,1,0.003917
8,119,3600,2,0.003057
8,119,3600,3,0.003960
8,119,3800,1,0.004111
8,119,3800,2,0.003662
8,119,3800,3,0.004163
8,119,4000,1,0.004034
8,119,4000,2,0.004129
8,119,4000,3,0.003407
8,119,4200,1,0.003771
8,119,4200,2,0.003647
8,119,4200,3,0.004431
8,119,4400,1,0.004305
8,119,4400,2,0.004092
8,119,4400,3,0.004308
8,119,4600,1,0.004153
8,119,4600,2,0.004087
8,119,4600,3,0.004203
8,119,4800,1,0.003921
8,119,4800,2,0.003962
8,119,4800,3,0.004553
8,119,5000,1,0.003765
8,119,5000,2,0.004394
8,119,5000,3,0.003612
8,121,1000,1,0.003817
8,121,1000,2,0.004010
8,121,1000,3,0.003782
8,121,1200,1,0.003542
8,121,1200,2,0.004199
8,121,1200,3,0.004291
8,121,1400,1,0.004006
8,121,1400,2,0.002620
8,121,1400,3,0.004228
8,121,1600,1,0.004369
8,121,1600,2,0.004144
8,121,1600,3,0.003956
8,121,1800,1,0.003979
8,121,1800,2,0.004277
8,121,1800,3,0.002866
8,121,2000,1,0.003755
8,121,2000,2,0.004107
8,121,2000,3,0.003905
8,121,2200,1,0.004055
8,121,2200,2,0.003758
8,121,2200,3,0.004172
8,121,2400,1,0.003738
8,121,2400,2,0.004052
8,121,2400,3,0.003884
8,121,2600,1,0.004111
8,121,2600,2,0.004159
8,121,2600,3,0.003732
8,121,2800,1,0.004064
8,121,2800,2,0.004301
8,121,2800,3,0.003859
8,121,3000,1,0.003622
8,121,3000,2,0.003706
8,121,3000,3,0.004043
8,121,3200,1,0.003709
8,121,3200,2,0.003815
8,121,3200,3,0.003565
8,121,3400,1,0.004134
8,121,3400,2,0.003884
8,121,3400,3,0.004171
8,121,3600,1,0.004301
8,121,3600,2,nan
8,121,3600,3,0.003735
8,121,3800,1,0.003872
8,121,3800,2,0.003657
8,121,3800,3,0.003890
8,121,4000,1,0.002942
8,121,4000,2,0.004523
8,121,4000,3,0.003805
8,121,4200,1,0.003929
8,121,4200,2,0.004223
8,121,4200,3,0.004167
8,121,4400,1,0.004557
8,121,4400,2,0.003559
8,121,4400,3,0.003822
8,121,4600,1,0.003981
8,121,4600,2,0.004093
8,121,4600,3,0.004273
8,121,4800,1,0.004226
8,121,4800,2,0.003685
8,121,4800,3,0.003536
8,121,5000,1,0.003963
8,121,5000,2,0.004142
8,121,5000,3,0.004154
8,123,1000,1,0.004384
8,123,1000,2,0.004969
8,123,1000,3,0.003883
8,123,1200,1,0.004252
8,123,1200,2,0.003880
8,123,1200,3,0.003981
8,123,1400,1,0.003630
8,123,1400,2,0.004134
8,123,1400,3,0.004033
8,123,1600,1,0.004029
8,123,1600,2,0.003987
8,123,1600,3,0.003650
8,123,1800,1,0.004013
8,123,1800,2,0.004095
8,123,1800,3,0.004407
8,123,2000,1,0.003745
8,123,2000,2,0.004275
8,123,2000,3,0.003342
8,123,2200,1,0.003399
8,123,2200,2,0.004127
8,123,2200,3,0.003747
8,123,2400,1,0.003744
8,123,2400,2,0.003808
8,123,2400,3,0.003764
8,123,2600,1,0.003891
8,123,2600,2,0.004223
8,123,2600,3,0.003618
8,123,2800,1,0.003884
8,123,2800,2,0.004201
8,123,2800,3,0.004364
8,123,3000,1,0.004366
8,123,3000,2,0.004320
8,123,3000,3,0.004647
8,123,3200,1,0.004012
8,123,3200,2,0.004203
8,123,3200,3,0.003795
8,123,3400,1,0.004180
8,123,3400,2,0.004261
8,123,3400,3,0.004145
8,123,3600,1,0.004146
8,123,3600,2,0.003474
8,123,3600,3,0.004409
8,123,3800,1,0.003819
8,123,3800,2,0.003953
8,123,3800,3,0.004258
8,123,4000,1,0.003910
8,123,4000,2,0.004604
8,123,4000,3,0.003796
8,123,4200,1,0.003624
8,123,4200,2,0.003814
8,123,4200,3,0.003907
8,123,4400,1,0.003599
8,123,4400,2,0.004412
8,123,4400,3,0.003842
8,123,4600,1,0.004534
8,123,4600,2,0.003743
8,123,4600,3,0.003634
8,123,4800,1,0.004333
8,123,4800,2,0.004522
8,123,4800,3,0.003788
8,123,5000,1,0.004158
8,123,5000,2,0.003454
8,123,5000,3,0.004378
8,125,1000,1,0.004181
8,125,1000,2,0.003865
8,125,1000,3,0.003674
8,125,1200,1,0.003832
8,125,1200,2,0.004322
8,125,1200,3,0.003997
8,125,1400,1,0.003929
8,125,1400,2,0.003875
8,125,1400,3,0.003608
8,125,1600,1,0.004230
8,125,1600,2,0.004100
8,125,1600,3,0.004078
8,125,1800,1,0.003354
8,125,1800,2,0.004212
8,125,1800,3,0.004234
8,125,2000,1,0.004197
8,125,2000,2,0.004117
8,125,2000,3,0.003881
8,125,2200,1,0.003956
8,125,2200,2,0.004442
8,125,2200,3,0.004356
8,125,2400,1,0.004145
8,125,2400,2,0.004045
8,125,2400,3,0.003634
8,125,2600,1,0.004377
8,125,2600,2,0.003972
8,125,2600,3,0.004337
8,125,2800,1,0.004173
8,125,2800,2,0.004290
8,125,2800,3,0.004315
8,125,3000,1,0.003696
8,125,3000,2,0.004013
8,125,3000,3,0.003188
8,125,3200,1,0.004016
8,125,3200,2,0.004037
8,125,3200,3,0.004157
8,125,3400,1,0.004399
8,125,3400,2,0.004203
8,125,3400,3,0.003920
8,125,3600,1,0.004407
8,125,3600,2,0.004219
8,125,3600,3,0.003885
8,125,3800,1,0.004386
8,125,3800,2,0.003864
8,125,3800,3,0.004257
8,125,4000,1,0.004207
8,125,4000,2,0.004168
8,125,4000,3,0.004491
8,125,4200,1,0.004330
8,125,4200,2,0.003542
8,125,4200,3,0.003843
8,125,4400,1,0.004332
8,125,4400,2,0.004025
8,125,4400,3,0.004187
8,125,4600,1,0.004096
8,125,4600,2,0.004517
8,125,4600,3,0.004302
8,125,4800,1,0.004053
8,125,4800,2,0.003770
8,125,4800,3,0.004017
8,125,5000,1,0.004203
8,125,5000,2,0.003268
8,125,5000,3,0.003718
8,127,1000,1,0.004323
8,127,1000,2,0.004160
8,127,1000,3,0.004163
8,127,1200,1,0.004107
8,127,1200,2,0.004143
8,127,1200,3,0.003893
8,127,1400,1,0.003954
8,127,1400,2,0.004311
8,127,1400,3,0.004394
8,127,1600,1,0.003977
8,127,1600,2,0.003020
8,127,1600,3,0.004257
8,127,1800,1,0.004309
8,127,1800,2,0.003805
8,127,1800,3,0.003822
8,127,2000,1,0.004356
8,127,2000,2,0.003937
8,127,2000,3,0.004571
8,127,2200,1,0.004172
8,127,2200,2,0.004002
8,127,2200,3,0.003264
8,127,2400,1,0.004374
8,127,2400,2,0.004208
8,127,2400,3,0.003949
8,127,2600,1,0.004077
8,127,2600,2,0.003573
8,127,2600,3,0.003911
8,127,2800,1,0.004003
8,127,2800,2,0.004255
8,127,2800,3,0.003953
8,127,3000,1,0.004040
8,127,3000,2,0.004159
8,127,3000,3,0.004610
8,127,3200,1,0.004063
8,127,3200,2,0.003997
8,127,3200,3,0.004490
8,127,3400,1,0.003521
8,127,3400,2,0.004631
8,127,3400,3,0.004205
8,127,3600,1,0.003918
8,127,3600,2,0.004351
8,127,3600,3,0.003649
8,127,3800,1,0.004366
8,127,3800,2,0.004282
8,127,3800,3,0.003746
8,127,4000,1,0.004199
8,127,4000,2,0.003979
8,127,4000,3,0.004688
8,127,4200,1,0.004435
8,127,4200,2,0.003089
8,127,4200,3,0.004009
8,127,4400,1,0.004259
8,127,4400,2,0.003884
8,127,4400,3,0.004149
8,127,4600,1,0.004173
8,127,4600,2,0.004044
8,127,4600,3,0.004316
8,127,4800,1,0.004284
8,127,4800,2,0.004144
8,127,4800,3,0.004215
8,127,5000,1,0.003754
8,127,5000,2,0.004307
8,127,5000,3,0.004638
8,129,1000,1,0.003976
8,129,1000,2,0.004284
8,129,1000,3,0.004138
8,129,1200,1,0.004777
8,129,1200,2,0.004244
8,129,1200,3,0.004300
8,129,1400,1,0.003684
8,129,1400,2,0.004216
8,129,1400,3,0.004277
8,129,1600,1,0.004046
8,129,1600,2,0.003894
8,129,1600,3,0.004469
8,129,1800,1,0.004547
8,129,1800,2,0.003897
8,129,1800,3,0.004607
8,129,2000,1,0.004016
8,129,2000,2,0.003853
8,129,2000,3,0.004531
8,129,2200,1,0.004152
8,129,2200,2,0.004155
8,129,2200,3,0.004142
8,129,2400,1,0.004299
8,129,2400,2,0.004374
8,129,2400,3,0.004251
8,129,2600,1,0.004243
8,129,2600,2,0.004033
8,129,2600,3,0.004468
8,129,2800,1,0.003673
8,129,2800,2,0.003927
8,129,2800,3,0.003962
8,129,3000,1,0.004301
8,129,3000,2,0.004465
8,129,3000,3,0.003903
8,129,3200,1,0.003638
8,129,3200,2,0.003860
8,129,3200,3,0.004574
8,129,3400,1,0.004097
8,129,3400,2,0.004052
8,129,3400,3,0.004427
8,129,3600,1,0.004317
8,129,3600,2,0.004475
8,129,3600,3,0.003633
8,129,3800,1,0.003852
8,129,3800,2,0.003587
8,129,3800,3,0.004345
8,129,4000,1,0.003972
8,129,4000,2,0.004247
8,129,4000,3,0.003820
8,129,4200,1,0.004213
8,129,4200,2,0.004297
8,129,4200,3,0.003935
8,129,4400,1,0.004503
8,129,4400,2,0.004465
8,129,4400,3,0.003280
8,129,4600,1,0.004378
8,129,4600,2,0.004115
8,129,4600,3,0.004242
8,129,4800,1,0.004155
8,129,4800,2,0.003635
8,129,4800,3,0.004297
8,129,5000,1,0.003530
8,129,5000,2,0.004021
8,129,5000,3,0.004359
8,131,1000,1,0.004137
8,131,1000,2,0.004280
8,131,1000,3,0.004446
8,131,1200,1,0.003769
8,131,1200,2,0.004154
8,131,1200,3,0.003770
8,131,1400,1,0.003854
8,131,1400,2,0.004330
8,131,1400,3,0.004385
8,131,1600,1,0.004050
8,131,1600,2,0.003643
8,131,1600,3,0.004034
8,131,1800,1,0.004244
8,131,1800,2,0.003765
8,131,1800,3,0.004006
8,131,2000,1,0.003815
8,131,2000,2,0.004532
8,131,2000,3,0.003812
8,131,2200,1,0.004395
8,131,2200,2,0.004672
8,131,2200,3,0.004429
8,131,2400,1,0.003714
8,131,2400,2,0.004279
8,131,2400,3,0.004486
8,131,2600,1,0.004118
8,131,2600,2,0.003829
8,131,2600,3,0.004025
8,131,2800,1,0.003982
8,131,2800,2,0.003967
8,131,2800,3,0.004241
8,131,3000,1,0.004217
8,131,3000,2,0.004493
8,131,3000,3,0.004261
8,131,3200,1,0.003804
8,131,3200,2,0.004250
8,131,3200,3,0.004495
8,131,3400,1,0.004256
8,131,3400,2,0.004740
8,131,3400,3,0.004049
8,131,3600,1,0.004499
8,131,3600,2,0.004664
8,131,3600,3,0.003473
8,131,3800,1,0.004408
8,131,3800,2,0.003929
8,131,3800,3,0.003798
8,131,4000,1,0.003785
8,131,4000,2,0.004639
8,131,4000,3,0.004253
8,131,4200,1,0.004348
8,131,4200,2,0.003966
8,131,4200,3,0.003705
8,131,4400,1,0.003871
8,131,4400,2,0.004030
8,131,4400,3,0.004133
8,131,4600,1,0.004241
8,131,4600,2,0.004685
8,131,4600,3,0.003495
8,131,4800,1,0.004363
8,131,4800,2,0.004155
8,131,4800,3,0.004236
8,131,5000,1,0.004344
8,131,5000,2,0.003891
8,131,5000,3,0.003451
8,133,1000,1,0.004082
8,133,1000,2,0.004330
8,133,1000,3,0.004057
8,133,1200,1,0.004669
8,133,1200,2,0.004735
8,133,1200,3,0.003683
8,133,1400,1,0.004347
8,133,1400,2,0.003926
8,133,1400,3,0.004203
8,133,1600,1,0.003939
8,133,1600,2,0.004070
8,133,1600,3,0.004003
8,133,1800,1,0.004194
8,133,1800,2,0.004247
8,133,1800,3,0.004565
8,133,2000,1,0.004034
8,133,2000,2,0.004235
8,133,2000,3,0.004293
8,133,2200,1,0.004200
8,133,2200,2,0.004301
8,133,2200,3,0.004542
8,133,2400,1,0.003440
8,133,2400,2,0.004244
8,133,2400,3,0.004122
8,133,2600,1,0.004679
8,133,2600,2,0.003538
8,133,2600,3,0.004502
8,133,2800,1,0.004378
8,133,2800,2,0.004338
8,133,2800,3,0.004346
8,133,3000,1,0.003482
8,133,3000,2,0.004106
8,133,3000,3,0.004714
8,133,3200,1,0.004580
8,133,3200,2,0.003668
8,133,3200,3,0.004529
8,133,3400,1,0.004379
8,133,3400,2,0.004228
8,133,3400,3,0.004182
8,133,3600,1,0.003830
8,133,3600,2,0.003973
8,133,3600,3,0.003664
8,133,3800,1,0.004005
8,133,3800,2,0.004444
8,133,3800,3,0.004262
8,133,4000,1,0.004311
8,133,4000,2,0.003790
8,133,4000,3,0.004017
8,133,4200,1,0.004597
8,133,4200,2,0.004156
8,133,4200,3,0.003753
8,133,4400,1,0.004347
8,133,4400,2,0.004302
8,133,4400,3,0.004617
8,133,4600,1,0.003061
8,133,4600,2,0.003726
8,133,4600,3,0.004241
8,133,4800,1,0.003834
8,133,4800,2,0.004450
8,133,4800,3,0.004482
8,133,5000,1,0.004189
8,133,5000,2,0.003873
8,133,5000,3,0.004812
8,135,1000,1,0.004303
8,135,1000,2,0.003848
8,135,1000,3,0.004166
8,135,1200,1,0.003878
8,135,1200,2,0.004316
8,135,1200,3,0.003996
8,135,1400,1,0.003470
8,135,1400,2,0.004770
8,135,1400,3,0.003910
8,135,1600,1,0.004274
8,135,1600,2,0.004796
8,135,1600,3,0.004258
8,135,1800,1,0.003686
8,135,1800,2,0.003982
8,135,1800,3,0.004014
8,135,2000,1,0.004670
8,135,2000,2,0.003993
8,135,2000,3,0.004129
8,135,2200,1,0.004291
8,135,2200,2,0.004361
8,135,2200,3,0.003969
8,135,2400,1,0.003789
8,135,2400,2,0.004058
8,135,2400,3,0.004016
8,135,2600,1,0.004161
8,135,2600,2,0.004419
8,135,2600,3,nan
8,135,2800,1,0.004184
8,135,2800,2,0.004240
8,135,2800,3,0.004300
8,135,3000,1,0.004434
8,135,3000,2,0.004084
8,135,3000,3,0.004064
8,135,3200,1,0.004701
8,135,3200,2,0.004032
8,135,3200,3,0.003893
8,135,3400,1,0.004172
8,135,3400,2,0.003847
8,135,3400,3,0.004580
8,135,3600,1,0.004983
8,135,3600,2,0.003990
8,135,3600,3,0.004286
8,135,3800,1,0.004635
8,135,3800,2,0.004329
8,135,3800,3,0.004888
8,135,4000,1,0.004984
8,135,4000,2,0.004165
8,135,4000,3,0.004479
8,135,4200,1,0.003971
8,135,4200,2,0.004183
8,135,4200,3,0.004646
8,135,4400,1,0.004491
8,135,4400,2,0.004611
8,135,4400,3,0.004187
8,135,4600,1,0.003589
8,135,4600,2,0.004339
8,135,4600,3,0.003650
8,135,4800,1,0.004194
8,135,4800,2,0.004668
8,135,4800,3,0.004412
8,135,5000,1,0.004427
8,135,5000,2,0.004107
8,135,5000,3,0.003916
8,137,1000,1,0.004033
8,137,1000,2,0.004448
8,137,1000,3,0.004134
8,137,1200,1,0.004555
8,137,1200,2,0.004405
8,137,1200,3,0.004391
8,137,1400,1,0.003919
8,137,1400,2,0.004284
8,137,1400,3,0.004891
8,137,1600,1,0.003758
8,137,1600,2,0.004046
8,137,1600,3,0.004358
8,137,1800,1,0.004090
8,137,1800,2,0.003840
8,137,1800,3,0.004790
8,137,2000,1,0.004134
8,137,2000,2,0.004489
8,137,2000,3,0.003932
8,137,2200,1,0.004577
8,137,2200,2,0.003921
8,137,2200,3,0.004375
8,137,2400,1,0.004835
8,137,2400,2,nan
8,137,2400,3,0.004528
8,137,2600,1,0.003857
8,137,2600,2,0.004373
8,137,2600,3,0.004330
8,137,2800,1,0.004407
8,137,2800,2,0.004305
8,137,2800,3,0.004387
8,137,3000,1,0.004737
8,137,3000,2,0.004577
8,137,3000,3,0.003705
8,137,3200,1,0.004022
8,137,3200,2,0.004661
8,137,3200,3,0.003839
8,137,3400,1,0.004295
8,137,3400,2,0.004126
8,137,3400,3,0.004579
8,137,3600,1,0.003888
8,137,3600,2,0.004535
8,137,3600,3,0.004304
8,137,3800,1,0.004429
8,137,3800,2,0.004854
8,137,3800,3,0.004413
8,137,4000,1,0.003606
8,137,4000,2,0.004107
8,137,4000,3,0.004575
8,137,4200,1,0.003962
8,137,4200,2,0.004245
8,137,4200,3,0.004149
8,137,4400,1,0.001647
8,137,4400,2,0.004399
8,137,4400,3,0.004315
8,137,4600,1,0.004204
8,137,4600,2,0.003938
8,137,4600,3,0.003829
8,137,4800,1,0.003996
8,137,4800,2,0.004517
8,137,4800,3,0.004454
8,137,5000,1,0.003604
8,137,5000,2,0.004579
8,137,5000,3,0.004486
8,139,1000,1,0.004450
8,139,1000,2,0.004258
8,139,1000,3,0.004751
8,139,1200,1,0.003833
8,139,1200,2,0.005101
8,139,1200,3,0.004502
8,139,1400,1,0.004630
8,139,1400,2,0.004836
8,139,1400,3,0.004452
8,139,1600,1,0.003903
8,139,1600,2,0.004615
8,139,1600,3,0.004464
8,139,1800,1,0.004495
8,139,1800,2,0.004459
8,139,1800,3,0.004707
8,139,2000,1,0.004571
8,139,2000,2,0.004139
8,139,2000,3,0.004040
8,139,2200,1,0.004259
8,139,2200,2,0.004310
8,139,2200,3,0.004520
8,139,2400,1,0.004753
8,139,2400,2,0.004711
8,139,2400,3,0.004313
8,139,2600,1,0.004492
8,139,2600,2,0.004611
8,139,2600,3,0.004920
8,139,2800,1,0.004603
8,139,2800,2,0.004831
8,139,2800,3,0.004064
8,139,3000,1,0.004164
8,139,3000,2,0.004068
8,139,3000,3,0.004102
8,139,3200,1,0.004547
8,139,3200,2,0.004801
8,139,3200,3,0.004466
8,139,3400,1,0.004254
8,139,3400,2,0.003963
8,139,3400,3,0.004123
8,139,3600,1,0.004466
8,139,3600,2,0.004041
8,139,3600,3,0.003838
8,139,3800,1,0.004529
8,139,3800,2,0.004287
8,139,3800,3,0.004536
8,139,4000,1,0.004609
8,139,4000,2,0.003744
8,139,4000,3,0.004394
8,139,4200,1,0.004037
8,139,4200,2,0.004466
8,139,4200,3,0.004316
8,139,4400,1,0.004372
8,139,4400,2,0.004392
8,139,4400,3,0.004212
8,139,4600,1,0.004614
8,139,4600,2,0.004863
8,139,4600,3,0.004342
8,139,4800,1,0.004859
8,139,4800,2,0.003838
8,139,4800,3,0.004728
8,139,5000,1,0.004032
8,139,5000,2,0.004421
8,139,5000,3,0.003728
8,141,1000,1,0.004341
8,141,1000,2,0.004469
8,141,1000,3,0.004545
8,141,1200,1,0.004513
8,141,1200,2,0.003942
8,141,1200,3,0.004450
8,141,1400,1,0.004808
8,141,1400,2,0.004611
8,141,1400,3,0.004630
8,141,1600,1,0.004366
8,141,1600,2,0.004426
8,141,1600,3,0.004440
8,141,1800,1,0.004083
8,141,1800,2,0.004233
8,141,1800,3,0.004659
8,141,2000,1,0.003852
8,141,2000,2,0.004032
8,141,2000,3,0.004339
8,141,2200,1,0.003868
8,141,2200,2,0.004104
8,141,2200,3,0.004296
8,141,2400,1,0.004077
8,141,2400,2,0.003615
8,141,2400,3,0.004209
8,141,2600,1,0.004351
8,141,2600,2,0.004510
8,141,2600,3,0.004177
8,141,2800,1,0.004331
8,141,2800,2,0.004285
8,141,2800,3,0.004247
8,141,3000,1,0.004507
8,141,3000,2,0.004203
8,141,3000,3,0.004764
8,141,3200,1,0.003889
8,141,3200,2,0.004341
8,141,3200,3,0.004461
8,141,3400,1,0.004258
8,141,3400,2,0.004430
8,141,3400,3,0.003746
8,141,3600,1,0.004265
8,141,3600,2,0.004278
8,141,3600,3,0.004276
8,141,3800,1,0.004387
8,141,3800,2,0.004437
8,141,3800,3,0.004325
8,141,4000,1,0.004599
8,141,4000,2,0.004461
8,141,4000,3,0.004308
8,141,4200,1,0.004312
8,141,4200,2,0.004437
8,141,4200,3,0.004669
8,141,4400,1,0.003936
8,141,4400,2,0.004218
8,141,4400,3,0.004120
8,141,4600,1,0.004390
8,141,4600,2,0.004314
8,141,4600,3,0.004594
8,141,4800,1,0.004683
8,141,4800,2,0.004763
8,141,4800,3,0.004879
8,141,5000,1,0.004460
8,141,5000,2,0.004672
8,141,5000,3,0.004168
8,143,1000,1,0.004823
8,143,1000,2,0.004144
8,143,1000,3,0.003744
8,143,1200,1,0.004471
8,143,1200,2,0.004555
8,143,1200,3,0.004631
8,143,1400,1,0.004624
8,143,1400,2,0.004467
8,143,1400,3,0.004012
8,143,1600,1,0.004564
8,143,1600,2,0.004345
8,143,1600,3,0.004726
8,143,1800,1,0.004025
8,143,1800,2,0.004676
8,143,1800,3,0.004877
8,143,2000,1,0.004248
8,143,2000,2,0.004514
8,143,2000,3,0.004186
8,143,2200,1,0.004625
8,143,2200,2,0.004264
8,143,2200,3,0.004388
8,143,2400,1,0.004211
8,143,2400,2,0.004380
8,143,2400,3,0.004473
8,143,2600,1,0.004427
8,143,2600,2,0.003741
8,143,2600,3,0.004097
8,143,2800,1,0.004437
8,143,2800,2,0.004575
8,143,2800,3,0.004308
8,143,3000,1,0.004363
8,143,3000,2,0.004351
8,143,3000,3,0.004227
8,143,3200,1,0.004978
8,143,3200,2,0.004798
8,143,3200,3,0.004679
8,143,3400,1,0.004210
8,143,3400,2,0.004159
8,143,3400,3,0.004520
8,143,3600,1,0.004614
8,143,3600,2,0.003963
8,143,3600,3,0.004672
8,143,3800,1,0.004254
8,143,3800,2,0.004155
8,143,3800,3,0.004776
8,143,4000,1,0.004428
8,143,4000,2,0.004896
8,143,4000,3,0.004026
8,143,4200,1,0.003966
8,143,4200,2,0.005047
8,143,4200,3,0.003937
8,143,4400,1,0.004351
8,143,4400,2,0.004988
8,143,4400,3,0.003702
8,143,4600,1,0.004602
8,143,4600,2,0.004371
8,143,4600,3,0.004510
8,143,4800,1,0.003850
8,143,4800,2,0.003695
8,143,4800,3,0.004442
8,143,5000,1,0.004237
8,143,5000,2,0.004503
8,143,5000,3,0.004667
8,145,1000,1,0.004606
8,145,1000,2,0.003930
8,145,1000,3,0.004583
8,145,1200,1,0.004468
8,145,1200,2,0.004759
8,145,1200,3,0.004521
8,145,1400,1,0.004144
8,145,1400,2,0.004375
8,145,1400,3,0.004743
8,145,1600,1,0.004301
8,145,1600,2,0.004523
8,145,1600,3,0.004586
8,145,1800,1,0.004609
8,145,1800,2,0.004273
8,145,1800,3,0.004950
8,145,2000,1,0.004568
8,145,2000,2,0.004881
8,145,2000,3,0.004481
8,145,2200,1,0.004437
8,145,2200,2,0.004408
8,145,2200,3,0.004087
8,145,2400,1,0.004513
8,145,2400,2,0.004343
8,145,2400,3,0.004701
8,145,2600,1,0.004203
8,145,2600,2,0.004226
8,145,2600,3,0.004546
8,145,2800,1,0.004236
8,145,2800,2,0.004000
8,145,2800,3,0.004080
8,145,3000,1,0.004910
8,145,3000,2,0.004693
8,145,3000,3,0.004483
8,145,3200,1,0.004286
8,145,3200,2,0.004583
8,145,3200,3,0.004600
8,145,3400,1,0.004443
8,145,3400,2,0.004101
8,145,3400,3,0.004610
8,145,3600,1,0.004451
8,145,3600,2,0.004268
8,145,3600,3,0.004458
8,145,3800,1,0.004649
8,145,3800,2,0.004299
8,145,3800,3,0.004440
8,145,4000,1,0.004350
8,145,4000,2,0.004817
8,145,4000,3,0.004512
8,145,4200,1,0.004771
8,145,4200,2,0.004440
8,145,4200,3,0.004684
8,145,4400,1,0.004873
8,145,4400,2,0.003749
8,145,4400,3,0.004494
8,145,4600,1,0.004721
8,145,4600,2,0.004111
8,145,4600,3,0.004471
8,145,4800,1,0.004664
8,145,4800,2,0.004466
8,145,4800,3,0.004259
8,145,5000,1,0.004033
8,145,5000,2,0.004578
8,145,5000,3,0.004498
8,147,1000,1,0.004497
8,147,1000,2,0.004565
8,147,1000,3,0.004371
8,147,1200,1,0.004449
8,147,1200,2,0.004289
8,147,1200,3,0.004802
8,147,1400,1,0.004769
8,147,1400,2,0.004313
8,147,1400,3,0.004807
8,147,1600,1,0.004361
8,147,1600,2,0.004365
8,147,1600,3,0.004667
8,147,1800,1,0.004730
8,147,1800,2,0.004782
8,147,1800,3,0.004545
8,147,2000,1,0.004749
8,147,2000,2,0.004302
8,147,2000,3,0.004519
8,147,2200,1,0.004180
8,147,2200,2,0.005006
8,147,2200,3,0.004613
8,147,2400,1,0.004620
8,147,2400,2,0.004441
8,147,2400,3,0.004109
8,147,2600,1,0.004222
8,147,2600,2,0.004363
8,147,2600,3,0.004790
8,147,2800,1,0.004211
8,147,2800,2,0.004317
8,147,2800,3,0.004221
8,147,3000,1,0.004536
8,147,3000,2,0.004437
8,147,3000,3,0.004660
8,147,3200,1,0.004064
8,147,3200,2,0.004608
8,147,3200,3,0.004131
8,147,3400,1,0.004366
8,147,3400,2,0.003626
8,147,3400,3,0.004766
8,147,3600,1,0.005295
8,147,3600,2,0.004221
8,147,3600,3,0.004798
8,147,3800,1,0.004303
8,147,3800,2,0.004270
8,147,3800,3,0.004438
8,147,4000,1,0.004590
8,147,4000,2,0.004370
8,147,4000,3,0.004891
8,147,4200,1,0.004011
8,147,4200,2,0.004390
8,147,4200,3,0.004496
8,147,4400,1,0.004026
8,147,4400,2,0.004554
8,147,4400,3,0.004949
8,147,4600,1,0.004612
8,147,4600,2,0.004861
8,147,4600,3,0.004543
8,147,4800,1,0.004773
8,147,4800,2,0.004060
8,147,4800,3,0.003827
8,147,5000,1,0.004344
8,147,5000,2,0.004152
8,147,5000,3,0.004170
8,149,1000,1,0.004262
8,149,1000,2,0.004827
8,149,1000,3,0.004319
8,149,1200,1,0.004717
8,149,1200,2,0.004229
8,149,1200,3,0.004073
8,149,1400,1,0.004428
8,149,1400,2,0.004584
8,149,1400,3,0.004555
8,149,1600,1,0.004412
8,149,1600,2,0.004673
8,149,1600,3,0.004749
8,149,1800,1,0.004633
8,149,1800,2,0.004739
8,149,1800,3,0.004709
8,149,2000,1,0.004219
8,149,2000,2,0.004670
8,149,2000,3,0.004545
8,149,2200,1,0.004503
8,149,2200,2,0.004811
8,149,2200,3,0.004380
8,149,2400,1,0.004245
8,149,2400,2,0.004131
8,149,2400,3,0.004319
8,149,2600,1,0.004713
8,149,2600,2,0.004608
8,149,2600,3,0.004451
8,149,2800,1,0.004597
8,149,2800,2,0.004494
8,149,2800,3,0.005001
8,149,3000,1,0.004401
8,149,3000,2,0.004734
8,149,3000,3,0.004610
8,149,3200,1,0.004380
8,149,3200,2,0.004731
8,149,3200,3,0.003937
8,149,3400,1,0.004932
8,149,3400,2,nan
8,149,3400,3,0.004934
8,149,3600,1,0.004615
8,149,3600,2,0.004416
8,149,3600,3,0.004368
8,149,3800,1,0.004706
8,149,3800,2,0.004509
8,149,3800,3,0.004647
8,149,4000,1,0.004839
8,149,4000,2,0.004619
8,149,4000,3,0.004234
8,149,4200,1,0.004697
8,149,4200,2,0.004830
8,149,4200,3,0.004847
8,149,4400,1,0.004015
8,149,4400,2,0.004353
8,149,4400,3,0.004668
8,149,4600,1,0.004909
8,149,4600,2,0.004601
8,149,4600,3,0.004701
8,149,4800,1,0.004597
8,149,4800,2,0.004614
8,149,4800,3,0.003945
8,149,5000,1,0.004073
8,149,5000,2,0.004743
8,149,5000,3,0.004780
8,151,1000,1,0.004599
8,151,1000,2,0.004244
8,151,1000,3,0.004076
8,151,1200,1,0.004807
8,151,1200,2,0.004284
8,151,1200,3,0.004342
8,151,1400,1,0.004846
8,151,1400,2,0.004491
8,151,1400,3,0.004742
8,151,1600,1,0.004511
8,151,1600,2,0.004782
8,151,1600,3,0.005101
8,151,1800,1,0.004719
8,151,1800,2,0.004670
8,151,1800,3,0.004722
8,151,2000,1,0.004944
8,151,2000,2,0.004399
8,151,2000,3,0.004040
8,151,2200,1,0.004296
8,151,2200,2,0.004756
8,151,2200,3,0.004885
8,151,2400,1,0.004510
8,151,2400,2,0.004356
8,151,2400,3,0.004513
8,151,2600,1,0.004501
8,151,2600,2,0.004545
8,151,2600,3,0.004372
8,151,2800,1,0.004973
8,151,2800,2,0.004203
8,151,2800,3,0.004249
8,151,3000,1,0.004616
8,151,3000,2,0.004543
8,151,3000,3,0.004434
8,151,3200,1,0.004914
8,151,3200,2,0.004068
8,151,3200,3,0.004978
8,151,3400,1,0.004102
8,151,3400,2,0.005085
8,151,3400,3,0.004602
8,151,3600,1,0.005094
8,151,3600,2,0.004030
8,151,3600,3,0.005160
8,151,3800,1,0.004519
8,151,3800,2,0.004484
8,151,3800,3,0.004876
8,151,4000,1,0.004516
8,151,4000,2,0.004351
8,151,4000,3,0.004666
8,151,4200,1,0.004786
8,151,4200,2,0.004203
8,151,4200,3,0.004830
8,151,4400,1,0.004494
8,151,4400,2,0.004792
8,151,4400,3,0.004391
8,151,4600,1,0.005052
8,151,4600,2,0.004105
8,151,4600,3,0.004485
8,151,4800,1,0.004655
8,151,4800,2,0.004755
8,151,4800,3,0.004218
8,151,5000,1,0.004067
8,151,5000,2,0.004904
8,151,5000,3,0.005035
8,153,1000,1,0.004698
8,153,1000,2,0.004526
8,153,1000,3,0.004594
8,153,1200,1,0.004495
8,153,1200,2,0.004695
8,153,1200,3,0.004777
8,153,1400,1,0.004672
8,153,1400,2,0.004478
8,153,1400,3,0.004797
8,153,1600,1,0.004380
8,153,1600,2,0.004449
8,153,1600,3,0.004381
8,153,1800,1,0.004210
8,153,1800,2,0.004472
8,153,1800,3,0.004338
8,153,2000,1,0.003913
8,153,2000,2,0.004657
8,153,2000,3,0.004668
8,153,2200,1,0.004652
8,153,2200,2,0.004725
8,153,2200,3,0.004607
8,153,2400,1,0.004764
8,153,2400,2,0.004411
8,153,2400,3,0.004285
8,153,2600,1,nan
8,153,2600,2,0.004881
8,153,2600,3,0.004457
8,153,2800,1,0.004310
8,153,2800,2,0.004583
8,153,2800,3,0.004625
8,153,3000,1,0.004280
8,153,3000,2,0.004525
8,153,3000,3,0.004871
8,153,3200,1,0.004420
8,153,3200,2,0.004884
8,153,3200,3,0.004676
8,153,3400,1,0.004166
8,153,3400,2,0.004447
8,153,3400,3,0.004696
8,153,3600,1,0.004870
8,153,3600,2,0.003862
8,153,3600,3,0.004689
8,153,3800,1,0.004684
8,153,3800,2,0.004150
8,153,3800,3,0.004645
8,153,4000,1,0.004358
8,153,4000,2,0.004808
8,153,4000,3,0.004689
8,153,4200,1,0.004205
8,153,4200,2,0.005402
8,153,4200,3,0.004719
8,153,4400,1,0.004063
8,153,4400,2,0.004928
8,153,4400,3,0.004679
8,153,4600,1,0.005233
8,153,4600,2,0.004810
8,153,4600,3,0.004209
8,153,4800,1,0.004360
8,153,4800,2,0.004766
8,153,4800,3,0.004710
8,153,5000,1,0.004489
8,153,5000,2,0.003963
8,153,5000,3,0.004859
8,155,1000,1,0.005011
8,155,1000,2,0.005294
8,155,1000,3,0.004826
8,155,1200,1,0.004689
8,155,1200,2,0.005218
8,155,1200,3,0.004988
8,155,1400,1,nan
8,155,1400,2,0.005287
8,155,1400,3,0.004716
8,155,1600,1,0.004388
8,155,1600,2,0.004355
8,155,1600,3,0.004349
8,155,1800,1,0.004667
8,155,1800,2,0.004913
8,155,1800,3,0.005414
8,155,2000,1,0.004889
8,155,2000,2,0.004544
8,155,2000,3,0.004829
8,155,2200,1,0.004863
8,155,2200,2,0.004711
8,155,2200,3,0.004751
8,155,2400,1,0.004514
8,155,2400,2,0.004559
8,155,2400,3,0.005020
8,155,2600,1,0.004614
8,155,2600,2,0.004876
8,155,2600,3,0.004529
8,155,2800,1,0.004723
8,155,2800,2,0.004171
8,155,2800,3,0.004768
8,155,3000,1,0.005040
8,155,3000,2,0.005358
8,155,3000,3,0.004467
8,155,3200,1,0.004304
8,155,3200,2,0.004638
8,155,3200,3,0.005073
8,155,3400,1,0.005234
8,155,3400,2,0.004856
8,155,3400,3,0.004526
8,155,3600,1,0.004204
8,155,3600,2,0.004934
8,155,3600,3,0.004753
8,155,3800,1,0.004251
8,155,3800,2,0.004857
8,155,3800,3,0.004657
8,155,4000,1,0.004006
8,155,4000,2,0.004618
8,155,4000,3,0.004662
8,155,4200,1,0.004857
8,155,4200,2,0.004307
8,155,4200,3,0.004594
8,155,4400,1,0.004201
8,155,4400,2,0.004438
8,155,4400,3,0.004436
8,155,4600,1,0.004849
8,155,4600,2,0.004982
8,155,4600,3,0.004728
8,155,4800,1,0.004600
8,155,4800,2,0.004314
8,155,4800,3,0.004575
8,155,5000,1,0.004414
8,155,5000,2,0.004431
8,155,5000,3,0.004925
8,157,1000,1,0.004673
8,157,1000,2,0.004668
8,157,1000,3,0.004761
8,157,1200,1,0.004535
8,157,1200,2,0.004009
8,157,1200,3,0.005056
8,157,1400,1,0.004715
8,157,1400,2,0.004602
8,157,1400,3,0.004928
8,157,1600,1,0.004744
8,157,1600,2,0.004495
8,157,1600,3,0.004033
8,157,1800,1,0.004839
8,157,1800,2,0.004633
8,157,1800,3,0.004932
8,157,2000,1,0.004565
8,157,2000,2,0.004829
8,157,2000,3,0.004430
8,157,2200,1,0.004049
8,157,2200,2,0.004455
8,157,2200,3,0.004543
8,157,2400,1,0.004452
8,157,2400,2,0.004434
8,157,2400,3,0.004523
8,157,2600,1,0.004788
8,157,2600,2,0.004205
8,157,2600,3,0.004687
8,157,2800,1,0.004923
8,157,2800,2,0.004822
8,157,2800,3,0.004739
8,157,3000,1,0.004955
8,157,3000,2,0.004784
8,157,3000,3,0.004174
8,157,3200,1,0.004976
8,157,3200,2,0.004606
8,157,3200,3,0.004710
8,157,3400,1,0.004965
8,157,3400,2,0.004561
8,157,3400,3,0.004385
8,157,3600,1,0.004863
8,157,3600,2,0.004890
8,157,3600,3,0.004872
8,157,3800,1,0.004901
8,157,3800,2,0.005219
8,157,3800,3,0.004171
8,157,4000,1,0.004247
8,157,4000,2,0.004591
8,157,4000,3,0.004485
8,157,4200,1,0.004988
8,157,4200,2,0.004831
8,157,4200,3,0.004648
8,157,4400,1,0.004871
8,157,4400,2,0.004422
8,157,4400,3,0.004544
8,157,4600,1,0.004723
8,157,4600,2,0.004341
8,157,4600,3,0.005012
8,157,4800,1,0.004690
8,157,4800,2,0.005324
8,157,4800,3,0.004685
8,157,5000,1,0.004743
8,157,5000,2,0.005201
8,157,5000,3,0.005269
8,159,1000,1,0.004185
8,159,1000,2,0.004746
8,159,1000,3,0.004481
8,159,1200,1,0.004613
8,159,1200,2,0.004699
8,159,1200,3,0.004482
8,159,1400,1,0.004935
8,159,1400,2,0.004640
8,159,1400,3,0.005144
8,159,1600,1,0.005010
8,159,1600,2,0.004913
8,159,1600,3,0.005011
8,159,1800,1,0.005115
8,159,1800,2,0.004830
8,159,1800,3,0.004231
8,159,2000,1,0.004861
8,159,2000,2,0.004608
8,159,2000,3,0.004805
8,159,2200,1,0.004657
8,159,2200,2,0.004526
8,159,2200,3,0.005340
8,159,2400,1,0.004835
8,159,2400,2,0.005163
8,159,2400,3,0.004783
8,159,2600,1,0.004566
8,159,2600,2,0.004750
8,159,2600,3,0.004665
8,159,2800,1,0.004635
8,159,2800,2,0.005006
8,159,2800,3,0.004531
8,159,3000,1,0.004713
8,159,3000,2,0.004266
8,159,3000,3,0.004741
8,159,3200,1,0.004045
8,159,3200,2,0.004920
8,159,3200,3,0.004905
8,159,3400,1,0.004685
8,159,3400,2,0.004708
8,159,3400,3,0.004299
8,159,3600,1,0.004738
8,159,3600,2,0.004184
8,159,3600,3,0.004714
8,159,3800,1,0.004507
8,159,3800,2,0.004375
8,159,3800,3,0.004404
8,159,4000,1,0.005220
8,159,4000,2,0.004716
8,159,4000,3,0.005104
8,159,4200,1,0.004760
8,159,4200,2,0.004429
8,159,4200,3,0.004619
8,159,4400,1,0.004425
8,159,4400,2,0.004567
8,159,4400,3,0.004460
8,159,4600,1,0.004225
8,159,4600,2,0.004213
8,159,4600,3,0.004274
8,159,4800,1,0.003883
8,159,4800,2,0.004572
8,159,4800,3,0.004794
8,159,5000,1,0.004516
8,159,5000,2,0.004461
8,159,5000,3,0.004633
8,161,1000,1,0.004271
8,161,1000,2,0.004647
8,161,1000,3,0.004488
8,161,1200,1,0.004460
8,161,1200,2,0.004977
8,161,1200,3,0.005080
8,161,1400,1,0.004993
8,161,1400,2,0.004878
8,161,1400,3,0.004990
8,161,1600,1,0.005032
8,161,1600,2,0.004247
8,161,1600,3,0.004432
8,161,1800,1,0.004387
8,161,1800,2,0.004326
8,161,1800,3,0.004419
8,161,2000,1,0.004750
8,161,2000,2,0.004387
8,161,2000,3,0.004169
8,161,2200,1,0.004211
8,161,2200,2,0.004743
8,161,2200,3,0.005009
8,161,2400,1,0.004826
8,161,2400,2,0.004528
8,161,2400,3,0.005349
8,161,2600,1,0.004688
8,161,2600,2,0.004699
8,161,2600,3,0.004875
8,161,2800,1,0.004368
8,161,2800,2,0.004754
8,161,2800,3,0.004992
8,161,3000,1,0.004998
8,161,3000,2,0.004568
8,161,3000,3,0.004752
8,161,3200,1,0.004268
8,161,3200,2,0.005095
8,161,3200,3,0.004948
8,161,3400,1,0.004543
8,161,3400,2,0.004995
8,161,3400,3,0.004957
8,161,3600,1,0.004270
8,161,3600,2,0.004625
8,161,3600,3,0.005207
8,161,3800,1,0.004622
8,161,3800,2,0.004654
8,161,3800,3,0.005120
8,161,4000,1,0.004883
8,161,4000,2,0.005121
8,161,4000,3,0.004728
8,161,4200,1,0.004942
8,161,4200,2,0.004918
8,161,4200,3,0.004901
8,161,4400,1,0.004444
8,161,4400,2,0.004157
8,161,4400,3,0.004683
8,161,4600,1,0.004828
8,161,4600,2,0.005049
8,161,4600,3,0.004863
8,161,4800,1,0.005013
8,161,4800,2,0.004208
8,161,4800,3,0.004843
8,161,5000,1,0.004968
8,161,5000,2,0.004836
8,161,5000,3,0.005065
8,163,1000,1,0.005178
8,163,1000,2,0.004950
8,163,1000,3,nan
8,163,1200,1,0.004787
8,163,1200,2,0.004409
8,163,1200,3,0.005060
8,163,1400,1,0.004626
8,163,1400,2,0.005008
8,163,1400,3,0.004726
8,163,1600,1,0.004654
8,163,1600,2,0.005058
8,163,1600,3,0.004826
8,163,1800,1,0.004956
8,163,1800,2,0.004938
8,163,1800,3,0.005075
8,163,2000,1,0.004777
8,163,2000,2,0.004601
8,163,2000,3,0.004539
8,163,2200,1,0.004643
8,163,2200,2,0.004282
8,163,2200,3,0.004922
8,163,2400,1,0.005112
8,163,2400,2,0.004338
8,163,2400,3,0.004737
8,163,2600,1,0.004937
8,163,2600,2,0.004865
8,163,2600,3,0.004751
8,163,2800,1,0.004819
8,163,2800,2,0.005031
8,163,2800,3,0.004630
8,163,3000,1,0.004695
8,163,3000,2,0.004947
8,163,3000,3,0.004855
8,163,3200,1,0.004421
8,163,3200,2,0.004698
8,163,3200,3,0.004826
8,163,3400,1,0.004874
8,163,3400,2,0.004931
8,163,3400,3,0.005077
8,163,3600,1,nan
8,163,3600,2,0.005102
8,163,3600,3,0.005167
8,163,3800,1,0.004666
8,163,3800,2,0.004661
8,163,3800,3,0.004740
8,163,4000,1,0.004399
8,163,4000,2,0.005190
8,163,4000,3,0.004837
8,163,4200,1,0.004849
8,163,4200,2,0.004429
8,163,4200,3,0.004991
8,163,4400,1,0.003920
8,163,4400,2,0.005237
8,163,4400,3,0.004536
8,163,4600,1,0.004520
8,163,4600,2,0.004222
8,163,4600,3,0.004093
8,163,4800,1,0.004915
8,163,4800,2,0.004399
8,163,4800,3,0.004492
8,163,5000,1,0.005092
8,163,5000,2,0.004247
8,163,5000,3,0.004794
8,165,1000,1,0.004502
8,165,1000,2,0.005012
8,165,1000,3,0.004920
8,165,1200,1,0.004340
8,165,1200,2,0.004937
8,165,1200,3,0.003941
8,165,1400,1,0.004451
8,165,1400,2,0.004974
8,165,1400,3,0.004809
8,165,1600,1,0.004292
8,165,1600,2,0.004595
8,165,1600,3,0.004878
8,165,1800,1,0.004737
8,165,1800,2,0.004829
8,165,1800,3,0.004759
8,165,2000,1,0.004241
8,165,2000,2,0.004666
8,165,2000,3,0.004810
8,165,2200,1,0.004216
8,165,2200,2,0.004844
8,165,2200,3,0.005093
8,165,2400,1,0.005034
8,165,2400,2,0.004984
8,165,2400,3,0.004207
8,165,2600,1,0.005369
8,165,2600,2,0.004950
8,165,2600,3,0.005149
8,165,2800,1,0.004573
8,165,2800,2,0.004629
8,165,2800,3,0.004961
8,165,3000,1,0.004879
8,165,3000,2,0.005091
8,165,3000,3,0.004928
8,165,3200,1,0.004948
8,165,3200,2,0.004342
8,165,3200,3,0.004888
8,165,3400,1,0.004362
8,165,3400,2,0.004519
8,165,3400,3,0.005295
8,165,3600,1,0.004477
8,165,3600,2,0.004525
8,165,3600,3,0.004486
8,165,3800,1,0.005292
8,165,3800,2,0.005287
8,165,3800,3,0.004714
8,165,4000,1,0.004680
8,165,4000,2,0.004988
8,165,4000,3,0.004653
8,165,4200,1,0.005320
8,165,4200,2,0.005080
8,165,4200,3,0.004571
8,165,4400,1,0.004886
8,165,4400,2,0.004407
8,165,4400,3,0.004698
8,165,4600,1,0.004384
8,165,4600,2,0.004408
8,165,4600,3,0.004809
8,165,4800,1,0.004926
8,165,4800,2,0.004423
8,165,4800,3,0.004345
8,165,5000,1,0.005074
8,165,5000,2,0.005010
8,165,5000,3,0.004801
8,167,1000,1,0.004559
8,167,1000,2,0.004382
8,167,1000,3,0.004874
8,167,1200,1,0.005152
8,167,1200,2,0.005070
8,167,1200,3,0.004457
8,167,1400,1,0.004800
8,167,1400,2,0.005055
8,167,1400,3,0.005082
8,167,1600,1,0.004442
8,167,1600,2,0.004930
8,167,1600,3,0.005322
8,167,1800,1,0.004529
8,167,1800,2,0.004517
8,167,1800,3,0.005240
8,167,2000,1,0.004982
8,167,2000,2,0.004690
8,167,2000,3,0.004693
8,167,2200,1,0.004930
8,167,2200,2,0.004732
8,167,2200,3,0.004908
8,167,2400,1,0.004821
8,167,2400,2,0.004044
8,167,2400,3,nan
8,167,2600,1,0.004940
8,167,2600,2,0.004661
8,167,2600,3,0.004866
8,167,2800,1,0.004585
8,167,2800,2,0.004722
8,167,2800,3,0.005054
8,167,3000,1,0.004720
8,167,3000,2,0.004674
8,167,3000,3,0.005033
8,167,3200,1,0.004985
8,167,3200,2,0.004813
8,167,3200,3,0.005297
8,167,3400,1,0.004884
8,167,3400,2,0.004780
8,167,3400,3,0.005012
8,167,3600,1,0.004628
8,167,3600,2,0.005409
8,167,3600,3,0.004685
8,167,3800,1,0.004359
8,167,3800,2,0.004555
8,167,3800,3,0.004801
8,167,4000,1,0.004426
8,167,4000,2,0.004540
8,167,4000,3,0.004694
8,167,4200,1,0.004890
8,167,4200,2,0.005217
8,167,4200,3,0.004339
8,167,4400,1,0.005163
8,167,4400,2,0.004851
8,167,4400,3,0.005515
8,167,4600,1,0.004423
8,167,4600,2,0.004991
8,167,4600,3,0.005166
8,167,4800,1,0.005412
8,167,4800,2,0.004329
8,167,4800,3,0.004925
8,167,5000,1,0.004899
8,167,5000,2,0.005125
8,167,5000,3,0.004985
8,169,1000,1,0.005197
8,169,1000,2,0.004823
8,169,1000,3,0.004740
8,169,1200,1,0.005075
8,169,1200,2,0.004729
8,169,1200,3,0.004686
8,169,1400,1,0.004979
8,169,1400,2,0.005014
8,169,1400,3,0.004894
8,169,1600,1,0.004547
8,169,1600,2,0.004958
8,169,1600,3,0.004189
8,169,1800,1,0.005080
8,169,1800,2,0.004745
8,169,1800,3,0.004920
8,169,2000,1,0.004699
8,169,2000,2,0.004536
8,169,2000,3,0.004609
8,169,2200,1,0.004751
8,169,2200,2,0.004587
8,169,2200,3,nan
8,169,2400,1,0.004183
8,169,2400,2,0.005219
8,169,2400,3,0.004413
8,169,2600,1,0.004344
8,169,2600,2,0.004694
8,169,2600,3,0.004893
8,169,2800,1,0.004768
8,169,2800,2,0.004532
8,169,2800,3,0.004673
8,169,3000,1,0.004731
8,169,3000,2,0.004482
8,169,3000,3,0.005422
8,169,3200,1,0.004311
8,169,3200,2,0.004455
8,169,3200,3,0.005204
8,169,3400,1,0.004670
8,169,3400,2,0.004515
8,169,3400,3,0.004993
8,169,3600,1,0.005104
8,169,3600,2,0.004262
8,169,3600,3,0.004959
8,169,3800,1,0.005037
8,169,3800,2,0.004786
8,169,3800,3,0.005070
8,169,4000,1,0.005057
8,169,4000,2,0.004667
8,169,4000,3,0.004997
8,169,4200,1,0.004629
8,169,4200,2,0.004808
8,169,4200,3,0.004869
8,169,4400,1,0.005050
8,169,4400,2,0.004820
8,169,4400,3,0.004795
8,169,4600,1,0.004674
8,169,4600,2,0.004294
8,169,4600,3,0.004842
8,169,4800,1,0.004933
8,169,4800,2,0.004589
8,169,4800,3,0.004744
8,169,5000,1,0.004797
8,169,5000,2,0.004676
8,169,5000,3,0.004529
8,171,1000,1,0.004406
8,171,1000,2,0.005221
8,171,1000,3,0.004280
8,171,1200,1,0.004634
8,171,1200,2,0.004749
8,171,1200,3,0.004783
8,171,1400,1,0.005006
8,171,1400,2,0.004440
8,171,1400,3,0.004641
8,171,1600,1,0.004968
8,171,1600,2,0.005409
8,171,1600,3,0.004873
8,171,1800,1,0.004705
8,171,1800,2,nan
8,171,1800,3,0.004728
8,171,2000,1,0.004546
8,171,2000,2,0.004916
8,171,2000,3,0.005460
8,171,2200,1,0.005076
8,171,2200,2,0.004721
8,171,2200,3,0.004953
8,171,2400,1,0.004898
8,171,2400,2,0.005090
8,171,2400,3,0.004924
8,171,2600,1,0.004488
8,171,2600,2,0.004629
8,171,2600,3,0.004808
8,171,2800,1,0.005231
8,171,2800,2,0.005104
8,171,2800,3,0.005193
8,171,3000,1,0.004660
8,171,3000,2,0.005080
8,171,3000,3,0.004785
8,171,3200,1,0.004879
8,171,3200,2,0.004601
8,171,3200,3,0.004857
8,171,3400,1,0.005080
8,171,3400,2,0.005143
8,171,3400,3,0.004863
8,171,3600,1,0.005002
8,171,3600,2,0.004422
8,171,3600,3,0.004806
8,171,3800,1,0.005167
8,171,3800,2,0.005104
8,171,3800,3,0.004846
8,171,4000,1,0.004738
8,171,4000,2,0.004866
8,171,4000,3,0.005109
8,171,4200,1,0.005441
8,171,4200,2,0.004867
8,171,4200,3,0.005109
8,171,4400,1,0.004950
8,171,4400,2,0.004604
8,171,4400,3,0.004895
8,171,4600,1,0.004572
8,171,4600,2,0.004671
8,171,4600,3,0.004946
8,171,4800,1,0.004881
8,171,4800,2,0.005279
8,171,4800,3,0.004774
8,171,5000,1,0.004393
8,171,5000,2,0.005011
8,171,5000,3,0.004957
8,173,1000,1,0.005161
8,173,1000,2,0.005196
8,173,1000,3,0.004531
8,173,1200,1,0.004769
8,173,1200,2,0.005026
8,173,1200,3,0.004729
8,173,1400,1,0.005002
8,173,1400,2,0.004493
8,173,1400,3,0.005074
8,173,1600,1,0.005482
8,173,1600,2,0.004490
8,173,1600,3,0.004786
8,173,1800,1,0.005251
8,173,1800,2,0.004422
8,173,1800,3,0.005235
8,173,2000,1,0.005685
8,173,2000,2,0.005063
8,173,2000,3,0.004580
8,173,2200,1,0.004965
8,173,2200,2,0.005265
8,173,2200,3,0.004886
8,173,2400,1,0.005027
8,173,2400,2,0.004695
8,173,2400,3,0.004944
8,173,2600,1,0.005493
8,173,2600,2,0.005122
8,173,2600,3,0.004387
8,173,2800,1,0.004817
8,173,2800,2,0.005246
8,173,2800,3,0.005033
8,173,3000,1,0.004799
8,173,3000,2,0.004979
8,173,3000,3,0.004573
8,173,3200,1,0.005102
8,173,3200,2,0.004522
8,173,3200,3,0.004833
8,173,3400,1,0.004973
8,173,3400,2,0.004615
8,173,3400,3,0.004928
8,173,3600,1,0.004531
8,173,3600,2,0.005136
8,173,3600,3,0.005209
8,173,3800,1,0.005300
8,173,3800,2,0.005143
8,173,3800,3,0.004250
8,173,4000,1,0.005182
8,173,4000,2,0.005569
8,173,4000,3,0.004726
8,173,4200,1,0.004567
8,173,4200,2,0.005002
8,173,4200,3,0.004863
8,173,4400,1,0.005153
8,173,4400,2,0.004743
8,173,4400,3,0.004992
8,173,4600,1,0.004373
8,173,4600,2,0.005026
8,173,4600,3,0.004904
8,173,4800,1,0.005036
8,173,4800,2,0.004615
8,173,4800,3,0.005572
8,173,5000,1,nan
8,173,5000,2,0.005130
8,173,5000,3,0.004691
8,175,1000,1,0.004803
8,175,1000,2,0.004830
8,175,1000,3,0.004921
8,175,1200,1,0.004876
8,175,1200,2,0.004981
8,175,1200,3,0.005268
8,175,1400,1,0.005190
8,175,1400,2,0.004341
8,175,1400,3,0.004942
8,175,1600,1,0.005777
8,175,1600,2,0.005063
8,175,1600,3,0.005194
8,175,1800,1,0.004952
8,175,1800,2,0.004932
8,175,1800,3,0.004521
8,175,2000,1,0.005263
8,175,2000,2,0.005288
8,175,2000,3,0.004863
8,175,2200,1,0.004945
8,175,2200,2,0.004584
8,175,2200,3,0.005062
8,175,2400,1,0.004637
8,175,2400,2,0.004983
8,175,2400,3,0.004318
8,175,2600,1,0.004988
8,175,2600,2,0.004894
8,175,2600,3,0.004740
8,175,2800,1,0.004541
8,175,2800,2,0.004987
8,175,2800,3,0.004699
8,175,3000,1,0.005433
8,175,3000,2,0.005075
8,175,3000,3,0.005304
8,175,3200,1,0.005128
8,175,3200,2,0.005167
8,175,3200,3,0.004917
8,175,3400,1,0.004381
8,175,3400,2,0.004978
8,175,3400,3,0.004896
8,175,3600,1,0.005021
8,175,3600,2,0.004964
8,175,3600,3,0.004948
8,175,3800,1,0.004894
8,175,3800,2,0.004521
8,175,3800,3,0.005166
8,175,4000,1,0.004870
8,175,4000,2,0.004711
8,175,4000,3,0.004893
8,175,4200,1,0.004117
8,175,4200,2,0.005409
8,175,4200,3,0.005060
8,175,4400,1,0.004572
8,175,4400,2,0.005616
8,175,4400,3,0.004883
8,175,4600,1,0.005075
8,175,4600,2,0.005423
8,175,4600,3,0.005097
8,175,4800,1,0.004936
8,175,4800,2,0.005088
8,175,4800,3,0.004888
8,175,5000,1,0.004455
8,175,5000,2,0.004718
8,175,5000,3,0.004380
8,177,1000,1,0.004890
8,177,1000,2,0.005044
8,177,1000,3,0.004920
8,177,1200,1,0.005306
8,177,1200,2,0.005138
8,177,1200,3,0.005493
8,177,1400,1,0.005073
8,177,1400,2,0.005370
8,177,1400,3,0.005305
8,177,1600,1,0.004960
8,177,1600,2,0.004671
8,177,1600,3,0.005381
8,177,1800,1,0.005206
8,177,1800,2,0.004990
8,177,1800,3,0.005245
8,177,2000,1,0.004520
8,177,2000,2,0.004725
8,177,2000,3,0.004866
8,177,2200,1,0.005412
8,177,2200,2,0.004760
8,177,2200,3,0.004806
8,177,2400,1,0.004445
8,177,2400,2,0.005295
8,177,2400,3,0.005374
8,177,2600,1,0.005277
8,177,2600,2,0.004397
8,177,2600,3,0.005242
8,177,2800,1,0.004879
8,177,2800,2,0.004818
8,177,2800,3,0.005005
8,177,3000,1,0.004462
8,177,3000,2,0.005147
8,177,3000,3,0.004755
8,177,3200,1,0.004622
8,177,3200,2,0.004551
8,177,3200,3,0.005409
8,177,3400,1,0.004757
8,177,3400,2,0.005107
8,177,3400,3,0.004948
8,177,3600,1,0.005786
8,177,3600,2,0.004845
8,177,3600,3,0.004976
8,177,3800,1,0.005065
8,177,3800,2,0.005112
8,177,3800,3,0.004725
8,177,4000,1,0.004540
8,177,4000,2,0.004836
8,177,4000,3,0.005153
8,177,4200,1,0.005041
8,177,4200,2,0.005311
8,177,4200,3,0.005004
8,177,4400,1,0.005061
8,177,4400,2,0.005193
8,177,4400,3,0.004996
8,177,4600,1,0.004790
8,177,4600,2,0.004662
8,177,4600,3,0.005334
8,177,4800,1,0.005413
8,177,4800,2,0.005114
8,177,4800,3,0.005052
8,177,5000,1,0.004235
8,177,5000,2,0.005384
8,177,5000,3,0.005213
8,179,1000,1,0.005238
8,179,1000,2,0.004841
8,179,1000,3,0.004714
8,179,1200,1,0.004617
8,179,1200,2,0.005128
8,179,1200,3,0.005368
8,179,1400,1,0.004591
8,179,1400,2,0.004912
8,179,1400,3,0.004751
8,179,1600,1,0.004827
8,179,1600,2,0.004946
8,179,1600,3,0.005198
8,179,1800,1,0.004948
8,179,1800,2,0.005416
8,179,1800,3,0.005089
8,179,2000,1,0.004393
8,179,2000,2,0.005021
8,179,2000,3,0.004685
8,179,2200,1,0.004738
8,179,2200,2,0.004238
8,179,2200,3,0.004855
8,179,2400,1,0.004601
8,179,2400,2,0.004598
8,179,2400,3,0.004962
8,179,2600,1,0.004174
8,179,2600,2,0.004543
8,179,2600,3,0.005040
8,179,2800,1,0.005194
8,179,2800,2,0.004752
8,179,2800,3,0.004853
8,179,3000,1,0.005473
8,179,3000,2,0.005138
8,179,3000,3,0.004484
8,179,3200,1,0.004814
8,179,3200,2,0.005094
8,179,3200,3,0.005018
8,179,3400,1,nan
8,179,3400,2,0.004731
8,179,3400,3,0.004669
8,179,3600,1,0.004784
8,179,3600,2,0.004529
8,179,3600,3,0.005217
8,179,3800,1,0.005430
8,179,3800,2,0.004899
8,179,3800,3,0.004874
8,179,4000,1,0.005260
8,179,4000,2,0.004334
8,179,4000,3,0.004370
8,179,4200,1,0.004676
8,179,4200,2,0.004918
8,179,4200,3,0.004621
8,179,4400,1,0.004384
8,179,4400,2,0.005346
8,179,4400,3,0.004006
8,179,4600,1,0.005300
8,179,4600,2,0.004996
8,179,4600,3,0.005562
8,179,4800,1,0.004640
8,179,4800,2,0.004429
8,179,4800,3,0.005611
8,179,5000,1,0.005063
8,179,5000,2,0.004746
8,179,5000,3,0.005535
8,181,1000,1,0.004975
8,181,1000,2,0.004756
8,181,1000,3,0.004663
8,181,1200,1,0.004971
8,181,1200,2,0.004973
8,181,1200,3,0.004969
8,181,1400,1,0.005244
8,181,1400,2,0.005410
8,181,1400,3,0.005108
8,181,1600,1,0.005368
8,181,1600,2,0.005186
8,181,1600,3,0.005139
8,181,1800,1,nan
8,181,1800,2,0.004356
8,181,1800,3,0.005013
8,181,2000,1,0.005238
8,181,2000,2,0.005145
8,181,2000,3,0.005237
8,181,2200,1,0.004829
8,181,2200,2,nan
8,181,2200,3,0.005485
8,181,2400,1,nan
8,181,2400,2,0.004942
8,181,2400,3,0.005202
8,181,2600,1,0.004936
8,181,2600,2,0.004298
8,181,2600,3,0.004786
8,181,2800,1,0.004591
8,181,2800,2,0.004693
8,181,2800,3,0.005305
8,181,3000,1,0.005147
8,181,3000,2,0.005464
8,181,3000,3,0.004911
8,181,3200,1,0.005044
8,181,3200,2,0.004695
8,181,3200,3,0.005233
8,181,3400,1,0.005258
8,181,3400,2,0.005024
8,181,3400,3,0.004676
8,181,3600,1,0.005221
8,181,3600,2,0.005237
8,181,3600,3,0.005500
8,181,3800,1,0.004718
8,181,3800,2,nan
8,181,3800,3,0.004960
8,181,4000,1,0.004920
8,181,4000,2,0.004331
8,181,4000,3,0.005141
8,181,4200,1,0.004883
8,181,4200,2,0.005210
8,181,4200,3,0.005360
8,181,4400,1,0.005568
8,181,4400,2,0.004623
8,181,4400,3,0.005045
8,181,4600,1,0.004899
8,181,4600,2,0.004996
8,181,4600,3,0.005191
8,181,4800,1,0.004803
8,181,4800,2,0.005294
8,181,4800,3,0.005038
8,181,5000,1,0.004859
8,181,5000,2,0.005423
8,181,5000,3,0.004651
8,183,1000,1,0.005280
8,183,1000,2,0.005162
8,183,1000,3,nan
8,183,1200,1,0.004555
8,183,1200,2,0.004585
8,183,1200,3,0.005163
8,183,1400,1,0.005155
8,183,1400,2,0.005225
8,183,1400,3,nan
8,183,1600,1,0.004296
8,183,1600,2,0.005247
8,183,1600,3,0.004885
8,183,1800,1,0.004958
8,183,1800,2,0.005058
8,183,1800,3,0.005098
8,183,2000,1,0.004822
8,183,2000,2,0.005302
8,183,2000,3,0.004459
8,183,2200,1,0.004648
8,183,2200,2,0.004646
8,183,2200,3,0.004333
8,183,2400,1,0.004774
8,183,2400,2,0.004994
8,183,2400,3,0.005374
8,183,2600,1,0.005241
8,183,2600,2,0.005286
8,183,2600,3,0.004913
8,183,2800,1,0.004562
8,183,2800,2,0.005441
8,183,2800,3,0.004797
8,183,3000,1,0.005383
8,183,3000,2,0.005163
8,183,3000,3,0.005173
8,183,3200,1,0.005117
8,183,3200,2,0.005154
8,183,3200,3,0.005099
8,183,3400,1,0.004690
8,183,3400,2,0.004967
8,183,3400,3,0.005077
8,183,3600,1,0.004835
8,183,3600,2,0.004920
8,183,3600,3,0.005434
8,183,3800,1,0.004909
8,183,3800,2,0.005415
8,183,3800,3,0.004784
8,183,4000,1,0.004679
8,183,4000,2,0.004789
8,183,4000,3,0.005095
8,183,4200,1,0.004976
8,183,4200,2,0.005222
8,183,4200,3,0.005050
8,183,4400,1,0.005638
8,183,4400,2,0.005248
8,183,4400,3,0.004918
8,183,4600,1,0.005165
8,183,4600,2,0.005270
8,183,4600,3,0.005237
8,183,4800,1,0.005279
8,183,4800,2,0.005435
8,183,4800,3,0.005152
8,183,5000,1,0.004555
8,183,5000,2,0.005244
8,183,5000,3,0.004632
8,185,1000,1,0.005338
8,185,1000,2,0.005092
8,185,1000,3,0.004948
8,185,1200,1,0.005334
8,185,1200,2,0.005048
8,185,1200,3,0.005594
8,185,1400,1,0.005027
8,185,1400,2,0.004877
8,185,1400,3,0.005107
8,185,1600,1,0.005264
8,185,1600,2,0.004871
8,185,1600,3,0.005013
8,185,1800,1,0.005296
8,185,1800,2,0.004833
8,185,1800,3,0.004589
8,185,2000,1,0.005303
8,185,2000,2,0.004979
8,185,2000,3,0.005082
8,185,2200,1,0.004524
8,185,2200,2,0.004777
8,185,2200,3,0.005562
8,185,2400,1,0.004566
8,185,2400,2,0.005064
8,185,2400,3,0.004996
8,185,2600,1,0.005029
8,185,2600,2,0.005603
8,185,2600,3,0.005261
8,185,2800,1,0.004730
8,185,2800,2,0.004638
8,185,2800,3,0.005312
8,185,3000,1,0.005126
8,185,3000,2,0.004896
8,185,3000,3,0.005517
8,185,3200,1,0.004998
8,185,3200,2,0.004463
8,185,3200,3,0.005786
8,185,3400,1,0.005050
8,185,3400,2,0.005240
8,185,3400,3,0.005263
8,185,3600,1,0.005878
8,185,3600,2,0.004768
8,185,3600,3,0.004515
8,185,3800,1,0.004874
8,185,3800,2,0.004587
8,185,3800,3,0.005133
8,185,4000,1,0.004833
8,185,4000,2,0.004865
8,185,4000,3,0.005130
8,185,4200,1,0.004674
8,185,4200,2,0.005028
8,185,4200,3,0.005407
8,185,4400,1,0.004909
8,185,4400,2,0.005723
8,185,4400,3,0.004882
8,185,4600,1,0.005032
8,185,4600,2,0.005035
8,185,4600,3,0.005025
8,185,4800,1,0.005225
8,185,4800,2,0.004409
8,185,4800,3,0.005294
8,185,5000,1,0.004730
8,185,5000,2,0.004968
8,185,5000,3,0.005407
8,187,1000,1,0.005452
8,187,1000,2,0.005006
8,187,1000,3,0.004664
8,187,1200,1,0.004918
8,187,1200,2,0.005269
8,187,1200,3,0.005082
8,187,1400,1,0.005069
8,187,1400,2,0.005087
8,187,1400,3,0.005481
8,187,1600,1,0.005028
8,187,1600,2,0.005551
8,187,1600,3,0.004564
8,187,1800,1,0.005439
8,187,1800,2,0.005366
8,187,1800,3,0.005035
8,187,2000,1,0.005700
8,187,2000,2,0.005581
8,187,2000,3,0.004870
8,187,2200,1,0.005041
8,187,2200,2,0.004996
8,187,2200,3,0.005528
8,187,2400,1,0.005048
8,187,2400,2,0.004795
8,187,2400,3,0.005607
8,187,2600,1,0.004996
8,187,2600,2,0.004657
8,187,2600,3,0.004737
8,187,2800,1,0.005017
8,187,2800,2,0.004899
8,187,2800,3,0.005188
8,187,3000,1,0.005406
8,187,3000,2,0.005018
8,187,3000,3,0.005135
8,187,3200,1,0.005108
8,187,3200,2,0.004822
8,187,3200,3,0.004567
8,187,3400,1,0.005398
8,187,3400,2,0.005345
8,187,3400,3,0.005374
8,187,3600,1,0.005187
8,187,3600,2,0.005330
8,187,3600,3,0.005711
8,187,3800,1,0.005135
8,187,3800,2,0.004985
8,187,3800,3,0.004804
8,187,4000,1,0.004783
8,187,4000,2,0.004796
8,187,4000,3,0.004844
8,187,4200,1,0.004706
8,187,4200,2,0.004885
8,187,4200,3,0.005644
8,187,4400,1,0.005227
8,187,4400,2,0.005378
8,187,4400,3,0.005720
8,187,4600,1,0.005614
8,187,4600,2,0.005058
8,187,4600,3,0.005264
8,187,4800,1,0.004536
8,187,4800,2,0.005249
8,187,4800,3,0.005365
8,187,5000,1,0.005204
8,187,5000,2,0.004544
8,187,5000,3,0.004637
8,189,1000,1,0.005466
8,189,1000,2,0.005041
8,189,1000,3,0.004462
8,189,1200,1,nan
8,189,1200,2,0.004692
8,189,1200,3,0.005157
8,189,1400,1,0.004955
8,189,1400,2,0.004710
8,189,1400,3,0.005192
8,189,1600,1,0.005506
8,189,1600,2,0.005501
8,189,1600,3,0.005155
8,189,1800,1,0.005582
8,189,1800,2,0.004843
8,189,1800,3,0.005214
8,189,2000,1,0.004610
8,189,2000,2,0.005426
8,189,2000,3,0.005537
8,189,2200,1,0.005351
8,189,2200,2,0.005320
8,189,2200,3,0.004992
8,189,2400,1,0.005459
8,189,2400,2,0.004837
8,189,2400,3,0.005589
8,189,2600,1,0.005245
8,189,2600,2,0.004634
8,189,2600,3,0.004601
8,189,2800,1,0.004923
8,189,2800,2,0.004669
8,189,2800,3,0.005078
8,189,3000,1,0.004620
8,189,3000,2,0.004969
8,189,3000,3,0.004872
8,189,3200,1,0.005304
8,189,3200,2,0.005033
8,189,3200,3,0.004923
8,189,3400,1,0.004966
8,189,3400,2,0.005270
8,189,3400,3,0.005119
8,189,3600,1,nan
8,189,3600,2,0.005325
8,189,3600,3,0.004639
8,189,3800,1,0.005442
8,189,3800,2,0.004957
8,189,3800,3,0.004528
8,189,4000,1,0.005436
8,189,4000,2,0.005426
8,189,4000,3,0.004912
8,189,4200,1,0.005571
8,189,4200,2,0.005326
8,189,4200,3,0.005055
8,189,4400,1,0.005416
8,189,4400,2,0.005292
8,189,4400,3,0.005088
8,189,4600,1,0.005621
8,189,4600,2,0.004638
8,189,4600,3,0.005328
8,189,4800,1,0.004761
8,189,4800,2,0.004784
8,189,4800,3,0.005524
8,189,5000,1,0.005043
8,189,5000,2,0.005293
8,189,5000,3,0.005053
8,191,1000,1,0.004994
8,191,1000,2,0.005190
8,191,1000,3,0.005178
8,191,1200,1,0.005098
8,191,1200,2,0.004989
8,191,1200,3,0.004676
8,191,1400,1,0.005258
8,191,1400,2,0.005460
8,191,1400,3,0.005237
8,191,1600,1,0.004690
8,191,1600,2,0.005253
8,191,1600,3,0.004607
8,191,1800,1,0.005369
8,191,1800,2,0.005119
8,191,1800,3,0.005063
8,191,2000,1,0.005057
8,191,2000,2,0.005352
8,191,2000,3,0.005209
8,191,2200,1,0.004640
8,191,2200,2,0.005207
8,191,2200,3,0.004878
8,191,2400,1,0.005591
8,191,2400,2,0.004528
8,191,2400,3,0.005123
8,191,2600,1,0.005493
8,191,2600,2,0.005598
8,191,2600,3,0.005252
8,191,2800,1,0.005272
8,191,2800,2,0.004950
8,191,2800,3,0.004556
8,191,3000,1,0.005111
8,191,3000,2,0.005057
8,191,3000,3,0.005399
8,191,3200,1,0.005025
8,191,3200,2,0.005227
8,191,3200,3,0.004709
8,191,3400,1,0.005320
8,191,3400,2,0.005732
8,191,3400,3,0.005129
8,191,3600,1,0.005108
8,191,3600,2,0.004536
8,191,3600,3,0.004986
8,191,3800,1,0.004726
8,191,3800,2,0.005524
8,191,3800,3,0.005413
8,191,4000,1,0.005173
8,191,4000,2,0.004887
8,191,4000,3,0.005373
8,191,4200,1,0.005331
8,191,4200,2,0.005434
8,191,4200,3,0.004428
8,191,4400,1,0.005622
8,191,4400,2,0.005206
8,191,4400,3,0.005290
8,191,4600,1,0.004339
8,191,4600,2,0.005699
8,191,4600,3,0.005348
8,191,4800,1,0.004726
8,191,4800,2,0.005019
8,191,4800,3,0.005383
8,191,5000,1,0.004951
8,191,5000,2,0.004882
8,191,5000,3,0.005064
8,193,1000,1,0.005665
8,193,1000,2,0.005130
8,193,1000,3,0.004541
8,193,1200,1,0.004999
8,193,1200,2,0.004743
8,193,1200,3,0.005247
8,193,1400,1,0.004862
8,193,1400,2,0.005427
8,193,1400,3,0.004888
8,193,1600,1,0.005290
8,193,1600,2,0.005418
8,193,1600,3,0.004646
8,193,1800,1,0.004676
8,193,1800,2,0.005314
8,193,1800,3,0.005303
8,193,2000,1,0.005275
8,193,2000,2,0.005239
8,193,2000,3,0.005282
8,193,2200,1,0.005155
8,193,2200,2,0.004725
8,193,2200,3,0.004604
8,193,2400,1,0.005049
8,193,2400,2,0.004887
8,193,2400,3,0.005415
8,193,2600,1,0.004912
8,193,2600,2,0.005360
8,193,2600,3,0.004958
8,193,2800,1,0.005382
8,193,2800,2,0.005221
8,193,2800,3,0.004708
8,193,3000,1,0.004818
8,193,3000,2,0.004979
8,193,3000,3,0.004669
8,193,3200,1,0.005481
8,193,3200,2,0.005219
8,193,3200,3,0.005033
8,193,3400,1,0.005231
8,193,3400,2,0.005541
8,193,3400,3,0.005366
8,193,3600,1,0.005350
8,193,3600,2,0.005200
8,193,3600,3,0.004910
8,193,3800,1,0.005226
8,193,3800,2,0.005221
8,193,3800,3,0.005313
8,193,4000,1,0.005401
8,193,4000,2,0.005600
8,193,4000,3,0.005119
8,193,4200,1,0.005027
8,193,4200,2,0.005574
8,193,4200,3,0.005371
8,193,4400,1,0.005339
8,193,4400,2,0.005514
8,193,4400,3,0.005333
8,193,4600,1,0.004797
8,193,4600,2,0.005199
8,193,4600,3,0.004577
8,193,4800,1,0.005440
8,193,4800,2,0.005420
8,193,4800,3,0.005528
8,193,5000,1,0.004750
8,193,5000,2,0.004666
8,193,5000,3,0.005429
8,195,1000,1,0.004926
8,195,1000,2,0.005320
8,195,1000,3,0.005062
8,195,1200,1,0.005013
8,195,1200,2,nan
8,195,1200,3,0.005136
8,195,1400,1,0.005440
8,195,1400,2,0.005497
8,195,1400,3,0.005311
8,195,1600,1,0.004837
8,195,1600,2,0.005221
8,195,1600,3,0.005620
8,195,1800,1,0.005275
8,195,1800,2,0.005254
8,195,1800,3,0.005064
8,195,2000,1,0.005526
8,195,2000,2,0.005523
8,195,2000,3,0.005058
8,195,2200,1,nan
8,195,2200,2,0.005590
8,195,2200,3,0.005329
8,195,2400,1,0.005012
8,195,2400,2,0.005574
8,195,2400,3,0.005485
8,195,2600,1,0.005185
8,195,2600,2,0.005360
8,195,2600,3,0.004652
8,195,2800,1,0.004971
8,195,2800,2,nan
8,195,2800,3,0.005587
8,195,3000,1,0.004978
8,195,3000,2,0.004921
8,195,3000,3,0.005116
8,195,3200,1,0.005153
8,195,3200,2,0.005467
8,195,3200,3,0.004989
8,195,3400,1,0.004631
8,195,3400,2,0.004498
8,195,3400,3,0.004898
8,195,3600,1,0.005474
8,195,3600,2,0.004608
8,195,3600,3,0.005675
8,195,3800,1,0.004933
8,195,3800,2,0.004979
8,195,3800,3,0.005330
8,195,4000,1,0.005230
8,195,4000,2,0.005351
8,195,4000,3,0.005507
8,195,4200,1,0.004749
8,195,4200,2,nan
8,195,4200,3,0.004653
8,195,4400,1,0.005105
8,195,4400,2,0.005303
8,195,4400,3,0.005003
8,195,4600,1,nan
8,195,4600,2,0.005411
8,195,4600,3,0.004560
8,195,4800,1,0.004897
8,195,4800,2,0.005449
8,195,4800,3,0.005354
8,195,5000,1,0.005327
8,195,5000,2,0.004611
8,195,5000,3,0.005221
8,197,1000,1,0.005475
8,197,1000,2,0.005703
8,197,1000,3,0.005112
8,197,1200,1,nan
8,197,1200,2,0.005061
8,197,1200,3,0.004825
8,197,1400,1,0.005273
8,197,1400,2,0.004949
8,197,1400,3,0.005002
8,197,1600,1,0.005391
8,197,1600,2,0.005791
8,197,1600,3,0.005052
8,197,1800,1,0.005295
8,197,1800,2,0.005269
8,197,1800,3,0.005070
8,197,2000,1,nan
8,197,2000,2,0.005468
8,197,2000,3,0.005386
8,197,2200,1,0.004882
8,197,2200,2,0.005337
8,197,2200,3,0.005123
8,197,2400,1,0.005724
8,197,2400,2,0.005528
8,197,2400,3,0.005624
8,197,2600,1,0.005303
8,197,2600,2,nan
8,197,2600,3,0.005554
8,197,2800,1,0.005480
8,197,2800,2,0.005518
8,197,2800,3,0.004947
8,197,3000,1,0.005284
8,197,3000,2,0.005394
8,197,3000,3,0.005030
8,197,3200,1,0.005440
8,197,3200,2,0.005151
8,197,3200,3,0.005530
8,197,3400,1,0.004799
8,197,3400,2,0.004472
8,197,3400,3,0.005088
8,197,3600,1,0.005317
8,197,3600,2,0.005148
8,197,3600,3,0.004408
8,197,3800,1,0.004768
8,197,3800,2,nan
8,197,3800,3,0.005337
8,197,4000,1,nan
8,197,4000,2,0.004929
8,197,4000,3,0.005055
8,197,4200,1,0.005360
8,197,4200,2,0.005794
8,197,4200,3,0.005580
8,197,4400,1,nan
8,197,4400,2,nan
8,197,4400,3,0.005041
8,197,4600,1,0.004803
8,197,4600,2,0.005427
8,197,4600,3,0.004803
8,197,4800,1,0.004849
8,197,4800,2,0.004802
8,197,4800,3,0.005429
8,197,5000,1,0.004658
8,197,5000,2,0.005353
8,197,5000,3,0.005032
8,199,1000,1,0.004682
8,199,1000,2,0.005056
8,199,1000,3,0.005724
8,199,1200,1,nan
8,199,1200,2,0.005594
8,199,1200,3,0.005047
8,199,1400,1,0.004792
8,199,1400,2,nan
8,199,1400,3,0.005289
8,199,1600,1,0.005360
8,199,1600,2,0.005294
8,199,1600,3,0.005090
8,199,1800,1,nan
8,199,1800,2,0.005423
8,199,1800,3,0.005318
8,199,2000,1,0.004980
8,199,2000,2,0.005128
8,199,2000,3,0.004866
8,199,2200,1,nan
8,199,2200,2,0.005389
8,199,2200,3,0.005460
8,199,2400,1,nan
8,199,2400,2,nan
8,199,2400,3,0.004874
8,199,2600,1,0.005224
8,199,2600,2,nan
8,199,2600,3,0.005079
8,199,2800,1,0.005467
8,199,2800,2,nan
8,199,2800,3,0.005553
8,199,3000,1,0.005397
8,199,3000,2,0.004914
8,199,3000,3,nan
8,199,3200,1,nan
8,199,3200,2,0.004944
8,199,3200,3,0.005699
8,199,3400,1,0.004789
8,199,3400,2,0.004486
8,199,3400,3,0.005912
8,199,3600,1,0.006093
8,199,3600,2,0.004752
8,199,3600,3,nan
8,199,3800,1,nan
8,199,3800,2,0.004341
8,199,3800,3,0.004914
8,199,4000,1,0.005322
8,199,4000,2,0.004814
8,199,4000,3,0.005057
8,199,4200,1,0.004696
8,199,4200,2,0.005136
8,199,4200,3,0.006020
8,199,4400,1,0.006128
8,199,4400,2,nan
8,199,4400,3,0.005481
8,199,4600,1,0.005317
8,199,4600,2,0.005135
8,199,4600,3,0.004756
8,199,4800,1,nan
8,199,4800,2,0.005376
8,199,4800,3,0.004992
8,199,5000,1,nan
8,199,5000,2,0.005865
8,199,5000,3,0.005650
16,1,1000,1,0.000991
16,1,1000,2,0.001008
16,1,1000,3,0.000997
16,1,1200,1,0.000907
16,1,1200,2,0.000993
16,1,1200,3,0.000920
16,1,1400,1,0.001004
16,1,1400,2,0.000952
16,1,1400,3,0.000968
16,1,1600,1,0.000997
16,1,1600,2,0.000991
16,1,1600,3,0.000950
16,1,1800,1,0.000953
16,1,1800,2,0.000954
16,1,1800,3,0.001031
16,1,2000,1,0.000972
16,1,2000,2,0.000985
16,1,2000,3,0.000922
16,1,2200,1,0.000865
16,1,2200,2,0.000983
16,1,2200,3,0.000924
16,1,2400,1,0.000947
16,1,2400,2,0.000938
16,1,2400,3,0.000891
16,1,2600,1,0.001595
16,1,2600,2,0.000946
16,1,2600,3,0.000942
16,1,2800,1,0.000940
16,1,2800,2,0.000952
16,1,2800,3,0.000880
16,1,3000,1,0.000959
16,1,3000,2,0.000986
16,1,3000,3,0.000939
16,1,3200,1,0.000916
16,1,3200,2,0.000921
16,1,3200,3,0.000984
16,1,3400,1,0.000993
16,1,3400,2,0.000954
16,1,3400,3,0.000905
16,1,3600,1,0.000908
16,1,3600,2,0.000957
16,1,3600,3,0.000972
16,1,3800,1,0.000972
16,1,3800,2,0.001017
16,1,3800,3,0.000992
16,1,4000,1,0.000949
16,1,4000,2,0.000955
16,1,4000,3,0.001007
16,1,4200,1,0.000932
16,1,4200,2,0.000906
16,1,4200,3,0.000944
16,1,4400,1,0.000991
16,1,4400,2,0.000969
16,1,4400,3,0.000994
16,1,4600,1,0.000948
16,1,4600,2,0.000963
16,1,4600,3,0.000951
16,1,4800,1,0.001007
16,1,4800,2,0.000921
16,1,4800,3,0.000884
16,1,5000,1,0.000961
16,1,5000,2,0.000985
16,1,5000,3,0.000941
16,3,1000,1,0.000915
16,3,1000,2,0.000953
16,3,1000,3,0.000915
16,3,1200,1,0.000996
16,3,1200,2,0.000948
16,3,1200,3,0.000938
16,3,1400,1,0.000931
16,3,1400,2,0.000921
16,3,1400,3,0.001008
16,3,1600,1,0.000915
16,3,1600,2,0.000924
16,3,1600,3,0.000893
16,3,1800,1,0.000988
16,3,1800,2,0.000894
16,3,1800,3,0.000971
16,3,2000,1,0.000869
16,3,2000,2,0.000881
16,3,2000,3,0.000873
16,3,2200,1,0.000915
16,3,2200,2,0.000994
16,3,2200,3,0.000970
16,3,2400,1,0.000915
16,3,2400,2,0.000879
16,3,2400,3,0.000922
16,3,2600,1,0.000869
16,3,2600,2,0.000882
16,3,2600,3,0.000935
16,3,2800,1,0.000891
16,3,2800,2,0.000900
16,3,2800,3,0.000911
16,3,3000,1,0.000957
16,3,3000,2,0.001016
16,3,3000,3,0.000924
16,3,3200,1,0.000947
16,3,3200,2,0.000916
16,3,3200,3,0.000989
16,3,3400,1,0.000944
16,3,3400,2,0.000954
16,3,3400,3,0.000993
16,3,3600,1,0.000939
16,3,3600,2,0.001018
16,3,3600,3,0.000893
16,3,3800,1,0.000977
16,3,3800,2,0.000897
16,3,3800,3,0.000986
16,3,4000,1,0.000978
16,3,4000,2,0.001026
16,3,4000,3,0.000994
16,3,4200,1,0.000896
16,3,4200,2,0.000959
16,3,4200,3,0.000920
16,3,4400,1,0.000980
16,3,4400,2,0.000968
16,3,4400,3,0.000936
16,3,4600,1,0.000939
16,3,4600,2,0.000932
16,3,4600,3,0.000953
16,3,4800,1,0.000927
16,3,4800,2,0.001057
16,3,4800,3,0.000931
16,3,5000,1,0.000929
16,3,5000,2,0.000913
16,3,5000,3,0.000997
16,5,1000,1,0.000906
16,5,1000,2,0.000977
16,5,1000,3,0.001190
16,5,1200,1,0.001025
16,5,1200,2,0.001060
16,5,1200,3,0.000917
16,5,1400,1,0.000971
16,5,1400,2,0.000893
16,5,1400,3,0.000932
16,5,1600,1,0.000951
16,5,1600,2,0.000975
16,5,1600,3,0.000984
16,5,1800,1,0.000975
16,5,1800,2,0.000976
16,5,1800,3,0.000908
16,5,2000,1,0.000984
16,5,2000,2,0.000898
16,5,2000,3,0.000951
16,5,2200,1,0.000971
16,5,2200,2,0.000994
16,5,2200,3,0.000977
16,5,2400,1,0.000949
16,5,2400,2,0.000997
16,5,2400,3,0.000985
16,5,2600,1,0.000951
16,5,2600,2,0.000970
16,5,2600,3,0.000981
16,5,2800,1,0.000981
16,5,2800,2,0.000956
16,5,2800,3,0.001003
16,5,3000,1,0.001006
16,5,3000,2,0.000977
16,5,3000,3,0.001039
16,5,3200,1,0.000937
16,5,3200,2,0.000996
16,5,3200,3,0.000984
16,5,3400,1,0.000934
16,5,3400,2,0.000976
16,5,3400,3,0.000956
16,5,3600,1,0.000935
16,5,3600,2,0.000991
16,5,3600,3,0.000920
16,5,3800,1,0.000904
16,5,3800,2,0.001351
16,5,3800,3,0.000976
16,5,4000,1,0.000981
16,5,4000,2,0.000930
16,5,4000,3,0.000997
16,5,4200,1,0.000998
16,5,4200,2,0.000925
16,5,4200,3,0.000902
16,5,4400,1,0.000964
16,5,4400,2,0.000922
16,5,4400,3,0.000960
16,5,4600,1,0.000932
16,5,4600,2,0.000930
16,5,4600,3,0.000968
16,5,4800,1,0.000880
16,5,4800,2,0.001058
16,5,4800,3,0.000967
16,5,5000,1,0.001100
16,5,5000,2,0.000915
16,5,5000,3,0.001016
16,7,1000,1,0.000952
16,7,1000,2,0.000961
16,7,1000,3,0.000997
16,7,1200,1,0.000962
16,7,1200,2,0.001013
16,7,1200,3,0.000944
16,7,1400,1,0.000930
16,7,1400,2,0.000969
16,7,1400,3,0.001000
16,7,1600,1,0.000986
16,7,1600,2,0.000930
16,7,1600,3,0.000952
16,7,1800,1,0.000961
16,7,1800,2,0.000895
16,7,1800,3,0.000982
16,7,2000,1,0.000945
16,7,2000,2,0.000960
16,7,2000,3,0.000931
16,7,2200,1,0.000900
16,7,2200,2,0.000976
16,7,2200,3,0.000964
16,7,2400,1,0.001012
16,7,2400,2,0.001103
16,7,2400,3,0.000992
16,7,2600,1,0.000980
16,7,2600,2,0.001041
16,7,2600,3,0.001014
16,7,2800,1,0.001073
16,7,2800,2,0.001039
16,7,2800,3,0.001086
16,7,3000,1,0.001034
16,7,3000,2,0.001089
16,7,3000,3,0.001015
16,7,3200,1,0.001091
16,7,3200,2,0.000949
16,7,3200,3,0.000980
16,7,3400,1,0.000975
16,7,3400,2,0.000981
16,7,3400,3,0.000960
16,7,3600,1,0.000997
16,7,3600,2,0.001059
16,7,3600,3,0.000969
16,7,3800,1,0.001019
16,7,3800,2,0.001017
16,7,3800,3,0.000913
16,7,4000,1,0.000991
16,7,4000,2,0.001043
16,7,4000,3,0.000945
16,7,4200,1,0.000932
16,7,4200,2,0.001048
16,7,4200,3,0.000992
16,7,4400,1,0.001019
16,7,4400,2,0.001028
16,7,4400,3,0.001012
16,7,4600,1,0.000955
16,7,4600,2,0.000905
16,7,4600,3,0.000997
16,7,4800,1,0.000951
16,7,4800,2,0.000961
16,7,4800,3,0.001065
16,7,5000,1,0.001038
16,7,5000,2,0.001062
16,7,5000,3,0.001021
16,9,1000,1,0.001017
16,9,1000,2,0.000949
16,9,1000,3,0.000920
16,9,1200,1,0.001059
16,9,1200,2,0.001085
16,9,1200,3,0.001002
16,9,1400,1,0.000963
16,9,1400,2,0.000904
16,9,1400,3,0.001048
16,9,1600,1,0.001073
16,9,1600,2,0.000980
16,9,1600,3,0.000960
16,9,1800,1,0.001091
16,9,1800,2,0.001022
16,9,1800,3,0.000948
16,9,2000,1,0.000930
16,9,2000,2,0.000989
16,9,2000,3,0.001029
16,9,2200,1,0.001076
16,9,2200,2,0.001024
16,9,2200,3,0.001068
16,9,2400,1,0.001013
16,9,2400,2,0.000972
16,9,2400,3,0.000992
16,9,2600,1,0.001304
16,9,2600,2,0.000911
16,9,2600,3,0.000996
16,9,2800,1,0.001037
16,9,2800,2,0.001029
16,9,2800,3,0.000990
16,9,3000,1,0.000992
16,9,3000,2,0.000967
16,9,3000,3,0.000905
16,9,3200,1,0.000986
16,9,3200,2,0.001000
16,9,3200,3,0.000943
16,9,3400,1,0.000928
16,9,3400,2,0.000953
16,9,3400,3,0.001003
16,9,3600,1,0.000931
16,9,3600,2,0.001023
16,9,3600,3,0.000974
16,9,3800,1,0.000985
16,9,3800,2,0.000982
16,9,3800,3,0.001215
16,9,4000,1,0.001002
16,9,4000,2,0.001040
16,9,4000,3,0.001054
16,9,4200,1,0.000993
16,9,4200,2,0.001002
16,9,4200,3,0.000993
16,9,4400,1,0.000916
16,9,4400,2,0.000888
16,9,4400,3,0.000977
16,9,4600,1,0.001001
16,9,4600,2,0.000997
16,9,4600,3,0.000968
16,9,4800,1,0.001067
16,9,4800,2,0.001032
16,9,4800,3,0.000954
16,9,5000,1,0.000934
16,9,5000,2,0.000972
16,9,5000,3,0.000997
16,11,1000,1,0.000992
16,11,1000,2,0.001000
16,11,1000,3,0.001062
16,11,1200,1,0.000996
16,11,1200,2,0.000925
16,11,1200,3,0.001051
16,11,1400,1,0.001088
16,11,1400,2,0.001044
16,11,1400,3,0.000960
16,11,1600,1,0.001027
16,11,1600,2,0.000923
16,11,1600,3,0.001024
16,11,1800,1,0.001112
16,11,1800,2,0.000961
16,11,1800,3,0.000917
16,11,2000,1,0.000968
16,11,2000,2,0.001033
16,11,2000,3,0.001032
16,11,2200,1,0.000995
16,11,2200,2,0.000927
16,11,2200,3,0.001031
16,11,2400,1,0.000995
16,11,2400,2,0.000984
16,11,2400,3,0.001008
16,11,2600,1,0.000993
16,11,2600,2,0.000914
16,11,2600,3,0.001001
16,11,2800,1,0.000958
16,11,2800,2,0.001023
16,11,2800,3,0.001051
16,11,3000,1,0.000963
16,11,3000,2,0.001043
16,11,3000,3,0.000956
16,11,3200,1,0.000960
16,11,3200,2,0.001009
16,11,3200,3,0.000960
16,11,3400,1,0.001011
16,11,3400,2,0.001053
16,11,3400,3,0.001059
16,11,3600,1,0.001051
16,11,3600,2,0.000967
16,11,3600,3,0.001043
16,11,3800,1,0.001022
16,11,3800,2,0.000962
16,11,3800,3,0.001043
16,11,4000,1,0.001056
16,11,4000,2,0.000961
16,11,4000,3,0.000994
16,11,4200,1,0.001171
16,11,4200,2,0.001073
16,11,4200,3,0.000984
16,11,4400,1,0.000989
16,11,4400,2,0.000995
16,11,4400,3,0.001043
16,11,4600,1,0.001052
16,11,4600,2,0.000910
16,11,4600,3,0.000950
16,11,4800,1,0.001022
16,11,4800,2,0.001018
16,11,4800,3,0.000978
16,11,5000,1,0.000955
16,11,5000,2,0.000987
16,11,5000,3,0.001042
16,13,1000,1,0.001514
16,13,1000,2,0.000951
16,13,1000,3,0.001027
16,13,1200,1,0.000943
16,13,1200,2,0.000958
16,13,1200,3,0.000983
16,13,1400,1,0.001072
16,13,1400,2,0.001040
16,13,1400,3,0.000973
16,13,1600,1,0.001053
16,13,1600,2,0.000957
16,13,1600,3,0.001072
16,13,1800,1,0.001031
16,13,1800,2,0.001012
16,13,1800,3,0.000915
16,13,2000,1,0.001024
16,13,2000,2,0.000918
16,13,2000,3,0.001101
16,13,2200,1,0.001008
16,13,2200,2,0.001033
16,13,2200,3,0.000984
16,13,2400,1,0.001019
16,13,2400,2,0.001430
16,13,2400,3,0.001076
16,13,2600,1,0.000910
16,13,2600,2,0.000961
16,13,2600,3,0.001071
16,13,2800,1,0.001012
16,13,2800,2,0.001030
16,13,2800,3,0.001094
16,13,3000,1,0.001000
16,13,3000,2,0.000981
16,13,3000,3,0.001064
16,13,3200,1,0.001000
16,13,3200,2,0.000967
16,13,3200,3,0.000941
16,13,3400,1,0.000972
16,13,3400,2,0.001001
16,13,3400,3,0.000995
16,13,3600,1,0.000971
16,13,3600,2,0.001042
16,13,3600,3,0.001021
16,13,3800,1,0.001086
16,13,3800,2,0.000950
16,13,3800,3,0.001020
16,13,4000,1,0.000879
16,13,4000,2,0.001035
16,13,4000,3,0.001029
16,13,4200,1,0.001017
16,13,4200,2,0.000970
16,13,4200,3,0.001021
16,13,4400,1,0.000971
16,13,4400,2,0.000982
16,13,4400,3,0.001057
16,13,4600,1,0.001040
16,13,4600,2,0.001017
16,13,4600,3,0.000966
16,13,4800,1,0.001009
16,13,4800,2,0.000987
16,13,4800,3,0.000959
16,13,5000,1,0.000981
16,13,5000,2,0.000998
16,13,5000,3,0.000992
16,15,1000,1,0.001007
16,15,1000,2,0.001031
16,15,1000,3,0.001021
16,15,1200,1,0.000965
16,15,1200,2,0.001019
16,15,1200,3,0.000970
16,15,1400,1,0.001016
16,15,1400,2,0.000937
16,15,1400,3,0.000986
16,15,1600,1,0.001027
16,15,1600,2,0.001257
16,15,1600,3,0.000978
16,15,1800,1,0.001041
16,15,1800,2,0.000972
16,15,1800,3,0.001029
16,15,2000,1,0.000997
16,15,2000,2,0.001013
16,15,2000,3,0.001034
16,15,2200,1,0.000980
16,15,2200,2,0.000994
16,15,2200,3,0.001057
16,15,2400,1,0.000973
16,15,2400,2,0.001036
16,15,2400,3,0.001033
16,15,2600,1,0.001045
16,15,2600,2,0.001382
16,15,2600,3,0.001062
16,15,2800,1,0.000996
16,15,2800,2,0.001134
16,15,2800,3,0.000951
16,15,3000,1,0.000980
16,15,3000,2,0.000997
16,15,3000,3,0.001070
16,15,3200,1,0.000994
16,15,3200,2,0.001186
16,15,3200,3,0.001025
16,15,3400,1,0.001064
16,15,3400,2,0.001008
16,15,3400,3,0.001025
16,15,3600,1,0.000985
16,15,3600,2,0.001087
16,15,3600,3,0.001006
16,15,3800,1,0.000995
16,15,3800,2,0.001036
16,15,3800,3,0.001080
16,15,4000,1,0.000984
16,15,4000,2,0.001017
16,15,4000,3,0.000993
16,15,4200,1,0.001007
16,15,4200,2,0.001067
16,15,4200,3,0.000959
16,15,4400,1,0.001015
16,15,4400,2,0.000948
16,15,4400,3,0.001090
16,15,4600,1,0.000999
16,15,4600,2,0.001034
16,15,4600,3,0.000986
16,15,4800,1,0.000969
16,15,4800,2,0.001045
16,15,4800,3,0.000959
16,15,5000,1,0.001117
16,15,5000,2,0.001015
16,15,5000,3,0.001112
16,17,1000,1,0.000976
16,17,1000,2,0.001134
16,17,1000,3,0.001156
16,17,1200,1,0.001066
16,17,1200,2,0.001089
16,17,1200,3,0.001015
16,17,1400,1,0.000979
16,17,1400,2,0.001115
16,17,1400,3,0.001084
16,17,1600,1,0.001055
16,17,1600,2,0.000972
16,17,1600,3,0.001013
16,17,1800,1,0.001087
16,17,1800,2,0.001109
16,17,1800,3,0.001006
16,17,2000,1,0.001026
16,17,2000,2,0.001062
16,17,2000,3,0.001038
16,17,2200,1,0.001013
16,17,2200,2,0.001144
16,17,2200,3,0.000989
16,17,2400,1,0.001011
16,17,2400,2,0.001091
16,17,2400,3,0.001181
16,17,2600,1,0.000999
16,17,2600,2,0.001114
16,17,2600,3,0.001096
16,17,2800,1,0.000980
16,17,2800,2,0.001033
16,17,2800,3,0.001030
16,17,3000,1,0.000985
16,17,3000,2,0.001054
16,17,3000,3,0.000972
16,17,3200,1,0.001010
16,17,3200,2,0.001007
16,17,3200,3,0.001014
16,17,3400,1,0.001063
16,17,3400,2,0.001094
16,17,3400,3,0.001144
16,17,3600,1,0.001004
16,17,3600,2,0.000994
16,17,3600,3,0.000989
16,17,3800,1,0.001037
16,17,3800,2,0.001111
16,17,3800,3,0.001024
16,17,4000,1,0.001449
16,17,4000,2,0.001034
16,17,4000,3,0.001104
16,17,4200,1,0.001141
16,17,4200,2,0.000994
16,17,4200,3,0.001012
16,17,4400,1,0.001086
16,17,4400,2,0.000997
16,17,4400,3,0.001490
16,17,4600,1,0.001105
16,17,4600,2,0.001010
16,17,4600,3,0.001006
16,17,4800,1,0.001082
16,17,4800,2,0.001071
16,17,4800,3,0.001108
16,17,5000,1,0.001036
16,17,5000,2,0.001113
16,17,5000,3,0.000982
16,19,1000,1,0.001039
16,19,1000,2,0.001099
16,19,1000,3,0.001578
16,19,1200,1,0.001084
16,19,1200,2,0.001130
16,19,1200,3,0.001035
16,19,1400,1,0.000975
16,19,1400,2,0.001002
16,19,1400,3,0.000945
16,19,1600,1,0.001007
16,19,1600,2,0.001017
16,19,1600,3,0.001072
16,19,1800,1,0.000988
16,19,1800,2,0.001110
16,19,1800,3,0.000976
16,19,2000,1,0.001093
16,19,2000,2,0.001046
16,19,2000,3,0.001060
16,19,2200,1,0.001173
16,19,2200,2,0.001093
16,19,2200,3,0.001113
16,19,2400,1,0.001099
16,19,2400,2,0.000977
16,19,2400,3,0.001085
16,19,2600,1,0.001089
16,19,2600,2,0.001245
16,19,2600,3,0.000959
16,19,2800,1,0.001035
16,19,2800,2,0.000949
16,19,2800,3,0.001707
16,19,3000,1,0.001118
16,19,3000,2,0.001037
16,19,3000,3,0.001024
16,19,3200,1,0.001081
16,19,3200,2,0.000972
16,19,3200,3,0.000996
16,19,3400,1,0.001353
16,19,3400,2,0.001040
16,19,3400,3,0.001035
16,19,3600,1,0.001147
16,19,3600,2,0.001017
16,19,3600,3,0.000998
16,19,3800,1,0.001010
16,19,3800,2,0.001402
16,19,3800,3,0.001066
16,19,4000,1,0.001012
16,19,4000,2,0.001101
16,19,4000,3,0.001047
16,19,4200,1,0.001088
16,19,4200,2,0.001078
16,19,4200,3,0.001038
16,19,4400,1,0.001037
16,19,4400,2,0.001260
16,19,4400,3,0.001008
16,19,4600,1,0.001052
16,19,4600,2,0.001019
16,19,4600,3,0.001047
16,19,4800,1,0.001112
16,19,4800,2,0.000998
16,19,4800,3,0.001051
16,19,5000,1,0.001011
16,19,5000,2,0.000968
16,19,5000,3,0.001068
16,21,1000,1,0.001142
16,21,1000,2,0.001048
16,21,1000,3,0.001027
16,21,1200,1,0.001019
16,21,1200,2,0.001009
16,21,1200,3,0.001013
16,21,1400,1,0.000962
16,21,1400,2,0.001037
16,21,1400,3,0.000968
16,21,1600,1,0.001201
16,21,1600,2,0.000996
16,21,1600,3,0.000938
16,21,1800,1,0.001008
16,21,1800,2,0.000976
16,21,1800,3,0.001011
16,21,2000,1,0.000969
16,21,2000,2,0.000996
16,21,2000,3,0.001005
16,21,2200,1,0.001004
16,21,2200,2,0.001024
16,21,2200,3,0.000955
16,21,2400,1,0.000910
16,21,2400,2,0.000987
16,21,2400,3,0.000957
16,21,2600,1,0.000987
16,21,2600,2,0.001037
16,21,2600,3,0.000986
16,21,2800,1,0.000920
16,21,2800,2,0.000927
16,21,2800,3,0.000961
16,21,3000,1,0.001052
16,21,3000,2,0.000944
16,21,3000,3,0.000971
16,21,3200,1,0.001075
16,21,3200,2,0.001020
16,21,3200,3,0.001130
16,21,3400,1,0.001044
16,21,3400,2,0.001079
16,21,3400,3,0.001074
16,21,3600,1,0.001094
16,21,3600,2,0.001068
16,21,3600,3,0.001043
16,21,3800,1,0.000993
16,21,3800,2,0.001040
16,21,3800,3,0.001067
16,21,4000,1,0.001130
16,21,4000,2,0.001014
16,21,4000,3,0.001080
16,21,4200,1,0.001033
16,21,4200,2,0.001070
16,21,4200,3,0.001010
16,21,4400,1,0.001017
16,21,4400,2,0.001007
16,21,4400,3,0.001006
16,21,4600,1,0.000956
16,21,4600,2,0.001106
16,21,4600,3,0.001032
16,21,4800,1,0.000959
16,21,4800,2,0.001045
16,21,4800,3,0.001022
16,21,5000,1,0.000963
16,21,5000,2,0.000984
16,21,5000,3,0.001052
16,23,1000,1,0.000952
16,23,1000,2,0.001001
16,23,1000,3,0.001066
16,23,1200,1,0.001114
16,23,1200,2,0.001029
16,23,1200,3,0.001015
16,23,1400,1,0.001059
16,23,1400,2,0.001028
16,23,1400,3,0.000902
16,23,1600,1,0.000950
16,23,1600,2,0.001390
16,23,1600,3,0.000986
16,23,1800,1,0.000953
16,23,1800,2,0.001001
16,23,1800,3,0.001003
16,23,2000,1,0.001005
16,23,2000,2,0.001000
16,23,2000,3,0.000934
16,23,2200,1,0.001031
16,23,2200,2,0.000981
16,23,2200,3,0.001014
16,23,2400,1,0.000980
16,23,2400,2,0.000900
16,23,2400,3,0.001022
16,23,2600,1,0.000967
16,23,2600,2,0.001048
16,23,2600,3,0.000979
16,23,2800,1,0.000957
16,23,2800,2,0.001016
16,23,2800,3,0.000930
16,23,3000,1,0.000971
16,23,3000,2,0.000998
16,23,3000,3,0.001080
16,23,3200,1,0.000989
16,23,3200,2,0.000963
16,23,3200,3,0.000995
16,23,3400,1,0.001071
16,23,3400,2,0.000965
16,23,3400,3,0.001047
16,23,3600,1,0.001130
16,23,3600,2,0.001016
16,23,3600,3,0.000955
16,23,3800,1,0.000994
16,23,3800,2,0.001086
16,23,3800,3,0.001018
16,23,4000,1,0.001047
16,23,4000,2,0.001010
16,23,4000,3,0.001762
16,23,4200,1,0.001059
16,23,4200,2,0.000959
16,23,4200,3,0.001163
16,23,4400,1,0.000981
16,23,4400,2,0.001351
16,23,4400,3,0.001010
16,23,4600,1,0.001018
16,23,4600,2,0.001027
16,23,4600,3,0.001307
16,23,4800,1,0.001016
16,23,4800,2,0.001057
16,23,4800,3,0.000991
16,23,5000,1,0.000999
16,23,5000,2,0.001131
16,23,5000,3,0.001277
16,25,1000,1,0.001033
16,25,1000,2,0.001048
16,25,1000,3,0.001065
16,25,1200,1,0.001095
16,25,1200,2,0.000971
16,25,1200,3,0.001019
16,25,1400,1,0.001228
16,25,1400,2,0.001040
16,25,1400,3,0.000959
16,25,1600,1,0.001058
16,25,1600,2,0.001027
16,25,1600,3,0.001011
16,25,1800,1,0.001041
16,25,1800,2,0.001184
16,25,1800,3,0.001127
16,25,2000,1,0.000919
16,25,2000,2,0.000972
16,25,2000,3,0.001043
16,25,2200,1,0.001060
16,25,2200,2,0.001077
16,25,2200,3,0.000971
16,25,2400,1,0.001277
16,25,2400,2,0.001174
16,25,2400,3,0.000979
16,25,2600,1,0.001011
16,25,2600,2,0.001045
16,25,2600,3,0.001024
16,25,2800,1,0.000920
16,25,2800,2,0.000941
16,25,2800,3,0.001056
16,25,3000,1,0.001018
16,25,3000,2,0.001455
16,25,3000,3,0.001078
16,25,3200,1,0.001031
16,25,3200,2,0.000976
16,25,3200,3,0.001007
16,25,3400,1,0.000919
16,25,3400,2,0.001036
16,25,3400,3,0.000959
16,25,3600,1,0.001146
16,25,3600,2,0.001025
16,25,3600,3,0.001416
16,25,3800,1,0.001122
16,25,3800,2,0.001413
16,25,3800,3,0.001038
16,25,4000,1,0.001028
16,25,4000,2,0.000967
16,25,4000,3,0.001232
16,25,4200,1,0.001006
16,25,4200,2,0.001035
16,25,4200,3,0.000948
16,25,4400,1,0.001012
16,25,4400,2,0.001425
16,25,4400,3,0.001044
16,25,4600,1,0.001054
16,25,4600,2,0.000981
16,25,4600,3,0.001045
16,25,4800,1,0.001075
16,25,4800,2,0.001002
16,25,4800,3,0.001021
16,25,5000,1,0.001655
16,25,5000,2,0.001566
16,25,5000,3,0.001057
16,27,1000,1,0.001568
16,27,1000,2,0.001718
16,27,1000,3,0.001897
16,27,1200,1,0.002008
16,27,1200,2,0.001677
16,27,1200,3,0.001565
16,27,1400,1,0.001819
16,27,1400,2,0.001802
16,27,1400,3,0.001675
16,27,1600,1,0.001813
16,27,1600,2,0.001912
16,27,1600,3,0.001771
16,27,1800,1,0.001808
16,27,1800,2,0.001672
16,27,1800,3,0.001824
16,27,2000,1,0.001764
16,27,2000,2,0.001794
16,27,2000,3,0.001596
16,27,2200,1,0.001829
16,27,2200,2,0.002597
16,27,2200,3,0.002027
16,27,2400,1,0.002344
16,27,2400,2,0.001799
16,27,2400,3,0.002444
16,27,2600,1,0.001736
16,27,2600,2,0.001556
16,27,2600,3,0.001758
16,27,2800,1,0.001667
16,27,2800,2,0.002169
16,27,2800,3,0.001598
16,27,3000,1,0.001726
16,27,3000,2,0.001640
16,27,3000,3,0.001846
16,27,3200,1,0.001757
16,27,3200,2,0.002074
16,27,3200,3,0.001807
16,27,3400,1,0.001549
16,27,3400,2,0.001649
16,27,3400,3,0.001690
16,27,3600,1,0.001751
16,27,3600,2,0.001708
16,27,3600,3,0.001891
16,27,3800,1,0.001659
16,27,3800,2,0.001957
16,27,3800,3,0.001638
16,27,4000,1,0.001623
16,27,4000,2,0.001711
16,27,4000,3,0.002178
16,27,4200,1,0.001809
16,27,4200,2,0.001549
16,27,4200,3,0.002240
16,27,4400,1,0.002119
16,27,4400,2,0.001982
16,27,4400,3,0.002138
16,27,4600,1,0.001729
16,27,4600,2,0.001674
16,27,4600,3,0.002033
16,27,4800,1,0.002079
16,27,4800,2,0.001761
16,27,4800,3,0.001800
16,27,5000,1,0.001594
16,27,5000,2,0.001896
16,27,5000,3,0.001849
16,29,1000,1,0.001437
16,29,1000,2,0.001543
16,29,1000,3,0.001245
16,29,1200,1,0.001666
16,29,1200,2,0.001398
16,29,1200,3,0.001639
16,29,1400,1,0.001312
16,29,1400,2,0.002029
16,29,1400,3,0.001368
16,29,1600,1,0.001840
16,29,1600,2,0.001444
16,29,1600,3,0.001464
16,29,1800,1,0.001298
16,29,1800,2,0.001788
16,29,1800,3,0.001810
16,29,2000,1,0.001415
16,29,2000,2,0.001461
16,29,2000,3,0.001963
16,29,2200,1,0.001707
16,29,2200,2,0.001261
16,29,2200,3,0.001376
16,29,2400,1,0.001327
16,29,2400,2,0.001342
16,29,2400,3,0.001465
16,29,2600,1,0.001286
16,29,2600,2,0.001920
16,29,2600,3,0.001878
16,29,2800,1,0.001348
16,29,2800,2,0.001241
16,29,2800,3,0.001756
16,29,3000,1,0.001242
16,29,3000,2,0.001285
16,29,3000,3,0.001335
16,29,3200,1,0.001439
16,29,3200,2,0.001735
16,29,3200,3,0.001647
16,29,3400,1,0.001295
16,29,3400,2,0.001666
16,29,3400,3,0.001542
16,29,3600,1,0.001305
16,29,3600,2,0.001827
16,29,3600,3,0.001541
16,29,3800,1,0.001429
16,29,3800,2,0.001644
16,29,3800,3,0.001280
16,29,4000,1,0.001798
16,29,4000,2,nan
16,29,4000,3,0.001375
16,29,4200,1,0.001372
16,29,4200,2,0.002127
16,29,4200,3,0.001303
16,29,4400,1,0.001343
16,29,4400,2,0.001302
16,29,4400,3,0.001695
16,29,4600,1,0.001940
16,29,4600,2,0.002055
16,29,4600,3,0.001443
16,29,4800,1,0.001312
16,29,4800,2,0.001243
16,29,4800,3,0.001249
16,29,5000,1,0.002085
16,29,5000,2,0.001300
16,29,5000,3,0.001337
16,31,1000,1,0.001295
16,31,1000,2,0.001892
16,31,1000,3,0.001815
16,31,1200,1,0.001792
16,31,1200,2,0.001524
16,31,1200,3,0.001799
16,31,1400,1,0.001677
16,31,1400,2,0.001410
16,31,1400,3,0.001468
16,31,1600,1,0.002619
16,31,1600,2,0.001628
16,31,1600,3,0.001796
16,31,1800,1,0.002357
16,31,1800,2,0.002287
16,31,1800,3,0.001371
16,31,2000,1,0.001389
16,31,2000,2,0.002009
16,31,2000,3,0.001540
16,31,2200,1,0.001280
16,31,2200,2,0.001726
16,31,2200,3,0.001709
16,31,2400,1,0.002582
16,31,2400,2,0.001435
16,31,2400,3,0.002015
16,31,2600,1,0.001695
16,31,2600,2,0.001529
16,31,2600,3,0.001358
16,31,2800,1,0.001321
16,31,2800,2,0.001669
16,31,2800,3,0.001345
16,31,3000,1,0.001984
16,31,3000,2,0.001481
16,31,3000,3,0.001614
16,31,3200,1,0.001321
16,31,3200,2,0.002087
16,31,3200,3,0.001756
16,31,3400,1,0.001441
16,31,3400,2,0.001630
16,31,3400,3,0.002036
16,31,3600,1,0.001795
16,31,3600,2,0.002187
16,31,3600,3,0.001264
16,31,3800,1,0.001702
16,31,3800,2,0.001346
16,31,3800,3,0.001866
16,31,4000,1,0.001594
16,31,4000,2,0.001255
16,31,4000,3,0.001605
16,31,4200,1,0.001273
16,31,4200,2,0.001296
16,31,4200,3,0.001562
16,31,4400,1,0.001513
16,31,4400,2,0.001957
16,31,4400,3,0.002441
16,31,4600,1,0.001971
16,31,4600,2,0.001869
16,31,4600,3,0.001283
16,31,4800,1,0.001744
16,31,4800,2,0.001773
16,31,4800,3,0.001343
16,31,5000,1,0.001304
16,31,5000,2,0.001245
16,31,5000,3,0.001945
16,33,1000,1,0.001587
16,33,1000,2,0.001307
16,33,1000,3,0.001882
16,33,1200,1,0.002236
16,33,1200,2,0.001393
16,33,1200,3,0.001465
16,33,1400,1,0.001356
16,33,1400,2,0.001323
16,33,1400,3,0.001660
16,33,1600,1,0.001734
16,33,1600,2,0.001282
16,33,1600,3,0.001524
16,33,1800,1,0.001451
16,33,1800,2,0.001450
16,33,1800,3,0.001294
16,33,2000,1,0.001352
16,33,2000,2,0.001382
16,33,2000,3,0.001555
16,33,2200,1,0.002096
16,33,2200,2,0.001390
16,33,2200,3,0.002368
16,33,2400,1,0.001571
16,33,2400,2,0.001263
16,33,2400,3,0.002494
16,33,2600,1,0.002407
16,33,2600,2,0.001594
16,33,2600,3,0.001952
16,33,2800,1,0.001337
16,33,2800,2,0.001876
16,33,2800,3,0.001975
16,33,3000,1,0.002627
16,33,3000,2,0.001682
16,33,3000,3,0.001576
16,33,3200,1,0.001694
16,33,3200,2,0.001977
16,33,3200,3,0.001255
16,33,3400,1,0.001339
16,33,3400,2,0.001979
16,33,3400,3,0.001616
16,33,3600,1,0.001568
16,33,3600,2,0.001329
16,33,3600,3,0.001271
16,33,3800,1,0.001256
16,33,3800,2,0.002166
16,33,3800,3,0.001239
16,33,4000,1,0.001313
16,33,4000,2,0.001270
16,33,4000,3,0.001641
16,33,4200,1,0.001244
16,33,4200,2,0.001451
16,33,4200,3,0.001920
16,33,4400,1,0.001925
16,33,4400,2,0.002060
16,33,4400,3,0.001679
16,33,4600,1,0.002011
16,33,4600,2,0.001740
16,33,4600,3,0.001411
16,33,4800,1,0.001239
16,33,4800,2,0.001550
16,33,4800,3,0.001290
16,33,5000,1,0.001324
16,33,5000,2,0.001455
16,33,5000,3,0.001599
16,35,1000,1,0.001355
16,35,1000,2,0.001253
16,35,1000,3,0.002537
16,35,1200,1,0.001826
16,35,1200,2,0.001500
16,35,1200,3,0.001702
16,35,1400,1,0.001415
16,35,1400,2,0.001321
16,35,1400,3,0.001349
16,35,1600,1,0.001286
16,35,1600,2,0.002372
16,35,1600,3,0.001481
16,35,1800,1,0.001137
16,35,1800,2,0.001733
16,35,1800,3,0.001598
16,35,2000,1,0.001919
16,35,2000,2,0.002187
16,35,2000,3,0.001258
16,35,2200,1,0.001648
16,35,2200,2,0.001766
16,35,2200,3,0.002326
16,35,2400,1,0.001822
16,35,2400,2,0.002556
16,35,2400,3,0.001388
16,35,2600,1,0.002349
16,35,2600,2,0.001431
16,35,2600,3,0.002448
16,35,2800,1,0.001333
16,35,2800,2,0.001392
16,35,2800,3,0.001530
16,35,3000,1,0.001717
16,35,3000,2,0.001850
16,35,3000,3,0.001573
16,35,3200,1,0.001477
16,35,3200,2,0.001862
16,35,3200,3,0.001147
16,35,3400,1,0.001797
16,35,3400,2,0.001447
16,35,3400,3,0.001055
16,35,3600,1,0.001446
16,35,3600,2,0.001679
16,35,3600,3,0.001580
16,35,3800,1,0.001813
16,35,3800,2,0.001798
16,35,3800,3,0.001412
16,35,4000,1,0.001518
16,35,4000,2,0.001973
16,35,4000,3,0.001467
16,35,4200,1,0.001959
16,35,4200,2,0.001606
16,35,4200,3,0.001450
16,35,4400,1,0.001339
16,35,4400,2,0.002144
16,35,4400,3,0.001861
16,35,4600,1,0.001114
16,35,4600,2,0.001280
16,35,4600,3,0.001424
16,35,4800,1,0.001352
16,35,4800,2,0.001784
16,35,4800,3,0.002128
16,35,5000,1,0.001947
16,35,5000,2,0.001639
16,35,5000,3,0.002110
16,37,1000,1,0.001334
16,37,1000,2,0.001151
16,37,1000,3,0.001658
16,37,1200,1,0.001254
16,37,1200,2,0.001487
16,37,1200,3,0.001561
16,37,1400,1,0.001544
16,37,1400,2,0.001665
16,37,1400,3,0.001262
16,37,1600,1,0.001860
16,37,1600,2,0.002096
16,37,1600,3,0.002369
16,37,1800,1,0.001962
16,37,1800,2,0.002205
16,37,1800,3,0.001451
16,37,2000,1,0.001331
16,37,2000,2,0.001684
16,37,2000,3,0.001424
16,37,2200,1,0.001770
16,37,2200,2,0.001694
16,37,2200,3,0.001321
16,37,2400,1,0.001260
16,37,2400,2,0.001705
16,37,2400,3,0.001789
16,37,2600,1,0.001399
16,37,2600,2,0.001435
16,37,2600,3,0.001504
16,37,2800,1,0.001043
16,37,2800,2,0.001657
16,37,2800,3,0.002238
16,37,3000,1,0.001495
16,37,3000,2,0.002008
16,37,3000,3,0.001175
16,37,3200,1,0.001316
16,37,3200,2,0.001826
16,37,3200,3,0.001612
16,37,3400,1,0.001702
16,37,3400,2,0.001725
16,37,3400,3,0.002168
16,37,3600,1,0.001290
16,37,3600,2,0.001423
16,37,3600,3,0.001241
16,37,3800,1,0.002028
16,37,3800,2,0.001762
16,37,3800,3,0.001361
16,37,4000,1,0.001540
16,37,4000,2,0.001417
16,37,4000,3,0.001505
16,37,4200,1,0.001749
16,37,4200,2,0.001391
16,37,4200,3,0.002554
16,37,4400,1,0.001495
16,37,4400,2,0.001263
16,37,4400,3,0.001350
16,37,4600,1,0.001354
16,37,4600,2,0.001323
16,37,4600,3,0.001416
16,37,4800,1,0.001351
16,37,4800,2,0.001867
16,37,4800,3,0.002035
16,37,5000,1,0.001652
16,37,5000,2,0.001792
16,37,5000,3,0.002071
16,39,1000,1,0.001648
16,39,1000,2,0.002002
16,39,1000,3,0.001539
16,39,1200,1,0.001691
16,39,1200,2,0.002129
16,39,1200,3,0.002840
16,39,1400,1,0.001958
16,39,1400,2,0.001080
16,39,1400,3,0.002059
16,39,1600,1,0.001747
16,39,1600,2,0.001291
16,39,1600,3,0.001817
16,39,1800,1,0.001648
16,39,1800,2,0.001750
16,39,1800,3,0.001672
16,39,2000,1,0.001653
16,39,2000,2,0.001382
16,39,2000,3,0.001786
16,39,2200,1,0.002362
16,39,2200,2,0.001379
16,39,2200,3,0.001503
16,39,2400,1,0.001484
16,39,2400,2,0.001746
16,39,2400,3,0.001217
16,39,2600,1,0.001430
16,39,2600,2,0.002244
16,39,2600,3,0.001455
16,39,2800,1,0.001693
16,39,2800,2,0.002500
16,39,2800,3,0.001828
16,39,3000,1,0.002138
16,39,3000,2,0.001375
16,39,3000,3,0.001703
16,39,3200,1,nan
16,39,3200,2,0.002437
16,39,3200,3,0.001337
16,39,3400,1,0.001596
16,39,3400,2,0.001487
16,39,3400,3,0.002800
16,39,3600,1,0.001292
16,39,3600,2,0.001958
16,39,3600,3,0.002021
16,39,3800,1,0.001541
16,39,3800,2,0.001649
16,39,3800,3,0.001985
16,39,4000,1,0.001304
16,39,4000,2,0.001491
16,39,4000,3,0.001310
16,39,4200,1,0.001387
16,39,4200,2,0.002668
16,39,4200,3,0.001525
16,39,4400,1,0.001277
16,39,4400,2,0.001476
16,39,4400,3,0.001427
16,39,4600,1,0.002444
16,39,4600,2,0.003026
16,39,4600,3,0.001940
16,39,4800,1,0.002209
16,39,4800,2,0.001400
16,39,4800,3,0.002180
16,39,5000,1,0.002549
16,39,5000,2,0.001331
16,39,5000,3,0.001459
16,41,1000,1,0.001611
16,41,1000,2,0.001354
16,41,1000,3,0.001477
16,41,1200,1,0.001568
16,41,1200,2,0.002555
16,41,1200,3,0.001495
16,41,1400,1,0.002309
16,41,1400,2,0.002208
16,41,1400,3,0.001366
16,41,1600,1,0.001391
16,41,1600,2,0.002468
16,41,1600,3,0.002027
16,41,1800,1,0.002012
16,41,1800,2,0.002248
16,41,1800,3,0.001598
16,41,2000,1,0.001949
16,41,2000,2,0.001515
16,41,2000,3,0.002199
16,41,2200,1,0.001416
16,41,2200,2,0.002529
16,41,2200,3,0.001487
16,41,2400,1,0.002043
16,41,2400,2,0.001614
16,41,2400,3,0.002338
16,41,2600,1,0.001309
16,41,2600,2,0.001474
16,41,2600,3,0.001991
16,41,2800,1,0.001419
16,41,2800,2,0.002072
16,41,2800,3,0.002221
16,41,3000,1,0.001414
16,41,3000,2,0.001287
16,41,3000,3,0.002022
16,41,3200,1,0.001866
16,41,3200,2,0.001874
16,41,3200,3,0.002449
16,41,3400,1,0.001324
16,41,3400,2,0.002452
16,41,3400,3,0.002484
16,41,3600,1,0.001401
16,41,3600,2,0.001473
16,41,3600,3,0.002245
16,41,3800,1,0.001341
16,41,3800,2,0.001379
16,41,3800,3,0.001484
16,41,4000,1,0.002073
16,41,4000,2,0.002645
16,41,4000,3,0.002239
16,41,4200,1,0.001503
16,41,4200,2,0.002106
16,41,4200,3,0.001348
16,41,4400,1,0.001357
16,41,4400,2,0.001670
16,41,4400,3,0.002153
16,41,4600,1,0.001336
16,41,4600,2,0.001944
16,41,4600,3,0.002161
16,41,4800,1,0.001641
16,41,4800,2,0.001423
16,41,4800,3,0.001844
16,41,5000,1,0.001635
16,41,5000,2,0.001636
16,41,5000,3,0.001181
16,43,1000,1,0.002510
16,43,1000,2,0.002466
16,43,1000,3,0.001639
16,43,1200,1,0.001879
16,43,1200,2,0.001580
16,43,1200,3,0.001335
16,43,1400,1,0.002124
16,43,1400,2,0.001403
16,43,1400,3,0.002481
16,43,1600,1,0.001348
16,43,1600,2,0.002272
16,43,1600,3,0.002584
16,43,1800,1,0.002338
16,43,1800,2,0.001345
16,43,1800,3,0.002033
16,43,2000,1,0.001617
16,43,2000,2,0.001722
16,43,2000,3,0.002883
16,43,2200,1,0.002047
16,43,2200,2,0.001943
16,43,2200,3,0.001601
16,43,2400,1,0.001386
16,43,2400,2,0.001130
16,43,2400,3,0.002018
16,43,2600,1,0.002610
16,43,2600,2,0.002239
16,43,2600,3,0.002200
16,43,2800,1,0.002631
16,43,2800,2,0.001639
16,43,2800,3,0.002637
16,43,3000,1,0.002419
16,43,3000,2,0.002099
16,43,3000,3,0.002476
16,43,3200,1,0.001407
16,43,3200,2,0.001378
16,43,3200,3,0.002314
16,43,3400,1,0.002018
16,43,3400,2,0.002389
16,43,3400,3,0.002144
16,43,3600,1,0.002153
16,43,3600,2,0.002268
16,43,3600,3,0.002619
16,43,3800,1,0.001062
16,43,3800,2,0.001585
16,43,3800,3,0.001121
16,43,4000,1,0.001534
16,43,4000,2,0.001652
16,43,4000,3,0.001338
16,43,4200,1,0.001684
16,43,4200,2,0.001967
16,43,4200,3,0.001329
16,43,4400,1,0.001765
16,43,4400,2,0.002541
16,43,4400,3,0.002397
16,43,4600,1,0.001364
16,43,4600,2,0.002639
16,43,4600,3,0.001438
16,43,4800,1,0.001868
16,43,4800,2,0.001596
16,43,4800,3,0.001546
16,43,5000,1,0.002390
16,43,5000,2,0.002488
16,43,5000,3,0.001141
16,45,1000,1,0.001037
16,45,1000,2,0.001271
16,45,1000,3,0.001864
16,45,1200,1,0.001075
16,45,1200,2,0.001490
16,45,1200,3,0.001311
16,45,1400,1,0.001625
16,45,1400,2,0.001614
16,45,1400,3,0.001192
16,45,1600,1,0.001138
16,45,1600,2,0.001526
16,45,1600,3,0.002122
16,45,1800,1,0.001453
16,45,1800,2,0.001782
16,45,1800,3,0.001899
16,45,2000,1,0.002109
16,45,2000,2,0.002162
16,45,2000,3,0.001748
16,45,2200,1,0.001524
16,45,2200,2,0.001966
16,45,2200,3,0.002031
16,45,2400,1,0.001849
16,45,2400,2,0.001129
16,45,2400,3,0.001854
16,45,2600,1,0.001791
16,45,2600,2,0.001706
16,45,2600,3,0.001593
16,45,2800,1,0.001711
16,45,2800,2,0.001555
16,45,2800,3,0.001278
16,45,3000,1,0.001116
16,45,3000,2,0.001078
16,45,3000,3,0.001842
16,45,3200,1,0.001795
16,45,3200,2,0.001226
16,45,3200,3,0.002323
16,45,3400,1,0.001911
16,45,3400,2,0.001807
16,45,3400,3,0.001088
16,45,3600,1,0.001130
16,45,3600,2,0.001154
16,45,3600,3,0.001375
16,45,3800,1,0.001122
16,45,3800,2,0.001394
16,45,3800,3,0.001398
16,45,4000,1,0.002322
16,45,4000,2,0.002024
16,45,4000,3,0.001766
16,45,4200,1,0.001400
16,45,4200,2,0.002097
16,45,4200,3,0.001302
16,45,4400,1,0.001398
16,45,4400,2,0.001397
16,45,4400,3,0.002359
16,45,4600,1,0.002098
16,45,4600,2,0.001079
16,45,4600,3,0.001938
16,45,4800,1,0.001962
16,45,4800,2,0.001182
16,45,4800,3,0.001344
16,45,5000,1,0.002151
16,45,5000,2,0.002318
16,45,5000,3,0.002248
16,47,1000,1,0.002038
16,47,1000,2,0.001265
16,47,1000,3,0.001510
16,47,1200,1,0.001387
16,47,1200,2,0.001873
16,47,1200,3,0.002214
16,47,1400,1,0.001734
16,47,1400,2,0.002110
16,47,1400,3,0.001170
16,47,1600,1,0.001867
16,47,1600,2,0.001965
16,47,1600,3,0.001169
16,47,1800,1,0.002026
16,47,1800,2,0.001266
16,47,1800,3,0.002312
16,47,2000,1,0.001111
16,47,2000,2,0.002181
16,47,2000,3,0.001809
16,47,2200,1,0.001808
16,47,2200,2,0.002195
16,47,2200,3,0.002483
16,47,2400,1,0.001897
16,47,2400,2,0.001518
16,47,2400,3,0.002081
16,47,2600,1,0.002087
16,47,2600,2,0.001501
16,47,2600,3,0.001756
16,47,2800,1,0.001557
16,47,2800,2,0.001084
16,47,2800,3,0.002720
16,47,3000,1,0.001716
16,47,3000,2,0.001210
16,47,3000,3,0.002290
16,47,3200,1,0.001266
16,47,3200,2,0.002028
16,47,3200,3,0.001114
16,47,3400,1,0.002410
16,47,3400,2,0.001184
16,47,3400,3,0.001841
16,47,3600,1,0.002071
16,47,3600,2,0.001997
16,47,3600,3,0.002790
16,47,3800,1,0.001940
16,47,3800,2,0.001351
16,47,3800,3,0.001434
16,47,4000,1,0.001933
16,47,4000,2,0.001775
16,47,4000,3,0.001633
16,47,4200,1,0.001283
16,47,4200,2,0.001595
16,47,4200,3,0.002119
16,47,4400,1,0.002558
16,47,4400,2,0.002249
16,47,4400,3,0.002058
16,47,4600,1,0.001674
16,47,4600,2,0.001305
16,47,4600,3,0.002203
16,47,4800,1,0.002366
16,47,4800,2,0.001729
16,47,4800,3,0.001159
16,47,5000,1,0.001660
16,47,5000,2,0.002429
16,47,5000,3,0.001495
16,49,1000,1,0.001428
16,49,1000,2,0.002211
16,49,1000,3,0.001427
16,49,1200,1,0.001426
16,49,1200,2,0.001110
16,49,1200,3,0.001106
16,49,1400,1,0.001396
16,49,1400,2,0.001646
16,49,1400,3,0.001671
16,49,1600,1,0.001258
16,49,1600,2,0.001156
16,49,1600,3,0.001183
16,49,1800,1,0.002064
16,49,1800,2,0.002417
16,49,1800,3,0.001930
16,49,2000,1,0.001120
16,49,2000,2,0.002157
16,49,2000,3,0.001231
16,49,2200,1,0.001126
16,49,2200,2,0.001484
16,49,2200,3,0.001093
16,49,2400,1,0.002226
16,49,2400,2,0.002026
16,49,2400,3,0.002060
16,49,2600,1,0.002250
16,49,2600,2,0.001570
16,49,2600,3,0.001903
16,49,2800,1,0.001936
16,49,2800,2,0.001225
16,49,2800,3,0.001468
16,49,3000,1,0.001409
16,49,3000,2,0.001578
16,49,3000,3,0.002151
16,49,3200,1,0.001927
16,49,3200,2,nan
16,49,3200,3,0.001642
16,49,3400,1,0.001122
16,49,3400,2,0.002312
16,49,3400,3,0.001288
16,49,3600,1,0.002109
16,49,3600,2,0.001951
16,49,3600,3,0.001763
16,49,3800,1,0.001924
16,49,3800,2,0.002407
16,49,3800,3,0.001817
16,49,4000,1,0.001092
16,49,4000,2,0.002648
16,49,4000,3,0.002039
16,49,4200,1,0.001129
16,49,4200,2,0.002344
16,49,4200,3,0.002411
16,49,4400,1,0.002466
16,49,4400,2,0.002069
16,49,4400,3,0.002485
16,49,4600,1,0.001646
16,49,4600,2,0.001798
16,49,4600,3,0.002357
16,49,4800,1,0.001210
16,49,4800,2,0.002390
16,49,4800,3,0.002042
16,49,5000,1,0.001538
16,49,5000,2,0.002465
16,49,5000,3,0.002173
16,51,1000,1,0.002533
16,51,1000,2,0.002015
16,51,1000,3,0.001160
16,51,1200,1,0.002025
16,51,1200,2,0.002336
16,51,1200,3,0.001584
16,51,1400,1,0.001363
16,51,1400,2,0.001549
16,51,1400,3,0.001557
16,51,1600,1,0.002061
16,51,1600,2,0.002123
16,51,1600,3,0.001864
16,51,1800,1,0.001839
16,51,1800,2,0.002222
16,51,1800,3,0.002252
16,51,2000,1,0.002167
16,51,2000,2,0.001372
16,51,2000,3,0.002322
16,51,2200,1,0.002202
16,51,2200,2,0.001905
16,51,2200,3,0.002019
16,51,2400,1,0.002247
16,51,2400,2,0.002163
16,51,2400,3,0.002269
16,51,2600,1,0.001852
16,51,2600,2,0.001975
16,51,2600,3,0.001529
16,51,2800,1,0.002226
16,51,2800,2,0.001924
16,51,2800,3,0.001898
16,51,3000,1,0.001907
16,51,3000,2,0.001404
16,51,3000,3,0.001527
16,51,3200,1,0.002274
16,51,3200,2,0.002565
16,51,3200,3,0.002050
16,51,3400,1,0.002119
16,51,3400,2,0.001963
16,51,3400,3,0.001899
16,51,3600,1,0.001869
16,51,3600,2,0.001945
16,51,3600,3,0.002470
16,51,3800,1,0.001916
16,51,3800,2,0.002043
16,51,3800,3,0.001407
16,51,4000,1,0.001229
16,51,4000,2,0.002156
16,51,4000,3,0.001326
16,51,4200,1,0.001457
16,51,4200,2,0.001145
16,51,4200,3,0.001221
16,51,4400,1,0.001210
16,51,4400,2,0.002014
16,51,4400,3,0.001147
16,51,4600,1,0.002344
16,51,4600,2,0.001183
16,51,4600,3,nan
16,51,4800,1,0.001255
16,51,4800,2,0.002560
16,51,4800,3,0.002377
16,51,5000,1,0.001257
16,51,5000,2,0.001892
16,51,5000,3,0.002384
16,53,1000,1,0.001649
16,53,1000,2,0.001207
16,53,1000,3,0.002499
16,53,1200,1,0.001312
16,53,1200,2,0.001151
16,53,1200,3,0.001736
16,53,1400,1,0.001319
16,53,1400,2,0.001277
16,53,1400,3,0.001369
16,53,1600,1,0.002219
16,53,1600,2,0.002725
16,53,1600,3,0.002973
16,53,1800,1,0.003141
16,53,1800,2,0.002531
16,53,1800,3,0.001125
16,53,2000,1,0.001313
16,53,2000,2,0.001133
16,53,2000,3,0.001779
16,53,2200,1,0.001463
16,53,2200,2,0.002557
16,53,2200,3,0.001336
16,53,2400,1,0.001260
16,53,2400,2,0.001852
16,53,2400,3,0.001419
16,53,2600,1,0.001100
16,53,2600,2,0.002265
16,53,2600,3,0.002045
16,53,2800,1,0.001191
16,53,2800,2,0.002545
16,53,2800,3,0.001803
16,53,3000,1,0.002541
16,53,3000,2,0.002510
16,53,3000,3,0.001294
16,53,3200,1,0.002030
16,53,3200,2,0.001535
16,53,3200,3,0.001147
16,53,3400,1,0.001971
16,53,3400,2,0.002534
16,53,3400,3,0.001251
16,53,3600,1,0.001435
16,53,3600,2,0.002617
16,53,3600,3,0.002325
16,53,3800,1,0.002012
16,53,3800,2,0.002372
16,53,3800,3,0.001148
16,53,4000,1,0.001524
16,53,4000,2,0.001980
16,53,4000,3,0.002377
16,53,4200,1,0.001087
16,53,4200,2,0.002064
16,53,4200,3,0.001811
16,53,4400,1,0.001247
16,53,4400,2,0.002526
16,53,4400,3,0.002192
16,53,4600,1,0.002625
16,53,4600,2,0.001114
16,53,4600,3,0.002258
16,53,4800,1,0.002887
16,53,4800,2,0.002690
16,53,4800,3,0.001087
16,53,5000,1,0.001939
16,53,5000,2,0.001139
16,53,5000,3,0.002761
16,55,1000,1,0.002566
16,55,1000,2,0.001116
16,55,1000,3,0.002286
16,55,1200,1,0.001470
16,55,1200,2,0.001785
16,55,1200,3,0.001968
16,55,1400,1,0.001334
16,55,1400,2,0.001890
16,55,1400,3,0.001856
16,55,1600,1,0.002057
16,55,1600,2,0.001934
16,55,1600,3,0.002149
16,55,1800,1,0.001830
16,55,1800,2,0.002358
16,55,1800,3,0.002666
16,55,2000,1,0.001854
16,55,2000,2,0.002031
16,55,2000,3,0.003020
16,55,2200,1,0.002695
16,55,2200,2,0.001666
16,55,2200,3,0.002617
16,55,2400,1,0.003042
16,55,2400,2,0.002277
16,55,2400,3,0.001823
16,55,2600,1,0.002312
16,55,2600,2,0.002197
16,55,2600,3,0.001162
16,55,2800,1,0.002497
16,55,2800,2,0.001731
16,55,2800,3,0.001735
16,55,3000,1,0.002158
16,55,3000,2,0.002746
16,55,3000,3,0.001982
16,55,3200,1,0.001258
16,55,3200,2,0.002342
16,55,3200,3,0.001151
16,55,3400,1,0.002611
16,55,3400,2,0.002836
16,55,3400,3,0.002232
16,55,3600,1,0.002634
16,55,3600,2,0.002141
16,55,3600,3,0.002018
16,55,3800,1,0.003134
16,55,3800,2,0.001260
16,55,3800,3,0.002232
16,55,4000,1,0.001948
16,55,4000,2,0.001670
16,55,4000,3,0.002206
16,55,4200,1,0.002823
16,55,4200,2,0.001130
16,55,4200,3,0.002540
16,55,4400,1,0.002323
16,55,4400,2,0.001058
16,55,4400,3,0.002430
16,55,4600,1,0.002061
16,55,4600,2,0.002301
16,55,4600,3,0.001620
16,55,4800,1,0.002089
16,55,4800,2,0.001268
16,55,4800,3,0.001926
16,55,5000,1,0.001752
16,55,5000,2,0.002276
16,55,5000,3,0.001433
16,57,1000,1,0.001950
16,57,1000,2,0.002518
16,57,1000,3,0.002554
16,57,1200,1,0.002388
16,57,1200,2,0.001176
16,57,1200,3,0.002237
16,57,1400,1,0.001662
16,57,1400,2,0.002412
16,57,1400,3,0.002293
16,57,1600,1,0.001663
16,57,1600,2,0.001624
16,57,1600,3,0.001608
16,57,1800,1,0.002104
16,57,1800,2,0.002890
16,57,1800,3,0.001183
16,57,2000,1,0.002673
16,57,2000,2,0.002831
16,57,2000,3,0.002564
16,57,2200,1,0.002413
16,57,2200,2,0.001123
16,57,2200,3,0.002539
16,57,2400,1,0.001206
16,57,2400,2,0.002447
16,57,2400,3,0.001549
16,57,2600,1,0.001737
16,57,2600,2,0.001873
16,57,2600,3,0.002163
16,57,2800,1,0.001193
16,57,2800,2,0.002299
16,57,2800,3,0.001750
16,57,3000,1,0.002641
16,57,3000,2,0.001241
16,57,3000,3,0.002061
16,57,3200,1,0.002738
16,57,3200,2,0.001358
16,57,3200,3,0.002458
16,57,3400,1,0.002327
16,57,3400,2,0.001256
16,57,3400,3,0.002216
16,57,3600,1,0.001144
16,57,3600,2,0.002573
16,57,3600,3,0.002176
16,57,3800,1,0.002374
16,57,3800,2,0.002243
16,57,3800,3,0.001915
16,57,4000,1,0.002698
16,57,4000,2,0.001159
16,57,4000,3,0.001493
16,57,4200,1,0.001868
16,57,4200,2,0.002910
16,57,4200,3,0.002396
16,57,4400,1,0.002138
16,57,4400,2,0.002708
16,57,4400,3,0.002776
16,57,4600,1,0.001221
16,57,4600,2,0.002209
16,57,4600,3,0.002568
16,57,4800,1,0.002149
16,57,4800,2,0.002051
16,57,4800,3,0.001877
16,57,5000,1,0.001181
16,57,5000,2,0.001824
16,57,5000,3,0.002369
16,59,1000,1,0.002265
16,59,1000,2,0.001486
16,59,1000,3,0.002544
16,59,1200,1,0.002016
16,59,1200,2,0.001584
16,59,1200,3,0.003013
16,59,1400,1,0.002721
16,59,1400,2,0.001750
16,59,1400,3,0.002829
16,59,1600,1,0.002710
16,59,1600,2,0.002676
16,59,1600,3,0.002216
16,59,1800,1,0.003172
16,59,1800,2,0.001974
16,59,1800,3,0.002555
16,59,2000,1,0.002770
16,59,2000,2,0.002019
16,59,2000,3,0.002803
16,59,2200,1,0.002845
16,59,2200,2,0.002266
16,59,2200,3,0.001299
16,59,2400,1,0.001942
16,59,2400,2,0.002716
16,59,2400,3,0.001197
16,59,2600,1,0.001996
16,59,2600,2,0.001285
16,59,2600,3,0.001421
16,59,2800,1,0.001218
16,59,2800,2,0.002195
16,59,2800,3,0.002520
16,59,3000,1,0.001251
16,59,3000,2,0.002795
16,59,3000,3,0.001854
16,59,3200,1,0.002127
16,59,3200,2,0.002279
16,59,3200,3,0.002067
16,59,3400,1,0.002961
16,59,3400,2,0.001385
16,59,3400,3,nan
16,59,3600,1,0.001936
16,59,3600,2,0.001482
16,59,3600,3,0.002602
16,59,3800,1,0.002052
16,59,3800,2,0.002315
16,59,3800,3,0.002495
16,59,4000,1,0.002351
16,59,4000,2,0.002737
16,59,4000,3,0.002547
16,59,4200,1,0.002145
16,59,4200,2,0.001387
16,59,4200,3,0.002816
16,59,4400,1,0.001778
16,59,4400,2,0.001831
16,59,4400,3,0.002023
16,59,4600,1,0.001634
16,59,4600,2,0.002315
16,59,4600,3,0.002554
16,59,4800,1,0.002651
16,59,4800,2,0.002464
16,59,4800,3,0.002286
16,59,5000,1,0.002523
16,59,5000,2,0.002380
16,59,5000,3,0.002872
16,61,1000,1,0.001233
16,61,1000,2,0.002211
16,61,1000,3,0.002857
16,61,1200,1,0.002181
16,61,1200,2,0.001725
16,61,1200,3,0.001532
16,61,1400,1,0.001360
16,61,1400,2,0.002373
16,61,1400,3,0.002680
16,61,1600,1,0.001993
16,61,1600,2,0.001955
16,61,1600,3,0.001856
16,61,1800,1,0.003095
16,61,1800,2,0.001414
16,61,1800,3,0.001456
16,61,2000,1,0.002454
16,61,2000,2,0.001701
16,61,2000,3,0.001679
16,61,2200,1,0.001215
16,61,2200,2,0.002547
16,61,2200,3,0.002537
16,61,2400,1,0.003170
16,61,2400,2,0.002703
16,61,2400,3,0.002839
16,61,2600,1,0.001799
16,61,2600,2,0.002522
16,61,2600,3,0.001998
16,61,2800,1,0.002449
16,61,2800,2,0.003368
16,61,2800,3,0.001220
16,61,3000,1,0.001500
16,61,3000,2,0.002852
16,61,3000,3,0.001865
16,61,3200,1,0.002239
16,61,3200,2,0.002087
16,61,3200,3,0.001722
16,61,3400,1,0.002921
16,61,3400,2,0.002657
16,61,3400,3,0.003109
16,61,3600,1,0.002299
16,61,3600,2,0.001201
16,61,3600,3,0.001217
16,61,3800,1,0.001380
16,61,3800,2,0.001386
16,61,3800,3,0.001471
16,61,4000,1,nan
16,61,4000,2,0.001369
16,61,4000,3,0.002924
16,61,4200,1,0.002048
16,61,4200,2,0.001381
16,61,4200,3,0.001410
16,61,4400,1,0.002480
16,61,4400,2,0.001261
16,61,4400,3,0.001303
16,61,4600,1,0.002492
16,61,4600,2,0.002416
16,61,4600,3,0.002056
16,61,4800,1,0.001665
16,61,4800,2,0.002070
16,61,4800,3,0.002539
16,61,5000,1,0.002483
16,61,5000,2,0.002906
16,61,5000,3,0.001397
16,63,1000,1,0.002108
16,63,1000,2,0.001471
16,63,1000,3,0.003372
16,63,1200,1,0.001204
16,63,1200,2,0.002763
16,63,1200,3,0.002477
16,63,1400,1,0.002059
16,63,1400,2,0.002221
16,63,1400,3,0.002675
16,63,1600,1,0.001565
16,63,1600,2,0.002695
16,63,1600,3,0.002955
16,63,1800,1,0.002062
16,63,1800,2,0.002612
16,63,1800,3,0.001691
16,63,2000,1,0.002052
16,63,2000,2,0.002313
16,63,2000,3,0.001784
16,63,2200,1,0.002266
16,63,2200,2,0.002680
16,63,2200,3,0.001903
16,63,2400,1,0.002369
16,63,2400,2,0.001837
16,63,2400,3,0.002690
16,63,2600,1,0.002304
16,63,2600,2,0.002427
16,63,2600,3,0.002622
16,63,2800,1,0.002438
16,63,2800,2,0.001665
16,63,2800,3,0.002445
16,63,3000,1,0.002658
16,63,3000,2,0.001917
16,63,3000,3,0.002165
16,63,3200,1,0.002953
16,63,3200,2,0.003107
16,63,3200,3,0.002751
16,63,3400,1,0.001206
16,63,3400,2,0.002289
16,63,3400,3,0.002669
16,63,3600,1,0.002836
16,63,3600,2,0.002685
16,63,3600,3,0.002924
16,63,3800,1,nan
16,63,3800,2,0.002828
16,63,3800,3,nan
16,63,4000,1,0.001319
16,63,4000,2,0.002259
16,63,4000,3,0.002413
16,63,4200,1,0.002300
16,63,4200,2,0.002588
16,63,4200,3,0.002565
16,63,4400,1,0.001964
16,63,4400,2,0.002582
16,63,4400,3,0.002975
16,63,4600,1,0.002172
16,63,4600,2,0.002354
16,63,4600,3,0.003261
16,63,4800,1,0.002822
16,63,4800,2,0.002429
16,63,4800,3,nan
16,63,5000,1,0.002604
16,63,5000,2,0.002586
16,63,5000,3,0.002226
16,65,1000,1,0.002593
16,65,1000,2,0.001854
16,65,1000,3,0.003211
16,65,1200,1,0.002677
16,65,1200,2,0.002719
16,65,1200,3,0.001481
16,65,1400,1,0.002071
16,65,1400,2,0.002684
16,65,1400,3,0.002247
16,65,1600,1,0.001710
16,65,1600,2,0.003271
16,65,1600,3,0.002928
16,65,1800,1,0.002588
16,65,1800,2,0.002935
16,65,1800,3,0.002866
16,65,2000,1,0.002219
16,65,2000,2,0.002585
16,65,2000,3,0.002188
16,65,2200,1,0.003047
16,65,2200,2,0.002405
16,65,2200,3,0.002002
16,65,2400,1,0.002116
16,65,2400,2,0.003203
16,65,2400,3,0.002509
16,65,2600,1,nan
16,65,2600,2,0.002097
16,65,2600,3,0.003098
16,65,2800,1,0.002732
16,65,2800,2,0.001752
16,65,2800,3,0.001215
16,65,3000,1,0.002482
16,65,3000,2,0.002839
16,65,3000,3,0.002446
16,65,3200,1,0.002558
16,65,3200,2,0.002259
16,65,3200,3,0.002942
16,65,3400,1,0.001966
16,65,3400,2,0.002368
16,65,3400,3,0.001372
16,65,3600,1,0.002300
16,65,3600,2,0.002855
16,65,3600,3,0.001764
16,65,3800,1,0.003219
16,65,3800,2,0.002515
16,65,3800,3,0.002016
16,65,4000,1,0.002918
16,65,4000,2,0.002798
16,65,4000,3,0.001855
16,65,4200,1,0.002845
16,65,4200,2,0.002696
16,65,4200,3,0.002745
16,65,4400,1,0.003108
16,65,4400,2,0.001475
16,65,4400,3,0.002254
16,65,4600,1,0.002729
16,65,4600,2,0.002761
16,65,4600,3,0.001912
16,65,4800,1,0.002623
16,65,4800,2,0.001340
16,65,4800,3,0.002813
16,65,5000,1,0.002119
16,65,5000,2,0.002619
16,65,5000,3,0.001311
16,67,1000,1,0.002009
16,67,1000,2,0.002600
16,67,1000,3,0.003050
16,67,1200,1,0.002735
16,67,1200,2,0.003081
16,67,1200,3,0.001329
16,67,1400,1,0.001869
16,67,1400,2,0.002349
16,67,1400,3,0.002852
16,67,1600,1,0.002441
16,67,1600,2,0.002789
16,67,1600,3,0.001905
16,67,1800,1,0.003129
16,67,1800,2,nan
16,67,1800,3,0.002416
16,67,2000,1,0.002529
16,67,2000,2,0.001798
16,67,2000,3,0.002975
16,67,2200,1,0.002611
16,67,2200,2,0.002883
16,67,2200,3,0.002744
16,67,2400,1,0.001688
16,67,2400,2,0.003101
16,67,2400,3,0.002822
16,67,2600,1,0.002960
16,67,2600,2,0.002237
16,67,2600,3,0.002906
16,67,2800,1,0.003029
16,67,2800,2,0.002204
16,67,2800,3,0.003137
16,67,3000,1,0.003039
16,67,3000,2,0.003406
16,67,3000,3,0.002076
16,67,3200,1,0.003011
16,67,3200,2,0.002919
16,67,3200,3,0.002243
16,67,3400,1,0.002210
16,67,3400,2,0.001985
16,67,3400,3,0.003004
16,67,3600,1,0.002838
16,67,3600,2,0.003406
16,67,3600,3,0.003002
16,67,3800,1,0.003097
16,67,3800,2,0.001317
16,67,3800,3,0.002581
16,67,4000,1,0.002113
16,67,4000,2,0.002551
16,67,4000,3,0.002984
16,67,4200,1,0.003380
16,67,4200,2,0.001733
16,67,4200,3,0.001580
16,67,4400,1,0.002472
16,67,4400,2,0.003393
16,67,4400,3,0.002550
16,67,4600,1,0.002720
16,67,4600,2,0.002346
16,67,4600,3,0.002589
16,67,4800,1,0.001642
16,67,4800,2,0.003038
16,67,4800,3,0.001647
16,67,5000,1,0.002817
16,67,5000,2,0.002635
16,67,5000,3,0.002752
16,69,1000,1,0.003408
16,69,1000,2,0.003016
16,69,1000,3,0.002464
16,69,1200,1,0.002241
16,69,1200,2,0.003300
16,69,1200,3,0.002515
16,69,1400,1,0.002879
16,69,1400,2,0.003297
16,69,1400,3,0.002335
16,69,1600,1,0.001959
16,69,1600,2,0.002784
16,69,1600,3,0.002402
16,69,1800,1,0.002565
16,69,1800,2,0.002688
16,69,1800,3,0.001963
16,69,2000,1,0.003210
16,69,2000,2,0.002026
16,69,2000,3,0.001631
16,69,2200,1,0.002905
16,69,2200,2,0.002980
16,69,2200,3,0.001808
16,69,2400,1,0.002059
16,69,2400,2,0.003019
16,69,2400,3,0.003206
16,69,2600,1,0.002766
16,69,2600,2,0.002739
16,69,2600,3,0.002970
16,69,2800,1,0.002365
16,69,2800,2,0.001422
16,69,2800,3,0.002892
16,69,3000,1,0.002992
16,69,3000,2,0.003410
16,69,3000,3,0.001464
16,69,3200,1,0.003476
16,69,3200,2,0.002499
16,69,3200,3,0.001739
16,69,3400,1,0.002562
16,69,3400,2,0.002773
16,69,3400,3,0.001422
16,69,3600,1,0.003003
16,69,3600,2,0.002088
16,69,3600,3,0.001720
16,69,3800,1,0.002937
16,69,3800,2,0.002634
16,69,3800,3,0.003144
16,69,4000,1,0.003002
16,69,4000,2,0.002443
16,69,4000,3,0.003466
16,69,4200,1,0.002291
16,69,4200,2,0.001507
16,69,4200,3,0.002605
16,69,4400,1,0.002858
16,69,4400,2,0.002514
16,69,4400,3,0.002976
16,69,4600,1,0.003536
16,69,4600,2,0.003158
16,69,4600,3,0.003189
16,69,4800,1,0.002551
16,69,4800,2,0.002615
16,69,4800,3,0.002923
16,69,5000,1,0.002740
16,69,5000,2,0.002894
16,69,5000,3,0.002531
16,71,1000,1,0.002818
16,71,1000,2,0.002684
16,71,1000,3,0.002486
16,71,1200,1,0.002842
16,71,1200,2,0.002381
16,71,1200,3,0.002681
16,71,1400,1,0.002603
16,71,1400,2,0.002975
16,71,1400,3,0.003292
16,71,1600,1,0.002859
16,71,1600,2,0.002992
16,71,1600,3,0.003068
16,71,1800,1,0.002347
16,71,1800,2,0.002090
16,71,1800,3,0.003019
16,71,2000,1,0.003130
16,71,2000,2,0.002777
16,71,2000,3,0.002133
16,71,2200,1,0.002952
16,71,2200,2,0.002261
16,71,2200,3,0.003130
16,71,2400,1,0.003053
16,71,2400,2,0.003047
16,71,2400,3,0.002507
16,71,2600,1,0.002393
16,71,2600,2,0.002289
16,71,2600,3,0.003109
16,71,2800,1,0.002310
16,71,2800,2,0.002347
16,71,2800,3,0.002866
16,71,3000,1,0.002595
16,71,3000,2,0.002840
16,71,3000,3,0.003207
16,71,3200,1,0.002564
16,71,3200,2,0.002264
16,71,3200,3,0.003622
16,71,3400,1,0.003347
16,71,3400,2,0.003108
16,71,3400,3,0.003190
16,71,3600,1,0.003012
16,71,3600,2,0.001810
16,71,3600,3,0.002122
16,71,3800,1,0.002849
16,71,3800,2,0.001682
16,71,3800,3,0.003158
16,71,4000,1,0.002064
16,71,4000,2,0.001662
16,71,4000,3,0.003145
16,71,4200,1,0.002622
16,71,4200,2,0.002630
16,71,4200,3,0.003148
16,71,4400,1,0.002240
16,71,4400,2,0.002437
16,71,4400,3,0.003172
16,71,4600,1,0.003020
16,71,4600,2,0.003215
16,71,4600,3,0.002360
16,71,4800,1,nan
16,71,4800,2,0.002226
16,71,4800,3,0.002821
16,71,5000,1,0.003472
16,71,5000,2,0.002235
16,71,5000,3,0.003619
16,73,1000,1,0.002282
16,73,1000,2,0.002292
16,73,1000,3,0.002692
16,73,1200,1,0.002500
16,73,1200,2,0.003178
16,73,1200,3,0.003257
16,73,1400,1,0.002880
16,73,1400,2,0.003230
16,73,1400,3,0.003484
16,73,1600,1,0.003304
16,73,1600,2,0.002556
16,73,1600,3,0.003772
16,73,1800,1,0.002142
16,73,1800,2,0.002215
16,73,1800,3,0.002514
16,73,2000,1,0.002991
16,73,2000,2,0.002586
16,73,2000,3,0.003441
16,73,2200,1,0.003097
16,73,2200,2,0.003065
16,73,2200,3,0.002649
16,73,2400,1,0.002808
16,73,2400,2,0.002863
16,73,2400,3,0.002302
16,73,2600,1,0.002674
16,73,2600,2,0.001836
16,73,2600,3,0.002758
16,73,2800,1,0.003065
16,73,2800,2,0.002873
16,73,2800,3,0.003094
16,73,3000,1,0.001608
16,73,3000,2,0.002385
16,73,3000,3,0.001813
16,73,3200,1,0.002080
16,73,3200,2,0.002516
16,73,3200,3,0.002972
16,73,3400,1,0.001960
16,73,3400,2,0.003015
16,73,3400,3,0.003335
16,73,3600,1,0.001978
16,73,3600,2,0.003226
16,73,3600,3,0.003184
16,73,3800,1,0.003484
16,73,3800,2,0.002667
16,73,3800,3,0.003346
16,73,4000,1,0.002183
16,73,4000,2,0.002995
16,73,4000,3,0.002973
16,73,4200,1,0.003673
16,73,4200,2,0.003360
16,73,4200,3,0.002242
16,73,4400,1,0.002626
16,73,4400,2,0.003176
16,73,4400,3,0.003035
16,73,4600,1,0.002815
16,73,4600,2,0.003481
16,73,4600,3,0.003126
16,73,4800,1,0.003596
16,73,4800,2,0.003278
16,73,4800,3,0.002704
16,73,5000,1,0.001826
16,73,5000,2,0.002677
16,73,5000,3,0.003415
16,75,1000,1,0.002863
16,75,1000,2,0.003304
16,75,1000,3,0.003654
16,75,1200,1,0.003180
16,75,1200,2,0.001815
16,75,1200,3,0.002302
16,75,1400,1,0.002825
16,75,1400,2,0.002766
16,75,1400,3,0.003211
16,75,1600,1,0.003247
16,75,1600,2,0.002135
16,75,1600,3,0.003131
16,75,1800,1,0.002852
16,75,1800,2,0.003566
16,75,1800,3,0.002876
16,75,2000,1,0.002986
16,75,2000,2,0.002885
16,75,2000,3,0.002763
16,75,2200,1,0.002075
16,75,2200,2,0.002693
16,75,2200,3,0.002296
16,75,2400,1,0.001980
16,75,2400,2,0.002533
16,75,2400,3,0.002509
16,75,2600,1,0.003128
16,75,2600,2,0.001542
16,75,2600,3,0.002127
16,75,2800,1,0.003592
16,75,2800,2,0.003621
16,75,2800,3,0.002005
16,75,3000,1,0.002955
16,75,3000,2,0.003117
16,75,3000,3,0.002897
16,75,3200,1,0.002680
16,75,3200,2,0.003302
16,75,3200,3,0.002435
16,75,3400,1,0.003139
16,75,3400,2,0.001892
16,75,3400,3,0.002930
16,75,3600,1,0.002793
16,75,3600,2,nan
16,75,3600,3,0.003361
16,75,3800,1,0.003088
16,75,3800,2,0.002230
16,75,3800,3,0.002930
16,75,4000,1,0.002778
16,75,4000,2,0.003363
16,75,4000,3,0.003014
16,75,4200,1,0.003165
16,75,4200,2,0.002824
16,75,4200,3,0.002261
16,75,4400,1,0.003199
16,75,4400,2,0.002237
16,75,4400,3,0.002530
16,75,4600,1,0.002627
16,75,4600,2,0.002541
16,75,4600,3,0.003187
16,75,4800,1,0.003153
16,75,4800,2,0.003282
16,75,4800,3,0.002055
16,75,5000,1,0.002127
16,75,5000,2,0.003173
16,75,5000,3,0.003203
16,77,1000,1,0.003250
16,77,1000,2,0.003731
16,77,1000,3,0.002395
16,77,1200,1,0.003078
16,77,1200,2,0.002879
16,77,1200,3,0.003548
16,77,1400,1,0.003281
16,77,1400,2,0.003364
16,77,1400,3,0.002609
16,77,1600,1,0.003514
16,77,1600,2,0.003280
16,77,1600,3,0.002220
16,77,1800,1,0.002063
16,77,1800,2,0.003635
16,77,1800,3,0.002888
16,77,2000,1,0.003308
16,77,2000,2,0.003117
16,77,2000,3,0.002618
16,77,2200,1,0.002834
16,77,2200,2,0.002638
16,77,2200,3,0.002823
16,77,2400,1,0.002002
16,77,2400,2,0.003307
16,77,2400,3,0.003142
16,77,2600,1,0.002402
16,77,2600,2,0.003123
16,77,2600,3,0.003116
16,77,2800,1,nan
16,77,2800,2,0.001805
16,77,2800,3,0.003346
16,77,3000,1,0.003558
16,77,3000,2,0.002804
16,77,3000,3,0.003339
16,77,3200,1,0.003368
16,77,3200,2,0.002802
16,77,3200,3,0.002572
16,77,3400,1,0.002761
16,77,3400,2,0.003357
16,77,3400,3,0.004049
16,77,3600,1,0.002762
16,77,3600,2,0.003218
16,77,3600,3,0.002422
16,77,3800,1,0.002295
16,77,3800,2,0.002530
16,77,3800,3,0.003661
16,77,4000,1,0.003304
16,77,4000,2,0.003633
16,77,4000,3,0.003178
16,77,4200,1,0.002516
16,77,4200,2,0.003259
16,77,4200,3,0.001979
16,77,4400,1,0.003413
16,77,4400,2,0.003037
16,77,4400,3,0.002841
16,77,4600,1,0.002807
16,77,4600,2,0.002677
16,77,4600,3,0.002245
16,77,4800,1,0.003313
16,77,4800,2,0.003400
16,77,4800,3,0.001710
16,77,5000,1,0.002517
16,77,5000,2,0.002391
16,77,5000,3,0.003582
16,79,1000,1,0.002768
16,79,1000,2,0.003546
16,79,1000,3,nan
16,79,1200,1,0.002701
16,79,1200,2,0.002900
16,79,1200,3,0.002664
16,79,1400,1,0.001742
16,79,1400,2,0.003276
16,79,1400,3,0.001870
16,79,1600,1,0.003508
16,79,1600,2,0.003380
16,79,1600,3,0.002557
16,79,1800,1,0.001508
16,79,1800,2,0.002435
16,79,1800,3,0.003223
16,79,2000,1,0.003670
16,79,2000,2,0.002774
16,79,2000,3,0.003785
16,79,2200,1,0.003266
16,79,2200,2,0.003310
16,79,2200,3,0.001847
16,79,2400,1,0.002464
16,79,2400,2,0.003974
16,79,2400,3,0.003259
16,79,2600,1,0.003074
16,79,2600,2,0.003014
16,79,2600,3,0.003815
16,79,2800,1,0.002517
16,79,2800,2,0.002977
16,79,2800,3,0.003369
16,79,3000,1,0.002029
16,79,3000,2,0.002987
16,79,3000,3,0.003143
16,79,3200,1,0.002481
16,79,3200,2,0.003350
16,79,3200,3,0.002981
16,79,3400,1,0.004021
16,79,3400,2,0.002821
16,79,3400,3,0.003386
16,79,3600,1,0.002644
16,79,3600,2,0.003285
16,79,3600,3,0.003540
16,79,3800,1,0.002765
16,79,3800,2,0.003360
16,79,3800,3,0.003245
16,79,4000,1,0.002687
16,79,4000,2,0.003247
16,79,4000,3,0.002085
16,79,4200,1,0.003165
16,79,4200,2,0.003213
16,79,4200,3,0.003763
16,79,4400,1,0.003046
16,79,4400,2,0.003537
16,79,4400,3,0.003389
16,79,4600,1,0.003351
16,79,4600,2,0.003145
16,79,4600,3,0.003361
16,79,4800,1,0.003904
16,79,4800,2,0.001665
16,79,4800,3,0.003976
16,79,5000,1,0.003455
16,79,5000,2,0.003073
16,79,5000,3,0.003459
16,81,1000,1,0.003089
16,81,1000,2,0.003140
16,81,1000,3,0.004018
16,81,1200,1,0.003236
16,81,1200,2,0.003675
16,81,1200,3,0.002662
16,81,1400,1,0.002833
16,81,1400,2,0.002642
16,81,1400,3,0.003348
16,81,1600,1,0.003670
16,81,1600,2,0.002696
16,81,1600,3,0.002913
16,81,1800,1,0.003392
16,81,1800,2,0.004089
16,81,1800,3,0.003375
16,81,2000,1,0.003811
16,81,2000,2,0.002964
16,81,2000,3,0.002516
16,81,2200,1,0.002616
16,81,2200,2,0.002714
16,81,2200,3,0.002863
16,81,2400,1,0.002889
16,81,2400,2,0.003166
16,81,2400,3,0.003279
16,81,2600,1,0.003380
16,81,2600,2,0.002384
16,81,2600,3,0.003084
16,81,2800,1,0.003699
16,81,2800,2,0.003031
16,81,2800,3,0.002831
16,81,3000,1,0.003091
16,81,3000,2,0.002707
16,81,3000,3,0.001567
16,81,3200,1,0.003728
16,81,3200,2,0.002588
16,81,3200,3,0.002984
16,81,3400,1,0.003092
16,81,3400,2,0.003628
16,81,3400,3,0.003102
16,81,3600,1,0.002177
16,81,3600,2,0.001917
16,81,3600,3,0.003491
16,81,3800,1,0.002501
16,81,3800,2,0.003312
16,81,3800,3,0.003091
16,81,4000,1,0.003033
16,81,4000,2,0.002469
16,81,4000,3,0.003754
16,81,4200,1,0.002297
16,81,4200,2,0.003703
16,81,4200,3,0.002889
16,81,4400,1,0.002660
16,81,4400,2,0.001983
16,81,4400,3,0.002487
16,81,4600,1,0.003593
16,81,4600,2,0.002949
16,81,4600,3,0.003371
16,81,4800,1,0.003235
16,81,4800,2,0.003470
16,81,4800,3,0.002587
16,81,5000,1,nan
16,81,5000,2,0.002313
16,81,5000,3,0.002012
16,83,1000,1,0.003740
16,83,1000,2,0.003077
16,83,1000,3,0.002928
16,83,1200,1,0.002753
16,83,1200,2,0.002056
16,83,1200,3,0.002682
16,83,1400,1,0.003432
16,83,1400,2,0.003254
16,83,1400,3,0.002591
16,83,1600,1,0.003232
16,83,1600,2,0.002511
16,83,1600,3,0.002473
16,83,1800,1,0.002807
16,83,1800,2,0.002455
16,83,1800,3,0.003694
16,83,2000,1,0.003292
16,83,2000,2,0.003391
16,83,2000,3,0.002315
16,83,2200,1,0.002110
16,83,2200,2,0.003404
16,83,2200,3,0.002716
16,83,2400,1,0.002966
16,83,2400,2,0.002601
16,83,2400,3,0.003604
16,83,2600,1,0.003202
16,83,2600,2,0.002649
16,83,2600,3,0.003463
16,83,2800,1,0.002623
16,83,2800,2,0.003272
16,83,2800,3,0.003004
16,83,3000,1,0.003852
16,83,3000,2,0.003370
16,83,3000,3,0.003623
16,83,3200,1,0.001939
16,83,3200,2,0.003829
16,83,3200,3,0.003520
16,83,3400,1,0.001792
16,83,3400,2,0.002913
16,83,3400,3,0.003016
16,83,3600,1,0.003128
16,83,3600,2,0.004101
16,83,3600,3,0.003256
16,83,3800,1,0.003402
16,83,3800,2,0.003590
16,83,3800,3,0.003207
16,83,4000,1,0.004026
16,83,4000,2,0.001824
16,83,4000,3,0.002712
16,83,4200,1,0.001899
16,83,4200,2,0.001695
16,83,4200,3,0.003095
16,83,4400,1,0.003580
16,83,4400,2,0.002611
16,83,4400,3,0.003355
16,83,4600,1,0.002850
16,83,4600,2,0.003540
16,83,4600,3,0.003230
16,83,4800,1,0.003277
16,83,4800,2,0.003477
16,83,4800,3,0.003129
16,83,5000,1,0.003117
16,83,5000,2,0.003175
16,83,5000,3,0.002536
16,85,1000,1,0.002922
16,85,1000,2,0.003227
16,85,1000,3,0.003758
16,85,1200,1,0.003386
16,85,1200,2,0.003224
16,85,1200,3,0.003745
16,85,1400,1,0.003057
16,85,1400,2,0.003932
16,85,1400,3,0.002338
16,85,1600,1,0.003484
16,85,1600,2,0.001701
16,85,1600,3,0.003688
16,85,1800,1,0.002943
16,85,1800,2,0.003485
16,85,1800,3,0.003040
16,85,2000,1,0.003084
16,85,2000,2,0.003414
16,85,2000,3,0.003864
16,85,2200,1,0.004172
16,85,2200,2,0.002950
16,85,2200,3,0.003042
16,85,2400,1,0.004149
16,85,2400,2,0.003561
16,85,2400,3,0.003737
16,85,2600,1,0.003112
16,85,2600,2,0.003023
16,85,2600,3,0.003079
16,85,2800,1,0.002437
16,85,2800,2,0.003123
16,85,2800,3,0.003556
16,85,3000,1,0.003265
16,85,3000,2,0.003975
16,85,3000,3,0.003693
16,85,3200,1,0.003668
16,85,3200,2,0.003684
16,85,3200,3,0.003410
16,85,3400,1,0.003609
16,85,3400,2,0.003749
16,85,3400,3,0.003249
16,85,3600,1,0.003542
16,85,3600,2,0.001738
16,85,3600,3,0.003451
16,85,3800,1,0.002847
16,85,3800,2,0.003458
16,85,3800,3,0.003183
16,85,4000,1,0.003586
16,85,4000,2,0.004027
16,85,4000,3,0.001898
16,85,4200,1,0.003038
16,85,4200,2,0.002943
16,85,4200,3,nan
16,85,4400,1,0.003215
16,85,4400,2,0.002976
16,85,4400,3,0.003926
16,85,4600,1,0.003899
16,85,4600,2,0.003462
16,85,4600,3,0.003443
16,85,4800,1,0.002650
16,85,4800,2,0.002962
16,85,4800,3,0.002938
16,85,5000,1,0.003553
16,85,5000,2,0.003229
16,85,5000,3,0.003792
16,87,1000,1,0.003685
16,87,1000,2,0.002262
16,87,1000,3,0.002729
16,87,1200,1,0.002162
16,87,1200,2,0.003292
16,87,1200,3,0.002137
16,87,1400,1,0.002802
16,87,1400,2,0.002550
16,87,1400,3,0.003380
16,87,1600,1,0.003628
16,87,1600,2,0.003668
16,87,1600,3,0.003815
16,87,1800,1,0.002857
16,87,1800,2,0.003101
16,87,1800,3,0.001805
16,87,2000,1,0.003999
16,87,2000,2,0.003370
16,87,2000,3,0.003679
16,87,2200,1,0.003227
16,87,2200,2,0.002549
16,87,2200,3,0.002731
16,87,2400,1,0.003243
16,87,2400,2,0.003800
16,87,2400,3,0.003002
16,87,2600,1,0.003571
16,87,2600,2,0.002657
16,87,2600,3,0.001932
16,87,2800,1,0.001945
16,87,2800,2,0.003860
16,87,2800,3,nan
16,87,3000,1,0.004271
16,87,3000,2,0.003785
16,87,3000,3,0.003012
16,87,3200,1,0.002910
16,87,3200,2,0.003015
16,87,3200,3,0.002879
16,87,3400,1,0.002630
16,87,3400,2,0.002775
16,87,3400,3,0.002177
16,87,3600,1,0.003006
16,87,3600,2,0.001505
16,87,3600,3,0.003056
16,87,3800,1,0.002800
16,87,3800,2,0.003462
16,87,3800,3,0.002770
16,87,4000,1,0.004200
16,87,4000,2,0.002443
16,87,4000,3,nan
16,87,4200,1,0.003423
16,87,4200,2,0.002843
16,87,4200,3,0.002566
16,87,4400,1,0.003920
16,87,4400,2,0.003474
16,87,4400,3,0.003078
16,87,4600,1,0.003409
16,87,4600,2,0.002487
16,87,4600,3,0.003472
16,87,4800,1,0.002874
16,87,4800,2,0.002992
16,87,4800,3,0.003278
16,87,5000,1,0.002667
16,87,5000,2,0.002993
16,87,5000,3,0.002860
16,89,1000,1,0.003295
16,89,1000,2,0.002389
16,89,1000,3,0.002888
16,89,1200,1,0.003376
16,89,1200,2,0.002828
16,89,1200,3,0.004092
16,89,1400,1,0.003249
16,89,1400,2,0.002959
16,89,1400,3,0.003749
16,89,1600,1,0.003517
16,89,1600,2,0.003192
16,89,1600,3,0.004110
16,89,1800,1,0.003297
16,89,1800,2,0.001994
16,89,1800,3,0.003842
16,89,2000,1,0.003334
16,89,2000,2,0.002543
16,89,2000,3,0.003611
16,89,2200,1,0.003798
16,89,2200,2,0.002948
16,89,2200,3,0.003179
16,89,2400,1,0.003083
16,89,2400,2,0.004288
16,89,2400,3,0.003198
16,89,2600,1,0.002761
16,89,2600,2,0.003744
16,89,2600,3,0.003709
16,89,2800,1,0.003075
16,89,2800,2,0.003315
16,89,2800,3,0.003430
16,89,3000,1,0.003159
16,89,3000,2,0.003534
16,89,3000,3,0.001990
16,89,3200,1,0.003594
16,89,3200,2,0.003910
16,89,3200,3,0.003083
16,89,3400,1,0.003823
16,89,3400,2,0.001846
16,89,3400,3,0.003309
16,89,3600,1,0.003438
16,89,3600,2,0.004018
16,89,3600,3,0.004546
16,89,3800,1,0.003360
16,89,3800,2,0.002523
16,89,3800,3,0.002342
16,89,4000,1,0.003532
16,89,4000,2,0.003505
16,89,4000,3,nan
16,89,4200,1,0.002983
16,89,4200,2,0.003531
16,89,4200,3,0.003677
16,89,4400,1,nan
16,89,4400,2,0.001893
16,89,4400,3,0.002445
16,89,4600,1,nan
16,89,4600,2,0.002538
16,89,4600,3,0.002189
16,89,4800,1,0.003933
16,89,4800,2,0.003976
16,89,4800,3,0.004175
16,89,5000,1,0.002960
16,89,5000,2,0.004361
16,89,5000,3,0.003860
16,91,1000,1,0.003661
16,91,1000,2,0.001426
16,91,1000,3,0.004176
16,91,1200,1,0.003105
16,91,1200,2,0.003730
16,91,1200,3,0.003316
16,91,1400,1,0.003033
16,91,1400,2,0.003547
16,91,1400,3,0.003470
16,91,1600,1,0.004229
16,91,1600,2,0.002846
16,91,1600,3,0.001978
16,91,1800,1,0.004076
16,91,1800,2,0.003773
16,91,1800,3,0.003259
16,91,2000,1,0.003906
16,91,2000,2,0.003581
16,91,2000,3,0.003372
16,91,2200,1,0.003714
16,91,2200,2,0.003835
16,91,2200,3,0.003072
16,91,2400,1,0.002624
16,91,2400,2,0.003207
16,91,2400,3,0.002301
16,91,2600,1,0.004179
16,91,2600,2,0.002779
16,91,2600,3,0.004095
16,91,2800,1,0.002672
16,91,2800,2,0.003158
16,91,2800,3,0.003673
16,91,3000,1,0.004046
16,91,3000,2,0.002991
16,91,3000,3,0.003648
16,91,3200,1,0.002804
16,91,3200,2,0.003301
16,91,3200,3,0.003926
16,91,3400,1,0.002634
16,91,3400,2,0.004044
16,91,3400,3,0.002923
16,91,3600,1,0.003573
16,91,3600,2,0.004379
16,91,3600,3,0.003752
16,91,3800,1,0.002965
16,91,3800,2,0.003521
16,91,3800,3,0.003619
16,91,4000,1,0.003712
16,91,4000,2,0.002725
16,91,4000,3,0.003267
16,91,4200,1,0.003631
16,91,4200,2,0.002176
16,91,4200,3,0.003167
16,91,4400,1,0.003694
16,91,4400,2,0.004014
16,91,4400,3,0.003337
16,91,4600,1,0.003268
16,91,4600,2,0.003600
16,91,4600,3,0.003911
16,91,4800,1,0.004134
16,91,4800,2,0.003413
16,91,4800,3,0.003615
16,91,5000,1,0.002835
16,91,5000,2,0.003371
16,91,5000,3,0.003367
16,93,1000,1,0.004074
16,93,1000,2,0.003866
16,93,1000,3,0.003397
16,93,1200,1,0.002964
16,93,1200,2,0.004266
16,93,1200,3,0.004269
16,93,1400,1,0.003619
16,93,1400,2,0.003709
16,93,1400,3,0.003885
16,93,1600,1,0.004700
16,93,1600,2,0.003892
16,93,1600,3,0.003141
16,93,1800,1,0.003343
16,93,1800,2,nan
16,93,1800,3,0.003994
16,93,2000,1,0.003288
16,93,2000,2,0.002683
16,93,2000,3,0.003566
16,93,2200,1,0.003927
16,93,2200,2,0.002789
16,93,2200,3,0.004073
16,93,2400,1,0.003662
16,93,2400,2,0.002990
16,93,2400,3,0.003510
16,93,2600,1,0.003547
16,93,2600,2,0.003691
16,93,2600,3,0.001859
16,93,2800,1,0.003673
16,93,2800,2,0.002939
16,93,2800,3,0.004377
16,93,3000,1,0.002094
16,93,3000,2,0.002900
16,93,3000,3,0.004463
16,93,3200,1,0.003370
16,93,3200,2,0.002866
16,93,3200,3,0.003634
16,93,3400,1,0.003806
16,93,3400,2,0.003617
16,93,3400,3,0.004247
16,93,3600,1,0.002548
16,93,3600,2,0.003291
16,93,3600,3,0.002882
16,93,3800,1,0.002499
16,93,3800,2,0.004007
16,93,3800,3,0.004289
16,93,4000,1,0.003365
16,93,4000,2,0.003743
16,93,4000,3,0.002949
16,93,4200,1,0.003101
16,93,4200,2,0.003783
16,93,4200,3,0.002375
16,93,4400,1,0.003502
16,93,4400,2,0.004120
16,93,4400,3,0.003212
16,93,4600,1,0.004376
16,93,4600,2,0.002446
16,93,4600,3,0.004170
16,93,4800,1,0.003298
16,93,4800,2,0.004370
16,93,4800,3,0.002557
16,93,5000,1,0.002767
16,93,5000,2,0.002792
16,93,5000,3,0.004561
16,95,1000,1,0.003370
16,95,1000,2,0.004313
16,95,1000,3,0.002745
16,95,1200,1,0.002505
16,95,1200,2,0.003564
16,95,1200,3,0.003698
16,95,1400,1,0.003482
16,95,1400,2,0.004955
16,95,1400,3,0.004491
16,95,1600,1,0.004305
16,95,1600,2,0.002944
16,95,1600,3,0.003340
16,95,1800,1,0.004625
16,95,1800,2,0.002943
16,95,1800,3,0.002772
16,95,2000,1,0.003255
16,95,2000,2,0.004078
16,95,2000,3,0.003763
16,95,2200,1,0.003556
16,95,2200,2,0.003890
16,95,2200,3,0.004446
16,95,2400,1,0.004077
16,95,2400,2,0.003876
16,95,2400,3,0.003916
16,95,2600,1,0.003723
16,95,2600,2,0.003348
16,95,2600,3,0.003479
16,95,2800,1,0.003712
16,95,2800,2,0.003073
16,95,2800,3,0.004015
16,95,3000,1,0.004585
16,95,3000,2,0.003584
16,95,3000,3,0.003595
16,95,3200,1,0.003941
16,95,3200,2,0.004360
16,95,3200,3,0.003306
16,95,3400,1,0.005072
16,95,3400,2,0.002378
16,95,3400,3,0.004594
16,95,3600,1,0.003339
16,95,3600,2,0.003157
16,95,3600,3,0.003442
16,95,3800,1,0.004298
16,95,3800,2,0.003179
16,95,3800,3,0.004058
16,95,4000,1,0.004907
16,95,4000,2,0.003259
16,95,4000,3,0.004031
16,95,4200,1,0.003933
16,95,4200,2,0.003618
16,95,4200,3,0.003604
16,95,4400,1,0.003305
16,95,4400,2,0.003353
16,95,4400,3,0.004000
16,95,4600,1,0.004392
16,95,4600,2,0.002627
16,95,4600,3,0.004434
16,95,4800,1,0.004644
16,95,4800,2,0.002432
16,95,4800,3,0.004997
16,95,5000,1,0.003396
16,95,5000,2,0.002527
16,95,5000,3,0.004822
16,97,1000,1,0.004539
16,97,1000,2,0.004926
16,97,1000,3,0.004362
16,97,1200,1,0.004903
16,97,1200,2,0.004677
16,97,1200,3,0.004207
16,97,1400,1,0.003398
16,97,1400,2,0.004386
16,97,1400,3,0.004212
16,97,1600,1,0.002467
16,97,1600,2,0.002736
16,97,1600,3,nan
16,97,1800,1,0.004860
16,97,1800,2,0.003215
16,97,1800,3,0.002155
16,97,2000,1,0.004032
16,97,2000,2,0.005483
16,97,2000,3,0.004355
16,97,2200,1,0.003882
16,97,2200,2,0.003745
16,97,2200,3,0.004325
16,97,2400,1,0.002986
16,97,2400,2,0.004290
16,97,2400,3,0.004694
16,97,2600,1,0.003305
16,97,2600,2,0.003939
16,97,2600,3,0.002893
16,97,2800,1,0.003809
16,97,2800,2,0.003314
16,97,2800,3,0.004339
16,97,3000,1,0.003229
16,97,3000,2,0.004241
16,97,3000,3,0.004291
16,97,3200,1,0.004092
16,97,3200,2,0.003374
16,97,3200,3,nan
16,97,3400,1,0.004558
16,97,3400,2,0.003753
16,97,3400,3,0.003713
16,97,3600,1,0.002960
16,97,3600,2,0.004231
16,97,3600,3,0.003985
16,97,3800,1,0.003377
16,97,3800,2,0.004090
16,97,3800,3,0.004201
16,97,4000,1,0.004145
16,97,4000,2,0.003782
16,97,4000,3,0.005073
16,97,4200,1,0.004352
16,97,4200,2,0.003805
16,97,4200,3,0.002995
16,97,4400,1,0.004122
16,97,4400,2,0.002894
16,97,4400,3,0.004268
16,97,4600,1,0.004139
16,97,4600,2,0.003811
16,97,4600,3,0.003160
16,97,4800,1,0.003538
16,97,4800,2,0.004351
16,97,4800,3,0.004725
16,97,5000,1,0.004396
16,97,5000,2,0.004251
16,97,5000,3,0.004172
16,99,1000,1,0.004548
16,99,1000,2,0.004222
16,99,1000,3,0.004638
16,99,1200,1,0.004195
16,99,1200,2,0.003500
16,99,1200,3,0.004301
16,99,1400,1,0.004808
16,99,1400,2,0.003565
16,99,1400,3,0.004969
16,99,1600,1,0.004447
16,99,1600,2,0.004652
16,99,1600,3,0.003499
16,99,1800,1,0.002400
16,99,1800,2,0.004190
16,99,1800,3,0.004083
16,99,2000,1,0.004342
16,99,2000,2,0.004498
16,99,2000,3,0.004555
16,99,2200,1,0.003730
16,99,2200,2,0.003326
16,99,2200,3,0.003940
16,99,2400,1,0.003717
16,99,2400,2,0.003583
16,99,2400,3,0.003209
16,99,2600,1,0.003128
16,99,2600,2,0.002932
16,99,2600,3,nan
16,99,2800,1,nan
16,99,2800,2,0.002971
16,99,2800,3,0.004515
16,99,3000,1,0.003176
16,99,3000,2,0.004104
16,99,3000,3,0.004460
16,99,3200,1,0.003301
16,99,3200,2,0.005298
16,99,3200,3,0.002928
16,99,3400,1,0.003759
16,99,3400,2,0.004227
16,99,3400,3,0.003828
16,99,3600,1,nan
16,99,3600,2,0.003694
16,99,3600,3,0.003212
16,99,3800,1,0.004490
16,99,3800,2,0.004929
16,99,3800,3,0.004026
16,99,4000,1,0.004310
16,99,4000,2,0.004722
16,99,4000,3,0.004358
16,99,4200,1,0.004115
16,99,4200,2,0.003762
16,99,4200,3,0.005060
16,99,4400,1,0.005107
16,99,4400,2,0.003441
16,99,4400,3,nan
16,99,4600,1,0.004720
16,99,4600,2,0.005401
16,99,4600,3,0.004859
16,99,4800,1,0.004018
16,99,4800,2,0.004048
16,99,4800,3,0.003544
16,99,5000,1,0.004570
16,99,5000,2,0.002256
16,99,5000,3,0.002298
16,101,1000,1,0.005231
16,101,1000,2,0.004021
16,101,1000,3,0.005277
16,101,1200,1,0.004290
16,101,1200,2,0.003743
16,101,1200,3,0.004723
16,101,1400,1,0.004603
16,101,1400,2,0.004606
16,101,1400,3,0.004574
16,101,1600,1,0.004974
16,101,1600,2,0.004258
16,101,1600,3,0.005592
16,101,1800,1,0.005385
16,101,1800,2,0.006126
16,101,1800,3,0.005249
16,101,2000,1,0.005316
16,101,2000,2,0.004968
16,101,2000,3,0.003829
16,101,2200,1,0.004638
16,101,2200,2,0.004059
16,101,2200,3,0.004352
16,101,2400,1,0.004227
16,101,2400,2,0.005011
16,101,2400,3,0.003026
16,101,2600,1,0.003906
16,101,2600,2,0.005448
16,101,2600,3,0.003785
16,101,2800,1,0.004561
16,101,2800,2,nan
16,101,2800,3,0.003126
16,101,3000,1,0.003459
16,101,3000,2,0.003788
16,101,3000,3,0.003464
16,101,3200,1,0.004033
16,101,3200,2,0.004637
16,101,3200,3,0.004674
16,101,3400,1,0.003636
16,101,3400,2,0.002667
16,101,3400,3,0.005771
16,101,3600,1,0.005280
16,101,3600,2,0.005018
16,101,3600,3,0.004851
16,101,3800,1,0.003187
16,101,3800,2,0.004722
16,101,3800,3,0.003987
16,101,4000,1,0.003359
16,101,4000,2,0.004656
16,101,4000,3,0.004996
16,101,4200,1,0.003986
16,101,4200,2,0.005380
16,101,4200,3,0.004691
16,101,4400,1,0.002988
16,101,4400,2,0.004402
16,101,4400,3,0.004886
16,101,4600,1,0.003911
16,101,4600,2,0.004333
16,101,4600,3,0.005188
16,101,4800,1,0.003962
16,101,4800,2,0.004433
16,101,4800,3,0.003417
16,101,5000,1,0.004657
16,101,5000,2,0.004791
16,101,5000,3,0.004313
16,103,1000,1,0.004835
16,103,1000,2,0.004653
16,103,1000,3,0.004112
16,103,1200,1,0.004327
16,103,1200,2,0.004343
16,103,1200,3,0.005158
16,103,1400,1,0.005068
16,103,1400,2,0.004405
16,103,1400,3,0.004148
16,103,1600,1,0.003569
16,103,1600,2,0.002665
16,103,1600,3,0.005275
16,103,1800,1,0.004717
16,103,1800,2,0.003678
16,103,1800,3,0.003591
16,103,2000,1,0.003669
16,103,2000,2,0.004868
16,103,2000,3,0.004505
16,103,2200,1,0.004081
16,103,2200,2,0.005441
16,103,2200,3,0.003490
16,103,2400,1,0.004508
16,103,2400,2,0.004092
16,103,2400,3,0.005161
16,103,2600,1,0.004230
16,103,2600,2,0.004190
16,103,2600,3,0.003251
16,103,2800,1,0.005049
16,103,2800,2,0.002515
16,103,2800,3,0.003785
16,103,3000,1,nan
16,103,3000,2,0.003957
16,103,3000,3,0.004890
16,103,3200,1,0.004119
16,103,3200,2,0.005916
16,103,3200,3,0.005188
16,103,3400,1,0.004428
16,103,3400,2,0.004334
16,103,3400,3,0.004803
16,103,3600,1,0.005706
16,103,3600,2,0.005461
16,103,3600,3,0.004461
16,103,3800,1,0.002802
16,103,3800,2,0.004102
16,103,3800,3,0.004962
16,103,4000,1,0.005140
16,103,4000,2,0.004976
16,103,4000,3,0.004917
16,103,4200,1,0.004605
16,103,4200,2,0.005225
16,103,4200,3,0.004121
16,103,4400,1,0.006063
16,103,4400,2,0.004818
16,103,4400,3,0.004991
16,103,4600,1,0.005171
16,103,4600,2,nan
16,103,4600,3,0.004350
16,103,4800,1,0.003390
16,103,4800,2,0.005015
16,103,4800,3,0.004654
16,103,5000,1,0.004741
16,103,5000,2,0.003075
16,103,5000,3,0.004983
16,105,1000,1,0.005458
16,105,1000,2,0.003009
16,105,1000,3,0.003682
16,105,1200,1,0.005794
16,105,1200,2,0.004452
16,105,1200,3,0.005051
16,105,1400,1,0.005205
16,105,1400,2,0.005361
16,105,1400,3,0.003009
16,105,1600,1,0.003848
16,105,1600,2,0.005273
16,105,1600,3,0.005344
16,105,1800,1,0.003600
16,105,1800,2,0.004999
16,105,1800,3,0.005478
16,105,2000,1,0.005686
16,105,2000,2,0.005194
16,105,2000,3,0.003656
16,105,2200,1,0.003971
16,105,2200,2,0.005499
16,105,2200,3,0.003721
16,105,2400,1,0.004221
16,105,2400,2,0.004882
16,105,2400,3,0.005046
16,105,2600,1,0.005146
16,105,2600,2,0.005196
16,105,2600,3,0.005863
16,105,2800,1,0.003811
16,105,2800,2,0.004976
16,105,2800,3,0.004828
16,105,3000,1,0.004708
16,105,3000,2,0.005815
16,105,3000,3,0.004076
16,105,3200,1,0.004640
16,105,3200,2,0.004721
16,105,3200,3,0.003926
16,105,3400,1,0.005012
16,105,3400,2,0.004395
16,105,3400,3,nan
16,105,3600,1,0.004071
16,105,3600,2,0.003792
16,105,3600,3,0.005451
16,105,3800,1,0.005480
16,105,3800,2,0.005177
16,105,3800,3,0.004786
16,105,4000,1,0.005384
16,105,4000,2,0.004350
16,105,4000,3,0.004616
16,105,4200,1,0.004509
16,105,4200,2,0.005098
16,105,4200,3,0.004372
16,105,4400,1,0.004532
16,105,4400,2,0.005364
16,105,4400,3,0.003651
16,105,4600,1,0.005720
16,105,4600,2,0.004979
16,105,4600,3,0.004998
16,105,4800,1,0.003490
16,105,4800,2,0.003698
16,105,4800,3,0.005095
16,105,5000,1,0.003653
16,105,5000,2,0.004577
16,105,5000,3,0.002962
16,107,1000,1,0.005111
16,107,1000,2,0.004715
16,107,1000,3,0.004126
16,107,1200,1,0.004841
16,107,1200,2,0.005306
16,107,1200,3,0.004267
16,107,1400,1,0.005137
16,107,1400,2,0.003608
16,107,1400,3,0.004727
16,107,1600,1,0.004163
16,107,1600,2,0.003742
16,107,1600,3,0.003677
16,107,1800,1,0.005944
16,107,1800,2,0.005820
16,107,1800,3,0.005663
16,107,2000,1,0.005960
16,107,2000,2,0.004522
16,107,2000,3,0.004563
16,107,2200,1,0.002477
16,107,2200,2,0.005450
16,107,2200,3,0.005570
16,107,2400,1,0.004905
16,107,2400,2,0.005628
16,107,2400,3,0.004731
16,107,2600,1,0.004791
16,107,2600,2,0.005956
16,107,2600,3,0.004787
16,107,2800,1,0.004025
16,107,2800,2,0.004137
16,107,2800,3,0.004124
16,107,3000,1,0.005684
16,107,3000,2,0.004979
16,107,3000,3,0.003439
16,107,3200,1,0.004567
16,107,3200,2,0.005044
16,107,3200,3,0.002879
16,107,3400,1,0.005060
16,107,3400,2,0.005238
16,107,3400,3,0.005434
16,107,3600,1,0.004679
16,107,3600,2,0.004843
16,107,3600,3,0.005259
16,107,3800,1,0.004364
16,107,3800,2,0.005003
16,107,3800,3,0.004768
16,107,4000,1,0.005907
16,107,4000,2,0.005658
16,107,4000,3,0.005302
16,107,4200,1,0.004595
16,107,4200,2,0.004079
16,107,4200,3,0.005067
16,107,4400,1,0.004963
16,107,4400,2,0.005449
16,107,4400,3,0.004097
16,107,4600,1,0.004391
16,107,4600,2,0.004856
16,107,4600,3,0.003135
16,107,4800,1,0.003435
16,107,4800,2,0.004676
16,107,4800,3,0.003844
16,107,5000,1,0.005444
16,107,5000,2,0.005162
16,107,5000,3,0.005183
16,109,1000,1,0.005632
16,109,1000,2,0.005426
16,109,1000,3,0.005422
16,109,1200,1,0.003616
16,109,1200,2,0.003337
16,109,1200,3,0.004964
16,109,1400,1,0.004580
16,109,1400,2,0.005418
16,109,1400,3,0.005212
16,109,1600,1,0.004759
16,109,1600,2,0.004569
16,109,1600,3,0.005604
16,109,1800,1,0.005816
16,109,1800,2,0.005342
16,109,1800,3,0.005900
16,109,2000,1,0.005166
16,109,2000,2,0.005062
16,109,2000,3,0.004179
16,109,2200,1,0.005071
16,109,2200,2,0.004969
16,109,2200,3,0.005839
16,109,2400,1,0.005642
16,109,2400,2,0.003427
16,109,2400,3,0.004400
16,109,2600,1,0.004570
16,109,2600,2,0.004853
16,109,2600,3,0.004956
16,109,2800,1,0.005760
16,109,2800,2,0.005653
16,109,2800,3,0.005851
16,109,3000,1,0.005508
16,109,3000,2,0.005325
16,109,3000,3,0.005437
16,109,3200,1,0.004528
16,109,3200,2,0.002737
16,109,3200,3,0.005373
16,109,3400,1,0.004507
16,109,3400,2,0.003608
16,109,3400,3,0.004562
16,109,3600,1,0.005530
16,109,3600,2,0.005181
16,109,3600,3,0.004230
16,109,3800,1,0.006658
16,109,3800,2,0.004348
16,109,3800,3,0.005159
16,109,4000,1,0.005232
16,109,4000,2,0.005037
16,109,4000,3,0.003822
16,109,4200,1,0.005738
16,109,4200,2,0.005279
16,109,4200,3,0.005924
16,109,4400,1,0.004156
16,109,4400,2,0.004781
16,109,4400,3,0.005641
16,109,4600,1,0.005770
16,109,4600,2,0.004961
16,109,4600,3,0.004917
16,109,4800,1,0.004957
16,109,4800,2,0.005474
16,109,4800,3,0.005574
16,109,5000,1,0.005278
16,109,5000,2,0.003983
16,109,5000,3,0.005668
16,111,1000,1,0.004732
16,111,1000,2,0.004259
16,111,1000,3,0.006170
16,111,1200,1,0.004183
16,111,1200,2,0.005574
16,111,1200,3,0.004919
16,111,1400,1,0.005785
16,111,1400,2,0.005726
16,111,1400,3,0.005380
16,111,1600,1,0.004234
16,111,1600,2,0.005314
16,111,1600,3,0.004749
16,111,1800,1,0.005274
16,111,1800,2,0.005181
16,111,1800,3,0.005563
16,111,2000,1,0.003141
16,111,2000,2,0.004705
16,111,2000,3,0.005419
16,111,2200,1,0.004504
16,111,2200,2,0.005243
16,111,2200,3,0.003814
16,111,2400,1,0.004751
16,111,2400,2,0.005227
16,111,2400,3,0.005496
16,111,2600,1,0.005497
16,111,2600,2,0.004999
16,111,2600,3,0.005422
16,111,2800,1,0.005598
16,111,2800,2,0.003877
16,111,2800,3,0.004020
16,111,3000,1,0.004292
16,111,3000,2,0.003997
16,111,3000,3,0.005942
16,111,3200,1,0.003888
16,111,3200,2,0.005170
16,111,3200,3,0.005691
16,111,3400,1,0.004244
16,111,3400,2,0.006033
16,111,3400,3,0.004270
16,111,3600,1,0.004206
16,111,3600,2,0.005437
16,111,3600,3,0.005676
16,111,3800,1,0.005099
16,111,3800,2,0.003314
16,111,3800,3,0.005893
16,111,4000,1,0.005362
16,111,4000,2,0.005836
16,111,4000,3,0.004500
16,111,4200,1,0.005053
16,111,4200,2,0.004789
16,111,4200,3,0.004916
16,111,4400,1,0.005094
16,111,4400,2,0.005427
16,111,4400,3,0.004908
16,111,4600,1,0.004271
16,111,4600,2,0.005344
16,111,4600,3,0.005357
16,111,4800,1,0.005146
16,111,4800,2,0.005918
16,111,4800,3,0.005185
16,111,5000,1,0.004428
16,111,5000,2,0.005060
16,111,5000,3,0.004257
16,113,1000,1,0.004861
16,113,1000,2,0.004447
16,113,1000,3,0.005984
16,113,1200,1,0.004672
16,113,1200,2,0.005501
16,113,1200,3,0.004782
16,113,1400,1,0.005257
16,113,1400,2,0.005740
16,113,1400,3,0.005280
16,113,1600,1,0.005893
16,113,1600,2,0.004792
16,113,1600,3,0.005560
16,113,1800,1,0.004404
16,113,1800,2,0.005602
16,113,1800,3,0.003417
16,113,2000,1,0.005970
16,113,2000,2,0.004436
16,113,2000,3,0.005811
16,113,2200,1,0.005514
16,113,2200,2,0.005683
16,113,2200,3,0.004926
16,113,2400,1,0.004360
16,113,2400,2,0.003643
16,113,2400,3,0.003317
16,113,2600,1,0.004729
16,113,2600,2,0.005072
16,113,2600,3,0.004859
16,113,2800,1,0.003874
16,113,2800,2,0.004815
16,113,2800,3,0.005658
16,113,3000,1,0.004861
16,113,3000,2,0.005274
16,113,3000,3,0.005024
16,113,3200,1,0.005373
16,113,3200,2,0.006264
16,113,3200,3,0.005909
16,113,3400,1,0.005319
16,113,3400,2,0.005256
16,113,3400,3,0.005095
16,113,3600,1,0.004218
16,113,3600,2,0.004754
16,113,3600,3,0.004609
16,113,3800,1,0.005035
16,113,3800,2,0.004801
16,113,3800,3,0.005765
16,113,4000,1,0.005801
16,113,4000,2,0.005358
16,113,4000,3,0.005083
16,113,4200,1,0.005738
16,113,4200,2,0.005646
16,113,4200,3,0.006211
16,113,4400,1,0.005861
16,113,4400,2,0.005477
16,113,4400,3,0.005013
16,113,4600,1,0.005573
16,113,4600,2,0.005501
16,113,4600,3,0.005194
16,113,4800,1,0.004013
16,113,4800,2,0.006235
16,113,4800,3,0.005595
16,113,5000,1,0.005406
16,113,5000,2,0.005312
16,113,5000,3,0.004278
16,115,1000,1,0.005568
16,115,1000,2,0.005158
16,115,1000,3,0.005219
16,115,1200,1,0.003903
16,115,1200,2,0.005884
16,115,1200,3,0.004432
16,115,1400,1,0.004123
16,115,1400,2,0.005953
16,115,1400,3,0.004988
16,115,1600,1,0.005248
16,115,1600,2,0.005210
16,115,1600,3,0.005405
16,115,1800,1,0.004080
16,115,1800,2,0.005958
16,115,1800,3,0.005833
16,115,2000,1,0.004210
16,115,2000,2,0.005258
16,115,2000,3,0.006271
16,115,2200,1,0.003907
16,115,2200,2,0.004956
16,115,2200,3,0.004407
16,115,2400,1,0.005752
16,115,2400,2,0.005894
16,115,2400,3,0.005111
16,115,2600,1,0.005618
16,115,2600,2,0.004563
16,115,2600,3,0.005347
16,115,2800,1,0.005275
16,115,2800,2,0.005649
16,115,2800,3,0.004993
16,115,3000,1,0.005282
16,115,3000,2,0.005257
16,115,3000,3,0.006117
16,115,3200,1,0.005379
16,115,3200,2,0.004147
16,115,3200,3,0.004923
16,115,3400,1,0.005019
16,115,3400,2,0.004818
16,115,3400,3,0.005318
16,115,3600,1,0.005876
16,115,3600,2,0.005588
16,115,3600,3,0.006184
16,115,3800,1,0.005238
16,115,3800,2,0.003523
16,115,3800,3,0.005492
16,115,4000,1,0.006305
16,115,4000,2,0.005699
16,115,4000,3,0.005103
16,115,4200,1,0.005091
16,115,4200,2,0.005605
16,115,4200,3,0.005647
16,115,4400,1,0.003750
16,115,4400,2,0.005611
16,115,4400,3,0.005312
16,115,4600,1,0.006060
16,115,4600,2,0.005020
16,115,4600,3,0.005341
16,115,4800,1,0.004944
16,115,4800,2,0.005063
16,115,4800,3,0.004849
16,115,5000,1,0.004855
16,115,5000,2,0.005673
16,115,5000,3,0.005249
16,117,1000,1,0.004327
16,117,1000,2,0.005494
16,117,1000,3,0.006468
16,117,1200,1,0.005610
16,117,1200,2,0.005872
16,117,1200,3,0.005243
16,117,1400,1,0.006304
16,117,1400,2,0.004606
16,117,1400,3,0.006141
16,117,1600,1,0.005101
16,117,1600,2,0.004677
16,117,1600,3,0.004458
16,117,1800,1,0.005273
16,117,1800,2,0.004858
16,117,1800,3,0.005234
16,117,2000,1,0.005409
16,117,2000,2,0.006106
16,117,2000,3,0.006163
16,117,2200,1,0.004289
16,117,2200,2,0.005858
16,117,2200,3,0.005301
16,117,2400,1,0.004802
16,117,2400,2,0.004257
16,117,2400,3,0.004680
16,117,2600,1,0.005303
16,117,2600,2,0.005727
16,117,2600,3,0.005531
16,117,2800,1,0.003913
16,117,2800,2,0.004570
16,117,2800,3,0.004358
16,117,3000,1,0.005008
16,117,3000,2,0.006117
16,117,3000,3,0.005232
16,117,3200,1,0.005658
16,117,3200,2,0.005774
16,117,3200,3,0.005469
16,117,3400,1,0.004108
16,117,3400,2,0.004018
16,117,3400,3,0.006340
16,117,3600,1,0.004740
16,117,3600,2,0.005089
16,117,3600,3,0.005291
16,117,3800,1,0.005852
16,117,3800,2,0.004794
16,117,3800,3,0.005242
16,117,4000,1,0.003771
16,117,4000,2,0.004953
16,117,4000,3,0.004538
16,117,4200,1,0.005726
16,117,4200,2,0.004474
16,117,4200,3,0.004920
16,117,4400,1,0.005387
16,117,4400,2,0.005776
16,117,4400,3,0.004728
16,117,4600,1,0.005438
16,117,4600,2,0.006098
16,117,4600,3,0.005246
16,117,4800,1,0.006358
16,117,4800,2,0.005529
16,117,4800,3,0.006203
16,117,5000,1,nan
16,117,5000,2,0.005205
16,117,5000,3,0.005732
16,119,1000,1,0.004563
16,119,1000,2,0.005569
16,119,1000,3,0.004793
16,119,1200,1,0.004794
16,119,1200,2,0.005055
16,119,1200,3,0.005469
16,119,1400,1,0.005430
16,119,1400,2,0.005023
16,119,1400,3,0.005667
16,119,1600,1,0.003065
16,119,1600,2,0.005654
16,119,1600,3,0.005195
16,119,1800,1,0.005845
16,119,1800,2,0.006246
16,119,1800,3,0.006404
16,119,2000,1,0.005628
16,119,2000,2,0.005086
16,119,2000,3,0.005141
16,119,2200,1,0.005221
16,119,2200,2,0.004564
16,119,2200,3,0.005643
16,119,2400,1,0.005294
16,119,2400,2,0.005910
16,119,2400,3,0.005762
16,119,2600,1,0.005420
16,119,2600,2,0.006130
16,119,2600,3,0.004095
16,119,2800,1,0.005664
16,119,2800,2,0.005680
16,119,2800,3,0.005698
16,119,3000,1,0.005338
16,119,3000,2,0.005066
16,119,3000,3,0.006208
16,119,3200,1,0.005769
16,119,3200,2,0.004640
16,119,3200,3,0.005502
16,119,3400,1,0.005380
16,119,3400,2,0.005471
16,119,3400,3,0.005730
16,119,3600,1,0.004988
16,119,3600,2,0.004768
16,119,3600,3,0.006050
16,119,3800,1,0.006344
16,119,3800,2,0.005909
16,119,3800,3,0.004998
16,119,4000,1,0.004732
16,119,4000,2,0.005469
16,119,4000,3,0.006529
16,119,4200,1,0.005876
16,119,4200,2,0.006075
16,119,4200,3,0.005800
16,119,4400,1,0.005380
16,119,4400,2,0.005149
16,119,4400,3,0.005459
16,119,4600,1,0.004578
16,119,4600,2,0.004968
16,119,4600,3,0.003561
16,119,4800,1,0.005632
16,119,4800,2,0.006017
16,119,4800,3,0.005314
16,119,5000,1,0.005464
16,119,5000,2,0.006005
16,119,5000,3,0.005599
16,121,1000,1,0.005898
16,121,1000,2,0.005947
16,121,1000,3,0.005678
16,121,1200,1,0.004939
16,121,1200,2,0.005680
16,121,1200,3,0.006239
16,121,1400,1,0.005566
16,121,1400,2,0.005076
16,121,1400,3,0.005081
16,121,1600,1,0.005214
16,121,1600,2,0.004299
16,121,1600,3,0.004615
16,121,1800,1,0.005058
16,121,1800,2,0.005633
16,121,1800,3,0.005567
16,121,2000,1,0.005020
16,121,2000,2,0.006584
16,121,2000,3,0.005899
16,121,2200,1,0.005896
16,121,2200,2,0.005712
16,121,2200,3,0.005832
16,121,2400,1,0.004401
16,121,2400,2,0.004181
16,121,2400,3,0.005301
16,121,2600,1,0.005384
16,121,2600,2,0.005365
16,121,2600,3,0.005440
16,121,2800,1,0.005428
16,121,2800,2,0.006027
16,121,2800,3,0.005156
16,121,3000,1,0.005276
16,121,3000,2,0.005544
16,121,3000,3,0.006420
16,121,3200,1,0.004514
16,121,3200,2,0.005107
16,121,3200,3,0.005454
16,121,3400,1,0.004850
16,121,3400,2,nan
16,121,3400,3,0.004916
16,121,3600,1,0.004789
16,121,3600,2,0.005707
16,121,3600,3,0.005358
16,121,3800,1,0.004724
16,121,3800,2,0.005115
16,121,3800,3,0.005370
16,121,4000,1,0.006557
16,121,4000,2,0.005389
16,121,4000,3,0.005682
16,121,4200,1,0.005246
16,121,4200,2,0.005157
16,121,4200,3,0.006215
16,121,4400,1,0.004711
16,121,4400,2,0.006086
16,121,4400,3,0.005514
16,121,4600,1,0.005755
16,121,4600,2,0.006058
16,121,4600,3,0.005818
16,121,4800,1,0.005206
16,121,4800,2,0.005440
16,121,4800,3,0.005308
16,121,5000,1,0.006329
16,121,5000,2,0.004258
16,121,5000,3,0.004741
16,123,1000,1,0.004826
16,123,1000,2,0.004206
16,123,1000,3,0.005022
16,123,1200,1,0.004964
16,123,1200,2,0.006010
16,123,1200,3,0.005731
16,123,1400,1,0.005121
16,123,1400,2,0.003829
16,123,1400,3,0.003892
16,123,1600,1,0.004859
16,123,1600,2,0.005535
16,123,1600,3,0.005912
16,123,1800,1,0.005838
16,123,1800,2,0.005754
16,123,1800,3,0.005455
16,123,2000,1,0.005979
16,123,2000,2,0.006006
16,123,2000,3,0.005177
16,123,2200,1,0.005436
16,123,2200,2,0.005193
16,123,2200,3,0.004698
16,123,2400,1,0.005491
16,123,2400,2,0.006052
16,123,2400,3,0.006174
16,123,2600,1,0.005743
16,123,2600,2,0.005026
16,123,2600,3,0.005882
16,123,2800,1,0.005147
16,123,2800,2,0.005592
16,123,2800,3,0.005719
16,123,3000,1,0.006151
16,123,3000,2,0.005041
16,123,3000,3,0.005900
16,123,3200,1,0.005471
16,123,3200,2,0.005051
16,123,3200,3,0.005505
16,123,3400,1,0.005449
16,123,3400,2,0.005690
16,123,3400,3,0.004525
16,123,3600,1,0.005633
16,123,3600,2,0.004674
16,123,3600,3,0.005783
16,123,3800,1,0.004948
16,123,3800,2,0.005817
16,123,3800,3,0.005134
16,123,4000,1,0.005219
16,123,4000,2,0.004467
16,123,4000,3,0.005875
16,123,4200,1,0.005650
16,123,4200,2,0.004536
16,123,4200,3,0.004881
16,123,4400,1,0.005363
16,123,4400,2,0.006004
16,123,4400,3,0.005748
16,123,4600,1,0.006358
16,123,4600,2,0.004651
16,123,4600,3,0.004370
16,123,4800,1,0.005990
16,123,4800,2,0.005782
16,123,4800,3,0.005888
16,123,5000,1,0.005139
16,123,5000,2,0.005113
16,123,5000,3,0.004384
16,125,1000,1,0.006130
16,125,1000,2,0.004562
16,125,1000,3,0.006089
16,125,1200,1,0.005143
16,125,1200,2,0.006219
16,125,1200,3,0.005669
16,125,1400,1,0.005126
16,125,1400,2,0.005159
16,125,1400,3,0.006027
16,125,1600,1,0.006423
16,125,1600,2,0.006473
16,125,1600,3,0.006512
16,125,1800,1,0.006162
16,125,1800,2,0.005611
16,125,1800,3,0.006287
16,125,2000,1,0.005806
16,125,2000,2,0.005281
16,125,2000,3,0.005137
16,125,2200,1,0.005028
16,125,2200,2,0.005567
16,125,2200,3,0.005870
16,125,2400,1,0.006423
16,125,2400,2,0.005698
16,125,2400,3,0.005591
16,125,2600,1,0.005283
16,125,2600,2,0.005607
16,125,2600,3,0.005822
16,125,2800,1,0.005867
16,125,2800,2,0.004600
16,125,2800,3,0.005437
16,125,3000,1,0.006098
16,125,3000,2,0.005387
16,125,3000,3,0.005547
16,125,3200,1,0.004517
16,125,3200,2,0.005843
16,125,3200,3,0.005964
16,125,3400,1,0.005243
16,125,3400,2,0.005892
16,125,3400,3,0.004685
16,125,3600,1,0.004271
16,125,3600,2,0.005221
16,125,3600,3,0.004096
16,125,3800,1,0.006534
16,125,3800,2,0.006011
16,125,3800,3,0.006251
16,125,4000,1,0.006517
16,125,4000,2,0.005848
16,125,4000,3,0.004227
16,125,4200,1,0.005246
16,125,4200,2,0.005782
16,125,4200,3,0.005241
16,125,4400,1,0.005862
16,125,4400,2,0.005649
16,125,4400,3,0.005112
16,125,4600,1,0.004875
16,125,4600,2,0.005841
16,125,4600,3,0.005887
16,125,4800,1,0.006453
16,125,4800,2,0.004469
16,125,4800,3,0.006030
16,125,5000,1,0.005083
16,125,5000,2,0.005765
16,125,5000,3,0.006119
16,127,1000,1,0.005382
16,127,1000,2,0.005430
16,127,1000,3,0.005987
16,127,1200,1,0.006503
16,127,1200,2,0.005252
16,127,1200,3,0.005811
16,127,1400,1,0.006328
16,127,1400,2,0.006774
16,127,1400,3,0.005773
16,127,1600,1,nan
16,127,1600,2,0.004735
16,127,1600,3,0.006242
16,127,1800,1,0.004270
16,127,1800,2,0.006274
16,127,1800,3,0.005027
16,127,2000,1,0.005789
16,127,2000,2,0.005096
16,127,2000,3,0.004447
16,127,2200,1,0.005671
16,127,2200,2,0.005835
16,127,2200,3,0.005697
16,127,2400,1,0.006045
16,127,2400,2,0.006004
16,127,2400,3,nan
16,127,2600,1,0.006684
16,127,2600,2,0.005444
16,127,2600,3,0.005961
16,127,2800,1,nan
16,127,2800,2,0.005657
16,127,2800,3,0.006375
16,127,3000,1,0.005834
16,127,3000,2,0.005835
16,127,3000,3,0.005994
16,127,3200,1,0.006131
16,127,3200,2,0.005408
16,127,3200,3,0.006179
16,127,3400,1,0.006138
16,127,3400,2,0.005369
16,127,3400,3,0.005150
16,127,3600,1,0.006163
16,127,3600,2,0.004803
16,127,3600,3,0.005819
16,127,3800,1,0.006261
16,127,3800,2,0.005378
16,127,3800,3,nan
16,127,4000,1,0.006821
16,127,4000,2,0.006122
16,127,4000,3,0.005284
16,127,4200,1,0.005405
16,127,4200,2,0.005538
16,127,4200,3,0.005494
16,127,4400,1,0.006104
16,127,4400,2,0.005957
16,127,4400,3,0.006794
16,127,4600,1,0.005169
16,127,4600,2,0.005897
16,127,4600,3,0.005749
16,127,4800,1,0.005730
16,127,4800,2,0.005773
16,127,4800,3,0.006169
16,127,5000,1,0.005523
16,127,5000,2,0.005885
16,127,5000,3,0.005791
16,129,1000,1,0.004831
16,129,1000,2,0.005820
16,129,1000,3,0.004890
16,129,1200,1,0.006036
16,129,1200,2,0.005194
16,129,1200,3,0.006113
16,129,1400,1,0.005876
16,129,1400,2,0.006054
16,129,1400,3,0.006156
16,129,1600,1,0.006588
16,129,1600,2,0.004924
16,129,1600,3,0.005777
16,129,1800,1,0.005552
16,129,1800,2,0.006134
16,129,1800,3,0.005555
16,129,2000,1,0.006412
16,129,2000,2,0.005140
16,129,2000,3,0.005682
16,129,2200,1,0.006086
16,129,2200,2,0.006000
16,129,2200,3,0.005991
16,129,2400,1,0.005350
16,129,2400,2,0.006066
16,129,2400,3,0.006156
16,129,2600,1,0.004772
16,129,2600,2,0.005908
16,129,2600,3,0.005903
16,129,2800,1,0.006061
16,129,2800,2,0.004989
16,129,2800,3,0.006608
16,129,3000,1,0.006403
16,129,3000,2,0.006723
16,129,3000,3,0.005009
16,129,3200,1,0.006739
16,129,3200,2,0.005163
16,129,3200,3,0.005648
16,129,3400,1,0.006162
16,129,3400,2,0.004671
16,129,3400,3,0.006048
16,129,3600,1,0.006416
16,129,3600,2,0.005465
16,129,3600,3,0.005914
16,129,3800,1,0.005684
16,129,3800,2,0.005925
16,129,3800,3,0.004937
16,129,4000,1,0.006520
16,129,4000,2,0.006048
16,129,4000,3,0.005904
16,129,4200,1,0.005228
16,129,4200,2,0.006337
16,129,4200,3,0.004940
16,129,4400,1,0.006067
16,129,4400,2,0.006691
16,129,4400,3,0.005871
16,129,4600,1,0.004314
16,129,4600,2,0.005454
16,129,4600,3,0.005934
16,129,4800,1,0.006635
16,129,4800,2,0.004669
16,129,4800,3,0.004599
16,129,5000,1,0.006854
16,129,5000,2,0.005172
16,129,5000,3,0.006720
16,131,1000,1,0.006696
16,131,1000,2,0.005179
16,131,1000,3,0.005402
16,131,1200,1,0.005388
16,131,1200,2,0.006703
16,131,1200,3,0.005691
16,131,1400,1,0.005501
16,131,1400,2,0.005997
16,131,1400,3,0.007091
16,131,1600,1,0.005706
16,131,1600,2,0.006560
16,131,1600,3,0.005975
16,131,1800,1,0.004971
16,131,1800,2,0.006124
16,131,1800,3,0.003970
16,131,2000,1,0.006784
16,131,2000,2,0.005708
16,131,2000,3,0.005721
16,131,2200,1,0.006328
16,131,2200,2,0.005294
16,131,2200,3,0.006553
16,131,2400,1,0.005850
16,131,2400,2,0.003760
16,131,2400,3,0.006771
16,131,2600,1,0.005969
16,131,2600,2,0.006275
16,131,2600,3,0.005771
16,131,2800,1,0.004804
16,131,2800,2,0.005923
16,131,2800,3,0.003441
16,131,3000,1,0.006172
16,131,3000,2,0.005552
16,131,3000,3,0.005515
16,131,3200,1,0.005537
16,131,3200,2,0.006309
16,131,3200,3,0.006843
16,131,3400,1,0.006033
16,131,3400,2,0.005477
16,131,3400,3,0.006429
16,131,3600,1,0.005676
16,131,3600,2,0.005641
16,131,3600,3,0.005709
16,131,3800,1,0.006748
16,131,3800,2,0.006354
16,131,3800,3,0.005965
16,131,4000,1,0.006065
16,131,4000,2,0.005325
16,131,4000,3,0.006571
16,131,4200,1,0.004732
16,131,4200,2,0.004125
16,131,4200,3,0.005854
16,131,4400,1,0.005598
16,131,4400,2,0.004873
16,131,4400,3,0.006565
16,131,4600,1,0.006239
16,131,4600,2,0.005737
16,131,4600,3,0.006036
16,131,4800,1,0.005961
16,131,4800,2,0.006838
16,131,4800,3,0.006097
16,131,5000,1,0.005800
16,131,5000,2,0.004977
16,131,5000,3,0.006007
16,133,1000,1,0.005552
16,133,1000,2,0.005371
16,133,1000,3,0.006299
16,133,1200,1,0.005418
16,133,1200,2,0.005533
16,133,1200,3,0.005201
16,133,1400,1,0.005737
16,133,1400,2,0.006246
16,133,1400,3,0.005627
16,133,1600,1,0.004970
16,133,1600,2,0.005024
16,133,1600,3,0.005298
16,133,1800,1,0.005900
16,133,1800,2,0.006530
16,133,1800,3,0.005498
16,133,2000,1,0.004779
16,133,2000,2,0.006490
16,133,2000,3,0.006372
16,133,2200,1,0.005081
16,133,2200,2,0.005660
16,133,2200,3,0.005167
16,133,2400,1,0.006100
16,133,2400,2,0.006426
16,133,2400,3,0.005733
16,133,2600,1,0.004327
16,133,2600,2,0.005561
16,133,2600,3,0.006581
16,133,2800,1,0.005281
16,133,2800,2,0.005736
16,133,2800,3,0.006308
16,133,3000,1,0.005388
16,133,3000,2,0.006379
16,133,3000,3,0.007378
16,133,3200,1,0.005509
16,133,3200,2,0.006180
16,133,3200,3,0.004755
16,133,3400,1,0.005428
16,133,3400,2,0.004853
16,133,3400,3,0.005075
16,133,3600,1,0.007041
16,133,3600,2,0.005114
16,133,3600,3,0.006402
16,133,3800,1,0.005076
16,133,3800,2,0.006567
16,133,3800,3,0.006276
16,133,4000,1,0.006232
16,133,4000,2,0.005839
16,133,4000,3,0.006669
16,133,4200,1,0.005847
16,133,4200,2,0.006504
16,133,4200,3,0.006276
16,133,4400,1,0.004636
16,133,4400,2,0.006622
16,133,4400,3,0.005175
16,133,4600,1,0.004888
16,133,4600,2,0.005145
16,133,4600,3,0.006514
16,133,4800,1,0.006704
16,133,4800,2,0.007196
16,133,4800,3,0.005820
16,133,5000,1,0.004626
16,133,5000,2,0.004859
16,133,5000,3,0.004778
16,135,1000,1,0.005707
16,135,1000,2,0.005676
16,135,1000,3,0.005663
16,135,1200,1,0.004777
16,135,1200,2,0.004462
16,135,1200,3,0.005623
16,135,1400,1,0.005109
16,135,1400,2,0.005609
16,135,1400,3,0.004491
16,135,1600,1,0.005807
16,135,1600,2,0.006794
16,135,1600,3,0.005851
16,135,1800,1,0.004980
16,135,1800,2,0.006652
16,135,1800,3,0.005964
16,135,2000,1,0.006075
16,135,2000,2,0.006351
16,135,2000,3,0.005494
16,135,2200,1,0.006802
16,135,2200,2,0.006437
16,135,2200,3,0.005829
16,135,2400,1,0.006943
16,135,2400,2,0.006669
16,135,2400,3,0.005818
16,135,2600,1,0.005042
16,135,2600,2,0.005716
16,135,2600,3,0.006740
16,135,2800,1,0.006719
16,135,2800,2,0.006492
16,135,2800,3,0.005147
16,135,3000,1,0.005982
16,135,3000,2,0.004590
16,135,3000,3,0.007020
16,135,3200,1,0.006488
16,135,3200,2,0.006972
16,135,3200,3,0.007592
16,135,3400,1,0.005697
16,135,3400,2,0.006067
16,135,3400,3,0.004132
16,135,3600,1,0.005877
16,135,3600,2,0.006450
16,135,3600,3,0.006067
16,135,3800,1,0.005492
16,135,3800,2,0.005497
16,135,3800,3,0.006449
16,135,4000,1,0.004821
16,135,4000,2,0.006898
16,135,4000,3,0.006848
16,135,4200,1,0.006174
16,135,4200,2,0.006001
16,135,4200,3,0.005863
16,135,4400,1,0.005970
16,135,4400,2,0.006358
16,135,4400,3,0.006467
16,135,4600,1,0.005680
16,135,4600,2,0.005486
16,135,4600,3,0.005940
16,135,4800,1,0.006338
16,135,4800,2,0.005108
16,135,4800,3,0.006463
16,135,5000,1,0.004327
16,135,5000,2,0.006346
16,135,5000,3,0.005954
16,137,1000,1,0.006602
16,137,1000,2,0.005502
16,137,1000,3,0.006421
16,137,1200,1,0.006127
16,137,1200,2,0.005838
16,137,1200,3,0.006157
16,137,1400,1,0.006237
16,137,1400,2,0.006107
16,137,1400,3,0.005330
16,137,1600,1,0.006726
16,137,1600,2,0.006390
16,137,1600,3,0.005873
16,137,1800,1,0.006070
16,137,1800,2,0.006869
16,137,1800,3,0.006007
16,137,2000,1,0.006326
16,137,2000,2,0.006642
16,137,2000,3,0.006705
16,137,2200,1,0.004039
16,137,2200,2,0.007091
16,137,2200,3,0.005704
16,137,2400,1,0.005556
16,137,2400,2,0.006959
16,137,2400,3,0.004998
16,137,2600,1,0.006658
16,137,2600,2,0.004764
16,137,2600,3,0.005541
16,137,2800,1,0.004873
16,137,2800,2,0.004946
16,137,2800,3,0.005121
16,137,3000,1,0.005631
16,137,3000,2,0.006275
16,137,3000,3,0.004769
16,137,3200,1,0.005355
16,137,3200,2,0.006524
16,137,3200,3,0.006798
16,137,3400,1,0.005902
16,137,3400,2,0.006084
16,137,3400,3,0.005478
16,137,3600,1,0.006178
16,137,3600,2,0.005540
16,137,3600,3,0.006237
16,137,3800,1,0.006997
16,137,3800,2,0.005799
16,137,3800,3,0.004751
16,137,4000,1,0.005136
16,137,4000,2,0.006351
16,137,4000,3,0.005842
16,137,4200,1,0.005278
16,137,4200,2,0.005020
16,137,4200,3,0.006900
16,137,4400,1,0.005269
16,137,4400,2,0.006792
16,137,4400,3,0.005521
16,137,4600,1,0.006300
16,137,4600,2,0.006821
16,137,4600,3,0.005863
16,137,4800,1,0.006741
16,137,4800,2,0.007162
16,137,4800,3,0.006054
16,137,5000,1,0.006418
16,137,5000,2,0.005448
16,137,5000,3,0.005997
16,139,1000,1,0.006097
16,139,1000,2,0.006212
16,139,1000,3,0.005478
16,139,1200,1,0.004546
16,139,1200,2,0.007021
16,139,1200,3,0.005365
16,139,1400,1,0.006675
16,139,1400,2,0.006168
16,139,1400,3,0.004864
16,139,1600,1,0.005560
16,139,1600,2,0.005408
16,139,1600,3,0.006823
16,139,1800,1,0.005182
16,139,1800,2,0.006094
16,139,1800,3,0.005539
16,139,2000,1,0.004588
16,139,2000,2,0.007004
16,139,2000,3,0.006776
16,139,2200,1,0.006653
16,139,2200,2,0.005947
16,139,2200,3,0.006715
16,139,2400,1,0.006982
16,139,2400,2,0.005692
16,139,2400,3,0.006477
16,139,2600,1,0.005301
16,139,2600,2,0.006422
16,139,2600,3,0.006654
16,139,2800,1,0.006204
16,139,2800,2,0.005228
16,139,2800,3,0.006263
16,139,3000,1,0.005156
16,139,3000,2,0.006076
16,139,3000,3,0.005273
16,139,3200,1,0.005422
16,139,3200,2,0.005834
16,139,3200,3,0.007285
16,139,3400,1,0.005261
16,139,3400,2,0.005427
16,139,3400,3,0.006791
16,139,3600,1,0.006551
16,139,3600,2,0.006132
16,139,3600,3,0.004630
16,139,3800,1,0.005050
16,139,3800,2,nan
16,139,3800,3,0.005452
16,139,4000,1,0.006946
16,139,4000,2,0.006817
16,139,4000,3,0.007068
16,139,4200,1,0.004938
16,139,4200,2,0.006101
16,139,4200,3,0.006392
16,139,4400,1,0.005872
16,139,4400,2,0.006245
16,139,4400,3,0.006578
16,139,4600,1,0.006678
16,139,4600,2,0.007366
16,139,4600,3,0.006804
16,139,4800,1,0.006765
16,139,4800,2,0.004808
16,139,4800,3,0.006682
16,139,5000,1,0.005061
16,139,5000,2,0.006362
16,139,5000,3,0.007453
16,141,1000,1,0.005940
16,141,1000,2,0.005871
16,141,1000,3,0.006643
16,141,1200,1,0.006841
16,141,1200,2,0.005224
16,141,1200,3,0.006413
16,141,1400,1,0.005654
16,141,1400,2,0.006076
16,141,1400,3,0.005671
16,141,1600,1,0.006520
16,141,1600,2,0.006813
16,141,1600,3,0.005447
16,141,1800,1,0.006446
16,141,1800,2,0.005704
16,141,1800,3,0.006301
16,141,2000,1,0.005880
16,141,2000,2,0.005094
16,141,2000,3,0.007126
16,141,2200,1,0.005778
16,141,2200,2,0.005962
16,141,2200,3,0.006356
16,141,2400,1,0.006402
16,141,2400,2,0.006748
16,141,2400,3,0.006106
16,141,2600,1,0.005922
16,141,2600,2,0.006751
16,141,2600,3,0.005248
16,141,2800,1,0.005283
16,141,2800,2,0.006274
16,141,2800,3,0.004367
16,141,3000,1,0.006164
16,141,3000,2,0.006314
16,141,3000,3,0.006652
16,141,3200,1,0.006339
16,141,3200,2,0.005881
16,141,3200,3,0.004750
16,141,3400,1,0.005728
16,141,3400,2,0.006437
16,141,3400,3,0.006184
16,141,3600,1,0.005553
16,141,3600,2,0.005861
16,141,3600,3,0.007014
16,141,3800,1,0.006313
16,141,3800,2,0.005554
16,141,3800,3,nan
16,141,4000,1,0.005207
16,141,4000,2,0.005214
16,141,4000,3,0.006612
16,141,4200,1,0.005029
16,141,4200,2,0.006186
16,141,4200,3,0.005392
16,141,4400,1,0.006509
16,141,4400,2,0.005688
16,141,4400,3,0.005638
16,141,4600,1,0.007199
16,141,4600,2,0.006215
16,141,4600,3,0.006049
16,141,4800,1,0.005552
16,141,4800,2,0.006475
16,141,4800,3,0.005470
16,141,5000,1,0.005657
16,141,5000,2,0.004853
16,141,5000,3,0.006805
16,143,1000,1,0.007388
16,143,1000,2,0.004867
16,143,1000,3,0.006230
16,143,1200,1,0.006273
16,143,1200,2,0.005560
16,143,1200,3,0.005096
16,143,1400,1,0.005607
16,143,1400,2,0.006308
16,143,1400,3,0.005768
16,143,1600,1,0.006685
16,143,1600,2,0.006697
16,143,1600,3,0.006567
16,143,1800,1,0.007107
16,143,1800,2,0.006521
16,143,1800,3,0.005017
16,143,2000,1,0.006959
16,143,2000,2,0.006069
16,143,2000,3,0.005423
16,143,2200,1,0.006325
16,143,2200,2,0.005460
16,143,2200,3,0.007045
16,143,2400,1,0.007084
16,143,2400,2,0.006591
16,143,2400,3,0.006213
16,143,2600,1,0.006083
16,143,2600,2,0.006229
16,143,2600,3,0.006947
16,143,2800,1,0.006090
16,143,2800,2,0.007447
16,143,2800,3,0.005860
16,143,3000,1,0.005855
16,143,3000,2,0.006711
16,143,3000,3,0.006213
16,143,3200,1,0.006047
16,143,3200,2,0.006398
16,143,3200,3,0.006015
16,143,3400,1,0.007002
16,143,3400,2,0.006043
16,143,3400,3,0.006303
16,143,3600,1,0.006514
16,143,3600,2,0.005356
16,143,3600,3,0.004994
16,143,3800,1,0.006792
16,143,3800,2,0.005715
16,143,3800,3,0.005237
16,143,4000,1,0.006388
16,143,4000,2,0.007385
16,143,4000,3,0.006247
16,143,4200,1,0.006465
16,143,4200,2,0.005677
16,143,4200,3,0.006233
16,143,4400,1,0.005688
16,143,4400,2,0.006594
16,143,4400,3,0.006513
16,143,4600,1,0.006112
16,143,4600,2,0.006770
16,143,4600,3,0.005750
16,143,4800,1,0.007072
16,143,4800,2,0.006016
16,143,4800,3,0.005616
16,143,5000,1,0.004469
16,143,5000,2,0.006504
16,143,5000,3,0.006419
16,145,1000,1,0.005772
16,145,1000,2,0.006048
16,145,1000,3,0.005651
16,145,1200,1,0.005686
16,145,1200,2,0.006275
16,145,1200,3,0.006860
16,145,1400,1,0.005698
16,145,1400,2,0.007406
16,145,1400,3,0.005259
16,145,1600,1,0.006789
16,145,1600,2,0.006456
16,145,1600,3,0.006314
16,145,1800,1,0.006396
16,145,1800,2,0.005343
16,145,1800,3,0.006710
16,145,2000,1,0.006362
16,145,2000,2,0.007244
16,145,2000,3,0.006325
16,145,2200,1,0.005340
16,145,2200,2,0.005354
16,145,2200,3,0.005849
16,145,2400,1,0.006519
16,145,2400,2,0.006985
16,145,2400,3,0.005910
16,145,2600,1,0.006716
16,145,2600,2,0.006655
16,145,2600,3,0.005740
16,145,2800,1,0.006239
16,145,2800,2,0.005485
16,145,2800,3,0.006947
16,145,3000,1,0.005677
16,145,3000,2,0.006525
16,145,3000,3,0.005954
16,145,3200,1,0.006753
16,145,3200,2,0.006594
16,145,3200,3,0.005525
16,145,3400,1,0.006272
16,145,3400,2,0.005946
16,145,3400,3,0.005940
16,145,3600,1,0.006009
16,145,3600,2,0.006415
16,145,3600,3,0.005784
16,145,3800,1,0.006457
16,145,3800,2,0.005427
16,145,3800,3,0.005477
16,145,4000,1,0.006745
16,145,4000,2,0.005311
16,145,4000,3,0.006860
16,145,4200,1,0.006438
16,145,4200,2,0.005252
16,145,4200,3,0.005725
16,145,4400,1,0.006402
16,145,4400,2,0.006561
16,145,4400,3,0.006920
16,145,4600,1,0.006127
16,145,4600,2,0.006730
16,145,4600,3,0.005692
16,145,4800,1,0.006620
16,145,4800,2,0.007224
16,145,4800,3,0.006977
16,145,5000,1,0.007454
16,145,5000,2,0.007056
16,145,5000,3,0.006186
16,147,1000,1,0.006767
16,147,1000,2,0.006236
16,147,1000,3,0.005751
16,147,1200,1,0.006540
16,147,1200,2,0.006607
16,147,1200,3,0.007289
16,147,1400,1,0.005630
16,147,1400,2,0.006674
16,147,1400,3,0.006308
16,147,1600,1,0.006755
16,147,1600,2,0.006506
16,147,1600,3,0.006831
16,147,1800,1,0.005894
16,147,1800,2,0.005800
16,147,1800,3,0.007021
16,147,2000,1,0.005732
16,147,2000,2,0.007470
16,147,2000,3,0.006617
16,147,2200,1,0.005366
16,147,2200,2,0.006837
16,147,2200,3,0.005974
16,147,2400,1,0.006047
16,147,2400,2,0.006645
16,147,2400,3,0.006810
16,147,2600,1,0.006343
16,147,2600,2,0.006032
16,147,2600,3,0.007190
16,147,2800,1,0.005794
16,147,2800,2,0.006442
16,147,2800,3,0.004458
16,147,3000,1,0.006751
16,147,3000,2,0.006628
16,147,3000,3,0.006982
16,147,3200,1,0.006397
16,147,3200,2,0.006013
16,147,3200,3,0.006458
16,147,3400,1,0.007395
16,147,3400,2,0.007333
16,147,3400,3,0.006419
16,147,3600,1,0.006555
16,147,3600,2,0.007208
16,147,3600,3,0.006631
16,147,3800,1,0.007233
16,147,3800,2,0.006321
16,147,3800,3,0.006237
16,147,4000,1,0.006492
16,147,4000,2,0.007301
16,147,4000,3,0.006782
16,147,4200,1,0.007205
16,147,4200,2,0.005302
16,147,4200,3,0.006061
16,147,4400,1,0.006455
16,147,4400,2,0.006733
16,147,4400,3,0.007259
16,147,4600,1,0.006210
16,147,4600,2,0.006970
16,147,4600,3,0.006452
16,147,4800,1,0.007058
16,147,4800,2,0.005693
16,147,4800,3,0.007047
16,147,5000,1,0.005972
16,147,5000,2,nan
16,147,5000,3,0.004979
16,149,1000,1,0.006817
16,149,1000,2,0.005514
16,149,1000,3,0.006730
16,149,1200,1,0.006735
16,149,1200,2,0.006543
16,149,1200,3,0.005811
16,149,1400,1,0.007488
16,149,1400,2,0.007000
16,149,1400,3,0.005025
16,149,1600,1,0.005419
16,149,1600,2,0.006310
16,149,1600,3,0.007110
16,149,1800,1,0.006637
16,149,1800,2,0.007536
16,149,1800,3,0.006891
16,149,2000,1,0.006717
16,149,2000,2,0.006866
16,149,2000,3,0.006179
16,149,2200,1,0.006204
16,149,2200,2,0.006086
16,149,2200,3,0.006731
16,149,2400,1,0.005383
16,149,2400,2,0.006821
16,149,2400,3,0.006075
16,149,2600,1,0.006908
16,149,2600,2,0.006450
16,149,2600,3,0.006247
16,149,2800,1,0.006251
16,149,2800,2,0.005360
16,149,2800,3,0.005717
16,149,3000,1,0.006749
16,149,3000,2,0.006824
16,149,3000,3,0.005880
16,149,3200,1,0.006915
16,149,3200,2,0.007242
16,149,3200,3,0.006203
16,149,3400,1,0.006740
16,149,3400,2,0.005277
16,149,3400,3,0.006317
16,149,3600,1,0.006238
16,149,3600,2,0.005795
16,149,3600,3,0.006271
16,149,3800,1,0.006495
16,149,3800,2,0.007074
16,149,3800,3,0.005600
16,149,4000,1,0.006395
16,149,4000,2,0.006600
16,149,4000,3,0.006711
16,149,4200,1,0.006202
16,149,4200,2,nan
16,149,4200,3,0.006175
16,149,4400,1,0.006162
16,149,4400,2,0.006546
16,149,4400,3,0.006677
16,149,4600,1,0.006296
16,149,4600,2,0.006401
16,149,4600,3,0.005640
16,149,4800,1,0.007160
16,149,4800,2,0.007282
16,149,4800,3,0.005499
16,149,5000,1,0.006273
16,149,5000,2,0.007609
16,149,5000,3,0.006540
16,151,1000,1,0.006256
16,151,1000,2,0.005660
16,151,1000,3,0.005493
16,151,1200,1,0.007196
16,151,1200,2,0.006487
16,151,1200,3,0.007158
16,151,1400,1,0.006946
16,151,1400,2,0.006684
16,151,1400,3,0.007134
16,151,1600,1,0.006234
16,151,1600,2,0.006364
16,151,1600,3,0.006815
16,151,1800,1,0.005777
16,151,1800,2,0.006878
16,151,1800,3,0.006071
16,151,2000,1,0.006839
16,151,2000,2,0.007210
16,151,2000,3,0.007010
16,151,2200,1,0.007163
16,151,2200,2,nan
16,151,2200,3,0.005478
16,151,2400,1,0.006373
16,151,2400,2,0.006940
16,151,2400,3,0.006321
16,151,2600,1,0.007346
16,151,2600,2,0.006733
16,151,2600,3,0.006046
16,151,2800,1,0.006824
16,151,2800,2,0.007173
16,151,2800,3,0.006717
16,151,3000,1,0.007162
16,151,3000,2,0.006539
16,151,3000,3,0.005625
16,151,3200,1,0.006296
16,151,3200,2,0.007370
16,151,3200,3,0.005582
16,151,3400,1,0.006922
16,151,3400,2,0.007291
16,151,3400,3,0.005813
16,151,3600,1,0.007184
16,151,3600,2,0.006910
16,151,3600,3,0.006205
16,151,3800,1,0.007046
16,151,3800,2,0.005638
16,151,3800,3,0.006632
16,151,4000,1,0.006831
16,151,4000,2,0.005355
16,151,4000,3,0.005751
16,151,4200,1,0.005941
16,151,4200,2,0.006613
16,151,4200,3,0.007028
16,151,4400,1,0.007147
16,151,4400,2,0.007480
16,151,4400,3,0.006966
16,151,4600,1,0.005855
16,151,4600,2,0.006902
16,151,4600,3,0.006458
16,151,4800,1,0.006762
16,151,4800,2,0.006287
16,151,4800,3,0.006714
16,151,5000,1,0.006259
16,151,5000,2,0.006956
16,151,5000,3,0.007271
16,153,1000,1,0.005773
16,153,1000,2,0.006323
16,153,1000,3,0.005802
16,153,1200,1,0.005490
16,153,1200,2,0.007295
16,153,1200,3,0.007421
16,153,1400,1,0.006244
16,153,1400,2,0.007220
16,153,1400,3,0.006583
16,153,1600,1,0.006518
16,153,1600,2,0.007449
16,153,1600,3,0.006264
16,153,1800,1,0.007380
16,153,1800,2,0.004649
16,153,1800,3,0.006309
16,153,2000,1,0.007193
16,153,2000,2,0.005823
16,153,2000,3,0.006000
16,153,2200,1,0.007074
16,153,2200,2,0.006549
16,153,2200,3,0.006633
16,153,2400,1,0.007329
16,153,2400,2,0.006326
16,153,2400,3,0.007120
16,153,2600,1,0.006604
16,153,2600,2,0.005644
16,153,2600,3,0.006942
16,153,2800,1,0.006491
16,153,2800,2,0.006846
16,153,2800,3,0.006673
16,153,3000,1,0.006293
16,153,3000,2,0.006150
16,153,3000,3,0.005192
16,153,3200,1,0.007330
16,153,3200,2,0.007112
16,153,3200,3,0.005851
16,153,3400,1,0.006733
16,153,3400,2,0.005422
16,153,3400,3,0.006990
16,153,3600,1,0.006214
16,153,3600,2,0.007014
16,153,3600,3,0.007084
16,153,3800,1,0.007451
16,153,3800,2,0.007074
16,153,3800,3,nan
16,153,4000,1,0.005369
16,153,4000,2,0.005468
16,153,4000,3,0.006749
16,153,4200,1,0.006277
16,153,4200,2,0.006910
16,153,4200,3,0.006575
16,153,4400,1,0.007088
16,153,4400,2,0.006032
16,153,4400,3,0.007034
16,153,4600,1,0.005765
16,153,4600,2,0.006910
16,153,4600,3,0.007147
16,153,4800,1,0.007385
16,153,4800,2,0.006108
16,153,4800,3,0.006135
16,153,5000,1,0.006806
16,153,5000,2,0.007049
16,153,5000,3,0.006200
16,155,1000,1,0.006496
16,155,1000,2,0.007173
16,155,1000,3,0.007584
16,155,1200,1,0.006201
16,155,1200,2,0.006695
16,155,1200,3,0.007274
16,155,1400,1,0.005909
16,155,1400,2,0.006149
16,155,1400,3,0.007471
16,155,1600,1,0.007537
16,155,1600,2,0.007032
16,155,1600,3,0.006285
16,155,1800,1,0.005704
16,155,1800,2,0.006281
16,155,1800,3,0.007127
16,155,2000,1,0.006517
16,155,2000,2,0.007055
16,155,2000,3,0.006358
16,155,2200,1,0.007051
16,155,2200,2,0.006515
16,155,2200,3,0.006192
16,155,2400,1,0.006401
16,155,2400,2,0.006896
16,155,2400,3,0.006489
16,155,2600,1,0.006527
16,155,2600,2,0.007029
16,155,2600,3,0.006686
16,155,2800,1,0.006377
16,155,2800,2,0.006255
16,155,2800,3,0.006943
16,155,3000,1,0.007089
16,155,3000,2,0.007250
16,155,3000,3,0.006446
16,155,3200,1,0.006732
16,155,3200,2,0.006644
16,155,3200,3,0.005644
16,155,3400,1,0.004923
16,155,3400,2,0.006507
16,155,3400,3,0.006789
16,155,3600,1,0.007614
16,155,3600,2,0.007014
16,155,3600,3,0.007517
16,155,3800,1,0.007154
16,155,3800,2,0.005767
16,155,3800,3,0.006252
16,155,4000,1,0.006341
16,155,4000,2,0.007510
16,155,4000,3,0.006438
16,155,4200,1,0.006511
16,155,4200,2,0.007406
16,155,4200,3,nan
16,155,4400,1,0.004837
16,155,4400,2,0.004718
16,155,4400,3,0.007360
16,155,4600,1,0.006486
16,155,4600,2,0.006492
16,155,4600,3,0.006525
16,155,4800,1,0.006871
16,155,4800,2,0.006805
16,155,4800,3,0.005890
16,155,5000,1,0.005916
16,155,5000,2,0.007002
16,155,5000,3,0.006481
16,157,1000,1,0.006083
16,157,1000,2,0.006006
16,157,1000,3,0.006871
16,157,1200,1,0.006530
16,157,1200,2,0.007181
16,157,1200,3,0.006446
16,157,1400,1,0.005988
16,157,1400,2,0.005843
16,157,1400,3,nan
16,157,1600,1,0.006477
16,157,1600,2,0.006949
16,157,1600,3,0.005908
16,157,1800,1,0.007175
16,157,1800,2,0.007028
16,157,1800,3,0.006478
16,157,2000,1,0.006113
16,157,2000,2,0.006677
16,157,2000,3,0.006005
16,157,2200,1,0.006483
16,157,2200,2,0.006325
16,157,2200,3,0.006816
16,157,2400,1,0.007069
16,157,2400,2,0.006842
16,157,2400,3,0.006992
16,157,2600,1,0.006856
16,157,2600,2,0.007483
16,157,2600,3,0.005573
16,157,2800,1,0.006275
16,157,2800,2,0.006840
16,157,2800,3,0.006457
16,157,3000,1,0.006809
16,157,3000,2,0.005872
16,157,3000,3,0.006399
16,157,3200,1,0.006446
16,157,3200,2,0.007114
16,157,3200,3,0.007228
16,157,3400,1,0.007110
16,157,3400,2,0.007108
16,157,3400,3,0.006898
16,157,3600,1,0.007183
16,157,3600,2,0.006663
16,157,3600,3,0.006861
16,157,3800,1,0.007539
16,157,3800,2,0.006796
16,157,3800,3,0.006014
16,157,4000,1,0.006826
16,157,4000,2,0.006596
16,157,4000,3,0.006571
16,157,4200,1,0.006816
16,157,4200,2,0.006254
16,157,4200,3,0.008009
16,157,4400,1,0.006685
16,157,4400,2,0.006554
16,157,4400,3,0.006065
16,157,4600,1,0.005595
16,157,4600,2,0.007048
16,157,4600,3,0.006599
16,157,4800,1,0.007514
16,157,4800,2,0.007122
16,157,4800,3,0.005643
16,157,5000,1,0.006343
16,157,5000,2,0.006901
16,157,5000,3,0.007274
16,159,1000,1,0.007210
16,159,1000,2,0.007140
16,159,1000,3,0.007367
16,159,1200,1,0.007293
16,159,1200,2,0.007653
16,159,1200,3,0.007643
16,159,1400,1,0.007148
16,159,1400,2,0.006364
16,159,1400,3,0.007087
16,159,1600,1,0.006988
16,159,1600,2,0.007160
16,159,1600,3,0.006487
16,159,1800,1,0.006407
16,159,1800,2,0.006985
16,159,1800,3,0.007011
16,159,2000,1,0.006563
16,159,2000,2,0.006444
16,159,2000,3,0.006192
16,159,2200,1,0.007034
16,159,2200,2,nan
16,159,2200,3,0.006557
16,159,2400,1,0.005390
16,159,2400,2,0.007774
16,159,2400,3,0.006934
16,159,2600,1,0.007105
16,159,2600,2,0.006557
16,159,2600,3,0.006045
16,159,2800,1,0.006960
16,159,2800,2,0.006993
16,159,2800,3,0.007226
16,159,3000,1,0.007327
16,159,3000,2,0.006064
16,159,3000,3,0.007365
16,159,3200,1,0.005792
16,159,3200,2,0.006591
16,159,3200,3,0.006894
16,159,3400,1,0.007013
16,159,3400,2,0.006322
16,159,3400,3,0.007093
16,159,3600,1,0.006492
16,159,3600,2,0.006979
16,159,3600,3,0.006168
16,159,3800,1,0.006809
16,159,3800,2,0.005860
16,159,3800,3,0.007166
16,159,4000,1,0.006886
16,159,4000,2,0.007849
16,159,4000,3,0.006698
16,159,4200,1,0.007483
16,159,4200,2,0.006291
16,159,4200,3,0.007246
16,159,4400,1,0.006348
16,159,4400,2,0.007286
16,159,4400,3,0.007591
16,159,4600,1,0.007140
16,159,4600,2,0.005081
16,159,4600,3,0.006725
16,159,4800,1,0.007210
16,159,4800,2,0.007146
16,159,4800,3,0.005806
16,159,5000,1,0.005811
16,159,5000,2,0.006450
16,159,5000,3,0.006213
16,161,1000,1,0.007219
16,161,1000,2,0.007037
16,161,1000,3,0.007390
16,161,1200,1,0.007102
16,161,1200,2,0.006732
16,161,1200,3,0.005769
16,161,1400,1,0.006747
16,161,1400,2,0.007118
16,161,1400,3,0.007755
16,161,1600,1,0.007262
16,161,1600,2,nan
16,161,1600,3,0.006395
16,161,1800,1,0.006738
16,161,1800,2,0.007036
16,161,1800,3,0.007287
16,161,2000,1,0.007176
16,161,2000,2,0.007076
16,161,2000,3,0.006171
16,161,2200,1,0.006223
16,161,2200,2,0.007320
16,161,2200,3,0.005871
16,161,2400,1,0.007504
16,161,2400,2,0.007131
16,161,2400,3,0.006931
16,161,2600,1,0.006399
16,161,2600,2,0.007014
16,161,2600,3,0.007326
16,161,2800,1,0.006418
16,161,2800,2,0.008084
16,161,2800,3,0.006645
16,161,3000,1,0.006724
16,161,3000,2,0.006945
16,161,3000,3,0.007008
16,161,3200,1,0.006064
16,161,3200,2,0.007142
16,161,3200,3,0.006577
16,161,3400,1,0.006265
16,161,3400,2,0.006589
16,161,3400,3,0.007389
16,161,3600,1,0.006869
16,161,3600,2,0.007605
16,161,3600,3,0.007038
16,161,3800,1,0.007143
16,161,3800,2,0.007586
16,161,3800,3,0.006790
16,161,4000,1,0.007348
16,161,4000,2,0.007002
16,161,4000,3,0.007060
16,161,4200,1,0.006284
16,161,4200,2,0.006852
16,161,4200,3,0.007449
16,161,4400,1,0.007214
16,161,4400,2,0.006716
16,161,4400,3,0.007697
16,161,4600,1,0.007877
16,161,4600,2,0.007049
16,161,4600,3,0.007515
16,161,4800,1,0.006878
16,161,4800,2,0.007272
16,161,4800,3,0.006928
16,161,5000,1,0.006960
16,161,5000,2,0.007648
16,161,5000,3,0.007323
16,163,1000,1,0.006270
16,163,1000,2,0.007262
16,163,1000,3,0.006694
16,163,1200,1,0.007185
16,163,1200,2,0.007432
16,163,1200,3,0.007250
16,163,1400,1,0.007740
16,163,1400,2,0.006629
16,163,1400,3,0.008206
16,163,1600,1,0.007356
16,163,1600,2,0.007068
16,163,1600,3,0.006411
16,163,1800,1,0.005493
16,163,1800,2,0.007124
16,163,1800,3,0.007036
16,163,2000,1,0.007268
16,163,2000,2,0.006836
16,163,2000,3,0.007790
16,163,2200,1,0.007243
16,163,2200,2,0.006860
16,163,2200,3,0.007399
16,163,2400,1,0.007028
16,163,2400,2,0.006740
16,163,2400,3,0.006261
16,163,2600,1,0.007185
16,163,2600,2,0.007470
16,163,2600,3,0.006208
16,163,2800,1,0.007263
16,163,2800,2,0.007326
16,163,2800,3,0.007436
16,163,3000,1,0.005532
16,163,3000,2,0.008112
16,163,3000,3,0.007668
16,163,3200,1,0.006639
16,163,3200,2,0.006852
16,163,3200,3,0.007732
16,163,3400,1,0.005736
16,163,3400,2,0.007309
16,163,3400,3,0.007053
16,163,3600,1,0.007309
16,163,3600,2,0.006924
16,163,3600,3,0.006949
16,163,3800,1,0.006666
16,163,3800,2,0.007072
16,163,3800,3,0.006379
16,163,4000,1,0.006627
16,163,4000,2,0.006973
16,163,4000,3,0.007290
16,163,4200,1,0.006868
16,163,4200,2,0.008149
16,163,4200,3,0.007274
16,163,4400,1,0.006307
16,163,4400,2,0.006136
16,163,4400,3,0.006870
16,163,4600,1,0.007318
16,163,4600,2,0.007621
16,163,4600,3,0.008400
16,163,4800,1,0.006797
16,163,4800,2,0.007673
16,163,4800,3,0.007307
16,163,5000,1,0.007250
16,163,5000,2,0.007367
16,163,5000,3,0.006361
16,165,1000,1,nan
16,165,1000,2,0.006104
16,165,1000,3,0.007550
16,165,1200,1,0.007171
16,165,1200,2,nan
16,165,1200,3,0.005889
16,165,1400,1,0.006330
16,165,1400,2,0.006296
16,165,1400,3,0.006968
16,165,1600,1,nan
16,165,1600,2,0.007867
16,165,1600,3,0.007556
16,165,1800,1,0.007203
16,165,1800,2,0.008290
16,165,1800,3,0.007295
16,165,2000,1,0.007607
16,165,2000,2,0.005714
16,165,2000,3,0.006999
16,165,2200,1,0.006351
16,165,2200,2,0.007035
16,165,2200,3,0.007472
16,165,2400,1,0.007980
16,165,2400,2,0.006922
16,165,2400,3,0.006577
16,165,2600,1,0.007021
16,165,2600,2,0.007253
16,165,2600,3,0.007146
16,165,2800,1,0.006195
16,165,2800,2,nan
16,165,2800,3,0.007468
16,165,3000,1,0.006684
16,165,3000,2,nan
16,165,3000,3,0.005798
16,165,3200,1,0.008112
16,165,3200,2,0.006064
16,165,3200,3,0.007110
16,165,3400,1,0.007253
16,165,3400,2,0.005458
16,165,3400,3,0.008301
16,165,3600,1,0.007410
16,165,3600,2,0.007590
16,165,3600,3,0.006392
16,165,3800,1,0.007221
16,165,3800,2,0.006428
16,165,3800,3,0.007732
16,165,4000,1,0.007172
16,165,4000,2,0.007450
16,165,4000,3,0.008068
16,165,4200,1,0.007153
16,165,4200,2,0.006805
16,165,4200,3,0.006655
16,165,4400,1,0.007393
16,165,4400,2,0.006806
16,165,4400,3,0.006095
16,165,4600,1,0.006374
16,165,4600,2,0.007207
16,165,4600,3,0.006806
16,165,4800,1,0.006903
16,165,4800,2,0.007027
16,165,4800,3,0.007361
16,165,5000,1,0.007610
16,165,5000,2,0.007078
16,165,5000,3,0.006678
16,167,1000,1,nan
16,167,1000,2,0.007053
16,167,1000,3,0.007396
16,167,1200,1,0.008487
16,167,1200,2,0.007337
16,167,1200,3,0.006828
16,167,1400,1,0.006859
16,167,1400,2,0.006490
16,167,1400,3,nan
16,167,1600,1,0.005927
16,167,1600,2,0.007006
16,167,1600,3,0.006986
16,167,1800,1,0.007246
16,167,1800,2,nan
16,167,1800,3,0.006429
16,167,2000,1,nan
16,167,2000,2,0.007153
16,167,2000,3,0.006953
16,167,2200,1,0.007629
16,167,2200,2,0.007095
16,167,2200,3,0.005189
16,167,2400,1,0.007571
16,167,2400,2,0.006427
16,167,2400,3,0.007176
16,167,2600,1,0.006380
16,167,2600,2,0.007802
16,167,2600,3,0.006107
16,167,2800,1,0.007904
16,167,2800,2,0.006011
16,167,2800,3,0.007412
16,167,3000,1,0.007677
16,167,3000,2,0.007190
16,167,3000,3,0.006670
16,167,3200,1,0.006944
16,167,3200,2,0.006324
16,167,3200,3,0.007259
16,167,3400,1,0.007328
16,167,3400,2,0.006837
16,167,3400,3,0.007765
16,167,3600,1,0.007497
16,167,3600,2,0.007030
16,167,3600,3,0.007254
16,167,3800,1,0.005995
16,167,3800,2,0.007090
16,167,3800,3,0.007333
16,167,4000,1,0.007347
16,167,4000,2,0.007538
16,167,4000,3,0.006072
16,167,4200,1,0.007685
16,167,4200,2,0.007518
16,167,4200,3,0.007123
16,167,4400,1,0.007572
16,167,4400,2,0.006934
16,167,4400,3,0.006783
16,167,4600,1,0.007462
16,167,4600,2,0.006823
16,167,4600,3,0.007403
16,167,4800,1,0.006184
16,167,4800,2,0.007384
16,167,4800,3,0.006553
16,167,5000,1,0.006979
16,167,5000,2,0.007361
16,167,5000,3,0.007183
16,169,1000,1,0.006742
16,169,1000,2,0.006944
16,169,1000,3,0.007602
16,169,1200,1,0.008194
16,169,1200,2,0.006375
16,169,1200,3,0.007374
16,169,1400,1,0.007500
16,169,1400,2,0.007460
16,169,1400,3,0.006398
16,169,1600,1,0.007856
16,169,1600,2,0.005909
16,169,1600,3,0.007236
16,169,1800,1,0.005474
16,169,1800,2,0.006845
16,169,1800,3,0.005602
16,169,2000,1,0.007768
16,169,2000,2,0.007291
16,169,2000,3,0.007620
16,169,2200,1,0.007592
16,169,2200,2,0.007486
16,169,2200,3,0.007267
16,169,2400,1,0.006595
16,169,2400,2,0.007629
16,169,2400,3,0.006920
16,169,2600,1,0.005979
16,169,2600,2,0.006985
16,169,2600,3,0.007218
16,169,2800,1,0.007576
16,169,2800,2,0.006256
16,169,2800,3,0.006518
16,169,3000,1,0.007199
16,169,3000,2,0.006356
16,169,3000,3,0.006805
16,169,3200,1,nan
16,169,3200,2,0.007554
16,169,3200,3,0.007423
16,169,3400,1,0.007174
16,169,3400,2,0.006713
16,169,3400,3,0.007151
16,169,3600,1,0.006743
16,169,3600,2,0.006530
16,169,3600,3,0.007832
16,169,3800,1,0.006421
16,169,3800,2,nan
16,169,3800,3,0.007775
16,169,4000,1,0.006245
16,169,4000,2,0.007487
16,169,4000,3,0.007079
16,169,4200,1,0.005907
16,169,4200,2,0.007569
16,169,4200,3,0.007874
16,169,4400,1,0.006370
16,169,4400,2,nan
16,169,4400,3,0.007221
16,169,4600,1,0.006715
16,169,4600,2,0.007143
16,169,4600,3,0.008501
16,169,4800,1,0.007490
16,169,4800,2,0.007587
16,169,4800,3,0.006825
16,169,5000,1,0.006673
16,169,5000,2,0.006659
16,169,5000,3,0.007716
16,171,1000,1,0.006415
16,171,1000,2,0.006449
16,171,1000,3,0.006514
16,171,1200,1,0.007260
16,171,1200,2,0.007022
16,171,1200,3,0.007401
16,171,1400,1,0.007925
16,171,1400,2,0.006123
16,171,1400,3,0.007955
16,171,1600,1,0.006297
16,171,1600,2,0.006658
16,171,1600,3,0.006898
16,171,1800,1,0.007997
16,171,1800,2,0.007710
16,171,1800,3,0.007217
16,171,2000,1,0.008051
16,171,2000,2,0.008126
16,171,2000,3,0.006705
16,171,2200,1,0.007585
16,171,2200,2,0.006947
16,171,2200,3,0.007722
16,171,2400,1,0.006747
16,171,2400,2,0.006089
16,171,2400,3,0.007380
16,171,2600,1,0.007320
16,171,2600,2,0.007462
16,171,2600,3,0.007432
16,171,2800,1,0.007111
16,171,2800,2,0.007929
16,171,2800,3,0.007918
16,171,3000,1,0.007870
16,171,3000,2,0.006378
16,171,3000,3,0.007612
16,171,3200,1,0.007601
16,171,3200,2,0.008189
16,171,3200,3,0.007721
16,171,3400,1,0.007289
16,171,3400,2,0.007962
16,171,3400,3,0.007210
16,171,3600,1,0.006409
16,171,3600,2,0.007474
16,171,3600,3,0.008623
16,171,3800,1,0.007698
16,171,3800,2,0.006784
16,171,3800,3,0.008198
16,171,4000,1,0.007418
16,171,4000,2,0.006793
16,171,4000,3,0.007777
16,171,4200,1,0.007384
16,171,4200,2,0.007906
16,171,4200,3,0.007314
16,171,4400,1,0.006024
16,171,4400,2,0.007511
16,171,4400,3,0.006502
16,171,4600,1,0.007386
16,171,4600,2,0.008254
16,171,4600,3,0.006838
16,171,4800,1,0.007486
16,171,4800,2,0.007911
16,171,4800,3,0.007456
16,171,5000,1,0.007344
16,171,5000,2,0.007681
16,171,5000,3,0.007410
16,173,1000,1,0.007070
16,173,1000,2,0.007201
16,173,1000,3,0.007194
16,173,1200,1,0.005640
16,173,1200,2,0.007625
16,173,1200,3,0.006391
16,173,1400,1,0.007716
16,173,1400,2,0.006000
16,173,1400,3,0.006693
16,173,1600,1,0.007133
16,173,1600,2,0.007680
16,173,1600,3,0.008972
16,173,1800,1,0.007391
16,173,1800,2,0.007162
16,173,1800,3,0.005895
16,173,2000,1,0.007618
16,173,2000,2,0.006911
16,173,2000,3,nan
16,173,2200,1,0.006959
16,173,2200,2,0.005767
16,173,2200,3,0.007653
16,173,2400,1,0.007596
16,173,2400,2,0.007437
16,173,2400,3,0.007010
16,173,2600,1,0.007248
16,173,2600,2,0.006559
16,173,2600,3,0.008193
16,173,2800,1,0.007608
16,173,2800,2,0.007887
16,173,2800,3,0.007059
16,173,3000,1,0.007957
16,173,3000,2,0.008451
16,173,3000,3,0.007984
16,173,3200,1,0.006622
16,173,3200,2,0.005928
16,173,3200,3,0.007558
16,173,3400,1,0.007040
16,173,3400,2,0.007233
16,173,3400,3,0.007602
16,173,3600,1,0.006494
16,173,3600,2,0.007044
16,173,3600,3,0.006427
16,173,3800,1,0.005552
16,173,3800,2,0.007748
16,173,3800,3,0.008334
16,173,4000,1,0.007083
16,173,4000,2,0.006943
16,173,4000,3,0.007152
16,173,4200,1,0.008357
16,173,4200,2,0.007596
16,173,4200,3,0.007322
16,173,4400,1,0.008017
16,173,4400,2,0.005756
16,173,4400,3,0.007160
16,173,4600,1,0.007962
16,173,4600,2,0.006866
16,173,4600,3,0.006907
16,173,4800,1,0.006926
16,173,4800,2,0.007107
16,173,4800,3,0.006128
16,173,5000,1,0.008566
16,173,5000,2,0.006575
16,173,5000,3,0.008085
16,175,1000,1,0.007565
16,175,1000,2,0.007241
16,175,1000,3,0.006413
16,175,1200,1,0.007421
16,175,1200,2,0.006656
16,175,1200,3,0.006120
16,175,1400,1,0.007039
16,175,1400,2,0.007898
16,175,1400,3,0.007141
16,175,1600,1,0.007784
16,175,1600,2,0.006678
16,175,1600,3,0.008095
16,175,1800,1,0.007682
16,175,1800,2,0.007050
16,175,1800,3,0.007240
16,175,2000,1,0.007324
16,175,2000,2,0.007893
16,175,2000,3,0.007537
16,175,2200,1,0.007407
16,175,2200,2,0.006753
16,175,2200,3,0.007450
16,175,2400,1,0.007191
16,175,2400,2,0.007523
16,175,2400,3,0.008223
16,175,2600,1,0.007712
16,175,2600,2,0.005669
16,175,2600,3,0.007726
16,175,2800,1,0.007690
16,175,2800,2,0.007546
16,175,2800,3,0.008541
16,175,3000,1,0.007889
16,175,3000,2,0.007449
16,175,3000,3,0.007363
16,175,3200,1,0.008926
16,175,3200,2,0.007569
16,175,3200,3,0.007490
16,175,3400,1,0.007035
16,175,3400,2,0.007174
16,175,3400,3,0.008413
16,175,3600,1,0.007677
16,175,3600,2,0.007877
16,175,3600,3,0.007811
16,175,3800,1,0.006321
16,175,3800,2,0.007869
16,175,3800,3,0.008051
16,175,4000,1,0.006989
16,175,4000,2,0.007301
16,175,4000,3,0.006644
16,175,4200,1,0.006893
16,175,4200,2,0.006749
16,175,4200,3,0.006711
16,175,4400,1,0.007999
16,175,4400,2,0.007212
16,175,4400,3,0.007201
16,175,4600,1,0.007965
16,175,4600,2,0.007961
16,175,4600,3,0.008490
16,175,4800,1,0.008087
16,175,4800,2,0.006380
16,175,4800,3,0.008639
16,175,5000,1,0.006784
16,175,5000,2,0.007911
16,175,5000,3,0.008319
16,177,1000,1,0.007895
16,177,1000,2,0.007243
16,177,1000,3,0.007637
16,177,1200,1,0.007521
16,177,1200,2,0.007551
16,177,1200,3,0.008540
16,177,1400,1,0.006793
16,177,1400,2,0.006414
16,177,1400,3,0.007504
16,177,1600,1,0.006645
16,177,1600,2,0.006735
16,177,1600,3,0.008171
16,177,1800,1,0.007727
16,177,1800,2,0.008027
16,177,1800,3,0.007946
16,177,2000,1,0.008083
16,177,2000,2,0.007871
16,177,2000,3,0.006622
16,177,2200,1,0.007690
16,177,2200,2,0.006497
16,177,2200,3,0.007247
16,177,2400,1,0.006538
16,177,2400,2,0.007479
16,177,2400,3,0.007930
16,177,2600,1,0.007117
16,177,2600,2,0.007879
16,177,2600,3,0.008360
16,177,2800,1,0.007962
16,177,2800,2,0.007199
16,177,2800,3,0.008228
16,177,3000,1,0.005450
16,177,3000,2,0.005741
16,177,3000,3,0.007493
16,177,3200,1,0.006790
16,177,3200,2,0.008073
16,177,3200,3,0.008025
16,177,3400,1,0.007810
16,177,3400,2,0.008059
16,177,3400,3,0.006841
16,177,3600,1,0.007136
16,177,3600,2,0.008438
16,177,3600,3,0.008081
16,177,3800,1,0.007369
16,177,3800,2,0.006401
16,177,3800,3,0.006961
16,177,4000,1,0.007927
16,177,4000,2,0.007815
16,177,4000,3,0.007706
16,177,4200,1,0.007808
16,177,4200,2,0.007536
16,177,4200,3,0.005958
16,177,4400,1,0.007640
16,177,4400,2,0.007502
16,177,4400,3,0.007559
16,177,4600,1,0.006081
16,177,4600,2,0.008266
16,177,4600,3,0.007328
16,177,4800,1,0.007980
16,177,4800,2,0.006833
16,177,4800,3,0.006822
16,177,5000,1,0.007886
16,177,5000,2,0.007129
16,177,5000,3,0.006893
16,179,1000,1,nan
16,179,1000,2,0.007391
16,179,1000,3,0.007088
16,179,1200,1,0.008148
16,179,1200,2,0.006991
16,179,1200,3,0.008448
16,179,1400,1,0.007408
16,179,1400,2,0.007556
16,179,1400,3,0.008027
16,179,1600,1,0.007680
16,179,1600,2,0.008307
16,179,1600,3,0.007794
16,179,1800,1,0.007998
16,179,1800,2,0.006943
16,179,1800,3,0.008121
16,179,2000,1,0.006971
16,179,2000,2,0.007822
16,179,2000,3,0.007254
16,179,2200,1,0.007345
16,179,2200,2,0.007304
16,179,2200,3,0.006195
16,179,2400,1,0.008053
16,179,2400,2,0.008222
16,179,2400,3,0.006504
16,179,2600,1,0.006659
16,179,2600,2,0.007758
16,179,2600,3,0.006750
16,179,2800,1,0.007521
16,179,2800,2,0.007476
16,179,2800,3,0.007866
16,179,3000,1,nan
16,179,3000,2,0.007448
16,179,3000,3,0.006452
16,179,3200,1,0.006570
16,179,3200,2,0.007061
16,179,3200,3,0.006489
16,179,3400,1,0.007253
16,179,3400,2,0.006494
16,179,3400,3,0.007165
16,179,3600,1,0.008065
16,179,3600,2,0.007690
16,179,3600,3,0.007535
16,179,3800,1,0.007785
16,179,3800,2,0.007810
16,179,3800,3,0.006971
16,179,4000,1,0.008413
16,179,4000,2,0.008075
16,179,4000,3,0.006872
16,179,4200,1,0.008258
16,179,4200,2,0.007312
16,179,4200,3,0.006665
16,179,4400,1,0.007326
16,179,4400,2,0.007767
16,179,4400,3,0.007825
16,179,4600,1,0.007729
16,179,4600,2,0.007189
16,179,4600,3,0.007772
16,179,4800,1,0.007593
16,179,4800,2,0.006949
16,179,4800,3,0.006535
16,179,5000,1,0.008170
16,179,5000,2,0.006876
16,179,5000,3,0.007134
16,181,1000,1,0.008513
16,181,1000,2,0.007430
16,181,1000,3,0.007574
16,181,1200,1,0.007442
16,181,1200,2,0.007661
16,181,1200,3,0.007581
16,181,1400,1,0.006743
16,181,1400,2,0.007854
16,181,1400,3,0.006782
16,181,1600,1,0.007008
16,181,1600,2,0.007113
16,181,1600,3,0.007984
16,181,1800,1,0.008833
16,181,1800,2,0.007227
16,181,1800,3,0.007700
16,181,2000,1,0.006707
16,181,2000,2,0.008588
16,181,2000,3,0.006831
16,181,2200,1,0.007036
16,181,2200,2,0.007915
16,181,2200,3,0.008082
16,181,2400,1,0.007697
16,181,2400,2,0.006960
16,181,2400,3,0.007732
16,181,2600,1,0.007800
16,181,2600,2,0.007194
16,181,2600,3,0.008240
16,181,2800,1,0.008815
16,181,2800,2,0.007586
16,181,2800,3,0.007508
16,181,3000,1,0.007741
16,181,3000,2,0.008040
16,181,3000,3,0.007520
16,181,3200,1,0.007513
16,181,3200,2,0.008476
16,181,3200,3,0.007841
16,181,3400,1,0.006154
16,181,3400,2,0.007904
16,181,3400,3,0.007222
16,181,3600,1,nan
16,181,3600,2,0.007512
16,181,3600,3,0.007431
16,181,3800,1,0.007988
16,181,3800,2,0.006362
16,181,3800,3,0.007880
16,181,4000,1,0.007372
16,181,4000,2,0.007207
16,181,4000,3,0.007624
16,181,4200,1,0.007398
16,181,4200,2,0.008398
16,181,4200,3,0.008122
16,181,4400,1,0.007907
16,181,4400,2,0.007120
16,181,4400,3,0.008054
16,181,4600,1,0.007464
16,181,4600,2,0.005955
16,181,4600,3,0.007775
16,181,4800,1,0.007014
16,181,4800,2,0.007651
16,181,4800,3,0.007458
16,181,5000,1,0.008149
16,181,5000,2,0.006364
16,181,5000,3,0.008141
16,183,1000,1,0.008821
16,183,1000,2,0.007890
16,183,1000,3,0.006969
16,183,1200,1,0.008538
16,183,1200,2,nan
16,183,1200,3,0.006736
16,183,1400,1,0.007610
16,183,1400,2,0.008112
16,183,1400,3,0.007812
16,183,1600,1,0.007054
16,183,1600,2,0.007827
16,183,1600,3,0.007933
16,183,1800,1,0.007757
16,183,1800,2,0.007295
16,183,1800,3,0.007089
16,183,2000,1,0.005956
16,183,2000,2,0.006399
16,183,2000,3,0.007488
16,183,2200,1,0.006834
16,183,2200,2,0.006934
16,183,2200,3,0.007049
16,183,2400,1,0.006863
16,183,2400,2,0.008138
16,183,2400,3,0.007984
16,183,2600,1,0.008287
16,183,2600,2,0.007505
16,183,2600,3,0.006778
16,183,2800,1,0.007602
16,183,2800,2,0.008241
16,183,2800,3,0.008256
16,183,3000,1,0.006660
16,183,3000,2,0.007441
16,183,3000,3,0.006900
16,183,3200,1,0.007701
16,183,3200,2,0.007065
16,183,3200,3,0.008056
16,183,3400,1,0.008510
16,183,3400,2,0.007316
16,183,3400,3,0.008021
16,183,3600,1,0.007985
16,183,3600,2,0.006945
16,183,3600,3,0.006694
16,183,3800,1,0.007280
16,183,3800,2,0.007626
16,183,3800,3,0.007240
16,183,4000,1,0.008072
16,183,4000,2,0.007177
16,183,4000,3,0.007290
16,183,4200,1,0.008360
16,183,4200,2,0.008000
16,183,4200,3,0.007544
16,183,4400,1,0.007430
16,183,4400,2,0.008431
16,183,4400,3,0.008109
16,183,4600,1,0.007536
16,183,4600,2,0.008192
16,183,4600,3,0.008468
16,183,4800,1,0.007488
16,183,4800,2,0.006853
16,183,4800,3,0.008419
16,183,5000,1,0.008187
16,183,5000,2,0.008068
16,183,5000,3,0.008692
16,185,1000,1,0.008272
16,185,1000,2,0.006818
16,185,1000,3,0.008216
16,185,1200,1,0.007625
16,185,1200,2,0.006527
16,185,1200,3,0.007790
16,185,1400,1,0.007934
16,185,1400,2,0.008196
16,185,1400,3,0.008428
16,185,1600,1,0.007492
16,185,1600,2,0.008505
16,185,1600,3,0.008069
16,185,1800,1,0.007754
16,185,1800,2,0.007877
16,185,1800,3,0.008551
16,185,2000,1,0.007393
16,185,2000,2,0.008399
16,185,2000,3,0.007498
16,185,2200,1,0.008145
16,185,2200,2,0.007499
16,185,2200,3,0.007891
16,185,2400,1,0.007847
16,185,2400,2,0.007525
16,185,2400,3,0.007921
16,185,2600,1,0.007037
16,185,2600,2,0.008412
16,185,2600,3,0.008056
16,185,2800,1,0.007570
16,185,2800,2,0.007106
16,185,2800,3,0.007070
16,185,3000,1,0.007362
16,185,3000,2,0.008578
16,185,3000,3,0.006716
16,185,3200,1,0.006897
16,185,3200,2,0.007626
16,185,3200,3,0.007570
16,185,3400,1,0.007788
16,185,3400,2,0.007897
16,185,3400,3,0.007538
16,185,3600,1,0.007174
16,185,3600,2,0.006759
16,185,3600,3,0.007650
16,185,3800,1,0.007757
16,185,3800,2,0.007153
16,185,3800,3,0.008104
16,185,4000,1,0.007199
16,185,4000,2,0.007649
16,185,4000,3,0.008199
16,185,4200,1,0.007918
16,185,4200,2,0.007452
16,185,4200,3,0.007825
16,185,4400,1,0.007301
16,185,4400,2,0.007489
16,185,4400,3,0.008252
16,185,4600,1,0.007722
16,185,4600,2,0.007317
16,185,4600,3,0.007320
16,185,4800,1,0.007869
16,185,4800,2,0.008257
16,185,4800,3,0.008011
16,185,5000,1,0.006826
16,185,5000,2,0.007947
16,185,5000,3,0.007860
16,187,1000,1,0.007104
16,187,1000,2,0.007502
16,187,1000,3,0.006675
16,187,1200,1,0.006959
16,187,1200,2,0.007926
16,187,1200,3,0.008308
16,187,1400,1,0.008669
16,187,1400,2,0.007042
16,187,1400,3,0.008907
16,187,1600,1,0.006828
16,187,1600,2,0.008292
16,187,1600,3,0.008109
16,187,1800,1,0.008701
16,187,1800,2,0.008912
16,187,1800,3,0.008232
16,187,2000,1,0.006796
16,187,2000,2,0.007611
16,187,2000,3,0.008254
16,187,2200,1,0.007942
16,187,2200,2,0.007359
16,187,2200,3,0.008008
16,187,2400,1,0.006775
16,187,2400,2,0.007619
16,187,2400,3,0.008551
16,187,2600,1,0.008361
16,187,2600,2,0.007677
16,187,2600,3,0.005924
16,187,2800,1,0.007914
16,187,2800,2,0.007802
16,187,2800,3,0.007897
16,187,3000,1,0.007077
16,187,3000,2,0.006592
16,187,3000,3,0.008156
16,187,3200,1,0.007654
16,187,3200,2,0.007964
16,187,3200,3,0.008296
16,187,3400,1,0.007574
16,187,3400,2,0.007488
16,187,3400,3,0.008105
16,187,3600,1,0.008024
16,187,3600,2,0.007901
16,187,3600,3,0.007130
16,187,3800,1,0.007927
16,187,3800,2,0.007889
16,187,3800,3,0.008533
16,187,4000,1,0.007248
16,187,4000,2,0.007798
16,187,4000,3,0.007427
16,187,4200,1,0.007260
16,187,4200,2,0.007822
16,187,4200,3,0.007763
16,187,4400,1,0.007584
16,187,4400,2,0.008065
16,187,4400,3,0.008440
16,187,4600,1,0.008838
16,187,4600,2,0.007699
16,187,4600,3,0.007077
16,187,4800,1,0.008406
16,187,4800,2,0.007909
16,187,4800,3,0.008568
16,187,5000,1,0.006309
16,187,5000,2,0.008841
16,187,5000,3,0.008222
16,189,1000,1,0.008135
16,189,1000,2,0.007582
16,189,1000,3,0.008110
16,189,1200,1,0.006416
16,189,1200,2,0.008278
16,189,1200,3,0.007732
16,189,1400,1,0.007287
16,189,1400,2,0.007416
16,189,1400,3,0.007741
16,189,1600,1,0.007226
16,189,1600,2,0.007878
16,189,1600,3,0.008779
16,189,1800,1,0.008521
16,189,1800,2,0.007574
16,189,1800,3,0.008839
16,189,2000,1,nan
16,189,2000,2,0.005791
16,189,2000,3,0.007874
16,189,2200,1,0.008651
16,189,2200,2,0.008697
16,189,2200,3,0.008136
16,189,2400,1,0.008256
16,189,2400,2,0.007939
16,189,2400,3,0.007391
16,189,2600,1,0.007447
16,189,2600,2,0.007718
16,189,2600,3,0.007901
16,189,2800,1,0.007550
16,189,2800,2,0.007979
16,189,2800,3,0.008701
16,189,3000,1,0.007957
16,189,3000,2,0.008091
16,189,3000,3,0.007693
16,189,3200,1,0.007226
16,189,3200,2,0.007977
16,189,3200,3,0.008088
16,189,3400,1,0.008627
16,189,3400,2,0.007941
16,189,3400,3,0.008114
16,189,3600,1,0.006663
16,189,3600,2,0.008397
16,189,3600,3,nan
16,189,3800,1,0.008092
16,189,3800,2,0.008070
16,189,3800,3,0.006096
16,189,4000,1,0.008107
16,189,4000,2,0.007370
16,189,4000,3,0.008113
16,189,4200,1,0.007872
16,189,4200,2,0.007237
16,189,4200,3,0.007457
16,189,4400,1,0.007305
16,189,4400,2,0.008132
16,189,4400,3,0.007089
16,189,4600,1,0.007632
16,189,4600,2,0.007182
16,189,4600,3,0.008148
16,189,4800,1,0.007798
16,189,4800,2,0.008541
16,189,4800,3,0.008236
16,189,5000,1,0.007887
16,189,5000,2,0.006987
16,189,5000,3,0.007806
16,191,1000,1,0.008065
16,191,1000,2,0.007570
16,191,1000,3,0.007903
16,191,1200,1,0.007552
16,191,1200,2,0.006696
16,191,1200,3,0.007387
16,191,1400,1,0.007837
16,191,1400,2,0.006561
16,191,1400,3,0.007626
16,191,1600,1,0.007263
16,191,1600,2,0.006959
16,191,1600,3,0.008573
16,191,1800,1,0.008887
16,191,1800,2,0.008835
16,191,1800,3,0.007995
16,191,2000,1,0.007202
16,191,2000,2,0.007943
16,191,2000,3,0.006412
16,191,2200,1,0.007290
16,191,2200,2,nan
16,191,2200,3,0.007800
16,191,2400,1,0.007610
16,191,2400,2,0.008597
16,191,2400,3,0.007985
16,191,2600,1,nan
16,191,2600,2,0.008369
16,191,2600,3,0.008274
16,191,2800,1,0.008528
16,191,2800,2,0.006897
16,191,2800,3,nan
16,191,3000,1,0.007313
16,191,3000,2,nan
16,191,3000,3,0.006752
16,191,3200,1,0.007889
16,191,3200,2,0.007913
16,191,3200,3,0.007559
16,191,3400,1,0.006787
16,191,3400,2,0.006312
16,191,3400,3,0.008808
16,191,3600,1,0.007776
16,191,3600,2,0.008270
16,191,3600,3,0.007265
16,191,3800,1,0.008020
16,191,3800,2,0.007939
16,191,3800,3,0.007836
16,191,4000,1,0.008734
16,191,4000,2,0.008044
16,191,4000,3,0.008447
16,191,4200,1,0.008024
16,191,4200,2,0.007875
16,191,4200,3,0.007002
16,191,4400,1,0.008509
16,191,4400,2,0.007812
16,191,4400,3,0.008088
16,191,4600,1,0.008462
16,191,4600,2,0.008790
16,191,4600,3,0.008074
16,191,4800,1,0.008230
16,191,4800,2,0.007537
16,191,4800,3,0.007143
16,191,5000,1,0.006748
16,191,5000,2,0.007516
16,191,5000,3,nan
16,193,1000,1,0.007365
16,193,1000,2,0.008426
16,193,1000,3,0.007417
16,193,1200,1,0.007766
16,193,1200,2,0.007979
16,193,1200,3,0.007086
16,193,1400,1,0.007205
16,193,1400,2,0.007675
16,193,1400,3,0.008216
16,193,1600,1,0.008890
16,193,1600,2,0.008678
16,193,1600,3,0.008434
16,193,1800,1,0.007680
16,193,1800,2,0.007288
16,193,1800,3,0.006926
16,193,2000,1,0.007591
16,193,2000,2,nan
16,193,2000,3,0.007809
16,193,2200,1,0.008299
16,193,2200,2,0.007894
16,193,2200,3,0.008992
16,193,2400,1,0.008424
16,193,2400,2,nan
16,193,2400,3,0.007069
16,193,2600,1,0.009462
16,193,2600,2,0.008377
16,193,2600,3,0.007407
16,193,2800,1,0.008920
16,193,2800,2,0.008080
16,193,2800,3,0.007192
16,193,3000,1,0.007702
16,193,3000,2,0.007723
16,193,3000,3,0.007900
16,193,3200,1,0.008296
16,193,3200,2,0.008063
16,193,3200,3,0.007571
16,193,3400,1,0.008630
16,193,3400,2,0.008323
16,193,3400,3,0.008118
16,193,3600,1,0.008327
16,193,3600,2,0.007094
16,193,3600,3,0.007218
16,193,3800,1,0.007322
16,193,3800,2,0.007787
16,193,3800,3,0.008102
16,193,4000,1,0.007711
16,193,4000,2,0.007021
16,193,4000,3,0.008208
16,193,4200,1,0.008080
16,193,4200,2,0.008028
16,193,4200,3,0.008837
16,193,4400,1,nan
16,193,4400,2,nan
16,193,4400,3,0.007649
16,193,4600,1,0.006985
16,193,4600,2,0.008264
16,193,4600,3,0.008149
16,193,4800,1,0.006806
16,193,4800,2,0.007659
16,193,4800,3,0.008205
16,193,5000,1,0.008140
16,193,5000,2,0.008320
16,193,5000,3,0.007265
16,195,1000,1,0.007493
16,195,1000,2,0.006876
16,195,1000,3,nan
16,195,1200,1,0.006254
16,195,1200,2,0.008388
16,195,1200,3,0.007267
16,195,1400,1,nan
16,195,1400,2,0.007245
16,195,1400,3,0.008923
16,195,1600,1,0.007747
16,195,1600,2,0.007314
16,195,1600,3,0.007122
16,195,1800,1,0.006742
16,195,1800,2,0.007284
16,195,1800,3,0.006980
16,195,2000,1,0.008248
16,195,2000,2,0.008397
16,195,2000,3,0.008893
16,195,2200,1,0.008151
16,195,2200,2,0.008047
16,195,2200,3,0.007876
16,195,2400,1,0.008093
16,195,2400,2,0.008052
16,195,2400,3,0.007768
16,195,2600,1,0.008723
16,195,2600,2,0.007988
16,195,2600,3,nan
16,195,2800,1,0.007393
16,195,2800,2,0.008485
16,195,2800,3,0.006544
16,195,3000,1,0.008267
16,195,3000,2,0.009356
16,195,3000,3,0.007369
16,195,3200,1,0.007964
16,195,3200,2,0.007982
16,195,3200,3,0.007731
16,195,3400,1,0.007823
16,195,3400,2,0.008644
16,195,3400,3,0.007702
16,195,3600,1,0.008939
16,195,3600,2,0.008783
16,195,3600,3,0.008144
16,195,3800,1,0.008597
16,195,3800,2,0.007967
16,195,3800,3,0.008033
16,195,4000,1,0.007835
16,195,4000,2,0.007877
16,195,4000,3,0.008254
16,195,4200,1,0.007071
16,195,4200,2,0.008815
16,195,4200,3,0.006532
16,195,4400,1,0.007351
16,195,4400,2,0.007231
16,195,4400,3,nan
16,195,4600,1,0.007512
16,195,4600,2,0.007413
16,195,4600,3,nan
16,195,4800,1,0.009258
16,195,4800,2,0.008861
16,195,4800,3,0.007826
16,195,5000,1,0.007620
16,195,5000,2,0.007837
16,195,5000,3,0.007933
16,197,1000,1,nan
16,197,1000,2,nan
16,197,1000,3,0.007435
16,197,1200,1,0.007702
16,197,1200,2,0.008175
16,197,1200,3,0.007536
16,197,1400,1,0.006881
16,197,1400,2,0.009093
16,197,1400,3,0.007597
16,197,1600,1,0.009130
16,197,1600,2,nan
16,197,1600,3,0.008328
16,197,1800,1,0.007365
16,197,1800,2,0.007473
16,197,1800,3,0.007354
16,197,2000,1,0.008143
16,197,2000,2,0.007310
16,197,2000,3,0.007319
16,197,2200,1,0.008770
16,197,2200,2,0.007937
16,197,2200,3,0.006108
16,197,2400,1,0.008942
16,197,2400,2,0.007396
16,197,2400,3,0.008034
16,197,2600,1,0.008310
16,197,2600,2,0.006551
16,197,2600,3,0.008683
16,197,2800,1,nan
16,197,2800,2,0.006967
16,197,2800,3,0.007482
16,197,3000,1,0.008368
16,197,3000,2,0.008934
16,197,3000,3,0.008767
16,197,3200,1,nan
16,197,3200,2,0.007728
16,197,3200,3,0.007818
16,197,3400,1,0.008121
16,197,3400,2,0.008312
16,197,3400,3,0.008223
16,197,3600,1,0.007239
16,197,3600,2,nan
16,197,3600,3,0.008852
16,197,3800,1,0.008484
16,197,3800,2,0.008619
16,197,3800,3,nan
16,197,4000,1,0.008571
16,197,4000,2,0.007644
16,197,4000,3,0.008533
16,197,4200,1,0.007259
16,197,4200,2,0.007372
16,197,4200,3,0.008491
16,197,4400,1,0.007415
16,197,4400,2,nan
16,197,4400,3,nan
16,197,4600,1,0.008020
16,197,4600,2,0.008494
16,197,4600,3,0.008281
16,197,4800,1,0.008936
16,197,4800,2,0.009246
16,197,4800,3,0.008163
16,197,5000,1,0.007268
16,197,5000,2,0.007687
16,197,5000,3,0.006524
16,199,1000,1,0.007694
16,199,1000,2,0.008275
16,199,1000,3,0.006895
16,199,1200,1,nan
16,199,1200,2,0.006697
16,199,1200,3,0.008058
16,199,1400,1,0.007495
16,199,1400,2,0.007877
16,199,1400,3,0.008620
16,199,1600,1,nan
16,199,1600,2,0.005964
16,199,1600,3,0.008001
16,199,1800,1,0.008480
16,199,1800,2,nan
16,199,1800,3,0.008108
16,199,2000,1,0.007543
16,199,2000,2,0.008366
16,199,2000,3,0.006869
16,199,2200,1,0.007455
16,199,2200,2,nan
16,199,2200,3,0.007277
16,199,2400,1,0.008780
16,199,2400,2,0.007955
16,199,2400,3,0.008021
16,199,2600,1,0.008236
16,199,2600,2,nan
16,199,2600,3,0.009054
16,199,2800,1,0.006919
16,199,2800,2,0.008195
16,199,2800,3,nan
16,199,3000,1,nan
16,199,3000,2,0.009188
16,199,3000,3,0.008340
16,199,3200,1,0.008210
16,199,3200,2,nan
16,199,3200,3,0.008881
16,199,3400,1,0.008928
16,199,3400,2,0.007703
16,199,3400,3,nan
16,199,3600,1,0.008907
16,199,3600,2,0.008225
16,199,3600,3,0.007070
16,199,3800,1,0.008099
16,199,3800,2,0.007650
16,199,3800,3,0.007572
16,199,4000,1,0.007754
16,199,4000,2,0.009251
16,199,4000,3,0.008742
16,199,4200,1,0.007490
16,199,4200,2,0.008463
16,199,4200,3,nan
16,199,4400,1,0.008134
16,199,4400,2,0.008229
16,199,4400,3,nan
16,199,4600,1,nan
16,199,4600,2,0.007333
16,199,4600,3,0.006382
16,199,4800,1,0.008474
16,199,4800,2,0.008495
16,199,4800,3,0.008612
16,199,5000,1,0.006912
16,199,5000,2,0.008796
16,199,5000,3,0.008220
32,1,1000,1,0.001819
32,1,1000,2,0.001746
32,1,1000,3,0.001816
32,1,1200,1,0.001851
32,1,1200,2,0.001756
32,1,1200,3,0.001769
32,1,1400,1,0.001734
32,1,1400,2,0.001791
32,1,1400,3,0.001805
32,1,1600,1,0.001851
32,1,1600,2,0.001752
32,1,1600,3,0.001829
32,1,1800,1,0.001746
32,1,1800,2,0.001857
32,1,1800,3,0.001830
32,1,2000,1,0.001798
32,1,2000,2,0.001847
32,1,2000,3,0.001831
32,1,2200,1,0.001804
32,1,2200,2,0.001796
32,1,2200,3,0.001830
32,1,2400,1,0.001828
32,1,2400,2,0.001756
32,1,2400,3,0.001803
32,1,2600,1,0.001791
32,1,2600,2,0.001786
32,1,2600,3,0.001781
32,1,2800,1,0.001858
32,1,2800,2,0.001861
32,1,2800,3,0.001802
32,1,3000,1,0.001779
32,1,3000,2,0.001806
32,1,3000,3,0.001841
32,1,3200,1,0.001810
32,1,3200,2,0.001800
32,1,3200,3,0.001825
32,1,3400,1,0.001940
32,1,3400,2,0.001781
32,1,3400,3,0.001839
32,1,3600,1,0.001825
32,1,3600,2,0.001757
32,1,3600,3,0.001852
32,1,3800,1,0.001800
32,1,3800,2,0.001762
32,1,3800,3,0.001869
32,1,4000,1,0.001869
32,1,4000,2,0.001737
32,1,4000,3,0.001727
32,1,4200,1,0.001821
32,1,4200,2,0.001779
32,1,4200,3,0.001758
32,1,4400,1,0.001836
32,1,4400,2,0.001898
32,1,4400,3,0.001989
32,1,4600,1,0.001796
32,1,4600,2,0.001721
32,1,4600,3,0.001782
32,1,4800,1,0.001853
32,1,4800,2,0.001699
32,1,4800,3,0.001792
32,1,5000,1,0.001835
32,1,5000,2,0.001818
32,1,5000,3,0.001814
32,3,1000,1,0.001877
32,3,1000,2,0.001867
32,3,1000,3,0.001847
32,3,1200,1,0.001827
32,3,1200,2,0.001792
32,3,1200,3,0.001814
32,3,1400,1,0.001820
32,3,1400,2,0.001691
32,3,1400,3,0.001783
32,3,1600,1,0.001824
32,3,1600,2,0.001867
32,3,1600,3,0.001821
32,3,1800,1,0.001813
32,3,1800,2,0.001889
32,3,1800,3,0.001838
32,3,2000,1,0.001702
32,3,2000,2,0.001791
32,3,2000,3,0.001801
32,3,2200,1,0.001838
32,3,2200,2,0.001777
32,3,2200,3,0.001780
32,3,2400,1,0.001856
32,3,2400,2,0.001850
32,3,2400,3,0.001781
32,3,2600,1,0.001770
32,3,2600,2,0.001863
32,3,2600,3,0.001835
32,3,2800,1,0.001823
32,3,2800,2,0.001775
32,3,2800,3,0.001820
32,3,3000,1,0.001834
32,3,3000,2,0.001735
32,3,3000,3,0.001844
32,3,3200,1,0.001803
32,3,3200,2,0.001814
32,3,3200,3,0.001840
32,3,3400,1,0.001850
32,3,3400,2,0.001820
32,3,3400,3,0.001832
32,3,3600,1,0.001745
32,3,3600,2,0.001792
32,3,3600,3,0.001842
32,3,3800,1,0.001744
32,3,3800,2,0.001679
32,3,3800,3,0.001845
32,3,4000,1,0.001801
32,3,4000,2,0.001695
32,3,4000,3,0.001731
32,3,4200,1,0.001860
32,3,4200,2,0.001744
32,3,4200,3,0.001805
32,3,4400,1,0.001849
32,3,4400,2,0.001800
32,3,4400,3,0.001827
32,3,4600,1,0.001834
32,3,4600,2,0.001801
32,3,4600,3,0.001749
32,3,4800,1,0.001815
32,3,4800,2,0.001838
32,3,4800,3,0.001810
32,3,5000,1,0.001722
32,3,5000,2,0.001886
32,3,5000,3,0.001809
32,5,1000,1,0.001820
32,5,1000,2,0.001739
32,5,1000,3,0.001780
32,5,1200,1,0.001829
32,5,1200,2,0.001780
32,5,1200,3,0.001854
32,5,1400,1,0.001739
32,5,1400,2,0.001893
32,5,1400,3,0.001763
32,5,1600,1,0.001756
32,5,1600,2,0.001791
32,5,1600,3,0.001739
32,5,1800,1,0.001755
32,5,1800,2,0.001750
32,5,1800,3,0.001776
32,5,2000,1,0.001807
32,5,2000,2,0.001782
32,5,2000,3,0.001816
32,5,2200,1,0.001737
32,5,2200,2,0.001690
32,5,2200,3,0.001751
32,5,2400,1,0.001701
32,5,2400,2,0.001763
32,5,2400,3,0.001739
32,5,2600,1,0.001777
32,5,2600,2,0.001733
32,5,2600,3,0.001736
32,5,2800,1,0.001819
32,5,2800,2,0.001796
32,5,2800,3,0.001796
32,5,3000,1,0.001717
32,5,3000,2,0.001814
32,5,3000,3,0.001756
32,5,3200,1,0.001731
32,5,3200,2,0.001761
32,5,3200,3,0.001752
32,5,3400,1,0.001701
32,5,3400,2,0.001799
32,5,3400,3,0.001713
32,5,3600,1,0.001715
32,5,3600,2,0.001775
32,5,3600,3,0.001608
32,5,3800,1,0.001706
32,5,3800,2,0.001686
32,5,3800,3,0.001784
32,5,4000,1,0.001761
32,5,4000,2,0.001729
32,5,4000,3,0.001809
32,5,4200,1,0.001768
32,5,4200,2,0.001733
32,5,4200,3,0.001802
32,5,4400,1,0.001764
32,5,4400,2,0.001754
32,5,4400,3,0.001794
32,5,4600,1,0.001660
32,5,4600,2,0.001688
32,5,4600,3,0.001772
32,5,4800,1,0.001696
32,5,4800,2,0.001737
32,5,4800,3,0.001732
32,5,5000,1,0.001672
32,5,5000,2,0.001741
32,5,5000,3,0.001777
32,7,1000,1,0.001713
32,7,1000,2,0.001745
32,7,1000,3,0.001774
32,7,1200,1,0.001717
32,7,1200,2,0.001748
32,7,1200,3,0.001734
32,7,1400,1,0.001701
32,7,1400,2,0.001742
32,7,1400,3,0.001853
32,7,1600,1,0.001860
32,7,1600,2,0.001739
32,7,1600,3,0.001707
32,7,1800,1,0.001778
32,7,1800,2,0.001693
32,7,1800,3,0.001763
32,7,2000,1,0.001821
32,7,2000,2,0.001724
32,7,2000,3,0.002176
32,7,2200,1,0.001715
32,7,2200,2,0.001687
32,7,2200,3,0.001825
32,7,2400,1,0.001734
32,7,2400,2,0.001795
32,7,2400,3,0.001735
32,7,2600,1,0.001782
32,7,2600,2,0.001850
32,7,2600,3,0.001860
32,7,2800,1,0.001822
32,7,2800,2,0.002470
32,7,2800,3,0.001893
32,7,3000,1,0.001853
32,7,3000,2,0.001796
32,7,3000,3,0.001827
32,7,3200,1,0.001867
32,7,3200,2,0.001828
32,7,3200,3,0.001857
32,7,3400,1,0.001912
32,7,3400,2,0.001839
32,7,3400,3,0.001840
32,7,3600,1,0.001805
32,7,3600,2,0.001862
32,7,3600,3,0.001823
32,7,3800,1,0.001828
32,7,3800,2,0.001796
32,7,3800,3,0.001850
32,7,4000,1,0.001900
32,7,4000,2,0.001773
32,7,4000,3,0.001798
32,7,4200,1,0.001703
32,7,4200,2,0.001751
32,7,4200,3,0.001662
32,7,4400,1,0.001770
32,7,4400,2,0.001887
32,7,4400,3,0.001783
32,7,4600,1,0.001792
32,7,4600,2,0.001739
32,7,4600,3,0.001842
32,7,4800,1,0.001713
32,7,4800,2,0.001798
32,7,4800,3,0.001800
32,7,5000,1,0.001827
32,7,5000,2,0.001756
32,7,5000,3,0.001764
32,9,1000,1,0.001706
32,9,1000,2,0.002159
32,9,1000,3,0.001723
32,9,1200,1,0.001835
32,9,1200,2,0.001837
32,9,1200,3,0.001763
32,9,1400,1,0.001751
32,9,1400,2,0.002050
32,9,1400,3,0.001768
32,9,1600,1,0.001772
32,9,1600,2,0.001787
32,9,1600,3,0.001806
32,9,1800,1,0.001749
32,9,1800,2,0.001808
32,9,1800,3,0.001796
32,9,2000,1,0.001722
32,9,2000,2,0.001749
32,9,2000,3,0.001788
32,9,2200,1,0.001860
32,9,2200,2,0.001689
32,9,2200,3,0.001791
32,9,2400,1,0.001792
32,9,2400,2,0.001800
32,9,2400,3,0.001817
32,9,2600,1,0.001749
32,9,2600,2,0.001699
32,9,2600,3,0.001706
32,9,2800,1,0.001859
32,9,2800,2,0.001741
32,9,2800,3,0.001785
32,9,3000,1,0.001815
32,9,3000,2,0.001719
32,9,3000,3,0.001703
32,9,3200,1,0.001806
32,9,3200,2,0.001734
32,9,3200,3,0.001695
32,9,3400,1,0.001779
32,9,3400,2,0.001816
32,9,3400,3,0.001716
32,9,3600,1,0.001701
32,9,3600,2,0.001774
32,9,3600,3,0.001709
32,9,3800,1,0.001731
32,9,3800,2,0.001773
32,9,3800,3,0.001762
32,9,4000,1,0.005945
32,9,4000,2,0.001800
32,9,4000,3,0.001800
32,9,4200,1,0.001641
32,9,4200,2,0.001698
32,9,4200,3,0.001731
32,9,4400,1,0.001661
32,9,4400,2,0.001804
32,9,4400,3,0.001815
32,9,4600,1,0.001708
32,9,4600,2,0.001749
32,9,4600,3,0.001708
32,9,4800,1,0.001745
32,9,4800,2,0.001783
32,9,4800,3,0.001711
32,9,5000,1,0.001739
32,9,5000,2,0.001691
32,9,5000,3,0.002113
32,11,1000,1,0.001783
32,11,1000,2,0.001674
32,11,1000,3,0.001706
32,11,1200,1,0.001631
32,11,1200,2,0.001781
32,11,1200,3,0.001797
32,11,1400,1,0.001720
32,11,1400,2,0.001814
32,11,1400,3,0.001648
32,11,1600,1,0.001784
32,11,1600,2,0.001669
32,11,1600,3,0.001760
32,11,1800,1,0.001754
32,11,1800,2,0.001705
32,11,1800,3,0.001701
32,11,2000,1,0.001708
32,11,2000,2,0.001598
32,11,2000,3,0.001763
32,11,2200,1,0.001752
32,11,2200,2,0.001706
32,11,2200,3,0.001676
32,11,2400,1,0.001678
32,11,2400,2,0.001591
32,11,2400,3,0.001688
32,11,2600,1,0.001780
32,11,2600,2,0.001711
32,11,2600,3,0.001754
32,11,2800,1,0.001733
32,11,2800,2,0.001762
32,11,2800,3,0.001723
32,11,3000,1,0.001772
32,11,3000,2,0.001638
32,11,3000,3,0.001742
32,11,3200,1,0.001823
32,11,3200,2,0.001770
32,11,3200,3,0.001813
32,11,3400,1,0.001821
32,11,3400,2,0.001828
32,11,3400,3,0.001773
32,11,3600,1,0.001800
32,11,3600,2,0.001809
32,11,3600,3,0.001952
32,11,3800,1,0.001770
32,11,3800,2,0.001820
32,11,3800,3,0.001771
32,11,4000,1,0.001741
32,11,4000,2,0.001728
32,11,4000,3,0.001833
32,11,4200,1,0.001822
32,11,4200,2,0.001825
32,11,4200,3,0.001800
32,11,4400,1,0.001733
32,11,4400,2,0.001868
32,11,4400,3,0.001754
32,11,4600,1,0.001727
32,11,4600,2,0.001793
32,11,4600,3,0.001722
32,11,4800,1,0.001750
32,11,4800,2,0.001731
32,11,4800,3,0.001900
32,11,5000,1,0.001784
32,11,5000,2,0.001749
32,11,5000,3,0.001770
32,13,1000,1,0.001743
32,13,1000,2,0.001842
32,13,1000,3,0.001785
32,13,1200,1,0.001820
32,13,1200,2,0.001750
32,13,1200,3,0.001726
32,13,1400,1,0.001754
32,13,1400,2,0.001747
32,13,1400,3,0.001725
32,13,1600,1,0.001849
32,13,1600,2,0.001783
32,13,1600,3,0.001689
32,13,1800,1,0.001710
32,13,1800,2,0.001790
32,13,1800,3,0.001825
32,13,2000,1,0.001702
32,13,2000,2,0.001813
32,13,2000,3,0.001814
32,13,2200,1,0.001804
32,13,2200,2,0.001736
32,13,2200,3,0.001840
32,13,2400,1,0.001755
32,13,2400,2,0.001733
32,13,2400,3,0.001814
32,13,2600,1,0.001811
32,13,2600,2,0.001860
32,13,2600,3,0.001753
32,13,2800,1,0.001789
32,13,2800,2,0.001763
32,13,2800,3,0.001770
32,13,3000,1,0.001779
32,13,3000,2,0.001828
32,13,3000,3,0.001745
32,13,3200,1,0.001747
32,13,3200,2,0.001731
32,13,3200,3,0.001763
32,13,3400,1,0.001855
32,13,3400,2,0.001778
32,13,3400,3,0.001736
32,13,3600,1,0.001749
32,13,3600,2,0.001823
32,13,3600,3,0.001679
32,13,3800,1,0.001744
32,13,3800,2,0.001752
32,13,3800,3,0.001754
32,13,4000,1,0.001881
32,13,4000,2,0.001804
32,13,4000,3,0.001780
32,13,4200,1,0.001704
32,13,4200,2,0.001753
32,13,4200,3,0.001820
32,13,4400,1,0.001803
32,13,4400,2,0.001748
32,13,4400,3,0.001734
32,13,4600,1,0.001771
32,13,4600,2,0.001715
32,13,4600,3,0.001798
32,13,4800,1,0.001765
32,13,4800,2,0.001867
32,13,4800,3,0.001804
32,13,5000,1,0.001786
32,13,5000,2,0.001718
32,13,5000,3,0.001778
32,15,1000,1,0.001757
32,15,1000,2,0.001946
32,15,1000,3,0.001916
32,15,1200,1,0.001815
32,15,1200,2,0.001787
32,15,1200,3,0.001796
32,15,1400,1,0.001793
32,15,1400,2,0.001820
32,15,1400,3,0.001657
32,15,1600,1,0.001867
32,15,1600,2,0.001792
32,15,1600,3,0.001806
32,15,1800,1,0.001799
32,15,1800,2,0.001875
32,15,1800,3,0.001764
32,15,2000,1,0.001750
32,15,2000,2,0.001818
32,15,2000,3,0.001725
32,15,2200,1,0.001784
32,15,2200,2,0.001759
32,15,2200,3,0.001836
32,15,2400,1,0.001782
32,15,2400,2,0.001800
32,15,2400,3,0.001728
32,15,2600,1,0.001760
32,15,2600,2,0.001811
32,15,2600,3,0.001768
32,15,2800,1,0.001705
32,15,2800,2,0.001940
32,15,2800,3,0.001772
32,15,3000,1,0.001747
32,15,3000,2,0.001803
32,15,3000,3,0.001759
32,15,3200,1,0.001823
32,15,3200,2,0.001808
32,15,3200,3,0.001782
32,15,3400,1,0.001749
32,15,3400,2,0.001877
32,15,3400,3,0.001728
32,15,3600,1,0.001814
32,15,3600,2,0.001767
32,15,3600,3,0.001834
32,15,3800,1,0.001698
32,15,3800,2,0.001818
32,15,3800,3,0.001702
32,15,4000,1,0.001803
32,15,4000,2,0.001733
32,15,4000,3,0.001780
32,15,4200,1,0.001783
32,15,4200,2,0.001779
32,15,4200,3,0.001819
32,15,4400,1,0.001759
32,15,4400,2,0.001803
32,15,4400,3,0.001824
32,15,4600,1,0.001870
32,15,4600,2,0.001847
32,15,4600,3,0.001905
32,15,4800,1,0.001959
32,15,4800,2,0.001970
32,15,4800,3,0.001900
32,15,5000,1,0.001872
32,15,5000,2,0.001864
32,15,5000,3,0.001853
32,17,1000,1,0.001830
32,17,1000,2,0.001859
32,17,1000,3,0.001819
32,17,1200,1,0.001863
32,17,1200,2,0.002373
32,17,1200,3,0.001886
32,17,1400,1,0.001923
32,17,1400,2,0.001946
32,17,1400,3,0.001915
32,17,1600,1,0.001875
32,17,1600,2,0.001818
32,17,1600,3,0.001880
32,17,1800,1,0.001794
32,17,1800,2,0.001856
32,17,1800,3,0.001830
32,17,2000,1,0.001863
32,17,2000,2,0.001793
32,17,2000,3,0.001892
32,17,2200,1,0.001885
32,17,2200,2,0.001864
32,17,2200,3,0.001845
32,17,2400,1,0.001799
32,17,2400,2,0.001877
32,17,2400,3,0.001826
32,17,2600,1,0.001871
32,17,2600,2,0.001880
32,17,2600,3,0.001887
32,17,2800,1,0.001846
32,17,2800,2,0.002273
32,17,2800,3,0.001850
32,17,3000,1,0.001862
32,17,3000,2,0.001881
32,17,3000,3,0.001757
32,17,3200,1,0.001819
32,17,3200,2,0.001849
32,17,3200,3,0.001886
32,17,3400,1,0.001906
32,17,3400,2,0.001932
32,17,3400,3,0.001850
32,17,3600,1,0.001799
32,17,3600,2,0.001910
32,17,3600,3,0.001921
32,17,3800,1,0.001904
32,17,3800,2,0.001862
32,17,3800,3,0.001909
32,17,4000,1,0.001864
32,17,4000,2,0.001835
32,17,4000,3,0.001882
32,17,4200,1,0.001777
32,17,4200,2,0.001871
32,17,4200,3,0.001816
32,17,4400,1,0.001901
32,17,4400,2,0.001902
32,17,4400,3,0.002183
32,17,4600,1,0.001827
32,17,4600,2,0.001825
32,17,4600,3,0.001847
32,17,4800,1,0.001739
32,17,4800,2,0.001884
32,17,4800,3,0.001920
32,17,5000,1,0.001834
32,17,5000,2,0.001829
32,17,5000,3,0.001911
32,19,1000,1,0.001913
32,19,1000,2,0.001854
32,19,1000,3,0.001841
32,19,1200,1,0.001873
32,19,1200,2,0.001796
32,19,1200,3,0.001878
32,19,1400,1,0.001842
32,19,1400,2,0.001789
32,19,1400,3,0.001864
32,19,1600,1,0.001763
32,19,1600,2,0.001895
32,19,1600,3,0.001817
32,19,1800,1,0.001867
32,19,1800,2,0.001787
32,19,1800,3,0.001879
32,19,2000,1,0.001897
32,19,2000,2,0.001831
32,19,2000,3,0.001861
32,19,2200,1,0.001891
32,19,2200,2,0.001868
32,19,2200,3,0.001984
32,19,2400,1,0.001978
32,19,2400,2,0.001826
32,19,2400,3,0.001884
32,19,2600,1,0.001944
32,19,2600,2,0.001893
32,19,2600,3,0.001851
32,19,2800,1,0.001842
32,19,2800,2,0.001869
32,19,2800,3,0.001801
32,19,3000,1,0.001840
32,19,3000,2,0.001803
32,19,3000,3,0.001838
32,19,3200,1,0.001911
32,19,3200,2,0.001885
32,19,3200,3,0.001847
32,19,3400,1,0.001805
32,19,3400,2,0.001854
32,19,3400,3,0.001851
32,19,3600,1,0.001957
32,19,3600,2,0.001813
32,19,3600,3,0.001880
32,19,3800,1,0.001929
32,19,3800,2,0.001850
32,19,3800,3,0.001887
32,19,4000,1,0.001831
32,19,4000,2,0.001794
32,19,4000,3,0.001912
32,19,4200,1,0.001867
32,19,4200,2,0.001841
32,19,4200,3,0.002021
32,19,4400,1,0.001887
32,19,4400,2,0.001807
32,19,4400,3,0.001847
32,19,4600,1,0.001847
32,19,4600,2,0.001891
32,19,4600,3,0.001837
32,19,4800,1,0.001880
32,19,4800,2,0.001935
32,19,4800,3,0.001818
32,19,5000,1,0.001781
32,19,5000,2,0.001781
32,19,5000,3,0.001729
32,21,1000,1,0.001733
32,21,1000,2,0.001800
32,21,1000,3,0.001789
32,21,1200,1,0.001753
32,21,1200,2,0.001774
32,21,1200,3,0.001817
32,21,1400,1,0.001795
32,21,1400,2,0.001742
32,21,1400,3,0.001804
32,21,1600,1,0.001756
32,21,1600,2,0.001763
32,21,1600,3,0.001831
32,21,1800,1,0.001753
32,21,1800,2,0.001757
32,21,1800,3,0.001758
32,21,2000,1,0.001716
32,21,2000,2,0.001692
32,21,2000,3,0.001807
32,21,2200,1,0.001655
32,21,2200,2,0.001801
32,21,2200,3,0.001837
32,21,2400,1,0.001739
32,21,2400,2,0.001810
32,21,2400,3,0.002016
32,21,2600,1,0.001780
32,21,2600,2,0.001792
32,21,2600,3,0.001848
32,21,2800,1,0.001774
32,21,2800,2,0.001710
32,21,2800,3,0.001832
32,21,3000,1,0.001805
32,21,3000,2,0.001805
32,21,3000,3,0.001804
32,21,3200,1,0.001776
32,21,3200,2,0.001760
32,21,3200,3,0.001748
32,21,3400,1,0.001875
32,21,3400,2,0.001819
32,21,3400,3,0.001677
32,21,3600,1,0.001722
32,21,3600,2,0.001830
32,21,3600,3,0.001754
32,21,3800,1,0.001648
32,21,3800,2,0.001779
32,21,3800,3,0.001862
32,21,4000,1,0.001737
32,21,4000,2,0.001777
32,21,4000,3,0.001790
32,21,4200,1,0.001725
32,21,4200,2,0.001919
32,21,4200,3,0.001826
32,21,4400,1,0.001832
32,21,4400,2,0.001873
32,21,4400,3,0.001876
32,21,4600,1,0.001721
32,21,4600,2,0.001761
32,21,4600,3,0.002451
32,21,4800,1,0.001840
32,21,4800,2,0.001824
32,21,4800,3,0.001690
32,21,5000,1,0.001741
32,21,5000,2,0.001770
32,21,5000,3,0.001671
32,23,1000,1,0.001880
32,23,1000,2,0.001800
32,23,1000,3,0.001924
32,23,1200,1,0.001743
32,23,1200,2,0.001757
32,23,1200,3,0.001789
32,23,1400,1,0.001811
32,23,1400,2,0.001937
32,23,1400,3,0.001794
32,23,1600,1,0.001754
32,23,1600,2,0.001791
32,23,1600,3,0.001790
32,23,1800,1,0.001661
32,23,1800,2,0.001756
32,23,1800,3,0.001634
32,23,2000,1,0.001823
32,23,2000,2,0.001817
32,23,2000,3,0.001712
32,23,2200,1,0.001719
32,23,2200,2,0.001747
32,23,2200,3,0.001781
32,23,2400,1,0.001762
32,23,2400,2,0.001814
32,23,2400,3,0.001746
32,23,2600,1,0.001783
32,23,2600,2,0.001837
32,23,2600,3,0.003452
32,23,2800,1,0.001852
32,23,2800,2,0.001732
32,23,2800,3,0.001882
32,23,3000,1,0.001760
32,23,3000,2,0.001842
32,23,3000,3,0.001721
32,23,3200,1,0.001906
32,23,3200,2,0.001756
32,23,3200,3,0.001778
32,23,3400,1,0.001679
32,23,3400,2,0.001794
32,23,3400,3,0.001746
32,23,3600,1,0.001781
32,23,3600,2,0.001663
32,23,3600,3,0.001770
32,23,3800,1,0.001727
32,23,3800,2,0.001698
32,23,3800,3,0.001789
32,23,4000,1,0.001772
32,23,4000,2,0.001772
32,23,4000,3,0.001769
32,23,4200,1,0.001803
32,23,4200,2,0.001720
32,23,4200,3,0.001780
32,23,4400,1,0.001711
32,23,4400,2,0.001733
32,23,4400,3,0.001708
32,23,4600,1,0.001762
32,23,4600,2,0.001750
32,23,4600,3,0.001821
32,23,4800,1,0.001690
32,23,4800,2,0.001804
32,23,4800,3,0.001791
32,23,5000,1,0.001698
32,23,5000,2,0.001779
32,23,5000,3,0.001763
32,25,1000,1,0.001775
32,25,1000,2,0.001770
32,25,1000,3,0.001719
32,25,1200,1,0.001724
32,25,1200,2,0.001806
32,25,1200,3,0.001736
32,25,1400,1,0.001768
32,25,1400,2,0.001881
32,25,1400,3,0.001816
32,25,1600,1,0.001741
32,25,1600,2,0.001743
32,25,1600,3,0.001733
32,25,1800,1,0.001759
32,25,1800,2,0.001805
32,25,1800,3,0.001781
32,25,2000,1,0.001767
32,25,2000,2,0.001852
32,25,2000,3,0.001803
32,25,2200,1,0.001801
32,25,2200,2,0.001770
32,25,2200,3,0.001723
32,25,2400,1,0.001758
32,25,2400,2,0.001836
32,25,2400,3,0.001754
32,25,2600,1,0.001874
32,25,2600,2,0.001952
32,25,2600,3,0.001881
32,25,2800,1,0.001806
32,25,2800,2,0.001813
32,25,2800,3,0.001904
32,25,3000,1,0.001922
32,25,3000,2,0.001832
32,25,3000,3,0.001805
32,25,3200,1,0.001837
32,25,3200,2,0.001813
32,25,3200,3,0.001894
32,25,3400,1,0.001785
32,25,3400,2,0.001755
32,25,3400,3,0.001834
32,25,3600,1,0.001786
32,25,3600,2,0.001807
32,25,3600,3,0.001792
32,25,3800,1,0.001930
32,25,3800,2,0.002227
32,25,3800,3,0.001922
32,25,4000,1,0.001801
32,25,4000,2,0.001724
32,25,4000,3,0.001818
32,25,4200,1,0.001836
32,25,4200,2,nan
32,25,4200,3,0.001918
32,25,4400,1,0.001885
32,25,4400,2,0.001831
32,25,4400,3,0.001915
32,25,4600,1,0.001975
32,25,4600,2,0.001773
32,25,4600,3,0.001861
32,25,4800,1,0.001820
32,25,4800,2,0.001942
32,25,4800,3,0.001822
32,25,5000,1,0.001752
32,25,5000,2,0.001706
32,25,5000,3,0.001764
32,27,1000,1,0.001915
32,27,1000,2,0.001920
32,27,1000,3,0.002048
32,27,1200,1,0.002149
32,27,1200,2,0.001845
32,27,1200,3,0.001834
32,27,1400,1,0.002480
32,27,1400,2,0.001932
32,27,1400,3,0.001903
32,27,1600,1,0.001842
32,27,1600,2,0.001877
32,27,1600,3,0.001881
32,27,1800,1,0.001781
32,27,1800,2,0.001909
32,27,1800,3,0.002142
32,27,2000,1,0.001834
32,27,2000,2,0.001839
32,27,2000,3,0.002140
32,27,2200,1,0.002232
32,27,2200,2,0.002297
32,27,2200,3,0.001967
32,27,2400,1,0.001850
32,27,2400,2,0.001980
32,27,2400,3,0.001906
32,27,2600,1,0.001818
32,27,2600,2,0.002398
32,27,2600,3,0.001985
32,27,2800,1,0.002118
32,27,2800,2,0.001936
32,27,2800,3,0.002153
32,27,3000,1,0.001774
32,27,3000,2,0.002788
32,27,3000,3,0.001859
32,27,3200,1,0.001795
32,27,3200,2,0.001851
32,27,3200,3,0.001843
32,27,3400,1,0.001867
32,27,3400,2,0.001897
32,27,3400,3,0.002025
32,27,3600,1,0.001790
32,27,3600,2,0.002389
32,27,3600,3,0.002080
32,27,3800,1,0.001959
32,27,3800,2,0.002237
32,27,3800,3,0.001938
32,27,4000,1,0.001915
32,27,4000,2,0.001876
32,27,4000,3,0.002066
32,27,4200,1,0.001931
32,27,4200,2,0.002097
32,27,4200,3,0.002200
32,27,4400,1,0.001923
32,27,4400,2,0.001843
32,27,4400,3,0.002230
32,27,4600,1,0.001816
32,27,4600,2,0.001722
32,27,4600,3,0.001912
32,27,4800,1,0.002050
32,27,4800,2,0.001930
32,27,4800,3,0.001909
32,27,5000,1,0.001892
32,27,5000,2,0.001933
32,27,5000,3,0.002228
32,29,1000,1,0.002373
32,29,1000,2,0.001831
32,29,1000,3,0.001782
32,29,1200,1,0.002034
32,29,1200,2,0.001899
32,29,1200,3,0.001894
32,29,1400,1,0.001860
32,29,1400,2,0.001750
32,29,1400,3,0.001801
32,29,1600,1,0.001954
32,29,1600,2,0.002248
32,29,1600,3,0.001906
32,29,1800,1,nan
32,29,1800,2,0.001935
32,29,1800,3,0.001813
32,29,2000,1,0.001943
32,29,2000,2,0.002338
32,29,2000,3,0.002003
32,29,2200,1,0.001875
32,29,2200,2,0.002292
32,29,2200,3,0.001777
32,29,2400,1,nan
32,29,2400,2,0.001963
32,29,2400,3,0.002049
32,29,2600,1,0.002494
32,29,2600,2,0.001913
32,29,2600,3,0.001969
32,29,2800,1,0.001877
32,29,2800,2,0.001825
32,29,2800,3,0.001901
32,29,3000,1,0.001936
32,29,3000,2,0.001883
32,29,3000,3,0.002027
32,29,3200,1,0.001914
32,29,3200,2,0.001860
32,29,3200,3,0.001890
32,29,3400,1,0.001882
32,29,3400,2,0.001893
32,29,3400,3,0.001893
32,29,3600,1,0.002235
32,29,3600,2,0.001857
32,29,3600,3,0.001890
32,29,3800,1,0.002198
32,29,3800,2,0.002018
32,29,3800,3,0.002047
32,29,4000,1,0.002507
32,29,4000,2,0.001869
32,29,4000,3,0.001847
32,29,4200,1,0.001918
32,29,4200,2,0.001932
32,29,4200,3,0.001946
32,29,4400,1,0.001847
32,29,4400,2,0.001865
32,29,4400,3,0.002011
32,29,4600,1,0.001952
32,29,4600,2,0.001853
32,29,4600,3,0.002000
32,29,4800,1,0.002004
32,29,4800,2,0.002390
32,29,4800,3,0.002045
32,29,5000,1,0.001969
32,29,5000,2,0.006154
32,29,5000,3,0.001896
32,31,1000,1,0.001818
32,31,1000,2,0.001881
32,31,1000,3,0.001889
32,31,1200,1,0.001901
32,31,1200,2,0.001853
32,31,1200,3,0.001826
32,31,1400,1,0.001897
32,31,1400,2,0.002098
32,31,1400,3,0.001980
32,31,1600,1,0.002649
32,31,1600,2,0.001837
32,31,1600,3,0.001994
32,31,1800,1,0.001865
32,31,1800,2,0.002046
32,31,1800,3,0.001766
32,31,2000,1,0.001839
32,31,2000,2,0.001964
32,31,2000,3,0.001840
32,31,2200,1,0.001955
32,31,2200,2,0.001870
32,31,2200,3,0.001912
32,31,2400,1,0.001788
32,31,2400,2,0.001925
32,31,2400,3,0.001995
32,31,2600,1,0.001858
32,31,2600,2,0.001971
32,31,2600,3,0.001836
32,31,2800,1,0.001940
32,31,2800,2,0.002857
32,31,2800,3,0.001914
32,31,3000,1,0.001854
32,31,3000,2,0.001884
32,31,3000,3,0.001889
32,31,3200,1,0.001913
32,31,3200,2,0.001914
32,31,3200,3,nan
32,31,3400,1,0.001889
32,31,3400,2,0.001849
32,31,3400,3,0.002117
32,31,3600,1,0.001843
32,31,3600,2,0.001847
32,31,3600,3,0.001869
32,31,3800,1,0.001784
32,31,3800,2,0.001952
32,31,3800,3,0.001986
32,31,4000,1,0.001957
32,31,4000,2,0.001925
32,31,4000,3,0.001981
32,31,4200,1,0.001897
32,31,4200,2,0.002307
32,31,4200,3,0.002129
32,31,4400,1,0.002383
32,31,4400,2,0.001943
32,31,4400,3,0.002137
32,31,4600,1,0.002252
32,31,4600,2,0.001833
32,31,4600,3,0.002034
32,31,4800,1,0.001779
32,31,4800,2,0.001749
32,31,4800,3,0.001860
32,31,5000,1,0.001836
32,31,5000,2,0.002120
32,31,5000,3,0.002165
32,33,1000,1,0.001768
32,33,1000,2,0.002783
32,33,1000,3,0.001825
32,33,1200,1,0.002057
32,33,1200,2,0.001904
32,33,1200,3,0.001890
32,33,1400,1,0.001761
32,33,1400,2,0.001947
32,33,1400,3,0.001798
32,33,1600,1,0.002195
32,33,1600,2,0.002122
32,33,1600,3,0.002149
32,33,1800,1,0.001875
32,33,1800,2,0.001826
32,33,1800,3,0.002079
32,33,2000,1,0.001895
32,33,2000,2,0.001938
32,33,2000,3,0.001828
32,33,2200,1,0.001942
32,33,2200,2,0.001922
32,33,2200,3,0.001945
32,33,2400,1,0.001758
32,33,2400,2,0.001940
32,33,2400,3,0.001905
32,33,2600,1,0.001833
32,33,2600,2,0.001985
32,33,2600,3,0.002235
32,33,2800,1,0.002557
32,33,2800,2,0.001802
32,33,2800,3,0.002072
32,33,3000,1,0.002375
32,33,3000,2,0.001945
32,33,3000,3,0.001779
32,33,3200,1,0.002328
32,33,3200,2,0.001850
32,33,3200,3,0.001746
32,33,3400,1,0.001990
32,33,3400,2,nan
32,33,3400,3,0.001856
32,33,3600,1,0.001906
32,33,3600,2,0.002060
32,33,3600,3,0.001867
32,33,3800,1,0.001908
32,33,3800,2,0.002079
32,33,3800,3,0.002107
32,33,4000,1,0.002086
32,33,4000,2,0.002010
32,33,4000,3,0.002320
32,33,4200,1,0.002104
32,33,4200,2,0.002049
32,33,4200,3,0.001936
32,33,4400,1,0.001839
32,33,4400,2,0.001887
32,33,4400,3,0.002068
32,33,4600,1,0.002263
32,33,4600,2,0.002021
32,33,4600,3,0.001944
32,33,4800,1,0.001943
32,33,4800,2,0.001993
32,33,4800,3,0.001903
32,33,5000,1,0.001838
32,33,5000,2,0.001923
32,33,5000,3,0.001844
32,35,1000,1,0.002069
32,35,1000,2,0.001807
32,35,1000,3,0.001843
32,35,1200,1,0.002159
32,35,1200,2,0.001850
32,35,1200,3,0.002158
32,35,1400,1,0.002161
32,35,1400,2,0.002028
32,35,1400,3,0.002383
32,35,1600,1,0.002005
32,35,1600,2,0.002046
32,35,1600,3,0.001857
32,35,1800,1,0.001884
32,35,1800,2,0.001858
32,35,1800,3,0.002079
32,35,2000,1,0.002239
32,35,2000,2,0.001856
32,35,2000,3,0.002096
32,35,2200,1,0.001876
32,35,2200,2,0.002133
32,35,2200,3,0.001855
32,35,2400,1,0.002095
32,35,2400,2,0.002011
32,35,2400,3,0.001908
32,35,2600,1,0.002003
32,35,2600,2,0.002081
32,35,2600,3,0.001767
32,35,2800,1,0.002156
32,35,2800,2,0.001807
32,35,2800,3,0.001854
32,35,3000,1,0.002406
32,35,3000,2,0.002072
32,35,3000,3,0.001845
32,35,3200,1,0.002882
32,35,3200,2,0.001822
32,35,3200,3,0.001921
32,35,3400,1,0.001909
32,35,3400,2,0.002194
32,35,3400,3,0.001885
32,35,3600,1,0.002426
32,35,3600,2,0.002094
32,35,3600,3,0.002065
32,35,3800,1,0.002235
32,35,3800,2,0.002011
32,35,3800,3,0.002151
32,35,4000,1,0.001915
32,35,4000,2,0.001822
32,35,4000,3,0.001928
32,35,4200,1,0.002015
32,35,4200,2,0.001893
32,35,4200,3,nan
32,35,4400,1,0.001962
32,35,4400,2,0.001983
32,35,4400,3,0.002100
32,35,4600,1,0.002046
32,35,4600,2,0.001826
32,35,4600,3,0.001985
32,35,4800,1,0.002114
32,35,4800,2,0.002032
32,35,4800,3,0.001862
32,35,5000,1,0.002217
32,35,5000,2,0.002150
32,35,5000,3,0.001940
32,37,1000,1,0.002174
32,37,1000,2,0.002557
32,37,1000,3,0.001806
32,37,1200,1,0.001836
32,37,1200,2,0.002259
32,37,1200,3,0.001852
32,37,1400,1,0.001933
32,37,1400,2,0.002247
32,37,1400,3,0.001908
32,37,1600,1,0.002301
32,37,1600,2,0.001832
32,37,1600,3,0.002895
32,37,1800,1,0.001865
32,37,1800,2,0.001863
32,37,1800,3,0.002543
32,37,2000,1,0.002144
32,37,2000,2,0.001901
32,37,2000,3,0.002230
32,37,2200,1,0.002134
32,37,2200,2,0.001967
32,37,2200,3,0.001909
32,37,2400,1,0.001915
32,37,2400,2,0.001984
32,37,2400,3,0.002777
32,37,2600,1,0.002303
32,37,2600,2,0.001936
32,37,2600,3,0.002247
32,37,2800,1,0.002184
32,37,2800,2,0.002082
32,37,2800,3,0.002284
32,37,3000,1,0.001777
32,37,3000,2,0.002382
32,37,3000,3,0.001911
32,37,3200,1,0.002651
32,37,3200,2,0.002670
32,37,3200,3,0.001752
32,37,3400,1,0.001924
32,37,3400,2,0.001779
32,37,3400,3,0.001840
32,37,3600,1,0.001784
32,37,3600,2,0.002071
32,37,3600,3,0.001769
32,37,3800,1,0.001838
32,37,3800,2,0.001772
32,37,3800,3,0.002094
32,37,4000,1,0.001805
32,37,4000,2,0.001773
32,37,4000,3,0.002042
32,37,4200,1,0.001850
32,37,4200,2,0.001968
32,37,4200,3,0.002360
32,37,4400,1,0.002116
32,37,4400,2,0.001836
32,37,4400,3,0.001774
32,37,4600,1,0.001848
32,37,4600,2,0.001868
32,37,4600,3,0.001867
32,37,4800,1,0.002158
32,37,4800,2,0.001825
32,37,4800,3,0.002235
32,37,5000,1,0.001855
32,37,5000,2,0.001856
32,37,5000,3,0.001868
32,39,1000,1,0.002217
32,39,1000,2,0.002111
32,39,1000,3,0.001928
32,39,1200,1,0.001794
32,39,1200,2,0.001777
32,39,1200,3,0.002353
32,39,1400,1,0.001858
32,39,1400,2,0.002007
32,39,1400,3,0.001861
32,39,1600,1,0.001830
32,39,1600,2,0.002557
32,39,1600,3,nan
32,39,1800,1,0.002246
32,39,1800,2,0.002093
32,39,1800,3,0.001893
32,39,2000,1,0.002026
32,39,2000,2,0.002073
32,39,2000,3,0.002003
32,39,2200,1,0.002048
32,39,2200,2,0.001763
32,39,2200,3,0.001877
32,39,2400,1,0.001863
32,39,2400,2,0.001987
32,39,2400,3,0.001960
32,39,2600,1,0.003197
32,39,2600,2,0.001870
32,39,2600,3,0.001895
32,39,2800,1,0.001958
32,39,2800,2,0.002142
32,39,2800,3,0.002288
32,39,3000,1,0.003054
32,39,3000,2,0.002086
32,39,3000,3,0.001847
32,39,3200,1,0.002150
32,39,3200,2,0.002122
32,39,3200,3,0.001882
32,39,3400,1,0.002196
32,39,3400,2,0.002071
32,39,3400,3,0.002061
32,39,3600,1,0.002043
32,39,3600,2,0.001732
32,39,3600,3,0.001946
32,39,3800,1,0.002322
32,39,3800,2,0.001871
32,39,3800,3,0.002066
32,39,4000,1,0.002033
32,39,4000,2,0.001889
32,39,4000,3,0.002039
32,39,4200,1,0.001865
32,39,4200,2,0.002321
32,39,4200,3,0.001897
32,39,4400,1,0.001916
32,39,4400,2,0.002110
32,39,4400,3,0.001832
32,39,4600,1,0.001872
32,39,4600,2,0.002076
32,39,4600,3,0.001954
32,39,4800,1,0.002738
32,39,4800,2,0.001860
32,39,4800,3,0.001878
32,39,5000,1,0.002275
32,39,5000,2,0.001985
32,39,5000,3,0.002012
32,41,1000,1,0.001978
32,41,1000,2,0.001959
32,41,1000,3,0.002080
32,41,1200,1,0.001821
32,41,1200,2,0.002340
32,41,1200,3,nan
32,41,1400,1,0.001949
32,41,1400,2,0.001997
32,41,1400,3,0.006032
32,41,1600,1,0.002151
32,41,1600,2,0.002600
32,41,1600,3,0.002272
32,41,1800,1,0.002028
32,41,1800,2,0.002581
32,41,1800,3,0.002101
32,41,2000,1,0.001897
32,41,2000,2,0.001846
32,41,2000,3,0.002197
32,41,2200,1,0.001954
32,41,2200,2,0.002834
32,41,2200,3,0.001925
32,41,2400,1,0.002742
32,41,2400,2,0.002533
32,41,2400,3,0.001884
32,41,2600,1,0.002074
32,41,2600,2,0.002859
32,41,2600,3,0.001983
32,41,2800,1,0.002629
32,41,2800,2,0.001941
32,41,2800,3,0.002016
32,41,3000,1,0.002010
32,41,3000,2,0.001938
32,41,3000,3,0.002058
32,41,3200,1,0.001976
32,41,3200,2,0.002789
32,41,3200,3,0.002283
32,41,3400,1,0.001936
32,41,3400,2,0.001922
32,41,3400,3,0.002072
32,41,3600,1,0.002452
32,41,3600,2,0.002127
32,41,3600,3,0.003029
32,41,3800,1,0.002828
32,41,3800,2,0.002304
32,41,3800,3,0.002619
32,41,4000,1,0.002310
32,41,4000,2,0.002030
32,41,4000,3,0.002677
32,41,4200,1,0.002805
32,41,4200,2,0.002911
32,41,4200,3,0.002063
32,41,4400,1,0.002014
32,41,4400,2,0.003124
32,41,4400,3,0.001902
32,41,4600,1,0.002003
32,41,4600,2,0.002492
32,41,4600,3,0.001957
32,41,4800,1,0.002074
32,41,4800,2,0.003924
32,41,4800,3,0.001901
32,41,5000,1,nan
32,41,5000,2,0.002216
32,41,5000,3,0.002029
32,43,1000,1,0.002021
32,43,1000,2,0.002199
32,43,1000,3,0.002163
32,43,1200,1,0.002083
32,43,1200,2,0.003662
32,43,1200,3,0.001944
32,43,1400,1,0.001872
32,43,1400,2,0.002246
32,43,1400,3,0.002124
32,43,1600,1,0.001906
32,43,1600,2,0.002847
32,43,1600,3,0.001877
32,43,1800,1,0.002126
32,43,1800,2,0.001852
32,43,1800,3,0.003097
32,43,2000,1,0.001989
32,43,2000,2,0.002299
32,43,2000,3,0.001983
32,43,2200,1,0.002587
32,43,2200,2,0.002081
32,43,2200,3,0.001869
32,43,2400,1,0.003106
32,43,2400,2,0.002004
32,43,2400,3,0.002324
32,43,2600,1,0.002912
32,43,2600,2,0.002159
32,43,2600,3,0.001945
32,43,2800,1,0.002152
32,43,2800,2,0.001849
32,43,2800,3,0.002123
32,43,3000,1,0.002213
32,43,3000,2,0.001894
32,43,3000,3,0.002029
32,43,3200,1,0.003155
32,43,3200,2,0.002116
32,43,3200,3,0.002659
32,43,3400,1,0.001971
32,43,3400,2,0.002117
32,43,3400,3,nan
32,43,3600,1,0.002063
32,43,3600,2,0.002115
32,43,3600,3,0.002171
32,43,3800,1,0.001926
32,43,3800,2,0.002434
32,43,3800,3,0.002096
32,43,4000,1,0.002039
32,43,4000,2,0.002078
32,43,4000,3,nan
32,43,4200,1,0.001947
32,43,4200,2,0.002410
32,43,4200,3,0.002654
32,43,4400,1,0.002029
32,43,4400,2,0.003212
32,43,4400,3,0.001879
32,43,4600,1,0.001980
32,43,4600,2,0.002715
32,43,4600,3,0.002443
32,43,4800,1,0.001945
32,43,4800,2,0.002103
32,43,4800,3,0.002459
32,43,5000,1,0.002115
32,43,5000,2,nan
32,43,5000,3,0.001955
32,45,1000,1,0.002033
32,45,1000,2,0.002073
32,45,1000,3,0.002132
32,45,1200,1,0.002051
32,45,1200,2,0.003181
32,45,1200,3,0.003673
32,45,1400,1,0.002255
32,45,1400,2,0.001921
32,45,1400,3,0.001921
32,45,1600,1,0.001927
32,45,1600,2,0.003662
32,45,1600,3,0.002570
32,45,1800,1,0.002656
32,45,1800,2,0.003618
32,45,1800,3,0.002208
32,45,2000,1,0.002115
32,45,2000,2,0.002173
32,45,2000,3,0.002064
32,45,2200,1,0.002800
32,45,2200,2,0.002255
32,45,2200,3,0.001993
32,45,2400,1,0.002199
32,45,2400,2,0.002806
32,45,2400,3,0.002275
32,45,2600,1,0.003149
32,45,2600,2,0.003117
32,45,2600,3,0.002388
32,45,2800,1,0.002538
32,45,2800,2,0.002015
32,45,2800,3,0.002277
32,45,3000,1,0.001927
32,45,3000,2,0.002532
32,45,3000,3,0.001894
32,45,3200,1,0.002211
32,45,3200,2,nan
32,45,3200,3,0.002036
32,45,3400,1,0.002290
32,45,3400,2,0.001943
32,45,3400,3,0.001969
32,45,3600,1,0.002229
32,45,3600,2,0.001913
32,45,3600,3,0.002344
32,45,3800,1,0.003583
32,45,3800,2,0.001937
32,45,3800,3,0.001931
32,45,4000,1,0.002706
32,45,4000,2,nan
32,45,4000,3,0.002019
32,45,4200,1,0.002153
32,45,4200,2,0.001965
32,45,4200,3,0.002094
32,45,4400,1,0.002297
32,45,4400,2,0.001976
32,45,4400,3,0.002033
32,45,4600,1,0.001936
32,45,4600,2,0.002245
32,45,4600,3,0.001889
32,45,4800,1,0.002085
32,45,4800,2,0.002618
32,45,4800,3,0.001907
32,45,5000,1,0.003304
32,45,5000,2,0.001998
32,45,5000,3,0.002371
32,47,1000,1,0.002168
32,47,1000,2,0.003262
32,47,1000,3,0.002066
32,47,1200,1,0.002187
32,47,1200,2,0.003354
32,47,1200,3,0.002462
32,47,1400,1,0.002109
32,47,1400,2,0.001872
32,47,1400,3,0.001852
32,47,1600,1,0.003341
32,47,1600,2,0.002306
32,47,1600,3,0.002255
32,47,1800,1,0.002208
32,47,1800,2,0.001810
32,47,1800,3,0.002541
32,47,2000,1,0.002894
32,47,2000,2,0.002031
32,47,2000,3,0.002070
32,47,2200,1,0.002229
32,47,2200,2,0.002015
32,47,2200,3,0.002752
32,47,2400,1,0.002774
32,47,2400,2,0.002020
32,47,2400,3,0.002097
32,47,2600,1,0.002064
32,47,2600,2,0.002155
32,47,2600,3,0.003064
32,47,2800,1,0.002927
32,47,2800,2,0.002089
32,47,2800,3,0.003346
32,47,3000,1,0.003225
32,47,3000,2,0.001956
32,47,3000,3,0.002777
32,47,3200,1,0.002086
32,47,3200,2,0.002022
32,47,3200,3,0.002089
32,47,3400,1,0.002349
32,47,3400,2,0.002201
32,47,3400,3,0.001936
32,47,3600,1,0.001897
32,47,3600,2,0.001903
32,47,3600,3,0.002227
32,47,3800,1,0.002052
32,47,3800,2,0.002961
32,47,3800,3,0.002116
32,47,4000,1,0.002147
32,47,4000,2,0.002150
32,47,4000,3,0.002037
32,47,4200,1,0.002168
32,47,4200,2,0.002189
32,47,4200,3,0.002910
32,47,4400,1,0.002174
32,47,4400,2,0.001953
32,47,4400,3,0.002246
32,47,4600,1,0.001885
32,47,4600,2,0.002197
32,47,4600,3,0.002338
32,47,4800,1,0.002089
32,47,4800,2,0.003269
32,47,4800,3,0.002190
32,47,5000,1,0.001984
32,47,5000,2,0.002879
32,47,5000,3,0.002451
32,49,1000,1,0.002778
32,49,1000,2,0.002520
32,49,1000,3,0.002101
32,49,1200,1,0.002350
32,49,1200,2,0.001916
32,49,1200,3,0.002261
32,49,1400,1,0.001971
32,49,1400,2,0.002123
32,49,1400,3,0.002633
32,49,1600,1,0.002169
32,49,1600,2,0.001996
32,49,1600,3,0.002073
32,49,1800,1,0.002202
32,49,1800,2,0.003292
32,49,1800,3,0.002247
32,49,2000,1,0.001948
32,49,2000,2,0.001995
32,49,2000,3,0.003207
32,49,2200,1,0.002998
32,49,2200,2,0.001909
32,49,2200,3,0.003886
32,49,2400,1,0.001986
32,49,2400,2,0.001934
32,49,2400,3,0.002566
32,49,2600,1,0.002191
32,49,2600,2,0.003034
32,49,2600,3,0.003612
32,49,2800,1,0.002315
32,49,2800,2,0.001956
32,49,2800,3,0.002067
32,49,3000,1,0.003179
32,49,3000,2,0.002006
32,49,3000,3,0.002624
32,49,3200,1,0.001971
32,49,3200,2,0.002232
32,49,3200,3,0.002005
32,49,3400,1,0.002663
32,49,3400,2,0.002430
32,49,3400,3,0.002787
32,49,3600,1,0.001961
32,49,3600,2,0.003788
32,49,3600,3,0.001952
32,49,3800,1,0.003071
32,49,3800,2,0.002149
32,49,3800,3,0.002165
32,49,4000,1,0.002328
32,49,4000,2,0.001862
32,49,4000,3,0.003317
32,49,4200,1,0.001876
32,49,4200,2,0.002270
32,49,4200,3,0.002198
32,49,4400,1,0.001987
32,49,4400,2,0.002075
32,49,4400,3,0.002437
32,49,4600,1,0.002229
32,49,4600,2,0.002374
32,49,4600,3,0.002465
32,49,4800,1,0.002552
32,49,4800,2,0.002291
32,49,4800,3,0.003046
32,49,5000,1,0.001966
32,49,5000,2,0.002651
32,49,5000,3,0.003112
32,51,1000,1,0.001992
32,51,1000,2,0.002564
32,51,1000,3,0.002410
32,51,1200,1,0.001939
32,51,1200,2,0.004510
32,51,1200,3,0.002713
32,51,1400,1,0.002013
32,51,1400,2,0.004055
32,51,1400,3,0.002157
32,51,1600,1,0.002292
32,51,1600,2,0.002136
32,51,1600,3,nan
32,51,1800,1,0.003633
32,51,1800,2,0.002522
32,51,1800,3,0.003499
32,51,2000,1,0.001917
32,51,2000,2,0.002338
32,51,2000,3,0.003118
32,51,2200,1,0.003495
32,51,2200,2,0.003406
32,51,2200,3,0.006160
32,51,2400,1,0.002054
32,51,2400,2,0.002306
32,51,2400,3,0.003001
32,51,2600,1,0.003571
32,51,2600,2,0.003370
32,51,2600,3,0.003349
32,51,2800,1,0.001899
32,51,2800,2,0.002174
32,51,2800,3,0.002168
32,51,3000,1,nan
32,51,3000,2,0.003402
32,51,3000,3,0.002086
32,51,3200,1,0.002188
32,51,3200,2,nan
32,51,3200,3,0.002107
32,51,3400,1,0.001844
32,51,3400,2,0.002820
32,51,3400,3,0.001883
32,51,3600,1,0.002276
32,51,3600,2,0.001958
32,51,3600,3,0.002127
32,51,3800,1,0.002902
32,51,3800,2,0.002549
32,51,3800,3,0.003220
32,51,4000,1,0.003401
32,51,4000,2,0.002052
32,51,4000,3,0.003455
32,51,4200,1,0.004157
32,51,4200,2,0.003016
32,51,4200,3,0.002200
32,51,4400,1,0.002047
32,51,4400,2,0.002644
32,51,4400,3,0.002756
32,51,4600,1,0.002401
32,51,4600,2,0.002016
32,51,4600,3,0.001832
32,51,4800,1,0.001926
32,51,4800,2,0.002996
32,51,4800,3,0.002871
32,51,5000,1,0.001957
32,51,5000,2,0.003739
32,51,5000,3,0.002087
32,53,1000,1,0.002305
32,53,1000,2,0.002246
32,53,1000,3,0.003656
32,53,1200,1,0.002583
32,53,1200,2,nan
32,53,1200,3,0.002011
32,53,1400,1,0.002043
32,53,1400,2,0.001957
32,53,1400,3,0.001999
32,53,1600,1,0.002035
32,53,1600,2,0.004077
32,53,1600,3,0.002563
32,53,1800,1,0.004203
32,53,1800,2,0.002091
32,53,1800,3,0.004189
32,53,2000,1,0.001942
32,53,2000,2,0.003217
32,53,2000,3,0.002199
32,53,2200,1,0.002020
32,53,2200,2,0.002079
32,53,2200,3,0.002989
32,53,2400,1,0.002399
32,53,2400,2,0.002138
32,53,2400,3,0.002939
32,53,2600,1,0.001960
32,53,2600,2,0.002049
32,53,2600,3,0.002408
32,53,2800,1,0.003473
32,53,2800,2,0.004004
32,53,2800,3,0.001907
32,53,3000,1,0.004053
32,53,3000,2,0.003115
32,53,3000,3,0.003653
32,53,3200,1,0.003366
32,53,3200,2,0.002767
32,53,3200,3,0.002389
32,53,3400,1,0.002139
32,53,3400,2,0.002010
32,53,3400,3,0.002074
32,53,3600,1,0.003027
32,53,3600,2,0.002555
32,53,3600,3,0.001943
32,53,3800,1,0.002845
32,53,3800,2,0.002814
32,53,3800,3,0.001969
32,53,4000,1,0.002109
32,53,4000,2,0.002990
32,53,4000,3,0.002013
32,53,4200,1,0.002706
32,53,4200,2,0.002288
32,53,4200,3,0.003634
32,53,4400,1,0.002630
32,53,4400,2,0.003144
32,53,4400,3,0.002042
32,53,4600,1,0.002197
32,53,4600,2,0.002493
32,53,4600,3,0.003640
32,53,4800,1,0.002119
32,53,4800,2,0.001947
32,53,4800,3,0.004283
32,53,5000,1,0.002487
32,53,5000,2,0.002804
32,53,5000,3,0.001984
32,55,1000,1,0.003017
32,55,1000,2,0.003506
32,55,1000,3,0.002228
32,55,1200,1,0.003991
32,55,1200,2,0.002135
32,55,1200,3,0.002054
32,55,1400,1,0.002276
32,55,1400,2,0.002921
32,55,1400,3,0.001975
32,55,1600,1,0.003441
32,55,1600,2,0.002408
32,55,1600,3,0.003488
32,55,1800,1,0.002092
32,55,1800,2,0.002015
32,55,1800,3,0.002764
32,55,2000,1,0.004569
32,55,2000,2,0.002949
32,55,2000,3,0.003198
32,55,2200,1,0.003050
32,55,2200,2,0.001999
32,55,2200,3,0.001911
32,55,2400,1,0.002876
32,55,2400,2,0.003809
32,55,2400,3,0.002018
32,55,2600,1,0.002252
32,55,2600,2,0.002887
32,55,2600,3,0.002092
32,55,2800,1,0.001996
32,55,2800,2,0.002501
32,55,2800,3,0.003664
32,55,3000,1,0.002135
32,55,3000,2,0.004324
32,55,3000,3,0.002012
32,55,3200,1,0.003942
32,55,3200,2,0.002151
32,55,3200,3,0.003644
32,55,3400,1,0.001859
32,55,3400,2,0.004326
32,55,3400,3,0.002756
32,55,3600,1,0.001942
32,55,3600,2,0.002365
32,55,3600,3,0.002066
32,55,3800,1,0.002519
32,55,3800,2,0.003011
32,55,3800,3,0.003747
32,55,4000,1,0.002601
32,55,4000,2,0.002403
32,55,4000,3,0.003305
32,55,4200,1,0.002023
32,55,4200,2,0.003078
32,55,4200,3,0.002070
32,55,4400,1,0.002010
32,55,4400,2,0.002032
32,55,4400,3,0.001964
32,55,4600,1,0.003834
32,55,4600,2,0.002920
32,55,4600,3,0.002302
32,55,4800,1,0.002124
32,55,4800,2,0.004158
32,55,4800,3,0.003374
32,55,5000,1,0.003043
32,55,5000,2,0.002472
32,55,5000,3,0.002039
32,57,1000,1,0.004671
32,57,1000,2,0.002351
32,57,1000,3,0.003037
32,57,1200,1,0.003550
32,57,1200,2,0.002028
32,57,1200,3,0.002002
32,57,1400,1,0.001976
32,57,1400,2,0.003306
32,57,1400,3,0.002809
32,57,1600,1,0.002637
32,57,1600,2,0.003541
32,57,1600,3,0.003055
32,57,1800,1,0.002288
32,57,1800,2,0.002206
32,57,1800,3,0.004057
32,57,2000,1,0.003385
32,57,2000,2,0.002959
32,57,2000,3,0.002201
32,57,2200,1,0.002638
32,57,2200,2,0.003884
32,57,2200,3,0.003136
32,57,2400,1,0.003144
32,57,2400,2,0.003569
32,57,2400,3,0.004030
32,57,2600,1,0.002810
32,57,2600,2,0.002480
32,57,2600,3,0.004297
32,57,2800,1,0.002769
32,57,2800,2,0.004307
32,57,2800,3,0.002270
32,57,3000,1,0.003190
32,57,3000,2,0.001987
32,57,3000,3,0.003914
32,57,3200,1,0.004571
32,57,3200,2,0.003117
32,57,3200,3,0.003647
32,57,3400,1,0.003585
32,57,3400,2,0.002197
32,57,3400,3,0.003558
32,57,3600,1,nan
32,57,3600,2,0.001983
32,57,3600,3,0.002284
32,57,3800,1,0.002342
32,57,3800,2,0.003032
32,57,3800,3,0.002280
32,57,4000,1,0.001962
32,57,4000,2,0.003386
32,57,4000,3,0.004140
32,57,4200,1,0.003724
32,57,4200,2,0.002552
32,57,4200,3,0.002096
32,57,4400,1,0.004124
32,57,4400,2,0.003264
32,57,4400,3,0.001977
32,57,4600,1,0.003065
32,57,4600,2,0.002017
32,57,4600,3,0.002230
32,57,4800,1,0.002923
32,57,4800,2,0.003821
32,57,4800,3,0.004391
32,57,5000,1,0.002060
32,57,5000,2,0.002100
32,57,5000,3,0.003680
32,59,1000,1,0.002965
32,59,1000,2,0.002402
32,59,1000,3,0.003334
32,59,1200,1,0.004779
32,59,1200,2,0.002398
32,59,1200,3,0.002197
32,59,1400,1,0.002921
32,59,1400,2,0.002530
32,59,1400,3,nan
32,59,1600,1,0.002333
32,59,1600,2,0.002028
32,59,1600,3,0.003447
32,59,1800,1,0.002180
32,59,1800,2,0.002930
32,59,1800,3,0.001973
32,59,2000,1,0.002134
32,59,2000,2,0.003471
32,59,2000,3,0.003350
32,59,2200,1,0.002000
32,59,2200,2,0.002967
32,59,2200,3,0.002740
32,59,2400,1,0.003355
32,59,2400,2,0.002350
32,59,2400,3,0.002178
32,59,2600,1,0.003929
32,59,2600,2,0.001981
32,59,2600,3,0.004532
32,59,2800,1,0.002138
32,59,2800,2,0.003765
32,59,2800,3,0.003289
32,59,3000,1,0.002682
32,59,3000,2,0.002006
32,59,3000,3,0.002000
32,59,3200,1,0.003502
32,59,3200,2,0.003797
32,59,3200,3,0.002229
32,59,3400,1,0.002145
32,59,3400,2,0.003660
32,59,3400,3,0.003417
32,59,3600,1,0.003567
32,59,3600,2,0.003701
32,59,3600,3,0.002413
32,59,3800,1,0.004110
32,59,3800,2,0.002950
32,59,3800,3,0.003468
32,59,4000,1,0.004223
32,59,4000,2,0.001966
32,59,4000,3,0.002055
32,59,4200,1,nan
32,59,4200,2,0.002056
32,59,4200,3,0.003360
32,59,4400,1,0.003112
32,59,4400,2,0.003851
32,59,4400,3,0.002131
32,59,4600,1,0.002674
32,59,4600,2,nan
32,59,4600,3,0.002249
32,59,4800,1,0.002779
32,59,4800,2,0.002733
32,59,4800,3,0.004476
32,59,5000,1,0.002661
32,59,5000,2,0.003166
32,59,5000,3,0.001977
32,61,1000,1,0.002074
32,61,1000,2,0.002022
32,61,1000,3,0.002103
32,61,1200,1,0.003921
32,61,1200,2,0.002964
32,61,1200,3,0.003343
32,61,1400,1,0.002311
32,61,1400,2,0.002696
32,61,1400,3,0.004589
32,61,1600,1,0.002818
32,61,1600,2,0.002143
32,61,1600,3,0.003417
32,61,1800,1,0.002007
32,61,1800,2,0.005075
32,61,1800,3,0.002268
32,61,2000,1,0.002566
32,61,2000,2,0.003016
32,61,2000,3,0.003196
32,61,2200,1,0.002955
32,61,2200,2,0.002322
32,61,2200,3,0.002877
32,61,2400,1,0.002210
32,61,2400,2,0.002142
32,61,2400,3,0.003748
32,61,2600,1,0.003858
32,61,2600,2,0.002244
32,61,2600,3,0.003983
32,61,2800,1,0.002321
32,61,2800,2,0.002090
32,61,2800,3,0.004342
32,61,3000,1,0.002853
32,61,3000,2,0.002320
32,61,3000,3,0.006658
32,61,3200,1,0.002648
32,61,3200,2,0.002003
32,61,3200,3,0.002039
32,61,3400,1,0.004789
32,61,3400,2,0.002739
32,61,3400,3,0.003559
32,61,3600,1,0.002596
32,61,3600,2,0.004047
32,61,3600,3,0.003142
32,61,3800,1,0.003096
32,61,3800,2,0.003757
32,61,3800,3,0.002915
32,61,4000,1,0.002989
32,61,4000,2,0.002091
32,61,4000,3,0.001926
32,61,4200,1,0.002003
32,61,4200,2,0.002239
32,61,4200,3,0.003588
32,61,4400,1,0.005270
32,61,4400,2,0.003764
32,61,4400,3,0.003469
32,61,4600,1,0.002532
32,61,4600,2,0.003251
32,61,4600,3,0.001924
32,61,4800,1,0.003138
32,61,4800,2,0.004666
32,61,4800,3,0.002618
32,61,5000,1,0.003345
32,61,5000,2,0.002876
32,61,5000,3,0.002005
32,63,1000,1,0.002927
32,63,1000,2,0.002268
32,63,1000,3,0.003080
32,63,1200,1,0.001878
32,63,1200,2,0.003193
32,63,1200,3,0.004727
32,63,1400,1,0.002353
32,63,1400,2,0.004042
32,63,1400,3,0.004649
32,63,1600,1,0.002896
32,63,1600,2,0.002035
32,63,1600,3,0.003394
32,63,1800,1,0.005237
32,63,1800,2,0.004191
32,63,1800,3,0.003428
32,63,2000,1,0.002056
32,63,2000,2,0.004299
32,63,2000,3,0.002429
32,63,2200,1,0.002270
32,63,2200,2,0.002606
32,63,2200,3,0.003963
32,63,2400,1,0.003969
32,63,2400,2,0.002367
32,63,2400,3,0.003730
32,63,2600,1,0.004395
32,63,2600,2,0.004213
32,63,2600,3,0.003124
32,63,2800,1,0.002557
32,63,2800,2,0.003662
32,63,2800,3,0.002318
32,63,3000,1,0.002652
32,63,3000,2,0.004569
32,63,3000,3,0.003482
32,63,3200,1,0.002779
32,63,3200,2,0.002045
32,63,3200,3,0.002903
32,63,3400,1,0.005807
32,63,3400,2,0.002783
32,63,3400,3,0.002476
32,63,3600,1,0.001987
32,63,3600,2,0.004637
32,63,3600,3,0.002739
32,63,3800,1,0.005160
32,63,3800,2,0.002123
32,63,3800,3,0.003380
32,63,4000,1,0.002350
32,63,4000,2,0.002366
32,63,4000,3,0.005848
32,63,4200,1,0.003168
32,63,4200,2,0.002692
32,63,4200,3,0.002712
32,63,4400,1,0.004971
32,63,4400,2,0.002722
32,63,4400,3,0.004122
32,63,4600,1,0.002161
32,63,4600,2,0.005229
32,63,4600,3,0.002080
32,63,4800,1,0.002120
32,63,4800,2,0.004130
32,63,4800,3,0.003046
32,63,5000,1,0.003901
32,63,5000,2,0.004071
32,63,5000,3,0.002358
32,65,1000,1,0.004436
32,65,1000,2,0.001990
32,65,1000,3,0.003879
32,65,1200,1,0.003222
32,65,1200,2,0.003657
32,65,1200,3,0.003364
32,65,1400,1,0.003466
32,65,1400,2,0.003946
32,65,1400,3,0.003339
32,65,1600,1,0.003386
32,65,1600,2,0.002251
32,65,1600,3,0.002488
32,65,1800,1,0.003254
32,65,1800,2,0.002286
32,65,1800,3,0.004942
32,65,2000,1,0.002030
32,65,2000,2,0.002510
32,65,2000,3,0.002337
32,65,2200,1,0.003583
32,65,2200,2,0.003586
32,65,2200,3,0.003286
32,65,2400,1,0.004520
32,65,2400,2,0.002758
32,65,2400,3,0.003875
32,65,2600,1,0.003479
32,65,2600,2,0.003348
32,65,2600,3,0.004179
32,65,2800,1,0.005319
32,65,2800,2,0.002196
32,65,2800,3,0.002850
32,65,3000,1,0.003699
32,65,3000,2,0.003614
32,65,3000,3,0.003069
32,65,3200,1,0.002718
32,65,3200,2,nan
32,65,3200,3,0.004437
32,65,3400,1,0.002163
32,65,3400,2,0.003140
32,65,3400,3,0.002307
32,65,3600,1,0.003687
32,65,3600,2,0.004040
32,65,3600,3,0.002347
32,65,3800,1,0.004273
32,65,3800,2,0.002071
32,65,3800,3,0.002206
32,65,4000,1,0.003837
32,65,4000,2,0.004354
32,65,4000,3,0.004818
32,65,4200,1,0.003708
32,65,4200,2,0.001996
32,65,4200,3,0.002945
32,65,4400,1,0.002351
32,65,4400,2,0.002519
32,65,4400,3,0.003844
32,65,4600,1,0.002044
32,65,4600,2,0.002419
32,65,4600,3,0.002132
32,65,4800,1,0.003632
32,65,4800,2,0.004160
32,65,4800,3,0.002315
32,65,5000,1,0.004007
32,65,5000,2,0.003574
32,65,5000,3,0.004327
32,67,1000,1,0.004556
32,67,1000,2,0.002720
32,67,1000,3,0.003523
32,67,1200,1,0.002129
32,67,1200,2,0.003764
32,67,1200,3,0.004011
32,67,1400,1,0.005061
32,67,1400,2,0.004579
32,67,1400,3,0.002680
32,67,1600,1,0.002473
32,67,1600,2,0.002078
32,67,1600,3,0.002498
32,67,1800,1,0.003807
32,67,1800,2,0.003481
32,67,1800,3,0.003680
32,67,2000,1,0.002468
32,67,2000,2,0.004131
32,67,2000,3,0.002129
32,67,2200,1,0.004925
32,67,2200,2,0.002343
32,67,2200,3,0.002764
32,67,2400,1,0.002817
32,67,2400,2,0.003837
32,67,2400,3,0.004219
32,67,2600,1,0.003453
32,67,2600,2,0.002046
32,67,2600,3,0.002993
32,67,2800,1,0.004609
32,67,2800,2,0.004735
32,67,2800,3,0.002384
32,67,3000,1,0.002084
32,67,3000,2,0.003274
32,67,3000,3,0.003513
32,67,3200,1,0.002946
32,67,3200,2,nan
32,67,3200,3,0.005764
32,67,3400,1,0.003822
32,67,3400,2,0.004462
32,67,3400,3,0.003606
32,67,3600,1,0.004993
32,67,3600,2,0.003740
32,67,3600,3,0.003731
32,67,3800,1,0.005070
32,67,3800,2,0.002531
32,67,3800,3,0.004206
32,67,4000,1,0.002992
32,67,4000,2,0.003756
32,67,4000,3,0.002861
32,67,4200,1,0.003925
32,67,4200,2,nan
32,67,4200,3,0.003686
32,67,4400,1,0.003807
32,67,4400,2,0.004240
32,67,4400,3,0.003418
32,67,4600,1,0.002845
32,67,4600,2,0.003047
32,67,4600,3,0.004102
32,67,4800,1,0.002768
32,67,4800,2,0.002189
32,67,4800,3,0.004805
32,67,5000,1,0.004571
32,67,5000,2,0.002161
32,67,5000,3,0.002802
32,69,1000,1,0.003549
32,69,1000,2,0.004967
32,69,1000,3,0.002920
32,69,1200,1,0.003458
32,69,1200,2,0.004327
32,69,1200,3,0.003734
32,69,1400,1,0.004332
32,69,1400,2,0.003043
32,69,1400,3,0.003931
32,69,1600,1,0.003914
32,69,1600,2,0.005546
32,69,1600,3,0.005320
32,69,1800,1,0.002801
32,69,1800,2,0.002407
32,69,1800,3,0.005380
32,69,2000,1,0.004585
32,69,2000,2,0.004512
32,69,2000,3,0.003965
32,69,2200,1,0.002903
32,69,2200,2,0.002073
32,69,2200,3,0.005101
32,69,2400,1,0.002502
32,69,2400,2,0.003934
32,69,2400,3,0.004208
32,69,2600,1,0.004525
32,69,2600,2,0.003813
32,69,2600,3,0.002118
32,69,2800,1,0.004110
32,69,2800,2,0.004598
32,69,2800,3,0.004600
32,69,3000,1,0.003933
32,69,3000,2,0.004414
32,69,3000,3,0.003900
32,69,3200,1,0.002289
32,69,3200,2,0.004067
32,69,3200,3,0.002376
32,69,3400,1,0.003403
32,69,3400,2,0.004975
32,69,3400,3,0.003687
32,69,3600,1,0.005034
32,69,3600,2,0.005416
32,69,3600,3,0.004434
32,69,3800,1,0.002330
32,69,3800,2,0.004204
32,69,3800,3,0.002266
32,69,4000,1,0.004975
32,69,4000,2,0.004382
32,69,4000,3,0.005532
32,69,4200,1,0.002177
32,69,4200,2,0.004930
32,69,4200,3,0.003813
32,69,4400,1,0.003102
32,69,4400,2,0.003243
32,69,4400,3,0.002267
32,69,4600,1,0.003306
32,69,4600,2,0.005582
32,69,4600,3,0.004158
32,69,4800,1,0.004435
32,69,4800,2,0.004408
32,69,4800,3,0.004341
32,69,5000,1,0.003435
32,69,5000,2,0.003410
32,69,5000,3,0.005851
32,71,1000,1,0.005840
32,71,1000,2,0.002235
32,71,1000,3,0.003441
32,71,1200,1,0.005515
32,71,1200,2,0.005379
32,71,1200,3,0.004580
32,71,1400,1,0.004566
32,71,1400,2,0.003041
32,71,1400,3,0.003398
32,71,1600,1,0.004217
32,71,1600,2,0.004360
32,71,1600,3,0.002887
32,71,1800,1,0.002543
32,71,1800,2,0.003335
32,71,1800,3,0.006881
32,71,2000,1,0.003509
32,71,2000,2,0.004281
32,71,2000,3,0.004104
32,71,2200,1,0.003135
32,71,2200,2,0.005246
32,71,2200,3,0.002519
32,71,2400,1,0.005174
32,71,2400,2,0.002464
32,71,2400,3,0.003616
32,71,2600,1,0.004695
32,71,2600,2,0.004783
32,71,2600,3,0.004958
32,71,2800,1,0.003926
32,71,2800,2,0.002294
32,71,2800,3,0.003999
32,71,3000,1,0.005965
32,71,3000,2,0.002201
32,71,3000,3,0.003947
32,71,3200,1,0.002227
32,71,3200,2,0.002777
32,71,3200,3,0.003560
32,71,3400,1,0.002170
32,71,3400,2,0.003686
32,71,3400,3,0.003598
32,71,3600,1,0.003854
32,71,3600,2,0.004153
32,71,3600,3,0.003752
32,71,3800,1,0.004761
32,71,3800,2,0.004193
32,71,3800,3,0.003809
32,71,4000,1,0.006060
32,71,4000,2,0.004830
32,71,4000,3,0.003210
32,71,4200,1,0.004476
32,71,4200,2,0.003886
32,71,4200,3,0.004422
32,71,4400,1,0.003019
32,71,4400,2,0.003509
32,71,4400,3,0.004035
32,71,4600,1,0.002740
32,71,4600,2,0.002262
32,71,4600,3,0.005441
32,71,4800,1,0.005832
32,71,4800,2,0.004142
32,71,4800,3,0.003235
32,71,5000,1,0.003536
32,71,5000,2,0.003180
32,71,5000,3,0.003875
32,73,1000,1,0.005000
32,73,1000,2,0.003654
32,73,1000,3,0.002770
32,73,1200,1,0.002764
32,73,1200,2,0.002946
32,73,1200,3,0.002185
32,73,1400,1,0.006109
32,73,1400,2,0.002474
32,73,1400,3,0.003484
32,73,1600,1,0.003809
32,73,1600,2,0.004849
32,73,1600,3,0.004547
32,73,1800,1,0.006447
32,73,1800,2,0.002667
32,73,1800,3,0.002207
32,73,2000,1,0.002298
32,73,2000,2,0.004539
32,73,2000,3,0.004564
32,73,2200,1,0.004993
32,73,2200,2,0.003478
32,73,2200,3,0.002877
32,73,2400,1,0.004507
32,73,2400,2,0.002544
32,73,2400,3,0.002257
32,73,2600,1,0.002226
32,73,2600,2,0.002815
32,73,2600,3,0.005733
32,73,2800,1,0.003105
32,73,2800,2,0.003858
32,73,2800,3,0.003436
32,73,3000,1,0.002155
32,73,3000,2,0.005970
32,73,3000,3,0.002349
32,73,3200,1,0.005816
32,73,3200,2,0.003045
32,73,3200,3,0.004339
32,73,3400,1,0.003459
32,73,3400,2,0.003456
32,73,3400,3,0.005408
32,73,3600,1,0.003507
32,73,3600,2,0.003082
32,73,3600,3,0.002165
32,73,3800,1,0.002236
32,73,3800,2,0.004093
32,73,3800,3,0.005229
32,73,4000,1,0.004683
32,73,4000,2,0.002863
32,73,4000,3,0.003760
32,73,4200,1,0.004402
32,73,4200,2,0.003674
32,73,4200,3,0.004149
32,73,4400,1,0.002352
32,73,4400,2,0.004010
32,73,4400,3,0.003353
32,73,4600,1,0.005176
32,73,4600,2,0.002817
32,73,4600,3,0.004284
32,73,4800,1,0.003606
32,73,4800,2,0.002445
32,73,4800,3,0.004217
32,73,5000,1,0.004253
32,73,5000,2,0.003236
32,73,5000,3,0.004299
32,75,1000,1,0.003428
32,75,1000,2,0.003828
32,75,1000,3,0.002056
32,75,1200,1,0.004533
32,75,1200,2,0.003720
32,75,1200,3,0.005347
32,75,1400,1,0.003693
32,75,1400,2,0.005131
32,75,1400,3,0.004805
32,75,1600,1,0.005411
32,75,1600,2,0.004157
32,75,1600,3,0.003734
32,75,1800,1,0.005855
32,75,1800,2,0.004697
32,75,1800,3,0.005494
32,75,2000,1,0.005001
32,75,2000,2,0.004294
32,75,2000,3,0.004796
32,75,2200,1,0.003107
32,75,2200,2,0.004444
32,75,2200,3,0.004998
32,75,2400,1,0.002421
32,75,2400,2,0.005305
32,75,2400,3,nan
32,75,2600,1,0.004933
32,75,2600,2,0.003767
32,75,2600,3,0.005829
32,75,2800,1,0.003001
32,75,2800,2,0.003729
32,75,2800,3,0.003305
32,75,3000,1,0.002363
32,75,3000,2,0.002432
32,75,3000,3,0.003645
32,75,3200,1,0.004725
32,75,3200,2,0.004961
32,75,3200,3,0.006063
32,75,3400,1,0.005112
32,75,3400,2,0.003612
32,75,3400,3,0.003603
32,75,3600,1,nan
32,75,3600,2,0.002189
32,75,3600,3,0.004523
32,75,3800,1,0.005549
32,75,3800,2,0.002270
32,75,3800,3,0.005316
32,75,4000,1,0.003793
32,75,4000,2,0.004045
32,75,4000,3,0.003032
32,75,4200,1,0.003836
32,75,4200,2,0.005317
32,75,4200,3,0.005366
32,75,4400,1,0.006310
32,75,4400,2,0.002485
32,75,4400,3,0.005759
32,75,4600,1,0.002407
32,75,4600,2,0.004065
32,75,4600,3,0.004301
32,75,4800,1,0.004264
32,75,4800,2,0.006071
32,75,4800,3,0.002787
32,75,5000,1,0.002216
32,75,5000,2,0.005242
32,75,5000,3,0.004984
32,77,1000,1,0.004937
32,77,1000,2,0.004841
32,77,1000,3,0.004067
32,77,1200,1,0.006307
32,77,1200,2,0.003099
32,77,1200,3,0.002829
32,77,1400,1,0.003297
32,77,1400,2,0.004835
32,77,1400,3,0.006434
32,77,1600,1,0.003875
32,77,1600,2,0.004287
32,77,1600,3,0.005405
32,77,1800,1,0.002019
32,77,1800,2,0.005498
32,77,1800,3,0.004034
32,77,2000,1,0.004925
32,77,2000,2,0.003836
32,77,2000,3,0.005209
32,77,2200,1,0.002357
32,77,2200,2,0.002313
32,77,2200,3,0.004057
32,77,2400,1,0.003562
32,77,2400,2,0.005460
32,77,2400,3,0.005215
32,77,2600,1,0.002078
32,77,2600,2,0.005085
32,77,2600,3,0.004710
32,77,2800,1,0.005158
32,77,2800,2,0.003506
32,77,2800,3,0.004285
32,77,3000,1,0.004073
32,77,3000,2,0.004364
32,77,3000,3,0.005022
32,77,3200,1,nan
32,77,3200,2,0.005455
32,77,3200,3,0.004386
32,77,3400,1,0.003835
32,77,3400,2,0.002652
32,77,3400,3,0.002978
32,77,3600,1,0.004203
32,77,3600,2,0.002426
32,77,3600,3,0.003289
32,77,3800,1,0.002636
32,77,3800,2,0.004702
32,77,3800,3,0.003599
32,77,4000,1,0.005247
32,77,4000,2,0.002433
32,77,4000,3,0.003667
32,77,4200,1,0.005483
32,77,4200,2,0.003850
32,77,4200,3,0.003822
32,77,4400,1,0.004448
32,77,4400,2,0.003072
32,77,4400,3,0.003475
32,77,4600,1,0.006481
32,77,4600,2,0.002421
32,77,4600,3,0.003180
32,77,4800,1,0.005765
32,77,4800,2,0.002801
32,77,4800,3,0.004719
32,77,5000,1,0.005272
32,77,5000,2,0.004909
32,77,5000,3,0.005023
32,79,1000,1,0.003042
32,79,1000,2,0.005869
32,79,1000,3,0.002818
32,79,1200,1,0.004522
32,79,1200,2,0.003091
32,79,1200,3,0.005920
32,79,1400,1,0.006490
32,79,1400,2,0.005472
32,79,1400,3,0.006255
32,79,1600,1,0.004568
32,79,1600,2,0.005317
32,79,1600,3,0.005338
32,79,1800,1,0.004760
32,79,1800,2,0.003648
32,79,1800,3,0.004913
32,79,2000,1,0.004409
32,79,2000,2,0.004493
32,79,2000,3,0.005503
32,79,2200,1,0.005112
32,79,2200,2,0.004867
32,79,2200,3,0.005431
32,79,2400,1,0.004820
32,79,2400,2,0.002183
32,79,2400,3,0.004393
32,79,2600,1,0.004782
32,79,2600,2,0.003877
32,79,2600,3,0.005088
32,79,2800,1,0.004608
32,79,2800,2,0.003487
32,79,2800,3,0.004511
32,79,3000,1,0.005403
32,79,3000,2,0.003498
32,79,3000,3,0.004895
32,79,3200,1,0.004641
32,79,3200,2,0.003965
32,79,3200,3,0.003940
32,79,3400,1,0.004068
32,79,3400,2,nan
32,79,3400,3,0.002411
32,79,3600,1,0.005000
32,79,3600,2,0.004461
32,79,3600,3,0.004567
32,79,3800,1,0.002257
32,79,3800,2,0.002428
32,79,3800,3,0.005233
32,79,4000,1,0.005228
32,79,4000,2,0.003897
32,79,4000,3,0.004338
32,79,4200,1,0.004480
32,79,4200,2,0.004558
32,79,4200,3,0.002487
32,79,4400,1,0.004030
32,79,4400,2,0.004374
32,79,4400,3,0.004609
32,79,4600,1,0.003915
32,79,4600,2,0.005450
32,79,4600,3,0.005380
32,79,4800,1,0.004161
32,79,4800,2,0.004363
32,79,4800,3,0.003862
32,79,5000,1,0.006095
32,79,5000,2,0.005828
32,79,5000,3,0.004203
32,81,1000,1,0.004826
32,81,1000,2,nan
32,81,1000,3,0.003760
32,81,1200,1,0.003980
32,81,1200,2,0.005710
32,81,1200,3,0.004505
32,81,1400,1,0.003187
32,81,1400,2,0.004572
32,81,1400,3,0.005604
32,81,1600,1,0.005394
32,81,1600,2,0.004857
32,81,1600,3,0.004629
32,81,1800,1,0.003192
32,81,1800,2,0.003482
32,81,1800,3,0.005405
32,81,2000,1,0.004251
32,81,2000,2,0.004363
32,81,2000,3,0.003649
32,81,2200,1,0.003201
32,81,2200,2,0.004555
32,81,2200,3,0.004628
32,81,2400,1,0.004396
32,81,2400,2,0.005585
32,81,2400,3,0.004742
32,81,2600,1,0.004628
32,81,2600,2,0.006806
32,81,2600,3,0.005113
32,81,2800,1,0.005044
32,81,2800,2,0.005143
32,81,2800,3,0.005070
32,81,3000,1,0.005305
32,81,3000,2,0.006256
32,81,3000,3,0.005010
32,81,3200,1,0.005757
32,81,3200,2,nan
32,81,3200,3,0.002767
32,81,3400,1,0.004851
32,81,3400,2,0.002930
32,81,3400,3,0.004300
32,81,3600,1,0.003116
32,81,3600,2,0.003544
32,81,3600,3,0.006027
32,81,3800,1,0.002381
32,81,3800,2,0.005239
32,81,3800,3,0.004780
32,81,4000,1,0.004090
32,81,4000,2,0.003440
32,81,4000,3,0.006525
32,81,4200,1,0.005116
32,81,4200,2,0.006696
32,81,4200,3,0.003053
32,81,4400,1,0.005139
32,81,4400,2,0.005734
32,81,4400,3,0.005462
32,81,4600,1,0.005581
32,81,4600,2,0.004875
32,81,4600,3,0.003118
32,81,4800,1,0.003888
32,81,4800,2,0.006666
32,81,4800,3,0.003882
32,81,5000,1,0.006892
32,81,5000,2,0.005206
32,81,5000,3,0.005308
32,83,1000,1,0.005855
32,83,1000,2,0.004221
32,83,1000,3,0.007395
32,83,1200,1,0.006745
32,83,1200,2,0.004050
32,83,1200,3,0.006924
32,83,1400,1,0.005598
32,83,1400,2,0.006584
32,83,1400,3,0.004287
32,83,1600,1,0.005793
32,83,1600,2,0.003621
32,83,1600,3,0.003853
32,83,1800,1,0.005499
32,83,1800,2,0.004181
32,83,1800,3,0.006001
32,83,2000,1,0.005303
32,83,2000,2,0.005344
32,83,2000,3,0.005055
32,83,2200,1,0.005526
32,83,2200,2,0.005688
32,83,2200,3,0.005136
32,83,2400,1,0.002777
32,83,2400,2,0.004478
32,83,2400,3,0.005782
32,83,2600,1,0.004281
32,83,2600,2,0.003838
32,83,2600,3,0.004232
32,83,2800,1,0.002486
32,83,2800,2,0.006385
32,83,2800,3,0.005248
32,83,3000,1,0.003047
32,83,3000,2,0.006091
32,83,3000,3,0.004164
32,83,3200,1,0.005470
32,83,3200,2,0.007871
32,83,3200,3,0.003381
32,83,3400,1,0.004294
32,83,3400,2,0.002305
32,83,3400,3,0.004866
32,83,3600,1,nan
32,83,3600,2,0.004852
32,83,3600,3,0.006365
32,83,3800,1,0.003285
32,83,3800,2,0.004712
32,83,3800,3,0.003618
32,83,4000,1,0.003805
32,83,4000,2,0.005761
32,83,4000,3,0.005864
32,83,4200,1,0.006152
32,83,4200,2,0.002231
32,83,4200,3,0.006649
32,83,4400,1,0.004389
32,83,4400,2,0.006363
32,83,4400,3,0.006046
32,83,4600,1,0.004825
32,83,4600,2,0.003743
32,83,4600,3,0.004614
32,83,4800,1,0.004360
32,83,4800,2,0.002954
32,83,4800,3,0.005557
32,83,5000,1,0.006355
32,83,5000,2,0.003518
32,83,5000,3,0.003740
32,85,1000,1,0.003014
32,85,1000,2,0.006243
32,85,1000,3,0.002390
32,85,1200,1,0.005614
32,85,1200,2,0.006973
32,85,1200,3,0.002638
32,85,1400,1,0.003677
32,85,1400,2,nan
32,85,1400,3,0.007148
32,85,1600,1,0.004585
32,85,1600,2,0.006252
32,85,1600,3,0.004771
32,85,1800,1,0.005430
32,85,1800,2,0.006308
32,85,1800,3,0.005749
32,85,2000,1,0.004508
32,85,2000,2,0.005702
32,85,2000,3,0.003993
32,85,2200,1,nan
32,85,2200,2,0.003174
32,85,2200,3,0.002204
32,85,2400,1,0.006663
32,85,2400,2,0.003020
32,85,2400,3,0.004350
32,85,2600,1,0.003292
32,85,2600,2,0.003912
32,85,2600,3,0.007173
32,85,2800,1,0.004166
32,85,2800,2,0.003747
32,85,2800,3,0.006439
32,85,3000,1,0.005012
32,85,3000,2,0.002579
32,85,3000,3,0.005561
32,85,3200,1,0.005257
32,85,3200,2,0.004336
32,85,3200,3,0.003932
32,85,3400,1,0.007259
32,85,3400,2,0.004103
32,85,3400,3,0.005227
32,85,3600,1,0.004831
32,85,3600,2,0.006723
32,85,3600,3,0.005593
32,85,3800,1,0.005747
32,85,3800,2,0.005109
32,85,3800,3,0.003257
32,85,4000,1,0.003610
32,85,4000,2,0.005553
32,85,4000,3,0.006831
32,85,4200,1,0.005016
32,85,4200,2,0.005542
32,85,4200,3,0.005853
32,85,4400,1,0.003111
32,85,4400,2,0.003291
32,85,4400,3,0.006534
32,85,4600,1,0.006191
32,85,4600,2,nan
32,85,4600,3,nan
32,85,4800,1,0.007297
32,85,4800,2,0.003018
32,85,4800,3,0.007306
32,85,5000,1,0.003316
32,85,5000,2,0.004006
32,85,5000,3,0.005242
32,87,1000,1,0.005909
32,87,1000,2,0.005979
32,87,1000,3,0.006155
32,87,1200,1,0.004861
32,87,1200,2,0.002416
32,87,1200,3,0.005070
32,87,1400,1,0.003651
32,87,1400,2,0.003066
32,87,1400,3,0.006581
32,87,1600,1,0.005736
32,87,1600,2,0.003962
32,87,1600,3,0.004270
32,87,1800,1,0.005211
32,87,1800,2,0.007814
32,87,1800,3,0.004810
32,87,2000,1,0.006546
32,87,2000,2,0.004800
32,87,2000,3,0.005186
32,87,2200,1,0.006116
32,87,2200,2,0.002586
32,87,2200,3,0.006372
32,87,2400,1,0.003226
32,87,2400,2,0.005255
32,87,2400,3,0.007415
32,87,2600,1,0.004581
32,87,2600,2,0.005436
32,87,2600,3,0.003252
32,87,2800,1,0.005414
32,87,2800,2,0.007286
32,87,2800,3,0.003635
32,87,3000,1,0.006396
32,87,3000,2,0.006277
32,87,3000,3,0.007923
32,87,3200,1,0.005689
32,87,3200,2,0.003809
32,87,3200,3,0.003254
32,87,3400,1,0.005993
32,87,3400,2,0.005574
32,87,3400,3,0.004080
32,87,3600,1,0.006565
32,87,3600,2,0.002982
32,87,3600,3,0.007306
32,87,3800,1,0.006534
32,87,3800,2,0.004302
32,87,3800,3,0.002691
32,87,4000,1,0.005491
32,87,4000,2,0.005458
32,87,4000,3,0.005466
32,87,4200,1,0.005075
32,87,4200,2,0.005445
32,87,4200,3,0.005912
32,87,4400,1,0.005825
32,87,4400,2,0.004583
32,87,4400,3,nan
32,87,4600,1,0.008000
32,87,4600,2,0.004612
32,87,4600,3,0.005033
32,87,4800,1,0.004007
32,87,4800,2,0.004261
32,87,4800,3,0.002532
32,87,5000,1,0.007363
32,87,5000,2,0.005587
32,87,5000,3,0.004908
32,89,1000,1,0.002560
32,89,1000,2,0.003374
32,89,1000,3,0.006221
32,89,1200,1,0.006270
32,89,1200,2,0.006212
32,89,1200,3,0.006801
32,89,1400,1,0.006207
32,89,1400,2,0.006542
32,89,1400,3,0.004284
32,89,1600,1,0.007810
32,89,1600,2,0.003346
32,89,1600,3,0.004414
32,89,1800,1,nan
32,89,1800,2,0.003476
32,89,1800,3,0.004693
32,89,2000,1,0.005850
32,89,2000,2,0.006181
32,89,2000,3,0.004747
32,89,2200,1,0.002812
32,89,2200,2,0.004620
32,89,2200,3,0.006403
32,89,2400,1,0.006117
32,89,2400,2,0.005270
32,89,2400,3,0.005163
32,89,2600,1,0.005544
32,89,2600,2,0.005577
32,89,2600,3,0.005603
32,89,2800,1,0.005264
32,89,2800,2,0.005314
32,89,2800,3,0.006934
32,89,3000,1,0.003748
32,89,3000,2,0.006266
32,89,3000,3,0.005471
32,89,3200,1,0.006895
32,89,3200,2,0.007122
32,89,3200,3,0.006734
32,89,3400,1,0.004393
32,89,3400,2,0.005216
32,89,3400,3,0.004791
32,89,3600,1,0.006847
32,89,3600,2,0.006842
32,89,3600,3,0.004019
32,89,3800,1,0.007391
32,89,3800,2,0.006083
32,89,3800,3,nan
32,89,4000,1,0.006854
32,89,4000,2,0.005765
32,89,4000,3,0.003484
32,89,4200,1,0.004356
32,89,4200,2,0.005522
32,89,4200,3,0.005148
32,89,4400,1,0.007504
32,89,4400,2,0.004030
32,89,4400,3,0.003856
32,89,4600,1,0.004040
32,89,4600,2,0.006893
32,89,4600,3,0.006283
32,89,4800,1,0.005386
32,89,4800,2,0.005237
32,89,4800,3,0.003497
32,89,5000,1,0.005491
32,89,5000,2,0.002639
32,89,5000,3,0.005534
32,91,1000,1,0.006619
32,91,1000,2,0.005610
32,91,1000,3,0.007455
32,91,1200,1,0.005317
32,91,1200,2,0.006167
32,91,1200,3,0.007228
32,91,1400,1,0.004508
32,91,1400,2,0.007058
32,91,1400,3,0.004596
32,91,1600,1,0.006297
32,91,1600,2,0.006252
32,91,1600,3,0.003632
32,91,1800,1,0.006439
32,91,1800,2,0.005125
32,91,1800,3,0.006082
32,91,2000,1,0.007654
32,91,2000,2,0.006204
32,91,2000,3,0.006463
32,91,2200,1,0.005413
32,91,2200,2,0.007186
32,91,2200,3,0.002435
32,91,2400,1,0.005204
32,91,2400,2,nan
32,91,2400,3,0.004765
32,91,2600,1,0.002141
32,91,2600,2,0.004129
32,91,2600,3,0.003930
32,91,2800,1,0.007381
32,91,2800,2,0.005245
32,91,2800,3,0.002986
32,91,3000,1,0.004804
32,91,3000,2,0.007422
32,91,3000,3,0.005977
32,91,3200,1,0.007046
32,91,3200,2,0.006396
32,91,3200,3,0.006140
32,91,3400,1,0.003602
32,91,3400,2,0.003029
32,91,3400,3,0.004700
32,91,3600,1,0.002585
32,91,3600,2,0.007192
32,91,3600,3,0.006826
32,91,3800,1,0.005260
32,91,3800,2,0.006840
32,91,3800,3,0.002269
32,91,4000,1,0.004726
32,91,4000,2,0.004137
32,91,4000,3,0.005577
32,91,4200,1,0.003798
32,91,4200,2,0.004839
32,91,4200,3,0.006637
32,91,4400,1,0.004976
32,91,4400,2,0.002695
32,91,4400,3,0.006924
32,91,4600,1,0.006771
32,91,4600,2,0.006198
32,91,4600,3,0.006193
32,91,4800,1,0.006300
32,91,4800,2,0.003977
32,91,4800,3,0.003401
32,91,5000,1,0.007885
32,91,5000,2,0.007067
32,91,5000,3,0.006464
32,93,1000,1,0.004328
32,93,1000,2,0.005476
32,93,1000,3,0.006339
32,93,1200,1,0.005775
32,93,1200,2,0.007387
32,93,1200,3,0.004393
32,93,1400,1,0.006605
32,93,1400,2,0.005250
32,93,1400,3,0.005623
32,93,1600,1,0.004900
32,93,1600,2,0.005987
32,93,1600,3,0.006314
32,93,1800,1,0.007927
32,93,1800,2,0.004463
32,93,1800,3,0.005858
32,93,2000,1,0.005502
32,93,2000,2,0.004202
32,93,2000,3,0.003107
32,93,2200,1,0.006125
32,93,2200,2,0.006455
32,93,2200,3,0.005971
32,93,2400,1,0.006220
32,93,2400,2,0.007328
32,93,2400,3,0.006477
32,93,2600,1,0.006922
32,93,2600,2,0.004292
32,93,2600,3,0.006108
32,93,2800,1,0.005586
32,93,2800,2,0.006158
32,93,2800,3,0.004332
32,93,3000,1,0.007589
32,93,3000,2,0.006113
32,93,3000,3,0.006778
32,93,3200,1,nan
32,93,3200,2,0.002280
32,93,3200,3,0.004583
32,93,3400,1,0.005815
32,93,3400,2,nan
32,93,3400,3,0.005514
32,93,3600,1,nan
32,93,3600,2,0.007002
32,93,3600,3,0.006773
32,93,3800,1,0.006341
32,93,3800,2,0.007414
32,93,3800,3,0.004051
32,93,4000,1,0.004785
32,93,4000,2,0.003554
32,93,4000,3,0.004297
32,93,4200,1,0.004756
32,93,4200,2,0.005820
32,93,4200,3,0.007070
32,93,4400,1,0.005476
32,93,4400,2,0.005318
32,93,4400,3,0.003412
32,93,4600,1,0.006855
32,93,4600,2,0.006355
32,93,4600,3,0.005629
32,93,4800,1,0.008115
32,93,4800,2,0.006097
32,93,4800,3,0.004480
32,93,5000,1,0.006068
32,93,5000,2,0.005296
32,93,5000,3,0.004289
32,95,1000,1,0.003853
32,95,1000,2,0.003230
32,95,1000,3,0.002663
32,95,1200,1,0.004274
32,95,1200,2,0.003761
32,95,1200,3,0.003193
32,95,1400,1,0.006824
32,95,1400,2,0.003753
32,95,1400,3,0.003744
32,95,1600,1,0.006641
32,95,1600,2,0.005044
32,95,1600,3,0.006290
32,95,1800,1,0.003873
32,95,1800,2,0.005992
32,95,1800,3,0.007911
32,95,2000,1,0.005206
32,95,2000,2,0.007379
32,95,2000,3,0.004629
32,95,2200,1,0.006516
32,95,2200,2,0.005985
32,95,2200,3,0.006949
32,95,2400,1,0.005914
32,95,2400,2,0.005974
32,95,2400,3,0.003632
32,95,2600,1,0.004348
32,95,2600,2,0.005468
32,95,2600,3,0.006434
32,95,2800,1,0.008236
32,95,2800,2,0.006074
32,95,2800,3,0.005505
32,95,3000,1,nan
32,95,3000,2,0.005578
32,95,3000,3,0.007528
32,95,3200,1,0.007350
32,95,3200,2,0.007591
32,95,3200,3,0.007276
32,95,3400,1,0.006893
32,95,3400,2,0.007531
32,95,3400,3,0.006597
32,95,3600,1,0.003120
32,95,3600,2,0.007309
32,95,3600,3,0.006422
32,95,3800,1,0.007377
32,95,3800,2,0.006150
32,95,3800,3,0.003449
32,95,4000,1,0.006241
32,95,4000,2,0.006102
32,95,4000,3,0.005893
32,95,4200,1,0.005048
32,95,4200,2,0.006596
32,95,4200,3,0.002534
32,95,4400,1,nan
32,95,4400,2,0.004811
32,95,4400,3,0.007766
32,95,4600,1,0.004524
32,95,4600,2,0.006035
32,95,4600,3,0.005816
32,95,4800,1,0.002833
32,95,4800,2,0.005801
32,95,4800,3,0.006152
32,95,5000,1,0.005854
32,95,5000,2,0.006197
32,95,5000,3,0.004635
32,97,1000,1,0.007614
32,97,1000,2,0.005813
32,97,1000,3,0.007522
32,97,1200,1,0.007845
32,97,1200,2,nan
32,97,1200,3,0.007609
32,97,1400,1,0.005211
32,97,1400,2,0.006609
32,97,1400,3,0.006347
32,97,1600,1,0.006471
32,97,1600,2,0.006450
32,97,1600,3,0.006353
32,97,1800,1,0.006162
32,97,1800,2,0.006793
32,97,1800,3,0.006537
32,97,2000,1,0.006001
32,97,2000,2,0.005736
32,97,2000,3,0.007032
32,97,2200,1,0.006572
32,97,2200,2,0.008127
32,97,2200,3,0.005899
32,97,2400,1,0.004085
32,97,2400,2,0.004713
32,97,2400,3,0.006064
32,97,2600,1,0.005983
32,97,2600,2,0.005003
32,97,2600,3,0.007812
32,97,2800,1,0.006279
32,97,2800,2,0.003946
32,97,2800,3,0.005172
32,97,3000,1,0.005885
32,97,3000,2,0.008028
32,97,3000,3,0.007945
32,97,3200,1,0.006097
32,97,3200,2,0.006316
32,97,3200,3,0.007153
32,97,3400,1,0.007798
32,97,3400,2,0.006172
32,97,3400,3,0.005536
32,97,3600,1,0.003748
32,97,3600,2,0.006275
32,97,3600,3,0.004767
32,97,3800,1,0.006667
32,97,3800,2,0.003503
32,97,3800,3,0.005280
32,97,4000,1,0.008315
32,97,4000,2,0.005264
32,97,4000,3,0.007323
32,97,4200,1,0.006032
32,97,4200,2,0.006445
32,97,4200,3,0.003738
32,97,4400,1,0.004611
32,97,4400,2,0.005833
32,97,4400,3,0.006302
32,97,4600,1,0.007271
32,97,4600,2,0.004559
32,97,4600,3,0.006241
32,97,4800,1,0.005947
32,97,4800,2,0.005869
32,97,4800,3,0.007027
32,97,5000,1,0.004392
32,97,5000,2,0.006264
32,97,5000,3,0.007972
32,99,1000,1,0.006847
32,99,1000,2,0.006855
32,99,1000,3,0.008917
32,99,1200,1,0.004391
32,99,1200,2,0.004646
32,99,1200,3,0.006704
32,99,1400,1,0.007272
32,99,1400,2,0.007046
32,99,1400,3,0.005948
32,99,1600,1,nan
32,99,1600,2,0.005399
32,99,1600,3,0.004980
32,99,1800,1,0.004193
32,99,1800,2,0.007224
32,99,1800,3,0.005582
32,99,2000,1,0.004825
32,99,2000,2,0.005014
32,99,2000,3,0.007521
32,99,2200,1,0.004202
32,99,2200,2,0.003494
32,99,2200,3,0.003635
32,99,2400,1,0.005978
32,99,2400,2,0.005953
32,99,2400,3,0.006427
32,99,2600,1,0.007704
32,99,2600,2,0.007566
32,99,2600,3,0.005590
32,99,2800,1,0.007712
32,99,2800,2,0.005083
32,99,2800,3,0.005725
32,99,3000,1,0.007253
32,99,3000,2,0.004784
32,99,3000,3,0.003269
32,99,3200,1,0.009785
32,99,3200,2,0.004418
32,99,3200,3,0.003735
32,99,3400,1,0.006397
32,99,3400,2,0.007188
32,99,3400,3,0.006977
32,99,3600,1,0.003755
32,99,3600,2,0.007376
32,99,3600,3,0.006768
32,99,3800,1,0.004759
32,99,3800,2,0.004964
32,99,3800,3,0.005983
32,99,4000,1,0.005129
32,99,4000,2,0.006983
32,99,4000,3,0.005796
32,99,4200,1,0.005366
32,99,4200,2,0.006942
32,99,4200,3,0.006204
32,99,4400,1,0.005055
32,99,4400,2,0.006271
32,99,4400,3,0.005139
32,99,4600,1,0.008614
32,99,4600,2,0.005842
32,99,4600,3,0.005585
32,99,4800,1,0.004644
32,99,4800,2,0.005104
32,99,4800,3,nan
32,99,5000,1,0.007460
32,99,5000,2,0.006340
32,99,5000,3,0.004246
32,101,1000,1,0.003304
32,101,1000,2,0.006709
32,101,1000,3,0.005495
32,101,1200,1,0.007826
32,101,1200,2,0.005983
32,101,1200,3,0.003661
32,101,1400,1,0.006026
32,101,1400,2,0.007542
32,101,1400,3,0.006915
32,101,1600,1,0.008783
32,101,1600,2,0.003606
32,101,1600,3,0.005242
32,101,1800,1,0.007037
32,101,1800,2,0.004041
32,101,1800,3,0.005396
32,101,2000,1,0.006189
32,101,2000,2,0.006563
32,101,2000,3,0.005107
32,101,2200,1,0.005116
32,101,2200,2,0.007703
32,101,2200,3,0.007431
32,101,2400,1,0.004766
32,101,2400,2,0.005956
32,101,2400,3,0.005549
32,101,2600,1,0.005120
32,101,2600,2,0.008098
32,101,2600,3,0.004899
32,101,2800,1,0.006697
32,101,2800,2,0.007711
32,101,2800,3,0.005931
32,101,3000,1,0.006754
32,101,3000,2,0.006125
32,101,3000,3,0.006659
32,101,3200,1,0.007562
32,101,3200,2,0.004685
32,101,3200,3,0.009889
32,101,3400,1,0.004291
32,101,3400,2,0.004572
32,101,3400,3,0.005768
32,101,3600,1,0.005237
32,101,3600,2,0.006427
32,101,3600,3,0.006681
32,101,3800,1,0.005166
32,101,3800,2,0.006499
32,101,3800,3,0.004126
32,101,4000,1,0.004184
32,101,4000,2,0.005667
32,101,4000,3,0.004612
32,101,4200,1,0.005953
32,101,4200,2,0.008437
32,101,4200,3,0.004791
32,101,4400,1,0.003467
32,101,4400,2,0.004905
32,101,4400,3,0.003366
32,101,4600,1,0.007167
32,101,4600,2,0.006671
32,101,4600,3,0.009717
32,101,4800,1,0.006496
32,101,4800,2,0.006545
32,101,4800,3,0.006458
32,101,5000,1,0.007809
32,101,5000,2,0.005542
32,101,5000,3,0.005797
32,103,1000,1,0.006436
32,103,1000,2,0.008339
32,103,1000,3,0.008988
32,103,1200,1,0.006835
32,103,1200,2,0.006937
32,103,1200,3,0.006673
32,103,1400,1,0.006191
32,103,1400,2,0.006737
32,103,1400,3,0.002556
32,103,1600,1,0.007070
32,103,1600,2,0.005217
32,103,1600,3,0.008376
32,103,1800,1,0.004858
32,103,1800,2,0.005474
32,103,1800,3,0.005609
32,103,2000,1,0.008182
32,103,2000,2,0.004638
32,103,2000,3,0.004973
32,103,2200,1,0.005144
32,103,2200,2,0.006940
32,103,2200,3,0.006235
32,103,2400,1,0.006685
32,103,2400,2,0.007280
32,103,2400,3,0.003959
32,103,2600,1,0.005239
32,103,2600,2,0.007908
32,103,2600,3,0.006610
32,103,2800,1,0.007102
32,103,2800,2,0.006212
32,103,2800,3,0.006549
32,103,3000,1,0.006385
32,103,3000,2,0.005517
32,103,3000,3,0.007939
32,103,3200,1,0.006803
32,103,3200,2,0.006647
32,103,3200,3,0.003872
32,103,3400,1,0.006594
32,103,3400,2,0.008317
32,103,3400,3,0.005851
32,103,3600,1,0.006843
32,103,3600,2,0.006361
32,103,3600,3,0.008478
32,103,3800,1,0.006200
32,103,3800,2,0.007584
32,103,3800,3,0.006261
32,103,4000,1,0.008235
32,103,4000,2,0.006012
32,103,4000,3,0.003384
32,103,4200,1,0.004666
32,103,4200,2,0.008482
32,103,4200,3,0.010131
32,103,4400,1,0.006397
32,103,4400,2,0.008168
32,103,4400,3,0.007315
32,103,4600,1,0.006832
32,103,4600,2,0.008156
32,103,4600,3,0.007713
32,103,4800,1,0.004658
32,103,4800,2,0.009019
32,103,4800,3,0.009039
32,103,5000,1,0.007601
32,103,5000,2,0.007064
32,103,5000,3,0.004658
32,105,1000,1,0.006394
32,105,1000,2,0.008193
32,105,1000,3,0.005646
32,105,1200,1,0.007368
32,105,1200,2,0.007939
32,105,1200,3,0.008984
32,105,1400,1,0.006843
32,105,1400,2,0.006752
32,105,1400,3,0.007985
32,105,1600,1,0.005860
32,105,1600,2,0.003611
32,105,1600,3,0.005864
32,105,1800,1,0.007505
32,105,1800,2,0.008299
32,105,1800,3,0.003144
32,105,2000,1,0.006998
32,105,2000,2,0.006477
32,105,2000,3,0.004068
32,105,2200,1,0.005876
32,105,2200,2,0.007658
32,105,2200,3,0.007685
32,105,2400,1,0.006689
32,105,2400,2,0.006467
32,105,2400,3,0.008107
32,105,2600,1,0.006462
32,105,2600,2,0.007020
32,105,2600,3,0.006136
32,105,2800,1,0.008272
32,105,2800,2,0.007397
32,105,2800,3,0.009360
32,105,3000,1,0.007327
32,105,3000,2,0.006759
32,105,3000,3,0.007079
32,105,3200,1,0.005933
32,105,3200,2,0.008063
32,105,3200,3,0.005393
32,105,3400,1,0.005717
32,105,3400,2,0.006934
32,105,3400,3,0.006843
32,105,3600,1,0.007226
32,105,3600,2,0.007157
32,105,3600,3,0.006708
32,105,3800,1,0.005102
32,105,3800,2,0.007831
32,105,3800,3,0.005464
32,105,4000,1,0.005753
32,105,4000,2,0.007364
32,105,4000,3,0.006058
32,105,4200,1,0.003773
32,105,4200,2,0.006916
32,105,4200,3,0.005593
32,105,4400,1,0.006523
32,105,4400,2,0.003822
32,105,4400,3,0.006894
32,105,4600,1,0.007315
32,105,4600,2,0.007558
32,105,4600,3,0.005045
32,105,4800,1,0.005994
32,105,4800,2,0.008160
32,105,4800,3,0.007155
32,105,5000,1,0.006195
32,105,5000,2,nan
32,105,5000,3,0.005079
32,107,1000,1,0.006483
32,107,1000,2,0.006925
32,107,1000,3,0.006014
32,107,1200,1,0.007876
32,107,1200,2,0.007955
32,107,1200,3,0.006892
32,107,1400,1,0.010286
32,107,1400,2,0.005141
32,107,1400,3,0.006459
32,107,1600,1,0.008297
32,107,1600,2,0.008088
32,107,1600,3,0.010268
32,107,1800,1,0.007254
32,107,1800,2,0.006038
32,107,1800,3,0.004488
32,107,2000,1,0.008101
32,107,2000,2,0.008177
32,107,2000,3,0.007845
32,107,2200,1,0.008213
32,107,2200,2,0.008759
32,107,2200,3,0.006450
32,107,2400,1,0.007838
32,107,2400,2,0.008265
32,107,2400,3,0.006447
32,107,2600,1,0.008001
32,107,2600,2,0.005981
32,107,2600,3,0.005289
32,107,2800,1,0.004602
32,107,2800,2,0.003674
32,107,2800,3,0.008638
32,107,3000,1,0.008313
32,107,3000,2,0.005174
32,107,3000,3,0.006412
32,107,3200,1,0.007437
32,107,3200,2,0.008016
32,107,3200,3,0.007699
32,107,3400,1,0.008134
32,107,3400,2,0.003928
32,107,3400,3,0.004702
32,107,3600,1,0.008507
32,107,3600,2,0.005879
32,107,3600,3,0.004500
32,107,3800,1,0.007291
32,107,3800,2,0.006781
32,107,3800,3,0.006746
32,107,4000,1,0.006392
32,107,4000,2,0.010073
32,107,4000,3,0.005447
32,107,4200,1,0.005602
32,107,4200,2,0.007721
32,107,4200,3,0.007119
32,107,4400,1,0.008597
32,107,4400,2,0.004581
32,107,4400,3,0.007183
32,107,4600,1,0.007481
32,107,4600,2,0.005922
32,107,4600,3,0.008480
32,107,4800,1,0.004005
32,107,4800,2,0.005827
32,107,4800,3,0.006307
32,107,5000,1,0.005626
32,107,5000,2,0.008779
32,107,5000,3,0.006895
32,109,1000,1,0.006258
32,109,1000,2,0.009985
32,109,1000,3,0.006571
32,109,1200,1,0.004191
32,109,1200,2,0.005188
32,109,1200,3,0.005599
32,109,1400,1,0.007016
32,109,1400,2,0.007213
32,109,1400,3,0.005809
32,109,1600,1,0.006201
32,109,1600,2,0.006789
32,109,1600,3,0.006560
32,109,1800,1,0.006142
32,109,1800,2,0.005871
32,109,1800,3,0.007773
32,109,2000,1,0.005515
32,109,2000,2,0.004561
32,109,2000,3,0.006354
32,109,2200,1,0.009478
32,109,2200,2,0.008446
32,109,2200,3,0.006625
32,109,2400,1,0.008011
32,109,2400,2,0.006663
32,109,2400,3,0.006588
32,109,2600,1,0.006405
32,109,2600,2,0.004881
32,109,2600,3,0.006324
32,109,2800,1,0.008510
32,109,2800,2,0.005161
32,109,2800,3,0.007536
32,109,3000,1,0.005248
32,109,3000,2,0.006735
32,109,3000,3,0.009334
32,109,3200,1,0.005794
32,109,3200,2,0.007025
32,109,3200,3,0.006514
32,109,3400,1,0.007923
32,109,3400,2,0.006375
32,109,3400,3,0.007578
32,109,3600,1,0.004336
32,109,3600,2,0.004656
32,109,3600,3,0.008669
32,109,3800,1,0.004940
32,109,3800,2,0.006725
32,109,3800,3,0.007940
32,109,4000,1,0.006268
32,109,4000,2,0.007276
32,109,4000,3,0.009317
32,109,4200,1,0.004183
32,109,4200,2,0.007026
32,109,4200,3,0.007926
32,109,4400,1,0.008133
32,109,4400,2,0.005328
32,109,4400,3,0.006066
32,109,4600,1,0.005948
32,109,4600,2,0.006425
32,109,4600,3,0.007236
32,109,4800,1,0.005747
32,109,4800,2,0.006742
32,109,4800,3,0.008041
32,109,5000,1,0.007921
32,109,5000,2,0.006805
32,109,5000,3,0.007100
32,111,1000,1,0.008234
32,111,1000,2,0.009501
32,111,1000,3,0.009236
32,111,1200,1,0.007878
32,111,1200,2,0.005892
32,111,1200,3,0.006303
32,111,1400,1,0.005767
32,111,1400,2,0.004925
32,111,1400,3,0.008554
32,111,1600,1,0.009015
32,111,1600,2,0.006198
32,111,1600,3,0.005572
32,111,1800,1,0.006660
32,111,1800,2,0.008242
32,111,1800,3,0.004648
32,111,2000,1,0.006262
32,111,2000,2,0.004781
32,111,2000,3,0.007953
32,111,2200,1,0.007283
32,111,2200,2,0.008271
32,111,2200,3,0.006709
32,111,2400,1,0.005758
32,111,2400,2,0.006329
32,111,2400,3,0.004524
32,111,2600,1,0.007016
32,111,2600,2,0.007499
32,111,2600,3,0.008817
32,111,2800,1,0.008364
32,111,2800,2,0.004866
32,111,2800,3,0.007274
32,111,3000,1,0.005515
32,111,3000,2,0.006810
32,111,3000,3,0.006828
32,111,3200,1,0.006372
32,111,3200,2,0.007135
32,111,3200,3,0.005503
32,111,3400,1,0.007059
32,111,3400,2,0.008265
32,111,3400,3,0.007383
32,111,3600,1,0.007361
32,111,3600,2,0.006681
32,111,3600,3,0.004522
32,111,3800,1,0.006873
32,111,3800,2,0.005195
32,111,3800,3,0.003814
32,111,4000,1,0.006115
32,111,4000,2,0.006059
32,111,4000,3,0.010437
32,111,4200,1,0.008478
32,111,4200,2,0.007319
32,111,4200,3,0.006338
32,111,4400,1,0.006843
32,111,4400,2,0.009063
32,111,4400,3,0.007584
32,111,4600,1,0.005411
32,111,4600,2,0.007084
32,111,4600,3,0.006338
32,111,4800,1,0.009059
32,111,4800,2,0.007021
32,111,4800,3,0.007115
32,111,5000,1,0.007933
32,111,5000,2,0.008583
32,111,5000,3,0.004622
32,113,1000,1,0.006710
32,113,1000,2,0.008050
32,113,1000,3,0.007672
32,113,1200,1,0.008068
32,113,1200,2,0.010471
32,113,1200,3,0.008239
32,113,1400,1,0.008487
32,113,1400,2,0.006663
32,113,1400,3,0.006375
32,113,1600,1,0.007707
32,113,1600,2,0.007694
32,113,1600,3,0.008206
32,113,1800,1,0.007899
32,113,1800,2,0.007719
32,113,1800,3,0.008151
32,113,2000,1,0.006355
32,113,2000,2,0.003850
32,113,2000,3,0.009418
32,113,2200,1,0.009493
32,113,2200,2,0.009314
32,113,2200,3,0.004217
32,113,2400,1,0.006966
32,113,2400,2,0.008115
32,113,2400,3,0.004506
32,113,2600,1,0.008915
32,113,2600,2,0.008296
32,113,2600,3,0.006359
32,113,2800,1,nan
32,113,2800,2,0.006842
32,113,2800,3,0.005617
32,113,3000,1,0.004254
32,113,3000,2,0.006642
32,113,3000,3,0.005514
32,113,3200,1,0.008422
32,113,3200,2,0.008478
32,113,3200,3,0.008932
32,113,3400,1,0.007179
32,113,3400,2,0.006211
32,113,3400,3,0.008312
32,113,3600,1,0.008869
32,113,3600,2,0.005424
32,113,3600,3,0.006167
32,113,3800,1,0.005834
32,113,3800,2,0.008525
32,113,3800,3,0.008095
32,113,4000,1,0.008919
32,113,4000,2,0.007382
32,113,4000,3,0.006566
32,113,4200,1,0.006493
32,113,4200,2,0.004210
32,113,4200,3,0.006367
32,113,4400,1,0.006889
32,113,4400,2,0.006095
32,113,4400,3,0.010949
32,113,4600,1,0.003435
32,113,4600,2,0.010351
32,113,4600,3,0.007922
32,113,4800,1,0.008477
32,113,4800,2,0.009679
32,113,4800,3,0.007025
32,113,5000,1,0.008859
32,113,5000,2,0.004942
32,113,5000,3,0.008973
32,115,1000,1,0.006400
32,115,1000,2,0.006205
32,115,1000,3,0.005416
32,115,1200,1,0.006158
32,115,1200,2,0.005337
32,115,1200,3,0.007887
32,115,1400,1,0.008451
32,115,1400,2,0.008201
32,115,1400,3,0.006912
32,115,1600,1,0.006793
32,115,1600,2,0.006277
32,115,1600,3,0.006280
32,115,1800,1,0.007559
32,115,1800,2,0.007030
32,115,1800,3,0.007149
32,115,2000,1,0.008648
32,115,2000,2,0.005482
32,115,2000,3,0.007338
32,115,2200,1,0.005286
32,115,2200,2,0.009631
32,115,2200,3,0.007366
32,115,2400,1,0.007001
32,115,2400,2,0.004583
32,115,2400,3,0.006051
32,115,2600,1,0.006973
32,115,2600,2,0.005715
32,115,2600,3,0.008410
32,115,2800,1,0.007705
32,115,2800,2,0.008142
32,115,2800,3,0.005204
32,115,3000,1,0.008331
32,115,3000,2,0.007789
32,115,3000,3,0.006401
32,115,3200,1,0.009566
32,115,3200,2,0.007529
32,115,3200,3,0.008185
32,115,3400,1,0.003885
32,115,3400,2,0.009938
32,115,3400,3,0.006420
32,115,3600,1,0.004718
32,115,3600,2,0.010388
32,115,3600,3,0.006076
32,115,3800,1,0.009781
32,115,3800,2,0.007041
32,115,3800,3,0.008128
32,115,4000,1,0.008469
32,115,4000,2,0.008580
32,115,4000,3,0.008872
32,115,4200,1,0.008187
32,115,4200,2,0.007273
32,115,4200,3,0.008682
32,115,4400,1,0.008465
32,115,4400,2,0.008077
32,115,4400,3,0.007493
32,115,4600,1,0.005638
32,115,4600,2,0.006761
32,115,4600,3,0.006158
32,115,4800,1,0.008071
32,115,4800,2,0.007198
32,115,4800,3,0.005461
32,115,5000,1,0.008402
32,115,5000,2,0.008808
32,115,5000,3,0.010236
32,117,1000,1,0.006716
32,117,1000,2,0.009282
32,117,1000,3,0.008181
32,117,1200,1,0.007361
32,117,1200,2,0.009772
32,117,1200,3,0.007693
32,117,1400,1,0.009126
32,117,1400,2,0.006479
32,117,1400,3,nan
32,117,1600,1,0.004685
32,117,1600,2,0.004662
32,117,1600,3,0.006752
32,117,1800,1,0.004853
32,117,1800,2,0.008756
32,117,1800,3,0.009109
32,117,2000,1,0.008598
32,117,2000,2,0.007947
32,117,2000,3,0.008348
32,117,2200,1,0.007252
32,117,2200,2,0.006379
32,117,2200,3,0.005462
32,117,2400,1,0.009243
32,117,2400,2,0.009996
32,117,2400,3,0.008754
32,117,2600,1,0.008317
32,117,2600,2,0.007572
32,117,2600,3,0.007207
32,117,2800,1,0.007236
32,117,2800,2,0.007891
32,117,2800,3,0.005303
32,117,3000,1,0.006960
32,117,3000,2,0.006233
32,117,3000,3,0.005877
32,117,3200,1,0.007878
32,117,3200,2,0.008054
32,117,3200,3,0.006150
32,117,3400,1,0.006589
32,117,3400,2,0.007540
32,117,3400,3,0.007733
32,117,3600,1,0.006741
32,117,3600,2,0.008129
32,117,3600,3,0.007195
32,117,3800,1,0.007214
32,117,3800,2,0.006636
32,117,3800,3,0.006912
32,117,4000,1,0.007870
32,117,4000,2,0.005152
32,117,4000,3,0.006419
32,117,4200,1,0.005757
32,117,4200,2,0.008144
32,117,4200,3,0.009447
32,117,4400,1,0.007498
32,117,4400,2,0.007598
32,117,4400,3,0.009145
32,117,4600,1,nan
32,117,4600,2,0.006730
32,117,4600,3,0.007661
32,117,4800,1,0.005933
32,117,4800,2,0.006784
32,117,4800,3,0.008683
32,117,5000,1,0.007973
32,117,5000,2,0.007223
32,117,5000,3,0.008306
32,119,1000,1,0.008652
32,119,1000,2,0.009033
32,119,1000,3,0.007903
32,119,1200,1,0.006327
32,119,1200,2,0.008112
32,119,1200,3,0.006844
32,119,1400,1,0.009620
32,119,1400,2,0.006895
32,119,1400,3,0.009702
32,119,1600,1,0.006406
32,119,1600,2,0.008899
32,119,1600,3,0.010060
32,119,1800,1,0.005090
32,119,1800,2,0.008081
32,119,1800,3,0.008296
32,119,2000,1,0.007368
32,119,2000,2,0.008683
32,119,2000,3,0.008308
32,119,2200,1,0.006802
32,119,2200,2,0.008986
32,119,2200,3,0.007826
32,119,2400,1,0.007832
32,119,2400,2,0.010542
32,119,2400,3,0.006406
32,119,2600,1,0.008575
32,119,2600,2,0.008214
32,119,2600,3,0.007155
32,119,2800,1,0.005114
32,119,2800,2,0.008391
32,119,2800,3,0.005422
32,119,3000,1,0.005788
32,119,3000,2,0.008225
32,119,3000,3,0.008446
32,119,3200,1,0.008873
32,119,3200,2,0.009286
32,119,3200,3,0.007523
32,119,3400,1,0.007953
32,119,3400,2,0.007975
32,119,3400,3,0.005100
32,119,3600,1,0.008925
32,119,3600,2,0.007587
32,119,3600,3,0.007787
32,119,3800,1,0.008421
32,119,3800,2,0.007134
32,119,3800,3,0.007495
32,119,4000,1,0.008334
32,119,4000,2,0.007489
32,119,4000,3,0.009739
32,119,4200,1,0.008765
32,119,4200,2,0.007004
32,119,4200,3,0.007694
32,119,4400,1,0.005796
32,119,4400,2,0.006804
32,119,4400,3,0.006749
32,119,4600,1,0.007178
32,119,4600,2,0.007956
32,119,4600,3,0.007451
32,119,4800,1,0.009465
32,119,4800,2,0.009772
32,119,4800,3,0.006023
32,119,5000,1,0.008677
32,119,5000,2,0.008451
32,119,5000,3,0.007682
32,121,1000,1,0.007231
32,121,1000,2,0.006596
32,121,1000,3,0.007718
32,121,1200,1,0.007822
32,121,1200,2,0.009000
32,121,1200,3,0.008941
32,121,1400,1,0.006598
32,121,1400,2,0.004875
32,121,1400,3,0.008515
32,121,1600,1,0.006543
32,121,1600,2,0.005884
32,121,1600,3,0.008763
32,121,1800,1,0.008483
32,121,1800,2,0.006748
32,121,1800,3,0.007854
32,121,2000,1,0.007902
32,121,2000,2,0.009403
32,121,2000,3,0.007685
32,121,2200,1,0.009287
32,121,2200,2,0.008359
32,121,2200,3,0.009260
32,121,2400,1,0.008188
32,121,2400,2,0.009176
32,121,2400,3,0.006758
32,121,2600,1,0.007559
32,121,2600,2,0.008084
32,121,2600,3,0.007113
32,121,2800,1,0.009875
32,121,2800,2,0.009075
32,121,2800,3,0.006122
32,121,3000,1,0.009068
32,121,3000,2,0.008526
32,121,3000,3,0.008394
32,121,3200,1,0.009546
32,121,3200,2,0.006224
32,121,3200,3,0.008696
32,121,3400,1,0.007505
32,121,3400,2,0.003836
32,121,3400,3,0.009428
32,121,3600,1,0.006624
32,121,3600,2,0.009061
32,121,3600,3,0.008022
32,121,3800,1,0.009939
32,121,3800,2,0.006673
32,121,3800,3,0.006619
32,121,4000,1,0.008245
32,121,4000,2,0.008392
32,121,4000,3,0.008921
32,121,4200,1,0.011738
32,121,4200,2,0.007112
32,121,4200,3,0.007394
32,121,4400,1,0.007053
32,121,4400,2,0.007406
32,121,4400,3,0.009361
32,121,4600,1,0.007101
32,121,4600,2,0.009221
32,121,4600,3,0.009679
32,121,4800,1,0.009376
32,121,4800,2,0.009061
32,121,4800,3,0.005218
32,121,5000,1,0.007991
32,121,5000,2,0.004560
32,121,5000,3,0.007615
32,123,1000,1,0.008072
32,123,1000,2,0.009056
32,123,1000,3,0.006225
32,123,1200,1,0.008754
32,123,1200,2,0.007062
32,123,1200,3,0.009665
32,123,1400,1,0.009828
32,123,1400,2,0.008477
32,123,1400,3,0.009412
32,123,1600,1,0.009381
32,123,1600,2,0.007914
32,123,1600,3,0.006486
32,123,1800,1,0.007879
32,123,1800,2,0.009109
32,123,1800,3,0.008120
32,123,2000,1,0.009814
32,123,2000,2,0.008741
32,123,2000,3,0.007414
32,123,2200,1,0.007888
32,123,2200,2,0.009469
32,123,2200,3,0.008093
32,123,2400,1,0.006166
32,123,2400,2,0.008100
32,123,2400,3,0.008716
32,123,2600,1,0.011153
32,123,2600,2,0.009435
32,123,2600,3,0.006718
32,123,2800,1,0.007332
32,123,2800,2,0.008886
32,123,2800,3,0.009717
32,123,3000,1,0.005838
32,123,3000,2,0.008117
32,123,3000,3,0.008251
32,123,3200,1,0.006000
32,123,3200,2,0.009758
32,123,3200,3,0.008025
32,123,3400,1,0.008452
32,123,3400,2,0.010133
32,123,3400,3,0.005967
32,123,3600,1,0.007938
32,123,3600,2,0.008125
32,123,3600,3,0.008025
32,123,3800,1,0.008603
32,123,3800,2,0.009886
32,123,3800,3,0.009386
32,123,4000,1,0.003868
32,123,4000,2,0.008830
32,123,4000,3,0.009759
32,123,4200,1,0.009436
32,123,4200,2,0.007583
32,123,4200,3,0.007797
32,123,4400,1,0.009708
32,123,4400,2,0.006864
32,123,4400,3,0.008458
32,123,4600,1,0.008522
32,123,4600,2,0.009428
32,123,4600,3,0.008435
32,123,4800,1,0.007686
32,123,4800,2,0.011060
32,123,4800,3,0.005448
32,123,5000,1,0.008514
32,123,5000,2,0.008365
32,123,5000,3,0.008541
32,125,1000,1,0.006605
32,125,1000,2,0.007455
32,125,1000,3,0.008853
32,125,1200,1,0.009701
32,125,1200,2,nan
32,125,1200,3,0.006836
32,125,1400,1,0.008197
32,125,1400,2,0.009180
32,125,1400,3,0.006817
32,125,1600,1,0.009201
32,125,1600,2,0.007875
32,125,1600,3,nan
32,125,1800,1,0.007672
32,125,1800,2,0.009524
32,125,1800,3,0.006834
32,125,2000,1,0.010076
32,125,2000,2,0.008273
32,125,2000,3,0.008601
32,125,2200,1,0.009939
32,125,2200,2,0.007617
32,125,2200,3,0.010070
32,125,2400,1,0.010003
32,125,2400,2,0.008581
32,125,2400,3,0.008234
32,125,2600,1,0.007387
32,125,2600,2,0.007928
32,125,2600,3,0.008063
32,125,2800,1,0.006888
32,125,2800,2,0.007263
32,125,2800,3,0.008482
32,125,3000,1,0.007968
32,125,3000,2,0.008027
32,125,3000,3,0.009142
32,125,3200,1,0.008565
32,125,3200,2,0.007542
32,125,3200,3,0.008050
32,125,3400,1,0.007694
32,125,3400,2,0.006983
32,125,3400,3,0.005761
32,125,3600,1,0.006156
32,125,3600,2,0.008590
32,125,3600,3,0.010157
32,125,3800,1,0.007347
32,125,3800,2,0.010296
32,125,3800,3,nan
32,125,4000,1,0.007335
32,125,4000,2,0.009478
32,125,4000,3,0.006527
32,125,4200,1,0.009681
32,125,4200,2,0.004736
32,125,4200,3,0.006892
32,125,4400,1,0.005912
32,125,4400,2,0.006558
32,125,4400,3,nan
32,125,4600,1,0.009465
32,125,4600,2,0.009301
32,125,4600,3,0.006081
32,125,4800,1,0.007496
32,125,4800,2,0.009511
32,125,4800,3,0.007948
32,125,5000,1,0.009178
32,125,5000,2,0.009224
32,125,5000,3,0.008135
32,127,1000,1,0.008093
32,127,1000,2,0.010976
32,127,1000,3,0.008762
32,127,1200,1,0.007335
32,127,1200,2,0.008744
32,127,1200,3,0.007504
32,127,1400,1,0.009316
32,127,1400,2,0.008910
32,127,1400,3,0.009246
32,127,1600,1,0.009574
32,127,1600,2,nan
32,127,1600,3,0.005766
32,127,1800,1,0.008119
32,127,1800,2,0.009476
32,127,1800,3,0.007597
32,127,2000,1,0.009582
32,127,2000,2,0.007413
32,127,2000,3,0.008153
32,127,2200,1,0.009332
32,127,2200,2,0.009361
32,127,2200,3,0.008449
32,127,2400,1,0.008355
32,127,2400,2,0.008278
32,127,2400,3,0.010089
32,127,2600,1,0.008128
32,127,2600,2,0.009445
32,127,2600,3,0.007410
32,127,2800,1,0.006704
32,127,2800,2,0.007484
32,127,2800,3,0.008432
32,127,3000,1,0.010425
32,127,3000,2,0.008286
32,127,3000,3,0.007067
32,127,3200,1,0.008147
32,127,3200,2,0.007674
32,127,3200,3,0.008991
32,127,3400,1,0.009857
32,127,3400,2,0.010724
32,127,3400,3,0.011775
32,127,3600,1,0.008279
32,127,3600,2,0.009375
32,127,3600,3,0.008554
32,127,3800,1,0.006620
32,127,3800,2,0.010128
32,127,3800,3,0.008689
32,127,4000,1,0.008751
32,127,4000,2,0.007553
32,127,4000,3,0.009781
32,127,4200,1,0.007146
32,127,4200,2,0.009991
32,127,4200,3,0.009041
32,127,4400,1,0.008766
32,127,4400,2,0.009782
32,127,4400,3,0.008857
32,127,4600,1,0.006769
32,127,4600,2,0.007421
32,127,4600,3,0.006251
32,127,4800,1,0.007094
32,127,4800,2,0.009268
32,127,4800,3,0.007329
32,127,5000,1,0.010891
32,127,5000,2,0.009752
32,127,5000,3,0.009808
32,129,1000,1,0.008997
32,129,1000,2,0.009510
32,129,1000,3,0.008580
32,129,1200,1,0.008050
32,129,1200,2,0.009176
32,129,1200,3,0.006999
32,129,1400,1,0.008635
32,129,1400,2,0.007013
32,129,1400,3,0.005792
32,129,1600,1,0.007775
32,129,1600,2,0.011047
32,129,1600,3,0.008503
32,129,1800,1,0.007842
32,129,1800,2,0.008551
32,129,1800,3,0.009585
32,129,2000,1,0.009642
32,129,2000,2,0.009992
32,129,2000,3,0.007828
32,129,2200,1,0.009043
32,129,2200,2,0.010108
32,129,2200,3,0.007904
32,129,2400,1,0.004494
32,129,2400,2,0.007194
32,129,2400,3,0.009127
32,129,2600,1,0.008764
32,129,2600,2,nan
32,129,2600,3,0.005749
32,129,2800,1,0.007079
32,129,2800,2,0.008334
32,129,2800,3,0.007615
32,129,3000,1,0.009560
32,129,3000,2,0.006761
32,129,3000,3,0.006777
32,129,3200,1,nan
32,129,3200,2,0.007475
32,129,3200,3,0.008594
32,129,3400,1,0.009254
32,129,3400,2,0.006231
32,129,3400,3,0.007090
32,129,3600,1,0.010331
32,129,3600,2,0.009483
32,129,3600,3,0.009128
32,129,3800,1,0.011859
32,129,3800,2,0.010332
32,129,3800,3,0.010080
32,129,4000,1,0.007236
32,129,4000,2,0.009107
32,129,4000,3,0.009015
32,129,4200,1,0.009945
32,129,4200,2,0.009829
32,129,4200,3,0.010000
32,129,4400,1,0.009343
32,129,4400,2,0.009884
32,129,4400,3,0.009358
32,129,4600,1,0.007241
32,129,4600,2,0.009843
32,129,4600,3,0.009908
32,129,4800,1,0.011615
32,129,4800,2,0.008861
32,129,4800,3,0.007401
32,129,5000,1,0.009086
32,129,5000,2,0.006785
32,129,5000,3,0.009524
32,131,1000,1,0.006029
32,131,1000,2,0.007330
32,131,1000,3,0.008379
32,131,1200,1,0.010301
32,131,1200,2,0.004902
32,131,1200,3,0.009482
32,131,1400,1,0.008425
32,131,1400,2,0.008270
32,131,1400,3,0.006945
32,131,1600,1,nan
32,131,1600,2,0.008019
32,131,1600,3,0.009002
32,131,1800,1,0.005375
32,131,1800,2,0.006497
32,131,1800,3,0.008306
32,131,2000,1,0.007610
32,131,2000,2,0.010206
32,131,2000,3,0.008654
32,131,2200,1,0.006402
32,131,2200,2,0.008885
32,131,2200,3,nan
32,131,2400,1,0.010063
32,131,2400,2,0.009356
32,131,2400,3,0.010873
32,131,2600,1,0.007852
32,131,2600,2,0.007887
32,131,2600,3,0.007945
32,131,2800,1,0.007209
32,131,2800,2,0.008704
32,131,2800,3,0.009441
32,131,3000,1,0.010239
32,131,3000,2,0.007512
32,131,3000,3,0.006599
32,131,3200,1,0.009701
32,131,3200,2,0.008821
32,131,3200,3,0.006128
32,131,3400,1,0.007528
32,131,3400,2,0.009288
32,131,3400,3,0.009712
32,131,3600,1,0.007050
32,131,3600,2,0.007311
32,131,3600,3,0.009769
32,131,3800,1,0.010516
32,131,3800,2,0.007849
32,131,3800,3,0.007548
32,131,4000,1,0.009724
32,131,4000,2,0.008787
32,131,4000,3,0.009583
32,131,4200,1,0.010140
32,131,4200,2,0.008906
32,131,4200,3,0.008754
32,131,4400,1,0.009117
32,131,4400,2,0.008052
32,131,4400,3,0.008215
32,131,4600,1,0.008446
32,131,4600,2,0.005604
32,131,4600,3,0.008645
32,131,4800,1,0.009480
32,131,4800,2,0.009503
32,131,4800,3,0.008949
32,131,5000,1,0.007030
32,131,5000,2,0.008859
32,131,5000,3,0.011248
32,133,1000,1,0.007838
32,133,1000,2,0.008923
32,133,1000,3,0.009431
32,133,1200,1,0.011109
32,133,1200,2,0.008395
32,133,1200,3,0.009878
32,133,1400,1,0.007482
32,133,1400,2,0.010440
32,133,1400,3,nan
32,133,1600,1,0.010892
32,133,1600,2,0.006437
32,133,1600,3,0.009862
32,133,1800,1,0.009316
32,133,1800,2,0.008442
32,133,1800,3,0.010388
32,133,2000,1,0.008139
32,133,2000,2,0.007620
32,133,2000,3,0.007248
32,133,2200,1,0.009743
32,133,2200,2,0.008914
32,133,2200,3,0.007235
32,133,2400,1,0.007119
32,133,2400,2,0.008498
32,133,2400,3,0.008810
32,133,2600,1,0.006340
32,133,2600,2,0.010117
32,133,2600,3,0.009250
32,133,2800,1,0.009167
32,133,2800,2,0.010015
32,133,2800,3,0.009362
32,133,3000,1,0.007880
32,133,3000,2,0.006094
32,133,3000,3,0.009818
32,133,3200,1,0.005247
32,133,3200,2,0.008314
32,133,3200,3,0.008658
32,133,3400,1,nan
32,133,3400,2,0.009385
32,133,3400,3,0.008615
32,133,3600,1,0.011297
32,133,3600,2,0.006912
32,133,3600,3,0.010259
32,133,3800,1,0.009476
32,133,3800,2,0.008589
32,133,3800,3,0.006317
32,133,4000,1,0.009660
32,133,4000,2,0.006262
32,133,4000,3,0.007805
32,133,4200,1,0.008832
32,133,4200,2,0.009643
32,133,4200,3,0.005965
32,133,4400,1,0.006603
32,133,4400,2,0.010111
32,133,4400,3,0.007926
32,133,4600,1,0.008967
32,133,4600,2,0.010505
32,133,4600,3,nan
32,133,4800,1,0.008191
32,133,4800,2,0.006269
32,133,4800,3,0.007935
32,133,5000,1,0.009861
32,133,5000,2,0.007875
32,133,5000,3,0.008913
32,135,1000,1,0.010839
32,135,1000,2,0.008357
32,135,1000,3,0.009575
32,135,1200,1,0.009068
32,135,1200,2,0.009147
32,135,1200,3,0.008526
32,135,1400,1,0.007536
32,135,1400,2,0.010075
32,135,1400,3,0.011200
32,135,1600,1,0.009921
32,135,1600,2,0.008668
32,135,1600,3,0.008918
32,135,1800,1,0.009710
32,135,1800,2,0.007600
32,135,1800,3,0.009335
32,135,2000,1,nan
32,135,2000,2,0.011187
32,135,2000,3,0.010667
32,135,2200,1,0.010261
32,135,2200,2,0.009925
32,135,2200,3,0.009288
32,135,2400,1,0.009329
32,135,2400,2,0.009487
32,135,2400,3,0.009869
32,135,2600,1,0.007301
32,135,2600,2,0.009069
32,135,2600,3,nan
32,135,2800,1,0.009288
32,135,2800,2,0.010777
32,135,2800,3,0.008686
32,135,3000,1,nan
32,135,3000,2,0.008165
32,135,3000,3,0.010691
32,135,3200,1,0.011103
32,135,3200,2,0.008793
32,135,3200,3,0.008379
32,135,3400,1,0.010977
32,135,3400,2,0.006936
32,135,3400,3,0.007423
32,135,3600,1,0.010040
32,135,3600,2,0.008837
32,135,3600,3,0.007048
32,135,3800,1,0.006637
32,135,3800,2,0.005708
32,135,3800,3,0.009393
32,135,4000,1,0.008803
32,135,4000,2,0.005397
32,135,4000,3,0.010987
32,135,4200,1,0.010492
32,135,4200,2,0.009628
32,135,4200,3,0.008468
32,135,4400,1,0.011100
32,135,4400,2,0.009573
32,135,4400,3,0.010738
32,135,4600,1,0.010118
32,135,4600,2,0.008941
32,135,4600,3,0.008899
32,135,4800,1,0.010846
32,135,4800,2,0.008965
32,135,4800,3,0.008725
32,135,5000,1,0.011054
32,135,5000,2,0.009506
32,135,5000,3,0.007172
32,137,1000,1,0.009120
32,137,1000,2,0.009504
32,137,1000,3,0.005468
32,137,1200,1,0.010143
32,137,1200,2,0.008685
32,137,1200,3,0.009781
32,137,1400,1,0.008861
32,137,1400,2,0.007355
32,137,1400,3,0.009461
32,137,1600,1,0.008813
32,137,1600,2,0.011233
32,137,1600,3,0.011367
32,137,1800,1,0.007256
32,137,1800,2,0.008191
32,137,1800,3,0.011405
32,137,2000,1,0.009103
32,137,2000,2,0.005465
32,137,2000,3,0.010651
32,137,2200,1,0.011687
32,137,2200,2,0.005881
32,137,2200,3,0.009647
32,137,2400,1,0.010216
32,137,2400,2,0.008036
32,137,2400,3,0.010200
32,137,2600,1,0.010306
32,137,2600,2,0.007965
32,137,2600,3,0.011263
32,137,2800,1,0.010722
32,137,2800,2,0.012002
32,137,2800,3,0.007782
32,137,3000,1,0.010967
32,137,3000,2,0.008810
32,137,3000,3,0.008282
32,137,3200,1,0.010151
32,137,3200,2,0.009044
32,137,3200,3,0.010395
32,137,3400,1,0.007452
32,137,3400,2,0.010626
32,137,3400,3,0.008573
32,137,3600,1,0.005919
32,137,3600,2,0.011935
32,137,3600,3,0.007780
32,137,3800,1,0.008700
32,137,3800,2,0.009095
32,137,3800,3,0.009595
32,137,4000,1,0.008839
32,137,4000,2,0.009407
32,137,4000,3,0.009179
32,137,4200,1,0.012985
32,137,4200,2,0.006980
32,137,4200,3,0.009427
32,137,4400,1,0.009184
32,137,4400,2,0.010200
32,137,4400,3,0.008393
32,137,4600,1,0.008876
32,137,4600,2,0.008339
32,137,4600,3,0.009304
32,137,4800,1,0.008677
32,137,4800,2,0.009790
32,137,4800,3,0.010345
32,137,5000,1,0.006463
32,137,5000,2,0.008757
32,137,5000,3,0.009468
32,139,1000,1,0.008834
32,139,1000,2,0.009969
32,139,1000,3,0.007002
32,139,1200,1,0.007118
32,139,1200,2,0.009274
32,139,1200,3,0.010409
32,139,1400,1,0.009610
32,139,1400,2,0.009749
32,139,1400,3,0.012142
32,139,1600,1,0.009278
32,139,1600,2,0.010001
32,139,1600,3,0.007291
32,139,1800,1,0.009732
32,139,1800,2,0.010931
32,139,1800,3,0.010446
32,139,2000,1,0.010097
32,139,2000,2,0.010610
32,139,2000,3,0.009632
32,139,2200,1,0.009253
32,139,2200,2,0.007326
32,139,2200,3,0.007762
32,139,2400,1,0.010064
32,139,2400,2,0.007401
32,139,2400,3,0.009080
32,139,2600,1,0.009481
32,139,2600,2,0.006765
32,139,2600,3,0.010082
32,139,2800,1,0.011187
32,139,2800,2,0.009854
32,139,2800,3,0.010176
32,139,3000,1,0.008040
32,139,3000,2,0.005681
32,139,3000,3,0.011197
32,139,3200,1,0.010451
32,139,3200,2,0.010783
32,139,3200,3,0.009329
32,139,3400,1,0.007796
32,139,3400,2,0.011711
32,139,3400,3,0.006902
32,139,3600,1,0.011100
32,139,3600,2,0.010910
32,139,3600,3,0.009313
32,139,3800,1,0.010887
32,139,3800,2,0.008078
32,139,3800,3,0.006626
32,139,4000,1,0.007617
32,139,4000,2,0.008399
32,139,4000,3,0.009270
32,139,4200,1,0.010510
32,139,4200,2,0.011574
32,139,4200,3,0.010134
32,139,4400,1,0.010664
32,139,4400,2,0.012178
32,139,4400,3,0.010720
32,139,4600,1,0.010691
32,139,4600,2,0.008808
32,139,4600,3,0.009705
32,139,4800,1,0.006851
32,139,4800,2,0.011001
32,139,4800,3,0.011658
32,139,5000,1,0.009761
32,139,5000,2,0.008139
32,139,5000,3,nan
32,141,1000,1,0.008243
32,141,1000,2,0.010062
32,141,1000,3,0.008681
32,141,1200,1,0.009420
32,141,1200,2,0.009211
32,141,1200,3,0.008696
32,141,1400,1,0.007455
32,141,1400,2,0.009033
32,141,1400,3,0.008063
32,141,1600,1,0.010363
32,141,1600,2,0.009966
32,141,1600,3,0.010973
32,141,1800,1,0.008323
32,141,1800,2,0.011229
32,141,1800,3,0.010555
32,141,2000,1,0.010554
32,141,2000,2,0.010688
32,141,2000,3,0.010946
32,141,2200,1,0.009238
32,141,2200,2,0.008413
32,141,2200,3,0.010475
32,141,2400,1,0.009810
32,141,2400,2,0.007755
32,141,2400,3,0.010625
32,141,2600,1,0.007991
32,141,2600,2,0.006883
32,141,2600,3,0.010085
32,141,2800,1,0.008937
32,141,2800,2,0.006906
32,141,2800,3,0.011857
32,141,3000,1,0.008185
32,141,3000,2,0.009197
32,141,3000,3,0.011268
32,141,3200,1,0.008096
32,141,3200,2,0.007723
32,141,3200,3,nan
32,141,3400,1,0.010437
32,141,3400,2,nan
32,141,3400,3,0.011511
32,141,3600,1,0.009105
32,141,3600,2,0.011600
32,141,3600,3,0.006894
32,141,3800,1,0.008881
32,141,3800,2,0.008352
32,141,3800,3,0.008570
32,141,4000,1,0.009811
32,141,4000,2,0.009684
32,141,4000,3,0.008536
32,141,4200,1,0.010048
32,141,4200,2,0.008712
32,141,4200,3,0.009880
32,141,4400,1,0.007209
32,141,4400,2,0.010641
32,141,4400,3,0.008215
32,141,4600,1,nan
32,141,4600,2,0.006352
32,141,4600,3,0.008092
32,141,4800,1,0.010061
32,141,4800,2,0.008653
32,141,4800,3,0.011250
32,141,5000,1,0.008426
32,141,5000,2,0.010572
32,141,5000,3,0.008812
32,143,1000,1,0.009552
32,143,1000,2,0.009768
32,143,1000,3,0.007853
32,143,1200,1,0.010328
32,143,1200,2,0.007021
32,143,1200,3,0.009567
32,143,1400,1,0.011250
32,143,1400,2,0.011458
32,143,1400,3,0.008733
32,143,1600,1,0.007169
32,143,1600,2,0.008524
32,143,1600,3,0.007746
32,143,1800,1,0.009656
32,143,1800,2,0.009985
32,143,1800,3,0.010026
32,143,2000,1,0.009473
32,143,2000,2,0.009347
32,143,2000,3,0.007771
32,143,2200,1,0.009905
32,143,2200,2,0.009010
32,143,2200,3,0.011829
32,143,2400,1,0.007673
32,143,2400,2,0.009134
32,143,2400,3,0.010156
32,143,2600,1,0.009713
32,143,2600,2,0.007857
32,143,2600,3,0.010604
32,143,2800,1,0.008945
32,143,2800,2,0.008745
32,143,2800,3,0.009697
32,143,3000,1,0.009411
32,143,3000,2,0.007972
32,143,3000,3,0.010971
32,143,3200,1,0.010272
32,143,3200,2,0.009977
32,143,3200,3,0.011504
32,143,3400,1,0.009595
32,143,3400,2,0.011442
32,143,3400,3,0.006584
32,143,3600,1,0.009940
32,143,3600,2,0.008196
32,143,3600,3,0.009142
32,143,3800,1,0.009124
32,143,3800,2,0.007515
32,143,3800,3,0.010498
32,143,4000,1,0.009517
32,143,4000,2,0.010866
32,143,4000,3,0.006794
32,143,4200,1,0.010864
32,143,4200,2,0.009523
32,143,4200,3,nan
32,143,4400,1,0.010365
32,143,4400,2,0.007068
32,143,4400,3,0.008964
32,143,4600,1,0.008776
32,143,4600,2,0.009836
32,143,4600,3,0.008479
32,143,4800,1,0.011404
32,143,4800,2,0.009669
32,143,4800,3,0.008666
32,143,5000,1,0.008443
32,143,5000,2,0.012616
32,143,5000,3,0.009285
32,145,1000,1,0.010621
32,145,1000,2,0.010009
32,145,1000,3,0.009922
32,145,1200,1,0.007869
32,145,1200,2,0.006678
32,145,1200,3,0.009562
32,145,1400,1,0.009948
32,145,1400,2,0.009604
32,145,1400,3,0.006331
32,145,1600,1,0.011688
32,145,1600,2,0.008238
32,145,1600,3,0.007522
32,145,1800,1,0.010534
32,145,1800,2,0.008155
32,145,1800,3,0.011844
32,145,2000,1,0.011157
32,145,2000,2,0.010168
32,145,2000,3,0.010000
32,145,2200,1,0.007676
32,145,2200,2,0.008593
32,145,2200,3,0.008578
32,145,2400,1,0.011342
32,145,2400,2,0.008577
32,145,2400,3,0.011437
32,145,2600,1,0.007972
32,145,2600,2,0.009874
32,145,2600,3,0.010986
32,145,2800,1,0.010960
32,145,2800,2,0.010769
32,145,2800,3,0.009316
32,145,3000,1,0.010418
32,145,3000,2,0.008372
32,145,3000,3,0.010604
32,145,3200,1,0.011152
32,145,3200,2,0.009396
32,145,3200,3,0.006993
32,145,3400,1,0.006552
32,145,3400,2,0.009100
32,145,3400,3,0.011074
32,145,3600,1,0.009025
32,145,3600,2,0.006943
32,145,3600,3,0.010558
32,145,3800,1,nan
32,145,3800,2,0.006101
32,145,3800,3,0.008564
32,145,4000,1,0.011440
32,145,4000,2,0.010372
32,145,4000,3,0.006746
32,145,4200,1,0.010829
32,145,4200,2,0.009871
32,145,4200,3,0.009491
32,145,4400,1,0.010172
32,145,4400,2,nan
32,145,4400,3,0.010852
32,145,4600,1,0.010308
32,145,4600,2,0.007867
32,145,4600,3,0.009692
32,145,4800,1,0.011109
32,145,4800,2,0.010100
32,145,4800,3,0.011353
32,145,5000,1,0.011072
32,145,5000,2,0.009858
32,145,5000,3,0.009988
32,147,1000,1,0.009720
32,147,1000,2,0.010077
32,147,1000,3,0.006938
32,147,1200,1,0.011485
32,147,1200,2,0.010295
32,147,1200,3,0.010252
32,147,1400,1,0.010832
32,147,1400,2,0.007070
32,147,1400,3,0.012066
32,147,1600,1,0.008384
32,147,1600,2,0.009878
32,147,1600,3,0.011219
32,147,1800,1,0.009348
32,147,1800,2,0.011850
32,147,1800,3,0.012266
32,147,2000,1,0.011047
32,147,2000,2,0.008429
32,147,2000,3,0.008253
32,147,2200,1,0.009293
32,147,2200,2,0.010139
32,147,2200,3,0.009869
32,147,2400,1,0.007972
32,147,2400,2,0.009646
32,147,2400,3,0.010212
32,147,2600,1,0.010233
32,147,2600,2,0.010200
32,147,2600,3,0.010306
32,147,2800,1,0.009529
32,147,2800,2,0.009847
32,147,2800,3,0.009002
32,147,3000,1,0.010994
32,147,3000,2,0.009615
32,147,3000,3,0.010859
32,147,3200,1,0.010864
32,147,3200,2,0.009425
32,147,3200,3,0.010646
32,147,3400,1,0.011072
32,147,3400,2,0.009677
32,147,3400,3,0.010939
32,147,3600,1,0.008435
32,147,3600,2,0.011039
32,147,3600,3,0.009766
32,147,3800,1,0.008520
32,147,3800,2,0.011374
32,147,3800,3,0.009508
32,147,4000,1,0.012241
32,147,4000,2,0.010015
32,147,4000,3,0.006188
32,147,4200,1,0.009867
32,147,4200,2,0.011542
32,147,4200,3,0.011776
32,147,4400,1,0.010711
32,147,4400,2,0.009771
32,147,4400,3,0.011296
32,147,4600,1,0.011239
32,147,4600,2,0.006516
32,147,4600,3,0.011616
32,147,4800,1,0.009650
32,147,4800,2,0.008648
32,147,4800,3,0.009883
32,147,5000,1,0.010203
32,147,5000,2,0.007121
32,147,5000,3,nan
32,149,1000,1,0.009891
32,149,1000,2,nan
32,149,1000,3,0.012124
32,149,1200,1,0.008064
32,149,1200,2,0.007949
32,149,1200,3,0.009344
32,149,1400,1,0.011070
32,149,1400,2,0.009043
32,149,1400,3,0.012398
32,149,1600,1,0.010850
32,149,1600,2,0.008425
32,149,1600,3,0.011452
32,149,1800,1,0.005513
32,149,1800,2,0.007722
32,149,1800,3,0.009498
32,149,2000,1,0.012446
32,149,2000,2,0.008099
32,149,2000,3,0.011967
32,149,2200,1,0.007291
32,149,2200,2,nan
32,149,2200,3,0.008216
32,149,2400,1,0.008291
32,149,2400,2,0.008880
32,149,2400,3,0.010050
32,149,2600,1,0.011793
32,149,2600,2,0.009634
32,149,2600,3,0.010083
32,149,2800,1,0.007556
32,149,2800,2,0.009365
32,149,2800,3,0.009327
32,149,3000,1,0.009913
32,149,3000,2,0.013222
32,149,3000,3,0.007066
32,149,3200,1,0.009763
32,149,3200,2,0.007712
32,149,3200,3,0.007942
32,149,3400,1,0.009950
32,149,3400,2,0.007220
32,149,3400,3,0.009457
32,149,3600,1,0.011362
32,149,3600,2,0.010787
32,149,3600,3,0.009449
32,149,3800,1,0.009370
32,149,3800,2,0.010311
32,149,3800,3,0.010382
32,149,4000,1,0.009047
32,149,4000,2,0.010354
32,149,4000,3,0.008304
32,149,4200,1,0.007668
32,149,4200,2,0.010858
32,149,4200,3,0.011108
32,149,4400,1,0.007507
32,149,4400,2,0.010613
32,149,4400,3,0.010151
32,149,4600,1,0.008988
32,149,4600,2,0.010856
32,149,4600,3,0.011779
32,149,4800,1,0.008380
32,149,4800,2,0.008189
32,149,4800,3,0.009499
32,149,5000,1,0.006993
32,149,5000,2,0.009820
32,149,5000,3,0.010353
32,151,1000,1,0.009088
32,151,1000,2,0.010148
32,151,1000,3,0.009890
32,151,1200,1,0.010796
32,151,1200,2,0.008026
32,151,1200,3,0.010996
32,151,1400,1,0.011292
32,151,1400,2,0.009963
32,151,1400,3,0.009633
32,151,1600,1,0.009841
32,151,1600,2,0.009464
32,151,1600,3,0.010691
32,151,1800,1,0.009728
32,151,1800,2,0.009324
32,151,1800,3,0.009447
32,151,2000,1,0.009219
32,151,2000,2,0.009386
32,151,2000,3,0.010344
32,151,2200,1,0.008546
32,151,2200,2,0.010228
32,151,2200,3,0.010141
32,151,2400,1,0.006480
32,151,2400,2,nan
32,151,2400,3,0.008953
32,151,2600,1,0.010991
32,151,2600,2,0.007886
32,151,2600,3,0.007389
32,151,2800,1,0.012784
32,151,2800,2,0.011630
32,151,2800,3,0.011260
32,151,3000,1,0.008205
32,151,3000,2,0.011136
32,151,3000,3,0.011307
32,151,3200,1,0.010083
32,151,3200,2,0.010877
32,151,3200,3,0.010756
32,151,3400,1,0.011912
32,151,3400,2,0.010216
32,151,3400,3,0.011714
32,151,3600,1,0.009941
32,151,3600,2,0.008026
32,151,3600,3,0.010397
32,151,3800,1,0.009143
32,151,3800,2,0.010726
32,151,3800,3,0.012217
32,151,4000,1,0.010569
32,151,4000,2,0.010404
32,151,4000,3,nan
32,151,4200,1,0.008937
32,151,4200,2,0.012180
32,151,4200,3,0.011770
32,151,4400,1,0.010367
32,151,4400,2,0.010874
32,151,4400,3,0.008556
32,151,4600,1,0.011240
32,151,4600,2,0.010437
32,151,4600,3,nan
32,151,4800,1,0.010528
32,151,4800,2,0.011195
32,151,4800,3,0.010696
32,151,5000,1,0.010002
32,151,5000,2,0.011020
32,151,5000,3,0.010048
32,153,1000,1,nan
32,153,1000,2,0.012036
32,153,1000,3,0.012376
32,153,1200,1,0.009894
32,153,1200,2,0.010840
32,153,1200,3,0.009330
32,153,1400,1,0.009594
32,153,1400,2,0.011089
32,153,1400,3,0.010303
32,153,1600,1,0.008475
32,153,1600,2,0.010286
32,153,1600,3,0.011682
32,153,1800,1,0.011601
32,153,1800,2,0.014593
32,153,1800,3,0.009724
32,153,2000,1,0.010718
32,153,2000,2,0.007938
32,153,2000,3,0.008944
32,153,2200,1,0.011630
32,153,2200,2,0.011724
32,153,2200,3,0.010296
32,153,2400,1,0.010596
32,153,2400,2,0.009333
32,153,2400,3,0.010650
32,153,2600,1,0.008883
32,153,2600,2,0.010880
32,153,2600,3,0.010137
32,153,2800,1,0.008721
32,153,2800,2,0.009220
32,153,2800,3,0.011185
32,153,3000,1,0.009360
32,153,3000,2,0.007790
32,153,3000,3,0.009376
32,153,3200,1,0.008139
32,153,3200,2,0.009841
32,153,3200,3,0.010548
32,153,3400,1,0.007856
32,153,3400,2,0.007159
32,153,3400,3,0.013414
32,153,3600,1,0.011553
32,153,3600,2,0.009558
32,153,3600,3,0.010919
32,153,3800,1,0.007822
32,153,3800,2,0.008804
32,153,3800,3,0.011609
32,153,4000,1,0.011925
32,153,4000,2,0.012254
32,153,4000,3,0.008739
32,153,4200,1,0.009625
32,153,4200,2,0.009557
32,153,4200,3,0.010402
32,153,4400,1,0.012111
32,153,4400,2,0.007334
32,153,4400,3,0.010882
32,153,4600,1,0.010984
32,153,4600,2,0.012003
32,153,4600,3,0.011863
32,153,4800,1,0.011246
32,153,4800,2,0.010431
32,153,4800,3,0.008121
32,153,5000,1,0.008786
32,153,5000,2,0.011803
32,153,5000,3,0.010839
32,155,1000,1,0.010521
32,155,1000,2,0.009326
32,155,1000,3,0.007895
32,155,1200,1,0.011588
32,155,1200,2,0.009233
32,155,1200,3,0.010947
32,155,1400,1,nan
32,155,1400,2,0.010614
32,155,1400,3,0.009840
32,155,1600,1,0.013038
32,155,1600,2,0.009981
32,155,1600,3,0.009379
32,155,1800,1,0.010035
32,155,1800,2,0.011166
32,155,1800,3,0.011598
32,155,2000,1,0.008100
32,155,2000,2,0.007868
32,155,2000,3,0.008762
32,155,2200,1,0.010811
32,155,2200,2,0.011816
32,155,2200,3,0.010816
32,155,2400,1,0.008798
32,155,2400,2,0.008794
32,155,2400,3,0.011597
32,155,2600,1,0.008510
32,155,2600,2,0.009865
32,155,2600,3,0.012905
32,155,2800,1,0.007575
32,155,2800,2,0.011100
32,155,2800,3,0.009209
32,155,3000,1,0.007684
32,155,3000,2,0.011463
32,155,3000,3,0.014308
32,155,3200,1,0.008509
32,155,3200,2,0.010348
32,155,3200,3,0.011969
32,155,3400,1,0.012429
32,155,3400,2,0.009116
32,155,3400,3,0.009169
32,155,3600,1,0.008819
32,155,3600,2,0.011651
32,155,3600,3,0.009149
32,155,3800,1,0.008324
32,155,3800,2,0.010148
32,155,3800,3,0.010347
32,155,4000,1,0.010128
32,155,4000,2,0.012881
32,155,4000,3,0.006696
32,155,4200,1,0.009184
32,155,4200,2,0.009482
32,155,4200,3,0.012679
32,155,4400,1,0.012497
32,155,4400,2,0.010415
32,155,4400,3,0.012266
32,155,4600,1,0.013537
32,155,4600,2,0.010246
32,155,4600,3,0.010099
32,155,4800,1,0.011435
32,155,4800,2,0.010104
32,155,4800,3,0.012155
32,155,5000,1,0.010368
32,155,5000,2,0.011897
32,155,5000,3,0.012790
32,157,1000,1,0.009955
32,157,1000,2,0.010064
32,157,1000,3,0.012000
32,157,1200,1,0.011155
32,157,1200,2,0.008957
32,157,1200,3,0.006676
32,157,1400,1,0.012460
32,157,1400,2,0.012066
32,157,1400,3,0.009836
32,157,1600,1,0.010768
32,157,1600,2,0.008504
32,157,1600,3,0.010254
32,157,1800,1,0.008403
32,157,1800,2,0.009969
32,157,1800,3,0.008084
32,157,2000,1,0.010438
32,157,2000,2,0.011059
32,157,2000,3,0.011370
32,157,2200,1,0.009868
32,157,2200,2,0.011381
32,157,2200,3,0.008743
32,157,2400,1,0.008405
32,157,2400,2,0.011119
32,157,2400,3,0.012873
32,157,2600,1,0.007812
32,157,2600,2,0.009994
32,157,2600,3,0.010544
32,157,2800,1,0.009837
32,157,2800,2,0.012199
32,157,2800,3,0.008753
32,157,3000,1,0.009197
32,157,3000,2,0.010583
32,157,3000,3,0.011039
32,157,3200,1,0.009577
32,157,3200,2,0.008864
32,157,3200,3,0.009752
32,157,3400,1,0.010738
32,157,3400,2,0.009499
32,157,3400,3,0.010173
32,157,3600,1,0.009015
32,157,3600,2,0.009125
32,157,3600,3,0.013092
32,157,3800,1,0.007551
32,157,3800,2,0.011557
32,157,3800,3,0.010401
32,157,4000,1,0.011842
32,157,4000,2,0.010845
32,157,4000,3,0.011011
32,157,4200,1,0.010211
32,157,4200,2,0.010287
32,157,4200,3,0.009912
32,157,4400,1,0.011652
32,157,4400,2,0.012117
32,157,4400,3,0.009513
32,157,4600,1,0.013312
32,157,4600,2,0.007377
32,157,4600,3,0.011613
32,157,4800,1,0.010583
32,157,4800,2,0.008459
32,157,4800,3,0.009640
32,157,5000,1,0.010627
32,157,5000,2,0.010265
32,157,5000,3,0.009897
32,159,1000,1,0.011526
32,159,1000,2,0.008447
32,159,1000,3,0.011061
32,159,1200,1,0.012463
32,159,1200,2,0.009864
32,159,1200,3,0.008956
32,159,1400,1,0.006491
32,159,1400,2,0.009581
32,159,1400,3,0.010937
32,159,1600,1,0.010018
32,159,1600,2,0.012036
32,159,1600,3,0.008136
32,159,1800,1,0.010484
32,159,1800,2,0.008861
32,159,1800,3,0.010551
32,159,2000,1,0.008926
32,159,2000,2,0.011342
32,159,2000,3,0.008036
32,159,2200,1,0.009525
32,159,2200,2,0.011946
32,159,2200,3,0.009444
32,159,2400,1,0.011496
32,159,2400,2,0.010944
32,159,2400,3,0.008712
32,159,2600,1,0.010446
32,159,2600,2,0.010764
32,159,2600,3,0.010539
32,159,2800,1,0.010222
32,159,2800,2,0.009633
32,159,2800,3,0.008415
32,159,3000,1,0.011380
32,159,3000,2,0.011497
32,159,3000,3,0.011268
32,159,3200,1,0.012634
32,159,3200,2,0.011091
32,159,3200,3,0.011346
32,159,3400,1,0.009946
32,159,3400,2,nan
32,159,3400,3,nan
32,159,3600,1,0.012283
32,159,3600,2,0.008766
32,159,3600,3,0.008782
32,159,3800,1,0.011390
32,159,3800,2,0.008069
32,159,3800,3,0.007707
32,159,4000,1,0.012643
32,159,4000,2,0.009001
32,159,4000,3,0.008436
32,159,4200,1,0.009766
32,159,4200,2,0.009476
32,159,4200,3,0.011319
32,159,4400,1,0.009888
32,159,4400,2,0.010519
32,159,4400,3,0.012207
32,159,4600,1,0.010320
32,159,4600,2,0.011871
32,159,4600,3,0.009579
32,159,4800,1,0.011951
32,159,4800,2,0.010316
32,159,4800,3,0.009179
32,159,5000,1,0.012135
32,159,5000,2,0.010383
32,159,5000,3,0.008676
32,161,1000,1,0.010255
32,161,1000,2,0.008795
32,161,1000,3,0.011423
32,161,1200,1,0.009559
32,161,1200,2,0.009662
32,161,1200,3,0.011328
32,161,1400,1,nan
32,161,1400,2,0.011532
32,161,1400,3,0.011519
32,161,1600,1,0.010811
32,161,1600,2,0.009319
32,161,1600,3,0.010260
32,161,1800,1,0.011604
32,161,1800,2,0.008789
32,161,1800,3,0.007797
32,161,2000,1,0.010839
32,161,2000,2,0.011984
32,161,2000,3,0.010582
32,161,2200,1,0.008919
32,161,2200,2,0.010727
32,161,2200,3,0.008956
32,161,2400,1,0.009649
32,161,2400,2,0.009377
32,161,2400,3,0.013501
32,161,2600,1,0.008829
32,161,2600,2,0.009260
32,161,2600,3,0.011131
32,161,2800,1,0.011171
32,161,2800,2,0.012800
32,161,2800,3,0.010977
32,161,3000,1,0.011897
32,161,3000,2,0.012305
32,161,3000,3,0.011363
32,161,3200,1,0.010725
32,161,3200,2,0.009739
32,161,3200,3,0.011859
32,161,3400,1,0.011145
32,161,3400,2,0.012508
32,161,3400,3,0.009784
32,161,3600,1,0.008780
32,161,3600,2,0.010921
32,161,3600,3,0.010009
32,161,3800,1,0.009885
32,161,3800,2,0.012620
32,161,3800,3,0.008454
32,161,4000,1,0.009509
32,161,4000,2,0.012185
32,161,4000,3,0.008977
32,161,4200,1,0.009846
32,161,4200,2,0.009518
32,161,4200,3,0.011404
32,161,4400,1,0.007847
32,161,4400,2,0.008394
32,161,4400,3,0.009938
32,161,4600,1,0.008107
32,161,4600,2,0.010010
32,161,4600,3,0.011778
32,161,4800,1,0.012703
32,161,4800,2,0.007946
32,161,4800,3,0.012805
32,161,5000,1,0.009813
32,161,5000,2,0.010030
32,161,5000,3,0.008868
32,163,1000,1,0.013695
32,163,1000,2,0.011374
32,163,1000,3,0.010908
32,163,1200,1,0.012355
32,163,1200,2,0.010344
32,163,1200,3,0.009164
32,163,1400,1,0.011371
32,163,1400,2,0.012842
32,163,1400,3,0.010335
32,163,1600,1,0.011269
32,163,1600,2,0.011928
32,163,1600,3,0.008057
32,163,1800,1,0.010050
32,163,1800,2,0.009231
32,163,1800,3,0.010615
32,163,2000,1,0.016203
32,163,2000,2,0.012324
32,163,2000,3,0.010488
32,163,2200,1,0.011367
32,163,2200,2,0.006972
32,163,2200,3,0.011605
32,163,2400,1,0.010542
32,163,2400,2,0.007830
32,163,2400,3,nan
32,163,2600,1,0.013032
32,163,2600,2,0.008786
32,163,2600,3,0.010682
32,163,2800,1,0.009097
32,163,2800,2,0.011143
32,163,2800,3,0.011026
32,163,3000,1,0.011904
32,163,3000,2,0.009669
32,163,3000,3,0.010422
32,163,3200,1,0.009737
32,163,3200,2,0.009001
32,163,3200,3,0.011256
32,163,3400,1,0.011444
32,163,3400,2,0.011215
32,163,3400,3,0.009504
32,163,3600,1,0.012839
32,163,3600,2,0.010971
32,163,3600,3,0.012416
32,163,3800,1,0.009224
32,163,3800,2,0.009181
32,163,3800,3,0.012401
32,163,4000,1,0.012211
32,163,4000,2,0.009987
32,163,4000,3,0.012605
32,163,4200,1,0.010498
32,163,4200,2,0.008785
32,163,4200,3,0.011636
32,163,4400,1,0.011771
32,163,4400,2,0.010037
32,163,4400,3,0.008831
32,163,4600,1,0.009604
32,163,4600,2,0.011991
32,163,4600,3,0.013639
32,163,4800,1,0.010321
32,163,4800,2,0.008148
32,163,4800,3,0.009638
32,163,5000,1,0.012267
32,163,5000,2,0.010548
32,163,5000,3,0.010598
32,165,1000,1,0.009865
32,165,1000,2,0.010968
32,165,1000,3,0.010456
32,165,1200,1,0.009730
32,165,1200,2,0.010317
32,165,1200,3,0.010124
32,165,1400,1,0.011787
32,165,1400,2,0.012964
32,165,1400,3,0.010535
32,165,1600,1,0.010445
32,165,1600,2,0.011378
32,165,1600,3,0.010835
32,165,1800,1,0.008702
32,165,1800,2,0.011731
32,165,1800,3,0.011448
32,165,2000,1,0.010665
32,165,2000,2,0.011980
32,165,2000,3,0.009458
32,165,2200,1,0.010004
32,165,2200,2,0.007199
32,165,2200,3,0.009694
32,165,2400,1,0.011147
32,165,2400,2,0.007163
32,165,2400,3,0.011050
32,165,2600,1,0.010880
32,165,2600,2,0.010474
32,165,2600,3,0.013787
32,165,2800,1,0.009684
32,165,2800,2,0.009483
32,165,2800,3,0.020648
32,165,3000,1,0.008775
32,165,3000,2,0.011251
32,165,3000,3,0.010592
32,165,3200,1,0.012357
32,165,3200,2,0.010952
32,165,3200,3,nan
32,165,3400,1,0.012510
32,165,3400,2,0.007252
32,165,3400,3,0.009382
32,165,3600,1,0.010569
32,165,3600,2,0.012130
32,165,3600,3,0.010124
32,165,3800,1,0.010790
32,165,3800,2,0.012743
32,165,3800,3,0.010990
32,165,4000,1,0.009787
32,165,4000,2,0.013578
32,165,4000,3,0.012247
32,165,4200,1,0.009091
32,165,4200,2,0.011772
32,165,4200,3,0.011040
32,165,4400,1,0.013236
32,165,4400,2,0.009984
32,165,4400,3,0.011103
32,165,4600,1,0.012322
32,165,4600,2,0.010518
32,165,4600,3,0.011785
32,165,4800,1,0.011542
32,165,4800,2,0.011594
32,165,4800,3,0.012058
32,165,5000,1,0.011027
32,165,5000,2,0.010575
32,165,5000,3,0.010289
32,167,1000,1,0.012420
32,167,1000,2,0.010303
32,167,1000,3,0.009111
32,167,1200,1,0.009785
32,167,1200,2,0.008014
32,167,1200,3,0.011869
32,167,1400,1,0.007647
32,167,1400,2,0.009772
32,167,1400,3,nan
32,167,1600,1,0.011883
32,167,1600,2,0.011516
32,167,1600,3,0.008891
32,167,1800,1,0.012062
32,167,1800,2,0.011721
32,167,1800,3,0.012591
32,167,2000,1,0.010719
32,167,2000,2,0.011741
32,167,2000,3,0.016783
32,167,2200,1,0.011976
32,167,2200,2,0.009779
32,167,2200,3,0.013076
32,167,2400,1,0.014277
32,167,2400,2,0.008280
32,167,2400,3,0.007816
32,167,2600,1,0.006941
32,167,2600,2,0.012800
32,167,2600,3,0.009443
32,167,2800,1,0.009276
32,167,2800,2,0.011684
32,167,2800,3,0.009240
32,167,3000,1,0.013176
32,167,3000,2,0.015659
32,167,3000,3,0.012252
32,167,3200,1,0.009558
32,167,3200,2,0.011007
32,167,3200,3,0.011130
32,167,3400,1,0.009823
32,167,3400,2,0.010703
32,167,3400,3,0.014399
32,167,3600,1,0.011647
32,167,3600,2,0.008583
32,167,3600,3,0.009548
32,167,3800,1,0.009168
32,167,3800,2,0.009516
32,167,3800,3,0.012622
32,167,4000,1,0.011098
32,167,4000,2,0.010054
32,167,4000,3,0.012558
32,167,4200,1,0.011941
32,167,4200,2,0.010155
32,167,4200,3,0.011887
32,167,4400,1,0.007203
32,167,4400,2,0.010999
32,167,4400,3,0.009833
32,167,4600,1,0.012663
32,167,4600,2,0.010987
32,167,4600,3,0.010503
32,167,4800,1,0.012292
32,167,4800,2,0.010051
32,167,4800,3,0.011636
32,167,5000,1,0.010433
32,167,5000,2,0.010355
32,167,5000,3,0.012817
32,169,1000,1,0.010920
32,169,1000,2,0.010693
32,169,1000,3,0.013040
32,169,1200,1,0.012586
32,169,1200,2,0.008581
32,169,1200,3,0.011174
32,169,1400,1,0.012547
32,169,1400,2,0.012684
32,169,1400,3,0.008168
32,169,1600,1,0.009176
32,169,1600,2,nan
32,169,1600,3,0.011377
32,169,1800,1,0.013165
32,169,1800,2,0.009471
32,169,1800,3,nan
32,169,2000,1,0.011231
32,169,2000,2,0.010428
32,169,2000,3,0.010422
32,169,2200,1,0.013107
32,169,2200,2,0.010523
32,169,2200,3,0.011176
32,169,2400,1,0.010716
32,169,2400,2,0.008503
32,169,2400,3,0.009204
32,169,2600,1,0.010122
32,169,2600,2,0.011425
32,169,2600,3,0.012447
32,169,2800,1,0.009733
32,169,2800,2,nan
32,169,2800,3,0.008225
32,169,3000,1,0.012281
32,169,3000,2,0.010303
32,169,3000,3,0.016709
32,169,3200,1,0.009151
32,169,3200,2,0.011569
32,169,3200,3,0.012719
32,169,3400,1,0.010963
32,169,3400,2,0.011481
32,169,3400,3,0.012755
32,169,3600,1,0.010958
32,169,3600,2,0.009738
32,169,3600,3,0.011333
32,169,3800,1,0.011333
32,169,3800,2,0.011442
32,169,3800,3,0.012316
32,169,4000,1,0.012874
32,169,4000,2,0.011105
32,169,4000,3,0.012871
32,169,4200,1,0.011686
32,169,4200,2,nan
32,169,4200,3,0.009334
32,169,4400,1,0.009258
32,169,4400,2,0.010179
32,169,4400,3,0.011073
32,169,4600,1,0.009460
32,169,4600,2,nan
32,169,4600,3,0.012246
32,169,4800,1,0.008120
32,169,4800,2,0.012950
32,169,4800,3,0.011733
32,169,5000,1,0.006784
32,169,5000,2,0.012770
32,169,5000,3,nan
32,171,1000,1,0.013169
32,171,1000,2,0.010741
32,171,1000,3,0.010650
32,171,1200,1,0.011817
32,171,1200,2,0.009319
32,171,1200,3,0.010084
32,171,1400,1,0.009899
32,171,1400,2,0.011298
32,171,1400,3,0.011393
32,171,1600,1,0.012956
32,171,1600,2,0.010916
32,171,1600,3,0.008823
32,171,1800,1,0.012588
32,171,1800,2,0.012790
32,171,1800,3,0.012408
32,171,2000,1,0.011231
32,171,2000,2,0.012335
32,171,2000,3,0.011553
32,171,2200,1,0.011973
32,171,2200,2,0.009505
32,171,2200,3,0.010762
32,171,2400,1,nan
32,171,2400,2,nan
32,171,2400,3,0.010864
32,171,2600,1,0.011902
32,171,2600,2,0.009680
32,171,2600,3,0.012043
32,171,2800,1,0.009763
32,171,2800,2,0.010481
32,171,2800,3,0.010683
32,171,3000,1,0.007600
32,171,3000,2,0.011627
32,171,3000,3,0.010928
32,171,3200,1,0.009161
32,171,3200,2,0.012868
32,171,3200,3,0.013066
32,171,3400,1,0.008762
32,171,3400,2,0.012462
32,171,3400,3,0.011362
32,171,3600,1,0.013218
32,171,3600,2,0.011101
32,171,3600,3,0.010736
32,171,3800,1,0.007548
32,171,3800,2,0.012501
32,171,3800,3,0.011758
32,171,4000,1,0.011056
32,171,4000,2,0.011133
32,171,4000,3,0.009397
32,171,4200,1,0.009692
32,171,4200,2,0.010571
32,171,4200,3,0.008026
32,171,4400,1,0.009828
32,171,4400,2,0.011758
32,171,4400,3,0.011820
32,171,4600,1,0.012491
32,171,4600,2,0.011497
32,171,4600,3,0.012163
32,171,4800,1,nan
32,171,4800,2,0.008509
32,171,4800,3,0.010064
32,171,5000,1,0.011461
32,171,5000,2,0.011006
32,171,5000,3,0.008871
32,173,1000,1,0.008897
32,173,1000,2,0.007742
32,173,1000,3,0.010700
32,173,1200,1,0.013550
32,173,1200,2,0.013610
32,173,1200,3,0.009737
32,173,1400,1,0.012148
32,173,1400,2,0.012092
32,173,1400,3,0.010801
32,173,1600,1,0.009810
32,173,1600,2,0.012682
32,173,1600,3,0.011911
32,173,1800,1,0.013987
32,173,1800,2,0.010234
32,173,1800,3,0.011010
32,173,2000,1,nan
32,173,2000,2,0.013194
32,173,2000,3,0.010359
32,173,2200,1,0.009258
32,173,2200,2,0.010803
32,173,2200,3,nan
32,173,2400,1,0.009651
32,173,2400,2,0.010757
32,173,2400,3,0.009239
32,173,2600,1,0.011314
32,173,2600,2,0.011973
32,173,2600,3,0.011467
32,173,2800,1,0.010308
32,173,2800,2,0.009791
32,173,2800,3,0.010520
32,173,3000,1,nan
32,173,3000,2,nan
32,173,3000,3,0.013279
32,173,3200,1,0.011889
32,173,3200,2,0.013205
32,173,3200,3,0.011555
32,173,3400,1,0.009742
32,173,3400,2,nan
32,173,3400,3,0.010331
32,173,3600,1,0.013043
32,173,3600,2,0.010831
32,173,3600,3,0.010132
32,173,3800,1,0.010040
32,173,3800,2,0.011389
32,173,3800,3,0.010833
32,173,4000,1,0.012918
32,173,4000,2,0.011112
32,173,4000,3,0.012071
32,173,4200,1,0.008406
32,173,4200,2,0.012081
32,173,4200,3,0.013269
32,173,4400,1,0.013023
32,173,4400,2,0.012597
32,173,4400,3,0.011674
32,173,4600,1,0.013256
32,173,4600,2,nan
32,173,4600,3,0.010858
32,173,4800,1,0.012199
32,173,4800,2,0.011782
32,173,4800,3,0.010305
32,173,5000,1,0.011063
32,173,5000,2,0.011996
32,173,5000,3,0.011838
32,175,1000,1,nan
32,175,1000,2,0.011200
32,175,1000,3,0.011525
32,175,1200,1,0.011626
32,175,1200,2,0.011881
32,175,1200,3,0.015122
32,175,1400,1,0.012271
32,175,1400,2,0.008792
32,175,1400,3,0.012916
32,175,1600,1,0.011920
32,175,1600,2,0.009612
32,175,1600,3,0.010832
32,175,1800,1,0.008779
32,175,1800,2,0.009448
32,175,1800,3,0.011271
32,175,2000,1,0.010310
32,175,2000,2,nan
32,175,2000,3,0.011126
32,175,2200,1,0.010238
32,175,2200,2,0.010329
32,175,2200,3,0.011307
32,175,2400,1,nan
32,175,2400,2,0.010477
32,175,2400,3,0.013285
32,175,2600,1,nan
32,175,2600,2,0.010643
32,175,2600,3,0.009996
32,175,2800,1,0.012204
32,175,2800,2,0.011117
32,175,2800,3,0.011072
32,175,3000,1,0.010283
32,175,3000,2,0.014162
32,175,3000,3,0.010902
32,175,3200,1,0.011063
32,175,3200,2,nan
32,175,3200,3,0.012656
32,175,3400,1,0.011944
32,175,3400,2,0.011968
32,175,3400,3,0.011364
32,175,3600,1,0.008329
32,175,3600,2,0.013031
32,175,3600,3,0.009829
32,175,3800,1,0.010029
32,175,3800,2,0.012111
32,175,3800,3,0.009503
32,175,4000,1,0.012874
32,175,4000,2,0.011051
32,175,4000,3,0.011309
32,175,4200,1,0.008753
32,175,4200,2,0.012037
32,175,4200,3,0.010549
32,175,4400,1,0.008692
32,175,4400,2,0.011526
32,175,4400,3,0.008811
32,175,4600,1,0.011744
32,175,4600,2,0.011560
32,175,4600,3,0.013285
32,175,4800,1,nan
32,175,4800,2,0.011655
32,175,4800,3,0.010538
32,175,5000,1,0.012749
32,175,5000,2,0.011547
32,175,5000,3,0.012596
32,177,1000,1,0.011606
32,177,1000,2,0.011400
32,177,1000,3,0.012647
32,177,1200,1,nan
32,177,1200,2,0.011614
32,177,1200,3,0.012304
32,177,1400,1,0.011143
32,177,1400,2,0.010151
32,177,1400,3,0.012123
32,177,1600,1,0.011112
32,177,1600,2,0.011462
32,177,1600,3,0.008958
32,177,1800,1,0.012165
32,177,1800,2,0.009606
32,177,1800,3,0.009248
32,177,2000,1,0.012967
32,177,2000,2,0.008877
32,177,2000,3,nan
32,177,2200,1,0.013391
32,177,2200,2,0.010901
32,177,2200,3,0.013681
32,177,2400,1,0.011892
32,177,2400,2,0.011147
32,177,2400,3,0.012115
32,177,2600,1,0.011309
32,177,2600,2,0.010861
32,177,2600,3,0.010784
32,177,2800,1,0.011865
32,177,2800,2,0.016736
32,177,2800,3,0.014083
32,177,3000,1,0.012144
32,177,3000,2,0.010525
32,177,3000,3,0.010331
32,177,3200,1,0.011163
32,177,3200,2,0.010605
32,177,3200,3,0.008958
32,177,3400,1,0.008702
32,177,3400,2,0.013112
32,177,3400,3,0.014090
32,177,3600,1,0.009464
32,177,3600,2,0.010973
32,177,3600,3,0.010471
32,177,3800,1,0.009878
32,177,3800,2,0.011019
32,177,3800,3,0.007788
32,177,4000,1,0.012371
32,177,4000,2,0.010229
32,177,4000,3,0.011949
32,177,4200,1,0.010652
32,177,4200,2,0.011714
32,177,4200,3,0.012831
32,177,4400,1,0.012360
32,177,4400,2,0.011990
32,177,4400,3,0.009215
32,177,4600,1,0.012778
32,177,4600,2,nan
32,177,4600,3,0.012572
32,177,4800,1,0.008864
32,177,4800,2,0.013569
32,177,4800,3,0.014009
32,177,5000,1,0.011856
32,177,5000,2,0.012350
32,177,5000,3,0.011828
32,179,1000,1,0.018698
32,179,1000,2,nan
32,179,1000,3,0.013696
32,179,1200,1,0.011058
32,179,1200,2,0.012180
32,179,1200,3,nan
32,179,1400,1,0.012786
32,179,1400,2,0.014170
32,179,1400,3,0.010615
32,179,1600,1,0.011987
32,179,1600,2,0.012942
32,179,1600,3,0.012428
32,179,1800,1,0.009504
32,179,1800,2,0.011242
32,179,1800,3,0.011068
32,179,2000,1,0.011101
32,179,2000,2,nan
32,179,2000,3,0.011426
32,179,2200,1,0.012879
32,179,2200,2,0.010209
32,179,2200,3,0.013398
32,179,2400,1,0.011139
32,179,2400,2,0.011043
32,179,2400,3,0.011393
32,179,2600,1,0.012002
32,179,2600,2,0.010469
32,179,2600,3,0.012701
32,179,2800,1,0.011763
32,179,2800,2,0.012919
32,179,2800,3,0.011287
32,179,3000,1,0.011680
32,179,3000,2,nan
32,179,3000,3,0.009798
32,179,3200,1,0.011499
32,179,3200,2,0.008732
32,179,3200,3,0.011738
32,179,3400,1,0.009208
32,179,3400,2,0.011793
32,179,3400,3,0.009642
32,179,3600,1,0.011603
32,179,3600,2,0.010337
32,179,3600,3,0.011875
32,179,3800,1,0.012999
32,179,3800,2,0.012152
32,179,3800,3,0.015104
32,179,4000,1,0.012338
32,179,4000,2,0.010347
32,179,4000,3,0.011183
32,179,4200,1,nan
32,179,4200,2,0.010603
32,179,4200,3,0.013832
32,179,4400,1,0.010957
32,179,4400,2,0.010995
32,179,4400,3,0.010349
32,179,4600,1,0.011902
32,179,4600,2,0.012317
32,179,4600,3,0.012788
32,179,4800,1,0.008521
32,179,4800,2,0.009502
32,179,4800,3,0.010521
32,179,5000,1,0.012118
32,179,5000,2,0.012363
32,179,5000,3,0.012160
32,181,1000,1,0.012060
32,181,1000,2,0.012356
32,181,1000,3,0.011747
32,181,1200,1,nan
32,181,1200,2,0.012587
32,181,1200,3,0.009282
32,181,1400,1,0.011443
32,181,1400,2,0.011866
32,181,1400,3,nan
32,181,1600,1,0.012594
32,181,1600,2,0.009672
32,181,1600,3,0.011809
32,181,1800,1,0.013585
32,181,1800,2,0.011728
32,181,1800,3,0.013828
32,181,2000,1,0.020810
32,181,2000,2,nan
32,181,2000,3,nan
32,181,2200,1,0.014904
32,181,2200,2,nan
32,181,2200,3,0.013840
32,181,2400,1,0.012947
32,181,2400,2,nan
32,181,2400,3,0.009331
32,181,2600,1,nan
32,181,2600,2,0.013406
32,181,2600,3,0.012742
32,181,2800,1,nan
32,181,2800,2,0.012855
32,181,2800,3,0.011795
32,181,3000,1,0.010436
32,181,3000,2,0.010179
32,181,3000,3,0.011478
32,181,3200,1,0.008735
32,181,3200,2,0.013014
32,181,3200,3,0.010409
32,181,3400,1,0.011538
32,181,3400,2,0.011734
32,181,3400,3,0.008760
32,181,3600,1,0.013224
32,181,3600,2,0.013982
32,181,3600,3,0.010879
32,181,3800,1,0.010804
32,181,3800,2,0.011143
32,181,3800,3,0.012976
32,181,4000,1,0.010855
32,181,4000,2,0.011898
32,181,4000,3,0.011462
32,181,4200,1,nan
32,181,4200,2,0.010642
32,181,4200,3,nan
32,181,4400,1,0.012348
32,181,4400,2,0.009935
32,181,4400,3,0.010030
32,181,4600,1,0.011279
32,181,4600,2,0.021458
32,181,4600,3,0.022415
32,181,4800,1,0.012956
32,181,4800,2,0.015874
32,181,4800,3,0.010793
32,181,5000,1,nan
32,181,5000,2,0.012607
32,181,5000,3,0.009823
32,183,1000,1,0.010369
32,183,1000,2,0.011123
32,183,1000,3,0.012066
32,183,1200,1,0.008973
32,183,1200,2,0.011411
32,183,1200,3,0.011067
32,183,1400,1,0.009504
32,183,1400,2,0.011938
32,183,1400,3,0.010797
32,183,1600,1,0.011661
32,183,1600,2,0.012298
32,183,1600,3,0.012582
32,183,1800,1,0.011671
32,183,1800,2,0.010573
32,183,1800,3,0.011692
32,183,2000,1,0.009036
32,183,2000,2,nan
32,183,2000,3,0.009819
32,183,2200,1,0.006876
32,183,2200,2,0.009204
32,183,2200,3,0.015268
32,183,2400,1,0.018935
32,183,2400,2,0.021744
32,183,2400,3,0.023305
32,183,2600,1,0.022296
32,183,2600,2,0.012540
32,183,2600,3,0.013450
32,183,2800,1,nan
32,183,2800,2,0.010156
32,183,2800,3,nan
32,183,3000,1,0.046481
32,183,3000,2,0.011608
32,183,3000,3,0.013659
32,183,3200,1,nan
32,183,3200,2,0.016448
32,183,3200,3,0.016952
32,183,3400,1,0.007329
32,183,3400,2,0.034006
32,183,3400,3,0.017471
32,183,3600,1,0.011239
32,183,3600,2,0.009168
32,183,3600,3,0.009631
32,183,3800,1,0.011523
32,183,3800,2,0.012514
32,183,3800,3,0.013808
32,183,4000,1,0.011193
32,183,4000,2,0.011020
32,183,4000,3,0.009725
32,183,4200,1,0.008295
32,183,4200,2,0.011819
32,183,4200,3,0.011420
32,183,4400,1,0.012953
32,183,4400,2,0.012455
32,183,4400,3,0.012006
32,183,4600,1,0.010277
32,183,4600,2,0.012012
32,183,4600,3,nan
32,183,4800,1,0.012167
32,183,4800,2,0.011783
32,183,4800,3,0.011200
32,183,5000,1,0.008651
32,183,5000,2,0.017214
32,183,5000,3,0.014332
32,185,1000,1,0.009799
32,185,1000,2,0.023997
32,185,1000,3,0.027032
32,185,1200,1,0.012477
32,185,1200,2,0.013123
32,185,1200,3,0.012766
32,185,1400,1,0.012765
32,185,1400,2,0.013620
32,185,1400,3,0.012125
32,185,1600,1,0.012760
32,185,1600,2,0.008906
32,185,1600,3,0.011910
32,185,1800,1,0.010502
32,185,1800,2,0.010820
32,185,1800,3,0.011113
32,185,2000,1,0.014248
32,185,2000,2,0.013004
32,185,2000,3,0.011881
32,185,2200,1,nan
32,185,2200,2,0.018905
32,185,2200,3,0.009627
32,185,2400,1,0.011818
32,185,2400,2,0.011319
32,185,2400,3,0.013214
32,185,2600,1,0.010897
32,185,2600,2,0.024197
32,185,2600,3,0.009823
32,185,2800,1,0.012457
32,185,2800,2,0.018696
32,185,2800,3,0.041832
32,185,3000,1,0.032194
32,185,3000,2,0.007006
32,185,3000,3,0.011124
32,185,3200,1,0.013773
32,185,3200,2,0.014616
32,185,3200,3,0.012251
32,185,3400,1,0.010985
32,185,3400,2,0.012224
32,185,3400,3,0.013081
32,185,3600,1,0.010118
32,185,3600,2,0.012573
32,185,3600,3,0.012913
32,185,3800,1,0.011511
32,185,3800,2,0.010909
32,185,3800,3,0.013044
32,185,4000,1,0.012599
32,185,4000,2,0.013594
32,185,4000,3,0.012517
32,185,4200,1,0.014009
32,185,4200,2,0.012898
32,185,4200,3,0.018070
32,185,4400,1,0.035532
32,185,4400,2,0.018724
32,185,4400,3,0.012142
32,185,4600,1,0.010424
32,185,4600,2,0.013632
32,185,4600,3,0.013573
32,185,4800,1,0.013611
32,185,4800,2,0.011618
32,185,4800,3,0.010268
32,185,5000,1,0.011558
32,185,5000,2,0.013300
32,185,5000,3,0.015476
32,187,1000,1,0.042897
32,187,1000,2,nan
32,187,1000,3,0.012468
32,187,1200,1,0.012884
32,187,1200,2,0.012417
32,187,1200,3,0.010686
32,187,1400,1,0.008968
32,187,1400,2,0.010573
32,187,1400,3,0.009803
32,187,1600,1,0.015717
32,187,1600,2,0.012348
32,187,1600,3,0.004870
32,187,1800,1,0.030687
32,187,1800,2,0.052473
32,187,1800,3,nan
32,187,2000,1,nan
32,187,2000,2,0.008648
32,187,2000,3,0.014854
32,187,2200,1,0.009057
32,187,2200,2,0.030643
32,187,2200,3,0.023690
32,187,2400,1,0.012824
32,187,2400,2,0.010064
32,187,2400,3,0.013238
32,187,2600,1,0.009468
32,187,2600,2,nan
32,187,2600,3,0.012108
32,187,2800,1,0.012162
32,187,2800,2,nan
32,187,2800,3,0.019954
32,187,3000,1,0.012934
32,187,3000,2,0.013553
32,187,3000,3,0.027277
32,187,3200,1,0.011485
32,187,3200,2,0.012827
32,187,3200,3,0.012249
32,187,3400,1,0.011545
32,187,3400,2,0.012976
32,187,3400,3,0.013657
32,187,3600,1,nan
32,187,3600,2,0.009821
32,187,3600,3,0.012248
32,187,3800,1,0.011429
32,187,3800,2,0.011296
32,187,3800,3,0.006163
32,187,4000,1,0.022414
32,187,4000,2,0.011731
32,187,4000,3,0.046983
32,187,4200,1,0.012773
32,187,4200,2,0.009948
32,187,4200,3,nan
32,187,4400,1,0.014752
32,187,4400,2,nan
32,187,4400,3,0.011010
32,187,4600,1,0.010892
32,187,4600,2,0.012228
32,187,4600,3,0.008610
32,187,4800,1,0.011003
32,187,4800,2,0.012487
32,187,4800,3,0.010924
32,187,5000,1,0.011614
32,187,5000,2,nan
32,187,5000,3,0.012597
32,189,1000,1,0.015147
32,189,1000,2,0.018055
32,189,1000,3,0.061978
32,189,1200,1,nan
32,189,1200,2,0.011532
32,189,1200,3,0.013537
32,189,1400,1,0.010097
32,189,1400,2,0.010652
32,189,1400,3,0.011348
32,189,1600,1,0.013146
32,189,1600,2,0.011542
32,189,1600,3,0.012052
32,189,1800,1,0.012369
32,189,1800,2,0.011014
32,189,1800,3,0.009538
32,189,2000,1,0.010836
32,189,2000,2,0.014009
32,189,2000,3,0.015423
32,189,2200,1,nan
32,189,2200,2,0.013825
32,189,2200,3,0.008977
32,189,2400,1,0.011228
32,189,2400,2,0.012797
32,189,2400,3,0.012567
32,189,2600,1,0.013365
32,189,2600,2,0.012438
32,189,2600,3,0.010511
32,189,2800,1,0.013155
32,189,2800,2,0.012686
32,189,2800,3,0.010788
32,189,3000,1,0.013389
32,189,3000,2,0.016150
32,189,3000,3,0.009250
32,189,3200,1,0.008101
32,189,3200,2,0.029384
32,189,3200,3,0.021273
32,189,3400,1,0.059441
32,189,3400,2,nan
32,189,3400,3,0.012624
32,189,3600,1,0.011728
32,189,3600,2,0.010965
32,189,3600,3,0.015148
32,189,3800,1,0.010470
32,189,3800,2,nan
32,189,3800,3,0.018150
32,189,4000,1,0.020165
32,189,4000,2,0.024572
32,189,4000,3,nan
32,189,4200,1,0.011118
32,189,4200,2,0.009429
32,189,4200,3,0.012927
32,189,4400,1,0.018698
32,189,4400,2,0.008360
32,189,4400,3,0.011282
32,189,4600,1,0.025061
32,189,4600,2,0.017975
32,189,4600,3,nan
32,189,4800,1,0.011744
32,189,4800,2,0.011606
32,189,4800,3,0.012320
32,189,5000,1,nan
32,189,5000,2,0.016898
32,189,5000,3,nan
32,191,1000,1,0.016982
32,191,1000,2,0.026862
32,191,1000,3,nan
32,191,1200,1,0.012605
32,191,1200,2,0.010920
32,191,1200,3,nan
32,191,1400,1,0.009699
32,191,1400,2,0.010317
32,191,1400,3,0.011618
32,191,1600,1,nan
32,191,1600,2,0.012480
32,191,1600,3,0.008346
32,191,1800,1,0.010365
32,191,1800,2,nan
32,191,1800,3,0.009865
32,191,2000,1,0.014000
32,191,2000,2,0.013390
32,191,2000,3,nan
32,191,2200,1,0.010688
32,191,2200,2,0.012754
32,191,2200,3,0.013819
32,191,2400,1,0.011935
32,191,2400,2,0.012669
32,191,2400,3,0.012020
32,191,2600,1,0.011805
32,191,2600,2,0.012342
32,191,2600,3,0.009546
32,191,2800,1,0.010661
32,191,2800,2,0.012011
32,191,2800,3,0.011271
32,191,3000,1,nan
32,191,3000,2,0.010494
32,191,3000,3,0.008513
32,191,3200,1,0.013955
32,191,3200,2,0.012149
32,191,3200,3,0.011144
32,191,3400,1,0.012436
32,191,3400,2,0.012045
32,191,3400,3,0.012146
32,191,3600,1,0.012014
32,191,3600,2,0.012753
32,191,3600,3,0.013367
32,191,3800,1,0.012872
32,191,3800,2,0.012106
32,191,3800,3,nan
32,191,4000,1,0.011366
32,191,4000,2,0.012962
32,191,4000,3,nan
32,191,4200,1,0.010922
32,191,4200,2,0.012175
32,191,4200,3,0.010194
32,191,4400,1,0.009461
32,191,4400,2,0.009518
32,191,4400,3,0.013721
32,191,4600,1,0.012581
32,191,4600,2,0.013170
32,191,4600,3,0.012634
32,191,4800,1,nan
32,191,4800,2,0.011077
32,191,4800,3,0.012913
32,191,5000,1,0.011544
32,191,5000,2,0.014714
32,191,5000,3,0.010526
32,193,1000,1,0.011922
32,193,1000,2,0.012754
32,193,1000,3,0.009625
32,193,1200,1,0.011766
32,193,1200,2,0.010533
32,193,1200,3,0.011555
32,193,1400,1,nan
32,193,1400,2,0.012393
32,193,1400,3,0.012200
32,193,1600,1,0.013006
32,193,1600,2,0.011860
32,193,1600,3,nan
32,193,1800,1,0.010304
32,193,1800,2,0.012889
32,193,1800,3,0.012317
32,193,2000,1,0.009742
32,193,2000,2,0.011387
32,193,2000,3,0.011826
32,193,2200,1,0.013524
32,193,2200,2,0.011656
32,193,2200,3,0.013671
32,193,2400,1,nan
32,193,2400,2,0.008250
32,193,2400,3,0.012235
32,193,2600,1,nan
32,193,2600,2,nan
32,193,2600,3,0.013512
32,193,2800,1,0.009628
32,193,2800,2,0.013023
32,193,2800,3,0.012309
32,193,3000,1,0.011541
32,193,3000,2,0.011221
32,193,3000,3,0.011847
32,193,3200,1,0.012046
32,193,3200,2,0.011799
32,193,3200,3,0.012369
32,193,3400,1,0.010626
32,193,3400,2,nan
32,193,3400,3,0.012028
32,193,3600,1,nan
32,193,3600,2,nan
32,193,3600,3,nan
32,193,3800,1,0.012872
32,193,3800,2,0.010373
32,193,3800,3,nan
32,193,4000,1,0.010855
32,193,4000,2,nan
32,193,4000,3,0.012231
32,193,4200,1,nan
32,193,4200,2,0.011999
32,193,4200,3,0.012296
32,193,4400,1,0.011235
32,193,4400,2,nan
32,193,4400,3,0.008492
32,193,4600,1,0.010293
32,193,4600,2,nan
32,193,4600,3,0.009926
32,193,4800,1,0.010486
32,193,4800,2,nan
32,193,4800,3,0.011191
32,193,5000,1,0.012758
32,193,5000,2,0.010819
32,193,5000,3,0.010927
32,195,1000,1,0.011656
32,195,1000,2,0.011879
32,195,1000,3,0.010838
32,195,1200,1,0.010756
32,195,1200,2,0.011784
32,195,1200,3,nan
32,195,1400,1,nan
32,195,1400,2,nan
32,195,1400,3,0.012297
32,195,1600,1,0.009932
32,195,1600,2,nan
32,195,1600,3,0.010731
32,195,1800,1,0.012708
32,195,1800,2,0.011957
32,195,1800,3,0.012794
32,195,2000,1,0.010887
32,195,2000,2,nan
32,195,2000,3,0.011906
32,195,2200,1,0.012094
32,195,2200,2,0.011224
32,195,2200,3,0.013121
32,195,2400,1,nan
32,195,2400,2,0.012552
32,195,2400,3,0.012277
32,195,2600,1,0.012757
32,195,2600,2,0.012562
32,195,2600,3,0.012090
32,195,2800,1,0.012554
32,195,2800,2,0.011978
32,195,2800,3,nan
32,195,3000,1,nan
32,195,3000,2,nan
32,195,3000,3,0.012897
32,195,3200,1,0.011694
32,195,3200,2,0.012714
32,195,3200,3,0.009927
32,195,3400,1,0.011193
32,195,3400,2,nan
32,195,3400,3,0.009786
32,195,3600,1,0.008886
32,195,3600,2,nan
32,195,3600,3,nan
32,195,3800,1,0.012379
32,195,3800,2,nan
32,195,3800,3,0.013495
32,195,4000,1,0.012430
32,195,4000,2,0.009656
32,195,4000,3,0.011146
32,195,4200,1,0.017334
32,195,4200,2,0.011684
32,195,4200,3,0.011162
32,195,4400,1,0.013321
32,195,4400,2,0.013140
32,195,4400,3,0.013084
32,195,4600,1,0.011273
32,195,4600,2,0.013395
32,195,4600,3,0.009919
32,195,4800,1,nan
32,195,4800,2,0.013694
32,195,4800,3,0.012084
32,195,5000,1,0.012398
32,195,5000,2,0.012091
32,195,5000,3,0.009480
32,197,1000,1,0.011229
32,197,1000,2,nan
32,197,1000,3,nan
32,197,1200,1,0.012606
32,197,1200,2,0.012847
32,197,1200,3,nan
32,197,1400,1,0.009876
32,197,1400,2,0.012472
32,197,1400,3,0.010026
32,197,1600,1,nan
32,197,1600,2,nan
32,197,1600,3,0.012454
32,197,1800,1,0.010143
32,197,1800,2,0.012202
32,197,1800,3,0.010003
32,197,2000,1,0.010096
32,197,2000,2,nan
32,197,2000,3,0.012282
32,197,2200,1,nan
32,197,2200,2,0.011490
32,197,2200,3,0.013954
32,197,2400,1,nan
32,197,2400,2,0.010710
32,197,2400,3,0.010137
32,197,2600,1,0.011313
32,197,2600,2,nan
32,197,2600,3,0.012137
32,197,2800,1,0.010396
32,197,2800,2,nan
32,197,2800,3,0.011238
32,197,3000,1,0.009224
32,197,3000,2,0.011985
32,197,3000,3,0.009966
32,197,3200,1,0.013030
32,197,3200,2,nan
32,197,3200,3,0.011595
32,197,3400,1,0.011838
32,197,3400,2,0.011065
32,197,3400,3,0.011218
32,197,3600,1,0.011486
32,197,3600,2,nan
32,197,3600,3,0.012234
32,197,3800,1,0.011383
32,197,3800,2,0.011786
32,197,3800,3,nan
32,197,4000,1,0.013363
32,197,4000,2,0.013027
32,197,4000,3,0.011796
32,197,4200,1,0.012811
32,197,4200,2,0.013434
32,197,4200,3,0.010201
32,197,4400,1,0.012246
32,197,4400,2,0.011347
32,197,4400,3,nan
32,197,4600,1,nan
32,197,4600,2,0.011305
32,197,4600,3,0.012040
32,197,4800,1,nan
32,197,4800,2,0.014203
32,197,4800,3,0.011711
32,197,5000,1,0.014017
32,197,5000,2,0.013767
32,197,5000,3,nan
32,199,1000,1,0.009098
32,199,1000,2,0.011323
32,199,1000,3,nan
32,199,1200,1,0.008234
32,199,1200,2,0.010710
32,199,1200,3,0.010933
32,199,1400,1,0.011878
32,199,1400,2,0.012030
32,199,1400,3,0.014204
32,199,1600,1,nan
32,199,1600,2,nan
32,199,1600,3,0.011611
32,199,1800,1,0.010886
32,199,1800,2,0.011822
32,199,1800,3,nan
32,199,2000,1,0.009493
32,199,2000,2,0.011816
32,199,2000,3,0.012944
32,199,2200,1,nan
32,199,2200,2,0.012621
32,199,2200,3,0.012580
32,199,2400,1,0.010290
32,199,2400,2,nan
32,199,2400,3,0.013210
32,199,2600,1,0.012798
32,199,2600,2,0.011455
32,199,2600,3,0.012158
32,199,2800,1,0.014194
32,199,2800,2,nan
32,199,2800,3,0.009232
32,199,3000,1,0.012798
32,199,3000,2,nan
32,199,3000,3,0.011620
32,199,3200,1,0.012276
32,199,3200,2,0.011537
32,199,3200,3,nan
32,199,3400,1,0.011675
32,199,3400,2,0.013724
32,199,3400,3,0.013237
32,199,3600,1,nan
32,199,3600,2,nan
32,199,3600,3,nan
32,199,3800,1,0.011132
32,199,3800,2,0.011351
32,199,3800,3,0.009582
32,199,4000,1,nan
32,199,4000,2,nan
32,199,4000,3,0.008590
32,199,4200,1,0.010787
32,199,4200,2,0.012883
32,199,4200,3,0.013290
32,199,4400,1,0.011046
32,199,4400,2,0.011071
32,199,4400,3,0.012718
32,199,4600,1,nan
32,199,4600,2,nan
32,199,4600,3,nan
32,199,4800,1,nan
32,199,4800,2,0.012777
32,199,4800,3,nan
32,199,5000,1,0.012024
32,199,5000,2,0.011788
32,199,5000,3,0.011182
