NUM_THREADS,BASE_DEPTH,MINIMUM_TASK_COUNT,RUN_NUMBER,RUNTIME
1,1,1,1,0.000462
1,1,1,2,0.000439
1,1,1,3,0.000433
1,1,1,4,0.000435
1,1,1,5,0.000443
1,1,1,6,0.000415
1,1,1,7,0.000424
1,1,1,8,0.000437
1,1,1,9,0.000423
1,1,1,10,0.000446
1,1,101,1,0.000449
1,1,101,2,0.000439
1,1,101,3,0.000439
1,1,101,4,0.000439
1,1,101,5,0.000462
1,1,101,6,0.000453
1,1,101,7,0.000449
1,1,101,8,0.000481
1,1,101,9,0.000442
1,1,101,10,0.000443
1,1,201,1,0.000441
1,1,201,2,0.000455
1,1,201,3,0.000432
1,1,201,4,0.000451
1,1,201,5,0.000467
1,1,201,6,0.000437
1,1,201,7,0.000452
1,1,201,8,0.000433
1,1,201,9,0.000425
1,1,201,10,0.000457
1,1,301,1,0.000432
1,1,301,2,0.000477
1,1,301,3,0.000436
1,1,301,4,0.000432
1,1,301,5,0.000435
1,1,301,6,0.000471
1,1,301,7,0.000444
1,1,301,8,0.000441
1,1,301,9,0.000433
1,1,301,10,0.000437
1,1,401,1,0.000447
1,1,401,2,0.000430
1,1,401,3,0.000451
1,1,401,4,0.000442
1,1,401,5,0.000429
1,1,401,6,0.000443
1,1,401,7,0.000474
1,1,401,8,0.000430
1,1,401,9,0.000442
1,1,401,10,0.000433
1,1,501,1,0.000443
1,1,501,2,0.000438
1,1,501,3,0.000443
1,1,501,4,0.000441
1,1,501,5,0.000430
1,1,501,6,0.000443
1,1,501,7,0.000435
1,1,501,8,0.000444
1,1,501,9,0.000437
1,1,501,10,0.000444
1,1,601,1,0.000463
1,1,601,2,0.000434
1,1,601,3,0.000472
1,1,601,4,0.000439
1,1,601,5,0.000441
1,1,601,6,0.000458
1,1,601,7,0.000447
1,1,601,8,0.000441
1,1,601,9,0.000428
1,1,601,10,0.000451
1,1,701,1,0.000479
1,1,701,2,0.000445
1,1,701,3,0.000431
1,1,701,4,0.000442
1,1,701,5,0.000430
1,1,701,6,0.000443
1,1,701,7,0.000445
1,1,701,8,0.000434
1,1,701,9,0.000439
1,1,701,10,0.000429
1,1,801,1,0.000449
1,1,801,2,0.000440
1,1,801,3,0.000456
1,1,801,4,0.000427
1,1,801,5,0.000439
1,1,801,6,0.000435
1,1,801,7,0.000445
1,1,801,8,0.000430
1,1,801,9,0.000441
1,1,801,10,0.000427
1,1,901,1,0.000440
1,1,901,2,0.000429
1,1,901,3,0.000445
1,1,901,4,0.000433
1,1,901,5,0.000436
1,1,901,6,0.000433
1,1,901,7,0.000440
1,1,901,8,0.000463
1,1,901,9,0.000439
1,1,901,10,0.000426
1,2,1,1,0.000442
1,2,1,2,0.000432
1,2,1,3,0.000428
1,2,1,4,0.000443
1,2,1,5,0.000416
1,2,1,6,0.000479
1,2,1,7,0.000418
1,2,1,8,0.000424
1,2,1,9,0.000475
1,2,1,10,0.000427
1,2,101,1,0.000443
1,2,101,2,0.000447
1,2,101,3,0.000463
1,2,101,4,0.000446
1,2,101,5,0.000440
1,2,101,6,0.000472
1,2,101,7,0.000456
1,2,101,8,0.000446
1,2,101,9,0.000468
1,2,101,10,0.000446
1,2,201,1,0.000454
1,2,201,2,0.000443
1,2,201,3,0.000445
1,2,201,4,0.000463
1,2,201,5,0.000447
1,2,201,6,0.000451
1,2,201,7,0.000447
1,2,201,8,0.000444
1,2,201,9,0.000458
1,2,201,10,0.000449
1,2,301,1,0.000450
1,2,301,2,0.000451
1,2,301,3,0.000443
1,2,301,4,0.000456
1,2,301,5,0.000441
1,2,301,6,0.000496
1,2,301,7,0.000455
1,2,301,8,0.000444
1,2,301,9,0.000453
1,2,301,10,0.000440
1,2,401,1,0.000439
1,2,401,2,0.000468
1,2,401,3,0.000442
1,2,401,4,0.000446
1,2,401,5,0.000435
1,2,401,6,0.000451
1,2,401,7,0.000466
1,2,401,8,0.000448
1,2,401,9,0.000444
1,2,401,10,0.000442
1,2,501,1,0.000446
1,2,501,2,0.000457
1,2,501,3,0.000450
1,2,501,4,0.000503
1,2,501,5,0.000465
1,2,501,6,0.000446
1,2,501,7,0.000432
1,2,501,8,0.000437
1,2,501,9,0.000459
1,2,501,10,0.000447
1,2,601,1,0.000456
1,2,601,2,0.000439
1,2,601,3,0.000450
1,2,601,4,0.000485
1,2,601,5,0.000445
1,2,601,6,0.000440
1,2,601,7,0.000448
1,2,601,8,0.000444
1,2,601,9,0.000444
1,2,601,10,0.000440
1,2,701,1,0.000457
1,2,701,2,0.000444
1,2,701,3,0.000448
1,2,701,4,0.000436
1,2,701,5,0.000479
1,2,701,6,0.000439
1,2,701,7,0.000455
1,2,701,8,0.000438
1,2,701,9,0.000437
1,2,701,10,0.000437
1,2,801,1,0.000447
1,2,801,2,0.000445
1,2,801,3,0.000439
1,2,801,4,0.000440
1,2,801,5,0.000451
1,2,801,6,0.000441
1,2,801,7,0.000455
1,2,801,8,0.000493
1,2,801,9,0.000452
1,2,801,10,0.000446
1,2,901,1,0.000477
1,2,901,2,0.000456
1,2,901,3,0.000461
1,2,901,4,0.000487
1,2,901,5,0.000500
1,2,901,6,0.000439
1,2,901,7,0.000450
1,2,901,8,0.000452
1,2,901,9,0.000454
1,2,901,10,0.000444
1,3,1,1,0.000427
1,3,1,2,0.000418
1,3,1,3,0.000439
1,3,1,4,0.000428
1,3,1,5,0.000433
1,3,1,6,0.000427
1,3,1,7,0.000450
1,3,1,8,0.000433
1,3,1,9,0.000429
1,3,1,10,0.000420
1,3,101,1,0.000454
1,3,101,2,0.000474
1,3,101,3,0.000465
1,3,101,4,0.000453
1,3,101,5,0.000438
1,3,101,6,0.000443
1,3,101,7,0.000456
1,3,101,8,0.000453
1,3,101,9,0.000457
1,3,101,10,0.000479
1,3,201,1,0.000449
1,3,201,2,0.000457
1,3,201,3,0.000451
1,3,201,4,0.000453
1,3,201,5,0.000457
1,3,201,6,0.000500
1,3,201,7,0.000455
1,3,201,8,0.000439
1,3,201,9,0.000443
1,3,201,10,0.000464
1,3,301,1,0.000442
1,3,301,2,0.000458
1,3,301,3,0.000444
1,3,301,4,0.000450
1,3,301,5,0.000459
1,3,301,6,0.000486
1,3,301,7,0.000459
1,3,301,8,0.000442
1,3,301,9,0.000452
1,3,301,10,0.000461
1,3,401,1,0.000458
1,3,401,2,0.000451
1,3,401,3,0.000455
1,3,401,4,0.000448
1,3,401,5,0.000452
1,3,401,6,0.000482
1,3,401,7,0.000459
1,3,401,8,0.000448
1,3,401,9,0.000463
1,3,401,10,0.000450
1,3,501,1,0.000450
1,3,501,2,0.000454
1,3,501,3,0.000502
1,3,501,4,0.000460
1,3,501,5,0.000455
1,3,501,6,0.000510
1,3,501,7,0.000460
1,3,501,8,0.000469
1,3,501,9,0.000456
1,3,501,10,0.000463
1,3,601,1,0.000471
1,3,601,2,0.000458
1,3,601,3,0.000447
1,3,601,4,0.000442
1,3,601,5,0.000443
1,3,601,6,0.000453
1,3,601,7,0.000458
1,3,601,8,0.000438
1,3,601,9,0.000474
1,3,601,10,0.000464
1,3,701,1,0.000444
1,3,701,2,0.000470
1,3,701,3,0.000454
1,3,701,4,0.000485
1,3,701,5,0.000462
1,3,701,6,0.000448
1,3,701,7,0.000445
1,3,701,8,0.000455
1,3,701,9,0.000444
1,3,701,10,0.000457
1,3,801,1,0.000443
1,3,801,2,0.000451
1,3,801,3,0.000454
1,3,801,4,0.000464
1,3,801,5,0.000444
1,3,801,6,0.000470
1,3,801,7,0.000446
1,3,801,8,0.000451
1,3,801,9,0.000454
1,3,801,10,0.000477
1,3,901,1,0.000454
1,3,901,2,0.000446
1,3,901,3,0.000445
1,3,901,4,0.000475
1,3,901,5,0.000439
1,3,901,6,0.000455
1,3,901,7,0.000460
1,3,901,8,0.000454
1,3,901,9,0.000456
1,3,901,10,0.000461
1,4,1,1,0.000432
1,4,1,2,0.000437
1,4,1,3,0.000424
1,4,1,4,0.000418
1,4,1,5,0.000432
1,4,1,6,0.000428
1,4,1,7,0.000429
1,4,1,8,0.000425
1,4,1,9,0.000421
1,4,1,10,0.000427
1,4,101,1,0.000452
1,4,101,2,0.000460
1,4,101,3,0.000470
1,4,101,4,0.000453
1,4,101,5,0.000467
1,4,101,6,0.000470
1,4,101,7,0.000458
1,4,101,8,0.000462
1,4,101,9,0.000461
1,4,101,10,0.000472
1,4,201,1,0.000465
1,4,201,2,0.000470
1,4,201,3,0.000467
1,4,201,4,0.000466
1,4,201,5,0.000471
1,4,201,6,0.000453
1,4,201,7,0.000462
1,4,201,8,0.000460
1,4,201,9,0.000503
1,4,201,10,0.000456
1,4,301,1,0.000464
1,4,301,2,0.000479
1,4,301,3,0.000450
1,4,301,4,0.000489
1,4,301,5,0.000476
1,4,301,6,0.000449
1,4,301,7,0.000464
1,4,301,8,0.000471
1,4,301,9,0.000460
1,4,301,10,0.000469
1,4,401,1,0.000458
1,4,401,2,0.000473
1,4,401,3,0.000468
1,4,401,4,0.000477
1,4,401,5,0.000459
1,4,401,6,0.000460
1,4,401,7,0.000466
1,4,401,8,0.000512
1,4,401,9,0.000468
1,4,401,10,0.000450
1,4,501,1,0.000470
1,4,501,2,0.000459
1,4,501,3,0.000495
1,4,501,4,0.000464
1,4,501,5,0.000469
1,4,501,6,0.000452
1,4,501,7,0.000472
1,4,501,8,0.000473
1,4,501,9,0.000471
1,4,501,10,0.000462
1,4,601,1,0.000465
1,4,601,2,0.000470
1,4,601,3,0.000503
1,4,601,4,0.000466
1,4,601,5,0.000460
1,4,601,6,0.000479
1,4,601,7,0.000464
1,4,601,8,0.000461
1,4,601,9,0.000468
1,4,601,10,0.000509
1,4,701,1,0.000472
1,4,701,2,0.000460
1,4,701,3,0.000459
1,4,701,4,0.000456
1,4,701,5,0.000464
1,4,701,6,0.000474
1,4,701,7,0.000462
1,4,701,8,0.000473
1,4,701,9,0.000478
1,4,701,10,0.000502
1,4,801,1,0.000464
1,4,801,2,0.000492
1,4,801,3,0.000474
1,4,801,4,0.000545
1,4,801,5,0.000468
1,4,801,6,0.000459
1,4,801,7,0.000468
1,4,801,8,0.000473
1,4,801,9,0.000460
1,4,801,10,0.000460
1,4,901,1,0.000456
1,4,901,2,0.000455
1,4,901,3,0.000469
1,4,901,4,0.000476
1,4,901,5,0.000460
1,4,901,6,0.000464
1,4,901,7,0.000457
1,4,901,8,0.000460
1,4,901,9,0.000449
1,4,901,10,0.000468
1,5,1,1,0.000423
1,5,1,2,0.000431
1,5,1,3,0.000419
1,5,1,4,0.000448
1,5,1,5,0.000433
1,5,1,6,0.000416
1,5,1,7,0.000440
1,5,1,8,0.000421
1,5,1,9,0.000427
1,5,1,10,0.000422
1,5,101,1,0.000502
1,5,101,2,0.000476
1,5,101,3,0.000459
1,5,101,4,0.000462
1,5,101,5,0.000462
1,5,101,6,0.000452
1,5,101,7,0.000485
1,5,101,8,0.000460
1,5,101,9,0.000468
1,5,101,10,0.000462
1,5,201,1,0.000462
1,5,201,2,0.000464
1,5,201,3,0.000495
1,5,201,4,0.000477
1,5,201,5,0.000457
1,5,201,6,0.000458
1,5,201,7,0.000461
1,5,201,8,0.000491
1,5,201,9,0.000465
1,5,201,10,0.000459
1,5,301,1,0.000465
1,5,301,2,0.000461
1,5,301,3,0.000496
1,5,301,4,0.000466
1,5,301,5,0.000455
1,5,301,6,0.000459
1,5,301,7,0.000459
1,5,301,8,0.000470
1,5,301,9,0.000470
1,5,301,10,0.000462
1,5,401,1,0.000473
1,5,401,2,0.000463
1,5,401,3,0.000493
1,5,401,4,0.000470
1,5,401,5,0.000458
1,5,401,6,0.000496
1,5,401,7,0.000477
1,5,401,8,0.000458
1,5,401,9,0.000460
1,5,401,10,0.000467
1,5,501,1,0.000453
1,5,501,2,0.000474
1,5,501,3,0.000458
1,5,501,4,0.000466
1,5,501,5,0.000466
1,5,501,6,0.000509
1,5,501,7,0.000473
1,5,501,8,0.000459
1,5,501,9,0.000469
1,5,501,10,0.000469
1,5,601,1,0.000453
1,5,601,2,0.000469
1,5,601,3,0.000458
1,5,601,4,0.000468
1,5,601,5,0.000462
1,5,601,6,0.000470
1,5,601,7,0.000460
1,5,601,8,0.000464
1,5,601,9,0.000493
1,5,601,10,0.000473
1,5,701,1,0.000467
1,5,701,2,0.000495
1,5,701,3,0.000471
1,5,701,4,0.000455
1,5,701,5,0.000500
1,5,701,6,0.000489
1,5,701,7,0.000455
1,5,701,8,0.000464
1,5,701,9,0.000475
1,5,701,10,0.000471
1,5,801,1,0.000461
1,5,801,2,0.000484
1,5,801,3,0.000453
1,5,801,4,0.000472
1,5,801,5,0.000482
1,5,801,6,0.000471
1,5,801,7,0.000466
1,5,801,8,0.000476
1,5,801,9,0.000467
1,5,801,10,0.000456
1,5,901,1,0.000498
1,5,901,2,0.000466
1,5,901,3,0.000470
1,5,901,4,0.000501
1,5,901,5,0.000476
1,5,901,6,0.000461
1,5,901,7,0.000499
1,5,901,8,0.000475
1,5,901,9,0.000459
1,5,901,10,0.000468
1,6,1,1,0.000435
1,6,1,2,0.000417
1,6,1,3,0.000438
1,6,1,4,0.000445
1,6,1,5,0.000428
1,6,1,6,0.000429
1,6,1,7,0.000459
1,6,1,8,0.000439
1,6,1,9,0.000419
1,6,1,10,0.000425
1,6,101,1,0.000464
1,6,101,2,0.000473
1,6,101,3,0.000458
1,6,101,4,0.000513
1,6,101,5,0.000469
1,6,101,6,0.000459
1,6,101,7,0.000464
1,6,101,8,0.000482
1,6,101,9,0.000471
1,6,101,10,0.000464
1,6,201,1,0.000487
1,6,201,2,0.000468
1,6,201,3,0.000476
1,6,201,4,0.000456
1,6,201,5,0.000473
1,6,201,6,0.000463
1,6,201,7,0.000495
1,6,201,8,0.000471
1,6,201,9,0.000457
1,6,201,10,0.000471
1,6,301,1,0.000474
1,6,301,2,0.000461
1,6,301,3,0.000466
1,6,301,4,0.000496
1,6,301,5,0.000458
1,6,301,6,0.000468
1,6,301,7,0.000505
1,6,301,8,0.000488
1,6,301,9,0.000464
1,6,301,10,0.000511
1,6,401,1,0.000462
1,6,401,2,0.000473
1,6,401,3,0.000474
1,6,401,4,0.000477
1,6,401,5,0.000460
1,6,401,6,0.000472
1,6,401,7,0.000492
1,6,401,8,0.000469
1,6,401,9,0.000474
1,6,401,10,0.000538
1,6,501,1,0.000473
1,6,501,2,0.000466
1,6,501,3,0.000470
1,6,501,4,0.000478
1,6,501,5,0.000461
1,6,501,6,0.000466
1,6,501,7,0.000472
1,6,501,8,0.000460
1,6,501,9,0.000468
1,6,501,10,0.000467
1,6,601,1,0.000468
1,6,601,2,0.000491
1,6,601,3,0.000475
1,6,601,4,0.000467
1,6,601,5,0.000475
1,6,601,6,0.000477
1,6,601,7,0.000478
1,6,601,8,0.000477
1,6,601,9,0.000466
1,6,601,10,0.000469
1,6,701,1,0.000471
1,6,701,2,0.000471
1,6,701,3,0.000475
1,6,701,4,0.000475
1,6,701,5,0.000467
1,6,701,6,0.000473
1,6,701,7,0.000465
1,6,701,8,0.000471
1,6,701,9,0.000473
1,6,701,10,0.000473
1,6,801,1,0.000494
1,6,801,2,0.000478
1,6,801,3,0.000466
1,6,801,4,0.000499
1,6,801,5,0.000501
1,6,801,6,0.000480
1,6,801,7,0.000498
1,6,801,8,0.000486
1,6,801,9,0.000472
1,6,801,10,0.000524
1,6,901,1,0.000488
1,6,901,2,0.000471
1,6,901,3,0.000506
1,6,901,4,0.000472
1,6,901,5,0.000465
1,6,901,6,0.000477
1,6,901,7,0.000476
1,6,901,8,0.000475
1,6,901,9,0.000479
1,6,901,10,0.000467
1,7,1,1,0.000424
1,7,1,2,0.000463
1,7,1,3,0.000434
1,7,1,4,0.000425
1,7,1,5,0.000410
1,7,1,6,0.000420
1,7,1,7,0.000416
1,7,1,8,0.000425
1,7,1,9,0.000451
1,7,1,10,0.000425
1,7,101,1,0.000478
1,7,101,2,0.000484
1,7,101,3,0.000468
1,7,101,4,0.000475
1,7,101,5,0.000495
1,7,101,6,0.000462
1,7,101,7,0.000478
1,7,101,8,0.000482
1,7,101,9,0.000536
1,7,101,10,0.000484
1,7,201,1,0.000475
1,7,201,2,0.000478
1,7,201,3,0.000478
1,7,201,4,0.000481
1,7,201,5,0.000481
1,7,201,6,0.000466
1,7,201,7,0.000477
1,7,201,8,0.000477
1,7,201,9,0.000510
1,7,201,10,0.000470
1,7,301,1,0.000479
1,7,301,2,0.000485
1,7,301,3,0.000497
1,7,301,4,0.000484
1,7,301,5,0.000490
1,7,301,6,0.000509
1,7,301,7,0.000501
1,7,301,8,0.000483
1,7,301,9,0.000497
1,7,301,10,0.000520
1,7,401,1,0.000532
1,7,401,2,0.000493
1,7,401,3,0.000500
1,7,401,4,0.000485
1,7,401,5,0.000495
1,7,401,6,0.000510
1,7,401,7,0.000491
1,7,401,8,0.000485
1,7,401,9,0.000480
1,7,401,10,0.000476
1,7,501,1,0.000561
1,7,501,2,0.000486
1,7,501,3,0.000479
1,7,501,4,0.000480
1,7,501,5,0.000479
1,7,501,6,0.000473
1,7,501,7,0.000469
1,7,501,8,0.000512
1,7,501,9,0.000476
1,7,501,10,0.000476
1,7,601,1,0.000480
1,7,601,2,0.000489
1,7,601,3,0.000471
1,7,601,4,0.000476
1,7,601,5,0.000478
1,7,601,6,0.000489
1,7,601,7,0.000473
1,7,601,8,0.000489
1,7,601,9,0.000479
1,7,601,10,0.000484
1,7,701,1,0.000479
1,7,701,2,0.000513
1,7,701,3,0.000484
1,7,701,4,0.000475
1,7,701,5,0.000467
1,7,701,6,0.000473
1,7,701,7,0.000480
1,7,701,8,0.000491
1,7,701,9,0.000484
1,7,701,10,0.000478
1,7,801,1,0.000469
1,7,801,2,0.000512
1,7,801,3,0.000492
1,7,801,4,0.000502
1,7,801,5,0.000483
1,7,801,6,0.000478
1,7,801,7,0.000478
1,7,801,8,0.000474
1,7,801,9,0.000471
1,7,801,10,0.000495
1,7,901,1,0.000478
1,7,901,2,0.000485
1,7,901,3,0.000478
1,7,901,4,0.000479
1,7,901,5,0.000480
1,7,901,6,0.000472
1,7,901,7,0.000483
1,7,901,8,0.000485
1,7,901,9,0.000477
1,7,901,10,0.000479
1,8,1,1,0.000428
1,8,1,2,0.000417
1,8,1,3,0.000415
1,8,1,4,0.000421
1,8,1,5,0.000420
1,8,1,6,0.000411
1,8,1,7,0.000427
1,8,1,8,0.000435
1,8,1,9,0.000418
1,8,1,10,0.000425
1,8,101,1,0.000481
1,8,101,2,0.000531
1,8,101,3,0.000481
1,8,101,4,0.000487
1,8,101,5,0.000500
1,8,101,6,0.000486
1,8,101,7,0.000485
1,8,101,8,0.000473
1,8,101,9,0.000476
1,8,101,10,0.000482
1,8,201,1,0.000475
1,8,201,2,0.000478
1,8,201,3,0.000480
1,8,201,4,0.000489
1,8,201,5,0.000493
1,8,201,6,0.000479
1,8,201,7,0.000503
1,8,201,8,0.000493
1,8,201,9,0.000478
1,8,201,10,0.000483
1,8,301,1,0.000488
1,8,301,2,0.000478
1,8,301,3,0.000483
1,8,301,4,0.000472
1,8,301,5,0.000513
1,8,301,6,0.000482
1,8,301,7,0.000475
1,8,301,8,0.000484
1,8,301,9,0.000481
1,8,301,10,0.000481
1,8,401,1,0.000476
1,8,401,2,0.000514
1,8,401,3,0.000488
1,8,401,4,0.000479
1,8,401,5,0.000490
1,8,401,6,0.000493
1,8,401,7,0.000489
1,8,401,8,0.000479
1,8,401,9,0.000514
1,8,401,10,0.000485
1,8,501,1,0.000478
1,8,501,2,0.000485
1,8,501,3,0.000474
1,8,501,4,0.000476
1,8,501,5,0.000472
1,8,501,6,0.000496
1,8,501,7,0.000488
1,8,501,8,0.000486
1,8,501,9,0.000478
1,8,501,10,0.000481
1,8,601,1,0.000478
1,8,601,2,0.000484
1,8,601,3,0.000534
1,8,601,4,0.000487
1,8,601,5,0.000544
1,8,601,6,0.000475
1,8,601,7,0.000480
1,8,601,8,0.000486
1,8,601,9,0.000481
1,8,601,10,0.000491
1,8,701,1,0.000485
1,8,701,2,0.000542
1,8,701,3,0.000487
1,8,701,4,0.000495
1,8,701,5,0.000493
1,8,701,6,0.000478
1,8,701,7,0.000478
1,8,701,8,0.000478
1,8,701,9,0.000523
1,8,701,10,0.000486
1,8,801,1,0.000538
1,8,801,2,0.000488
1,8,801,3,0.000480
1,8,801,4,0.000482
1,8,801,5,0.000484
1,8,801,6,0.000476
1,8,801,7,0.000492
1,8,801,8,0.000507
1,8,801,9,0.000482
1,8,801,10,0.000475
1,8,901,1,0.000483
1,8,901,2,0.000473
1,8,901,3,0.000471
1,8,901,4,0.000480
1,8,901,5,0.000503
1,8,901,6,0.000485
1,8,901,7,0.000475
1,8,901,8,0.000477
1,8,901,9,0.000484
1,8,901,10,0.000521
1,9,1,1,0.000426
1,9,1,2,0.000433
1,9,1,3,0.000428
1,9,1,4,0.000424
1,9,1,5,0.000423
1,9,1,6,0.000426
1,9,1,7,0.000434
1,9,1,8,0.000409
1,9,1,9,0.000421
1,9,1,10,0.000428
1,9,101,1,0.000499
1,9,101,2,0.000481
1,9,101,3,0.000496
1,9,101,4,0.000479
1,9,101,5,0.000530
1,9,101,6,0.000496
1,9,101,7,0.000509
1,9,101,8,0.000477
1,9,101,9,0.000520
1,9,101,10,0.000492
1,9,201,1,0.000483
1,9,201,2,0.000482
1,9,201,3,0.000487
1,9,201,4,0.000493
1,9,201,5,0.000476
1,9,201,6,0.000502
1,9,201,7,0.000480
1,9,201,8,0.000520
1,9,201,9,0.000485
1,9,201,10,0.000480
1,9,301,1,0.000483
1,9,301,2,0.000490
1,9,301,3,0.000486
1,9,301,4,0.000494
1,9,301,5,0.000498
1,9,301,6,0.000490
1,9,301,7,0.000499
1,9,301,8,0.000488
1,9,301,9,0.000486
1,9,301,10,0.000484
1,9,401,1,0.000482
1,9,401,2,0.000507
1,9,401,3,0.000482
1,9,401,4,0.000503
1,9,401,5,0.000490
1,9,401,6,0.000484
1,9,401,7,0.000504
1,9,401,8,0.000534
1,9,401,9,0.000485
1,9,401,10,0.000497
1,9,501,1,0.000507
1,9,501,2,0.000486
1,9,501,3,0.000482
1,9,501,4,0.000498
1,9,501,5,0.000494
1,9,501,6,0.000489
1,9,501,7,0.000494
1,9,501,8,0.000493
1,9,501,9,0.000546
1,9,501,10,0.000488
1,9,601,1,0.000507
1,9,601,2,0.000503
1,9,601,3,0.000490
1,9,601,4,0.000500
1,9,601,5,0.000474
1,9,601,6,0.000495
1,9,601,7,0.000510
1,9,601,8,0.000490
1,9,601,9,0.000491
1,9,601,10,0.000499
1,9,701,1,0.000487
1,9,701,2,0.000497
1,9,701,3,0.000489
1,9,701,4,0.000494
1,9,701,5,0.000523
1,9,701,6,0.000490
1,9,701,7,0.000502
1,9,701,8,0.000489
1,9,701,9,0.000482
1,9,701,10,0.000521
1,9,801,1,0.000497
1,9,801,2,0.000486
1,9,801,3,0.000491
1,9,801,4,0.000520
1,9,801,5,0.000477
1,9,801,6,0.000501
1,9,801,7,0.000496
1,9,801,8,0.000491
1,9,801,9,0.000499
1,9,801,10,0.000489
1,9,901,1,0.000535
1,9,901,2,0.000521
1,9,901,3,0.000492
1,9,901,4,0.000552
1,9,901,5,0.000487
1,9,901,6,0.000502
1,9,901,7,0.000494
1,9,901,8,0.000502
1,9,901,9,0.000485
1,9,901,10,0.000503
1,10,1,1,0.000437
1,10,1,2,0.000418
1,10,1,3,0.000421
1,10,1,4,0.000446
1,10,1,5,0.000416
1,10,1,6,0.000425
1,10,1,7,0.000449
1,10,1,8,0.000438
1,10,1,9,0.000416
1,10,1,10,0.000424
1,10,101,1,0.000526
1,10,101,2,0.000479
1,10,101,3,0.000503
1,10,101,4,0.000487
1,10,101,5,0.000482
1,10,101,6,0.000495
1,10,101,7,0.000477
1,10,101,8,0.000483
1,10,101,9,0.000506
1,10,101,10,0.000488
1,10,201,1,0.000492
1,10,201,2,0.000516
1,10,201,3,0.000495
1,10,201,4,0.000487
1,10,201,5,0.000488
1,10,201,6,0.000516
1,10,201,7,0.000513
1,10,201,8,0.000477
1,10,201,9,0.000489
1,10,201,10,0.000482
1,10,301,1,0.000490
1,10,301,2,0.000483
1,10,301,3,0.000496
1,10,301,4,0.000485
1,10,301,5,0.000488
1,10,301,6,0.000489
1,10,301,7,0.000494
1,10,301,8,0.000497
1,10,301,9,0.000484
1,10,301,10,0.000490
1,10,401,1,0.000531
1,10,401,2,0.000497
1,10,401,3,0.000494
1,10,401,4,0.000494
1,10,401,5,0.000532
1,10,401,6,0.000484
1,10,401,7,0.000478
1,10,401,8,0.000479
1,10,401,9,0.000487
1,10,401,10,0.000491
1,10,501,1,0.000490
1,10,501,2,0.000495
1,10,501,3,0.000509
1,10,501,4,0.000482
1,10,501,5,0.000475
1,10,501,6,0.000488
1,10,501,7,0.000476
1,10,501,8,0.000490
1,10,501,9,0.000489
1,10,501,10,0.000491
1,10,601,1,0.000480
1,10,601,2,0.000501
1,10,601,3,0.000481
1,10,601,4,0.000474
1,10,601,5,0.000519
1,10,601,6,0.000503
1,10,601,7,0.000499
1,10,601,8,0.000495
1,10,601,9,0.000494
1,10,601,10,0.000495
1,10,701,1,0.000478
1,10,701,2,0.000500
1,10,701,3,0.000508
1,10,701,4,0.000472
1,10,701,5,0.000499
1,10,701,6,0.000502
1,10,701,7,0.000487
1,10,701,8,0.000492
1,10,701,9,0.000494
1,10,701,10,0.000499
1,10,801,1,0.000475
1,10,801,2,0.000481
1,10,801,3,0.000491
1,10,801,4,0.000485
1,10,801,5,0.000490
1,10,801,6,0.000488
1,10,801,7,0.000492
1,10,801,8,0.000492
1,10,801,9,0.000498
1,10,801,10,0.000481
1,10,901,1,0.000494
1,10,901,2,0.000488
1,10,901,3,0.000487
1,10,901,4,0.000511
1,10,901,5,0.000499
1,10,901,6,0.000507
1,10,901,7,0.000511
1,10,901,8,0.000519
1,10,901,9,0.000496
1,10,901,10,0.000495
1,11,1,1,0.000430
1,11,1,2,0.000424
1,11,1,3,0.000429
1,11,1,4,0.000450
1,11,1,5,0.000435
1,11,1,6,0.000426
1,11,1,7,0.000431
1,11,1,8,0.000444
1,11,1,9,0.000439
1,11,1,10,0.000420
1,11,101,1,0.000487
1,11,101,2,0.000488
1,11,101,3,0.000485
1,11,101,4,0.000483
1,11,101,5,0.000492
1,11,101,6,0.000510
1,11,101,7,0.000515
1,11,101,8,0.000490
1,11,101,9,0.000483
1,11,101,10,0.000490
1,11,201,1,0.000496
1,11,201,2,0.000485
1,11,201,3,0.000487
1,11,201,4,0.000515
1,11,201,5,0.000490
1,11,201,6,0.000489
1,11,201,7,0.000488
1,11,201,8,0.000479
1,11,201,9,0.000497
1,11,201,10,0.000491
1,11,301,1,0.000485
1,11,301,2,0.000487
1,11,301,3,0.000481
1,11,301,4,0.000496
1,11,301,5,0.000492
1,11,301,6,0.000485
1,11,301,7,0.000503
1,11,301,8,0.000527
1,11,301,9,0.000511
1,11,301,10,0.000482
1,11,401,1,0.000496
1,11,401,2,0.000518
1,11,401,3,0.000486
1,11,401,4,0.000490
1,11,401,5,0.000490
1,11,401,6,0.000498
1,11,401,7,0.000501
1,11,401,8,0.000521
1,11,401,9,0.000496
1,11,401,10,0.000487
1,11,501,1,0.000505
1,11,501,2,0.000488
1,11,501,3,0.000495
1,11,501,4,0.000490
1,11,501,5,0.000487
1,11,501,6,0.000490
1,11,501,7,0.000494
1,11,501,8,0.000495
1,11,501,9,0.000502
1,11,501,10,0.000487
1,11,601,1,0.000487
1,11,601,2,0.000525
1,11,601,3,0.000493
1,11,601,4,0.000482
1,11,601,5,0.000491
1,11,601,6,0.000477
1,11,601,7,0.000508
1,11,601,8,0.000505
1,11,601,9,0.000531
1,11,601,10,0.000516
1,11,701,1,0.000486
1,11,701,2,0.000539
1,11,701,3,0.000501
1,11,701,4,0.000478
1,11,701,5,0.000533
1,11,701,6,0.000496
1,11,701,7,0.000501
1,11,701,8,0.000480
1,11,701,9,0.000530
1,11,701,10,0.000481
1,11,801,1,0.000492
1,11,801,2,0.000530
1,11,801,3,0.000490
1,11,801,4,0.000489
1,11,801,5,0.000481
1,11,801,6,0.000488
1,11,801,7,0.000487
1,11,801,8,0.000499
1,11,801,9,0.000504
1,11,801,10,0.000504
1,11,901,1,0.000498
1,11,901,2,0.000502
1,11,901,3,0.000487
1,11,901,4,0.000524
1,11,901,5,0.000493
1,11,901,6,0.000490
1,11,901,7,0.000484
1,11,901,8,0.000495
1,11,901,9,0.000483
1,11,901,10,0.000505
1,12,1,1,0.000457
1,12,1,2,0.000428
1,12,1,3,0.000422
1,12,1,4,0.000419
1,12,1,5,0.000426
1,12,1,6,0.000431
1,12,1,7,0.000433
1,12,1,8,0.000407
1,12,1,9,0.000418
1,12,1,10,0.000425
1,12,101,1,0.000479
1,12,101,2,0.000514
1,12,101,3,0.000485
1,12,101,4,0.000508
1,12,101,5,0.000481
1,12,101,6,0.000496
1,12,101,7,0.000523
1,12,101,8,0.000476
1,12,101,9,0.000502
1,12,101,10,0.000491
1,12,201,1,0.000483
1,12,201,2,0.000576
1,12,201,3,0.000491
1,12,201,4,0.000508
1,12,201,5,0.000483
1,12,201,6,0.000482
1,12,201,7,0.000529
1,12,201,8,0.000493
1,12,201,9,0.000486
1,12,201,10,0.000494
1,12,301,1,0.000484
1,12,301,2,0.000490
1,12,301,3,0.000490
1,12,301,4,0.000498
1,12,301,5,0.000541
1,12,301,6,0.000493
1,12,301,7,0.000491
1,12,301,8,0.000498
1,12,301,9,0.000494
1,12,301,10,0.000537
1,12,401,1,0.000491
1,12,401,2,0.000493
1,12,401,3,0.000483
1,12,401,4,0.000501
1,12,401,5,0.000488
1,12,401,6,0.000503
1,12,401,7,0.000489
1,12,401,8,0.000492
1,12,401,9,0.000497
1,12,401,10,0.000486
1,12,501,1,0.000489
1,12,501,2,0.000500
1,12,501,3,0.000484
1,12,501,4,0.000497
1,12,501,5,0.000524
1,12,501,6,0.000498
1,12,501,7,0.000487
1,12,501,8,0.000489
1,12,501,9,0.000519
1,12,501,10,0.000483
1,12,601,1,0.000504
1,12,601,2,0.000504
1,12,601,3,0.000485
1,12,601,4,0.000488
1,12,601,5,0.000487
1,12,601,6,0.000487
1,12,601,7,0.000503
1,12,601,8,0.000480
1,12,601,9,0.000500
1,12,601,10,0.000500
1,12,701,1,0.000489
1,12,701,2,0.000489
1,12,701,3,0.000536
1,12,701,4,0.000504
1,12,701,5,0.000494
1,12,701,6,0.000502
1,12,701,7,0.000487
1,12,701,8,0.000522
1,12,701,9,0.000515
1,12,701,10,0.000479
1,12,801,1,0.000498
1,12,801,2,0.000482
1,12,801,3,0.000518
1,12,801,4,0.000498
1,12,801,5,0.000500
1,12,801,6,0.000501
1,12,801,7,0.000487
1,12,801,8,0.000530
1,12,801,9,0.000485
1,12,801,10,0.000494
1,12,901,1,0.000477
1,12,901,2,0.000483
1,12,901,3,0.000481
1,12,901,4,0.000496
1,12,901,5,0.000493
1,12,901,6,0.000515
1,12,901,7,0.000501
1,12,901,8,0.000529
1,12,901,9,0.000478
1,12,901,10,0.000495
1,13,1,1,0.000420
1,13,1,2,0.000426
1,13,1,3,0.000430
1,13,1,4,0.000415
1,13,1,5,0.000438
1,13,1,6,0.000422
1,13,1,7,0.000454
1,13,1,8,0.000432
1,13,1,9,0.000415
1,13,1,10,0.000411
1,13,101,1,0.000495
1,13,101,2,0.000504
1,13,101,3,0.000477
1,13,101,4,0.000503
1,13,101,5,0.000491
1,13,101,6,0.000511
1,13,101,7,0.000517
1,13,101,8,0.000501
1,13,101,9,0.000501
1,13,101,10,0.000487
1,13,201,1,0.000487
1,13,201,2,0.000494
1,13,201,3,0.000503
1,13,201,4,0.000488
1,13,201,5,0.000489
1,13,201,6,0.000488
1,13,201,7,0.000503
1,13,201,8,0.000492
1,13,201,9,0.000504
1,13,201,10,0.000487
1,13,301,1,0.000521
1,13,301,2,0.000510
1,13,301,3,0.000489
1,13,301,4,0.000490
1,13,301,5,0.000492
1,13,301,6,0.000512
1,13,301,7,0.000490
1,13,301,8,0.000501
1,13,301,9,0.000539
1,13,301,10,0.000502
1,13,401,1,0.000498
1,13,401,2,0.000509
1,13,401,3,0.000493
1,13,401,4,0.000478
1,13,401,5,0.000505
1,13,401,6,0.000480
1,13,401,7,0.000482
1,13,401,8,0.000486
1,13,401,9,0.000497
1,13,401,10,0.000500
1,13,501,1,0.000496
1,13,501,2,0.000483
1,13,501,3,0.000489
1,13,501,4,0.000483
1,13,501,5,0.000499
1,13,501,6,0.000525
1,13,501,7,0.000490
1,13,501,8,0.000480
1,13,501,9,0.000517
1,13,501,10,0.000500
1,13,601,1,0.000512
1,13,601,2,0.000488
1,13,601,3,0.000495
1,13,601,4,0.000490
1,13,601,5,0.000513
1,13,601,6,0.000505
1,13,601,7,0.000497
1,13,601,8,0.000497
1,13,601,9,0.000483
1,13,601,10,0.000495
1,13,701,1,0.000506
1,13,701,2,0.000537
1,13,701,3,0.000488
1,13,701,4,0.000511
1,13,701,5,0.000498
1,13,701,6,0.000497
1,13,701,7,0.000482
1,13,701,8,0.000490
1,13,701,9,0.000505
1,13,701,10,0.000483
1,13,801,1,0.000504
1,13,801,2,0.000530
1,13,801,3,0.000500
1,13,801,4,0.000497
1,13,801,5,0.000483
1,13,801,6,0.000506
1,13,801,7,0.000504
1,13,801,8,0.000501
1,13,801,9,0.000518
1,13,801,10,0.000499
1,13,901,1,0.000483
1,13,901,2,0.000505
1,13,901,3,0.000502
1,13,901,4,0.000479
1,13,901,5,0.000491
1,13,901,6,0.000493
1,13,901,7,0.000510
1,13,901,8,0.000500
1,13,901,9,0.000494
1,13,901,10,0.000504
1,14,1,1,0.000435
1,14,1,2,0.000421
1,14,1,3,0.000423
1,14,1,4,0.000409
1,14,1,5,0.000430
1,14,1,6,0.000432
1,14,1,7,0.000445
1,14,1,8,0.000456
1,14,1,9,0.000420
1,14,1,10,0.000426
1,14,101,1,0.000491
1,14,101,2,0.000483
1,14,101,3,0.000609
1,14,101,4,0.000504
1,14,101,5,0.000531
1,14,101,6,0.000493
1,14,101,7,0.000533
1,14,101,8,0.000496
1,14,101,9,0.000486
1,14,101,10,0.000489
1,14,201,1,0.000505
1,14,201,2,0.000489
1,14,201,3,0.000508
1,14,201,4,0.000493
1,14,201,5,0.000495
1,14,201,6,0.000490
1,14,201,7,0.000487
1,14,201,8,0.000487
1,14,201,9,0.000499
1,14,201,10,0.000499
1,14,301,1,0.000504
1,14,301,2,0.000489
1,14,301,3,0.000494
1,14,301,4,0.000507
1,14,301,5,0.000484
1,14,301,6,0.000501
1,14,301,7,0.000501
1,14,301,8,0.000485
1,14,301,9,0.000494
1,14,301,10,0.000504
1,14,401,1,0.000499
1,14,401,2,0.000485
1,14,401,3,0.000543
1,14,401,4,0.000482
1,14,401,5,0.000500
1,14,401,6,0.000492
1,14,401,7,0.000508
1,14,401,8,0.000497
1,14,401,9,0.000504
1,14,401,10,0.000500
1,14,501,1,0.000495
1,14,501,2,0.000499
1,14,501,3,0.000524
1,14,501,4,0.000492
1,14,501,5,0.000507
1,14,501,6,0.000484
1,14,501,7,0.000493
1,14,501,8,0.000492
1,14,501,9,0.000502
1,14,501,10,0.000485
1,14,601,1,0.000518
1,14,601,2,0.000504
1,14,601,3,0.000504
1,14,601,4,0.000520
1,14,601,5,0.000490
1,14,601,6,0.000485
1,14,601,7,0.000531
1,14,601,8,0.000504
1,14,601,9,0.000498
1,14,601,10,0.000532
1,14,701,1,0.000492
1,14,701,2,0.000496
1,14,701,3,0.000550
1,14,701,4,0.000490
1,14,701,5,0.000490
1,14,701,6,0.000487
1,14,701,7,0.000499
1,14,701,8,0.000498
1,14,701,9,0.000527
1,14,701,10,0.000484
1,14,801,1,0.000487
1,14,801,2,0.000539
1,14,801,3,0.000517
1,14,801,4,0.000489
1,14,801,5,0.000524
1,14,801,6,0.000498
1,14,801,7,0.000488
1,14,801,8,0.000530
1,14,801,9,0.000502
1,14,801,10,0.000492
1,14,901,1,0.000523
1,14,901,2,0.000535
1,14,901,3,0.000514
1,14,901,4,0.000521
1,14,901,5,0.000492
1,14,901,6,0.000501
1,14,901,7,0.000546
1,14,901,8,0.000521
1,14,901,9,0.000490
1,14,901,10,0.000502
1,15,1,1,0.000427
1,15,1,2,0.000457
1,15,1,3,0.000431
1,15,1,4,0.000423
1,15,1,5,0.000428
1,15,1,6,0.000428
1,15,1,7,0.000423
1,15,1,8,0.000420
1,15,1,9,0.000432
1,15,1,10,0.000424
1,15,101,1,0.000494
1,15,101,2,0.000491
1,15,101,3,0.000505
1,15,101,4,0.000500
1,15,101,5,0.000497
1,15,101,6,0.000493
1,15,101,7,0.000510
1,15,101,8,0.000514
1,15,101,9,0.000488
1,15,101,10,0.000500
1,15,201,1,0.000504
1,15,201,2,0.000513
1,15,201,3,0.000515
1,15,201,4,0.000488
1,15,201,5,0.000493
1,15,201,6,0.000493
1,15,201,7,0.000509
1,15,201,8,0.000512
1,15,201,9,0.000481
1,15,201,10,0.000491
1,15,301,1,0.000509
1,15,301,2,0.000480
1,15,301,3,0.000499
1,15,301,4,0.000497
1,15,301,5,0.000491
1,15,301,6,0.000511
1,15,301,7,0.000493
1,15,301,8,0.000499
1,15,301,9,0.000494
1,15,301,10,0.000494
1,15,401,1,0.000478
1,15,401,2,0.000520
1,15,401,3,0.000503
1,15,401,4,0.000505
1,15,401,5,0.000503
1,15,401,6,0.000480
1,15,401,7,0.000526
1,15,401,8,0.000492
1,15,401,9,0.000495
1,15,401,10,0.000526
1,15,501,1,0.000505
1,15,501,2,0.000491
1,15,501,3,0.000524
1,15,501,4,0.000505
1,15,501,5,0.000483
1,15,501,6,0.000526
1,15,501,7,0.000489
1,15,501,8,0.000481
1,15,501,9,0.000487
1,15,501,10,0.000496
1,15,601,1,0.000494
1,15,601,2,0.000490
1,15,601,3,0.000492
1,15,601,4,0.000500
1,15,601,5,0.000490
1,15,601,6,0.000493
1,15,601,7,0.000494
1,15,601,8,0.000519
1,15,601,9,0.000486
1,15,601,10,0.000491
1,15,701,1,0.000545
1,15,701,2,0.000495
1,15,701,3,0.000488
1,15,701,4,0.000500
1,15,701,5,0.000507
1,15,701,6,0.000482
1,15,701,7,0.000519
1,15,701,8,0.000508
1,15,701,9,0.000483
1,15,701,10,0.000535
1,15,801,1,0.000501
1,15,801,2,0.000480
1,15,801,3,0.000523
1,15,801,4,0.000515
1,15,801,5,0.000483
1,15,801,6,0.000494
1,15,801,7,0.000500
1,15,801,8,0.000493
1,15,801,9,0.000477
1,15,801,10,0.000523
1,15,901,1,0.000488
1,15,901,2,0.000499
1,15,901,3,0.000504
1,15,901,4,0.000484
1,15,901,5,0.000490
1,15,901,6,0.000488
1,15,901,7,0.000499
1,15,901,8,0.000496
1,15,901,9,0.000525
1,15,901,10,0.000501
1,16,1,1,0.000475
1,16,1,2,0.000431
1,16,1,3,0.000428
1,16,1,4,0.000445
1,16,1,5,0.000439
1,16,1,6,0.000420
1,16,1,7,0.000426
1,16,1,8,0.000423
1,16,1,9,0.000427
1,16,1,10,0.000435
1,16,101,1,0.000493
1,16,101,2,0.000500
1,16,101,3,0.000505
1,16,101,4,0.000490
1,16,101,5,0.000488
1,16,101,6,0.000480
1,16,101,7,0.000565
1,16,101,8,0.000495
1,16,101,9,0.000481
1,16,101,10,0.000511
1,16,201,1,0.000496
1,16,201,2,0.000531
1,16,201,3,0.000513
1,16,201,4,0.000484
1,16,201,5,0.000496
1,16,201,6,0.000482
1,16,201,7,0.000499
1,16,201,8,0.000504
1,16,201,9,0.000490
1,16,201,10,0.000486
1,16,301,1,0.000479
1,16,301,2,0.000501
1,16,301,3,0.000516
1,16,301,4,0.000485
1,16,301,5,0.000491
1,16,301,6,0.000479
1,16,301,7,0.000522
1,16,301,8,0.000513
1,16,301,9,0.000485
1,16,301,10,0.000503
1,16,401,1,0.000480
1,16,401,2,0.000522
1,16,401,3,0.000506
1,16,401,4,0.000499
1,16,401,5,0.000504
1,16,401,6,0.000499
1,16,401,7,0.000494
1,16,401,8,0.000502
1,16,401,9,0.000525
1,16,401,10,0.000510
1,16,501,1,0.000495
1,16,501,2,0.000512
1,16,501,3,0.000488
1,16,501,4,0.000521
1,16,501,5,0.000492
1,16,501,6,0.000488
1,16,501,7,0.000497
1,16,501,8,0.000488
1,16,501,9,0.000504
1,16,501,10,0.000482
1,16,601,1,0.000523
1,16,601,2,0.000498
1,16,601,3,0.000488
1,16,601,4,0.000478
1,16,601,5,0.000479
1,16,601,6,0.000508
1,16,601,7,0.000498
1,16,601,8,0.000491
1,16,601,9,0.000478
1,16,601,10,0.000484
1,16,701,1,0.000525
1,16,701,2,0.000499
1,16,701,3,0.000491
1,16,701,4,0.000488
1,16,701,5,0.000484
1,16,701,6,0.000484
1,16,701,7,0.000513
1,16,701,8,0.000490
1,16,701,9,0.000512
1,16,701,10,0.000509
1,16,801,1,0.000481
1,16,801,2,0.000479
1,16,801,3,0.000498
1,16,801,4,0.000512
1,16,801,5,0.000492
1,16,801,6,0.000495
1,16,801,7,0.000484
1,16,801,8,0.000534
1,16,801,9,0.000489
1,16,801,10,0.000507
1,16,901,1,0.000485
1,16,901,2,0.000488
1,16,901,3,0.000502
1,16,901,4,0.000487
1,16,901,5,0.000498
1,16,901,6,0.000496
1,16,901,7,0.000507
1,16,901,8,0.000514
1,16,901,9,0.000524
1,16,901,10,0.000482
1,17,1,1,0.000418
1,17,1,2,0.000449
1,17,1,3,0.000421
1,17,1,4,0.000419
1,17,1,5,0.000419
1,17,1,6,0.000422
1,17,1,7,0.000414
1,17,1,8,0.000426
1,17,1,9,0.000423
1,17,1,10,0.000428
1,17,101,1,0.000501
1,17,101,2,0.000498
1,17,101,3,0.000503
1,17,101,4,0.000482
1,17,101,5,0.000512
1,17,101,6,0.000490
1,17,101,7,0.000505
1,17,101,8,0.000487
1,17,101,9,0.000517
1,17,101,10,0.000489
1,17,201,1,0.000524
1,17,201,2,0.000481
1,17,201,3,0.000512
1,17,201,4,0.000508
1,17,201,5,0.000484
1,17,201,6,0.000541
1,17,201,7,0.000493
1,17,201,8,0.000503
1,17,201,9,0.000490
1,17,201,10,0.000489
1,17,301,1,0.000490
1,17,301,2,0.000507
1,17,301,3,0.000498
1,17,301,4,0.000517
1,17,301,5,0.000507
1,17,301,6,0.000519
1,17,301,7,0.000503
1,17,301,8,0.000496
1,17,301,9,0.000484
1,17,301,10,0.000492
1,17,401,1,0.000520
1,17,401,2,0.000505
1,17,401,3,0.000499
1,17,401,4,0.000536
1,17,401,5,0.000505
1,17,401,6,0.000487
1,17,401,7,0.000488
1,17,401,8,0.000489
1,17,401,9,0.000534
1,17,401,10,0.000489
1,17,501,1,0.000505
1,17,501,2,0.000497
1,17,501,3,0.000497
1,17,501,4,0.000521
1,17,501,5,0.000512
1,17,501,6,0.000497
1,17,501,7,0.000497
1,17,501,8,0.000485
1,17,501,9,0.000517
1,17,501,10,0.000493
1,17,601,1,0.000497
1,17,601,2,0.000481
1,17,601,3,0.000493
1,17,601,4,0.000493
1,17,601,5,0.000501
1,17,601,6,0.000501
1,17,601,7,0.000506
1,17,601,8,0.000498
1,17,601,9,0.000503
1,17,601,10,0.000477
1,17,701,1,0.000488
1,17,701,2,0.000496
1,17,701,3,0.000483
1,17,701,4,0.000511
1,17,701,5,0.000492
1,17,701,6,0.000504
1,17,701,7,0.000493
1,17,701,8,0.000490
1,17,701,9,0.000497
1,17,701,10,0.000507
1,17,801,1,0.000516
1,17,801,2,0.000510
1,17,801,3,0.000520
1,17,801,4,0.000504
1,17,801,5,0.000499
1,17,801,6,0.000493
1,17,801,7,0.000486
1,17,801,8,0.000521
1,17,801,9,0.000510
1,17,801,10,0.000494
1,17,901,1,0.000513
1,17,901,2,0.000517
1,17,901,3,0.000501
1,17,901,4,0.000512
1,17,901,5,0.000493
1,17,901,6,0.000493
1,17,901,7,0.000508
1,17,901,8,0.000494
1,17,901,9,0.000520
1,17,901,10,0.000487
1,18,1,1,0.000431
1,18,1,2,0.000411
1,18,1,3,0.000420
1,18,1,4,0.000434
1,18,1,5,0.000421
1,18,1,6,0.000454
1,18,1,7,0.000430
1,18,1,8,0.000408
1,18,1,9,0.000421
1,18,1,10,0.000435
1,18,101,1,0.000480
1,18,101,2,0.000487
1,18,101,3,0.000482
1,18,101,4,0.000484
1,18,101,5,0.000510
1,18,101,6,0.000489
1,18,101,7,0.000483
1,18,101,8,0.000482
1,18,101,9,0.000486
1,18,101,10,0.000503
1,18,201,1,0.000506
1,18,201,2,0.000522
1,18,201,3,0.000498
1,18,201,4,0.000485
1,18,201,5,0.000522
1,18,201,6,0.000510
1,18,201,7,0.000495
1,18,201,8,0.000507
1,18,201,9,0.000502
1,18,201,10,0.000519
1,18,301,1,0.000500
1,18,301,2,0.000515
1,18,301,3,0.000496
1,18,301,4,0.000488
1,18,301,5,0.000486
1,18,301,6,0.000519
1,18,301,7,0.000507
1,18,301,8,0.000491
1,18,301,9,0.000487
1,18,301,10,0.000503
1,18,401,1,0.000507
1,18,401,2,0.000488
1,18,401,3,0.000495
1,18,401,4,0.000510
1,18,401,5,0.000535
1,18,401,6,0.000499
1,18,401,7,0.000489
1,18,401,8,0.000551
1,18,401,9,0.000491
1,18,401,10,0.000501
1,18,501,1,0.000487
1,18,501,2,0.000492
1,18,501,3,0.000550
1,18,501,4,0.000496
1,18,501,5,0.000543
1,18,501,6,0.000517
1,18,501,7,0.000485
1,18,501,8,0.000513
1,18,501,9,0.000482
1,18,501,10,0.000521
1,18,601,1,0.000485
1,18,601,2,0.000525
1,18,601,3,0.000523
1,18,601,4,0.000485
1,18,601,5,0.000482
1,18,601,6,0.000491
1,18,601,7,0.000497
1,18,601,8,0.000515
1,18,601,9,0.000500
1,18,601,10,0.000511
1,18,701,1,0.000502
1,18,701,2,0.000535
1,18,701,3,0.000506
1,18,701,4,0.000488
1,18,701,5,0.000501
1,18,701,6,0.000496
1,18,701,7,0.000545
1,18,701,8,0.000518
1,18,701,9,0.000480
1,18,701,10,0.000494
1,18,801,1,0.000501
1,18,801,2,0.000535
1,18,801,3,0.000484
1,18,801,4,0.000524
1,18,801,5,0.000503
1,18,801,6,0.000506
1,18,801,7,0.000494
1,18,801,8,0.000498
1,18,801,9,0.000526
1,18,801,10,0.000523
1,18,901,1,0.000502
1,18,901,2,0.000496
1,18,901,3,0.000488
1,18,901,4,0.000499
1,18,901,5,0.000493
1,18,901,6,0.000492
1,18,901,7,0.000503
1,18,901,8,0.000491
1,18,901,9,0.000497
1,18,901,10,0.000503
1,19,1,1,0.000422
1,19,1,2,0.000443
1,19,1,3,0.000462
1,19,1,4,0.000425
1,19,1,5,0.000418
1,19,1,6,0.000454
1,19,1,7,0.000428
1,19,1,8,0.000413
1,19,1,9,0.000414
1,19,1,10,0.000426
1,19,101,1,0.000485
1,19,101,2,0.000489
1,19,101,3,0.000510
1,19,101,4,0.000502
1,19,101,5,0.000507
1,19,101,6,0.000495
1,19,101,7,0.000515
1,19,101,8,0.000506
1,19,101,9,0.000506
1,19,101,10,0.000482
1,19,201,1,0.000499
1,19,201,2,0.000489
1,19,201,3,0.000497
1,19,201,4,0.000514
1,19,201,5,0.000484
1,19,201,6,0.000488
1,19,201,7,0.000510
1,19,201,8,0.000508
1,19,201,9,0.000494
1,19,201,10,0.000510
1,19,301,1,0.000496
1,19,301,2,0.000484
1,19,301,3,0.000504
1,19,301,4,0.000504
1,19,301,5,0.000484
1,19,301,6,0.000528
1,19,301,7,0.000497
1,19,301,8,0.000480
1,19,301,9,0.000498
1,19,301,10,0.000487
1,19,401,1,0.000523
1,19,401,2,0.000501
1,19,401,3,0.000483
1,19,401,4,0.000502
1,19,401,5,0.000496
1,19,401,6,0.000531
1,19,401,7,0.000508
1,19,401,8,0.000491
1,19,401,9,0.000500
1,19,401,10,0.000499
1,19,501,1,0.000531
1,19,501,2,0.000503
1,19,501,3,0.000498
1,19,501,4,0.000512
1,19,501,5,0.000505
1,19,501,6,0.000497
1,19,501,7,0.000511
1,19,501,8,0.000529
1,19,501,9,0.000498
1,19,501,10,0.000504
1,19,601,1,0.000492
1,19,601,2,0.000498
1,19,601,3,0.000494
1,19,601,4,0.000511
1,19,601,5,0.000503
1,19,601,6,0.000515
1,19,601,7,0.000497
1,19,601,8,0.000509
1,19,601,9,0.000499
1,19,601,10,0.000517
1,19,701,1,0.000492
1,19,701,2,0.000495
1,19,701,3,0.000497
1,19,701,4,0.000489
1,19,701,5,0.000520
1,19,701,6,0.000489
1,19,701,7,0.000509
1,19,701,8,0.000492
1,19,701,9,0.000494
1,19,701,10,0.000518
1,19,801,1,0.000493
1,19,801,2,0.000488
1,19,801,3,0.000491
1,19,801,4,0.000491
1,19,801,5,0.000514
1,19,801,6,0.000497
1,19,801,7,0.000509
1,19,801,8,0.000487
1,19,801,9,0.000502
1,19,801,10,0.000528
1,19,901,1,0.000513
1,19,901,2,0.000497
1,19,901,3,0.000514
1,19,901,4,0.000490
1,19,901,5,0.000496
1,19,901,6,0.000499
1,19,901,7,0.000533
1,19,901,8,0.000528
1,19,901,9,0.000490
1,19,901,10,0.000481
1,20,1,1,0.000463
1,20,1,2,0.000430
1,20,1,3,0.000425
1,20,1,4,0.000417
1,20,1,5,0.000422
1,20,1,6,0.000457
1,20,1,7,0.000434
1,20,1,8,0.000408
1,20,1,9,0.000420
1,20,1,10,0.000420
1,20,101,1,0.000501
1,20,101,2,0.000501
1,20,101,3,0.000505
1,20,101,4,0.000478
1,20,101,5,0.000495
1,20,101,6,0.000486
1,20,101,7,0.000505
1,20,101,8,0.000494
1,20,101,9,0.000507
1,20,101,10,0.000486
1,20,201,1,0.000531
1,20,201,2,0.000494
1,20,201,3,0.000485
1,20,201,4,0.000502
1,20,201,5,0.000500
1,20,201,6,0.000522
1,20,201,7,0.000512
1,20,201,8,0.000485
1,20,201,9,0.000507
1,20,201,10,0.000498
1,20,301,1,0.000550
1,20,301,2,0.000514
1,20,301,3,0.000491
1,20,301,4,0.000491
1,20,301,5,0.000484
1,20,301,6,0.000489
1,20,301,7,0.000489
1,20,301,8,0.000502
1,20,301,9,0.000499
1,20,301,10,0.000494
1,20,401,1,0.000499
1,20,401,2,0.000506
1,20,401,3,0.000501
1,20,401,4,0.000498
1,20,401,5,0.000485
1,20,401,6,0.000494
1,20,401,7,0.000484
1,20,401,8,0.000482
1,20,401,9,0.000483
1,20,401,10,0.000505
1,20,501,1,0.000498
1,20,501,2,0.000501
1,20,501,3,0.000502
1,20,501,4,0.000564
1,20,501,5,0.000499
1,20,501,6,0.000487
1,20,501,7,0.000506
1,20,501,8,0.000501
1,20,501,9,0.000510
1,20,501,10,0.000536
1,20,601,1,0.000502
1,20,601,2,0.000512
1,20,601,3,0.000489
1,20,601,4,0.000481
1,20,601,5,0.000495
1,20,601,6,0.000493
1,20,601,7,0.000500
1,20,601,8,0.000499
1,20,601,9,0.000495
1,20,601,10,0.000524
1,20,701,1,0.000501
1,20,701,2,0.000491
1,20,701,3,0.000510
1,20,701,4,0.000504
1,20,701,5,0.000514
1,20,701,6,0.000514
1,20,701,7,0.000522
1,20,701,8,0.000486
1,20,701,9,0.000519
1,20,701,10,0.000506
1,20,801,1,0.000487
1,20,801,2,0.000493
1,20,801,3,0.000510
1,20,801,4,0.000517
1,20,801,5,0.000519
1,20,801,6,0.000503
1,20,801,7,0.000498
1,20,801,8,0.000517
1,20,801,9,0.000497
1,20,801,10,0.000486
1,20,901,1,0.000495
1,20,901,2,0.000494
1,20,901,3,0.000499
1,20,901,4,0.000485
1,20,901,5,0.000507
1,20,901,6,0.000487
1,20,901,7,0.000490
1,20,901,8,0.000495
1,20,901,9,0.000493
1,20,901,10,0.000502
2,1,1,1,0.000494
2,1,1,2,0.000459
2,1,1,3,0.000469
2,1,1,4,0.000460
2,1,1,5,0.000462
2,1,1,6,0.000498
2,1,1,7,0.000461
2,1,1,8,0.000463
2,1,1,9,0.000445
2,1,1,10,0.000466
2,1,101,1,0.000476
2,1,101,2,0.000522
2,1,101,3,0.000490
2,1,101,4,0.000470
2,1,101,5,0.000486
2,1,101,6,0.000478
2,1,101,7,0.000482
2,1,101,8,0.000478
2,1,101,9,0.000479
2,1,101,10,0.000497
2,1,201,1,0.000494
2,1,201,2,0.000502
2,1,201,3,0.000502
2,1,201,4,0.000480
2,1,201,5,0.000490
2,1,201,6,0.000499
2,1,201,7,0.000476
2,1,201,8,0.000492
2,1,201,9,0.000466
2,1,201,10,0.000469
2,1,301,1,0.000523
2,1,301,2,0.000519
2,1,301,3,0.000493
2,1,301,4,0.000490
2,1,301,5,0.000463
2,1,301,6,0.000482
2,1,301,7,0.000474
2,1,301,8,0.000488
2,1,301,9,0.000511
2,1,301,10,0.000485
2,1,401,1,0.000479
2,1,401,2,0.000472
2,1,401,3,0.000484
2,1,401,4,0.000495
2,1,401,5,0.000487
2,1,401,6,0.000484
2,1,401,7,0.000501
2,1,401,8,0.000505
2,1,401,9,0.000488
2,1,401,10,0.000481
2,1,501,1,0.000510
2,1,501,2,0.000488
2,1,501,3,0.000493
2,1,501,4,0.000486
2,1,501,5,0.000513
2,1,501,6,0.000477
2,1,501,7,0.000513
2,1,501,8,0.000477
2,1,501,9,0.000490
2,1,501,10,0.000470
2,1,601,1,0.000487
2,1,601,2,0.000486
2,1,601,3,0.000478
2,1,601,4,0.000484
2,1,601,5,0.000502
2,1,601,6,0.000492
2,1,601,7,0.000497
2,1,601,8,0.000475
2,1,601,9,0.000487
2,1,601,10,0.000489
2,1,701,1,0.000483
2,1,701,2,0.000490
2,1,701,3,0.000471
2,1,701,4,0.000480
2,1,701,5,0.000491
2,1,701,6,0.000515
2,1,701,7,0.000490
2,1,701,8,0.000470
2,1,701,9,0.000470
2,1,701,10,0.000490
2,1,801,1,0.000485
2,1,801,2,0.000500
2,1,801,3,0.000477
2,1,801,4,0.000496
2,1,801,5,0.000501
2,1,801,6,0.000471
2,1,801,7,0.000472
2,1,801,8,0.000516
2,1,801,9,0.000512
2,1,801,10,0.000496
2,1,901,1,0.000482
2,1,901,2,0.000482
2,1,901,3,0.000486
2,1,901,4,0.000476
2,1,901,5,0.000504
2,1,901,6,0.000485
2,1,901,7,0.000479
2,1,901,8,0.000484
2,1,901,9,0.000513
2,1,901,10,0.000506
2,2,1,1,0.000468
2,2,1,2,0.000485
2,2,1,3,0.000463
2,2,1,4,0.000460
2,2,1,5,0.000453
2,2,1,6,0.000428
2,2,1,7,0.000475
2,2,1,8,0.000502
2,2,1,9,0.000479
2,2,1,10,0.000474
2,2,101,1,0.000460
2,2,101,2,0.000487
2,2,101,3,0.000449
2,2,101,4,0.000445
2,2,101,5,0.000460
2,2,101,6,0.000436
2,2,101,7,0.000469
2,2,101,8,0.000450
2,2,101,9,0.000499
2,2,101,10,0.000464
2,2,201,1,0.000460
2,2,201,2,0.000450
2,2,201,3,0.000459
2,2,201,4,0.000451
2,2,201,5,0.000510
2,2,201,6,0.000515
2,2,201,7,0.000494
2,2,201,8,0.000503
2,2,201,9,0.000523
2,2,201,10,0.000494
2,2,301,1,0.000446
2,2,301,2,0.000462
2,2,301,3,0.000463
2,2,301,4,0.000507
2,2,301,5,0.000458
2,2,301,6,0.000455
2,2,301,7,0.000469
2,2,301,8,0.000464
2,2,301,9,0.000491
2,2,301,10,0.000476
2,2,401,1,0.000456
2,2,401,2,0.000465
2,2,401,3,0.000476
2,2,401,4,0.000449
2,2,401,5,0.000470
2,2,401,6,0.000459
2,2,401,7,0.000465
2,2,401,8,0.000476
2,2,401,9,0.000459
2,2,401,10,0.000446
2,2,501,1,0.000464
2,2,501,2,0.000497
2,2,501,3,0.000451
2,2,501,4,0.000465
2,2,501,5,0.000469
2,2,501,6,0.000459
2,2,501,7,0.000496
2,2,501,8,0.000440
2,2,501,9,0.000460
2,2,501,10,0.000499
2,2,601,1,0.000447
2,2,601,2,0.000477
2,2,601,3,0.000472
2,2,601,4,0.000520
2,2,601,5,0.000470
2,2,601,6,0.000495
2,2,601,7,0.000495
2,2,601,8,0.000467
2,2,601,9,0.000453
2,2,601,10,0.000449
2,2,701,1,0.000466
2,2,701,2,0.000494
2,2,701,3,0.000459
2,2,701,4,0.000457
2,2,701,5,0.000468
2,2,701,6,0.000459
2,2,701,7,0.000471
2,2,701,8,0.000507
2,2,701,9,0.000478
2,2,701,10,0.000493
2,2,801,1,0.000459
2,2,801,2,0.000447
2,2,801,3,0.000460
2,2,801,4,0.000466
2,2,801,5,0.000482
2,2,801,6,0.000473
2,2,801,7,0.000517
2,2,801,8,0.000473
2,2,801,9,0.000468
2,2,801,10,0.000496
2,2,901,1,0.000458
2,2,901,2,0.000487
2,2,901,3,0.000463
2,2,901,4,0.000504
2,2,901,5,0.000453
2,2,901,6,0.000497
2,2,901,7,0.000495
2,2,901,8,0.000458
2,2,901,9,0.000484
2,2,901,10,0.000503
2,3,1,1,0.000481
2,3,1,2,0.000457
2,3,1,3,0.000469
2,3,1,4,0.000472
2,3,1,5,0.000449
2,3,1,6,0.000468
2,3,1,7,0.000475
2,3,1,8,0.000471
2,3,1,9,0.000467
2,3,1,10,0.000477
2,3,101,1,0.000464
2,3,101,2,0.000492
2,3,101,3,0.000455
2,3,101,4,0.000464
2,3,101,5,0.000458
2,3,101,6,0.000455
2,3,101,7,0.000489
2,3,101,8,0.000457
2,3,101,9,0.000439
2,3,101,10,0.000432
2,3,201,1,0.000486
2,3,201,2,0.000473
2,3,201,3,0.000480
2,3,201,4,0.000485
2,3,201,5,0.000494
2,3,201,6,0.000467
2,3,201,7,0.000495
2,3,201,8,0.000525
2,3,201,9,0.000463
2,3,201,10,0.000497
2,3,301,1,0.000500
2,3,301,2,0.000470
2,3,301,3,0.000493
2,3,301,4,0.000490
2,3,301,5,0.000466
2,3,301,6,0.000496
2,3,301,7,0.000472
2,3,301,8,0.000468
2,3,301,9,0.000445
2,3,301,10,0.000527
2,3,401,1,0.000462
2,3,401,2,0.000483
2,3,401,3,0.000487
2,3,401,4,0.000451
2,3,401,5,0.000460
2,3,401,6,0.000439
2,3,401,7,0.000462
2,3,401,8,0.000449
2,3,401,9,0.000504
2,3,401,10,0.000471
2,3,501,1,0.000464
2,3,501,2,0.000503
2,3,501,3,0.000493
2,3,501,4,0.000452
2,3,501,5,0.000473
2,3,501,6,0.000503
2,3,501,7,0.000442
2,3,501,8,0.000470
2,3,501,9,0.000461
2,3,501,10,0.000462
2,3,601,1,0.000456
2,3,601,2,0.000464
2,3,601,3,0.000439
2,3,601,4,0.000511
2,3,601,5,0.000504
2,3,601,6,0.000447
2,3,601,7,0.000486
2,3,601,8,0.000455
2,3,601,9,0.000464
2,3,601,10,0.000491
2,3,701,1,0.000499
2,3,701,2,0.000489
2,3,701,3,0.000468
2,3,701,4,0.000494
2,3,701,5,0.000451
2,3,701,6,0.000458
2,3,701,7,0.000478
2,3,701,8,0.000463
2,3,701,9,0.000466
2,3,701,10,0.000485
2,3,801,1,0.000453
2,3,801,2,0.000472
2,3,801,3,0.000475
2,3,801,4,0.000471
2,3,801,5,0.000473
2,3,801,6,0.000499
2,3,801,7,0.000463
2,3,801,8,0.000489
2,3,801,9,0.000479
2,3,801,10,0.000516
2,3,901,1,0.000473
2,3,901,2,0.000466
2,3,901,3,0.000506
2,3,901,4,0.000461
2,3,901,5,0.000495
2,3,901,6,0.000490
2,3,901,7,0.000478
2,3,901,8,0.000470
2,3,901,9,0.000485
2,3,901,10,0.000499
2,4,1,1,0.000415
2,4,1,2,0.000456
2,4,1,3,0.000510
2,4,1,4,0.000461
2,4,1,5,0.000486
2,4,1,6,0.000460
2,4,1,7,0.000460
2,4,1,8,0.000498
2,4,1,9,0.000460
2,4,1,10,0.000458
2,4,101,1,0.000511
2,4,101,2,0.000501
2,4,101,3,0.000465
2,4,101,4,0.000506
2,4,101,5,0.000493
2,4,101,6,0.000497
2,4,101,7,0.000501
2,4,101,8,0.000512
2,4,101,9,0.000468
2,4,101,10,0.000513
2,4,201,1,0.000520
2,4,201,2,0.000542
2,4,201,3,0.000495
2,4,201,4,0.000540
2,4,201,5,0.000476
2,4,201,6,0.000542
2,4,201,7,0.000467
2,4,201,8,0.000484
2,4,201,9,0.000510
2,4,201,10,0.000469
2,4,301,1,0.000491
2,4,301,2,0.000488
2,4,301,3,0.000503
2,4,301,4,0.000502
2,4,301,5,0.000523
2,4,301,6,0.000490
2,4,301,7,0.000478
2,4,301,8,0.000501
2,4,301,9,0.000477
2,4,301,10,0.000487
2,4,401,1,0.000489
2,4,401,2,0.000483
2,4,401,3,0.000492
2,4,401,4,0.000529
2,4,401,5,0.000477
2,4,401,6,0.000511
2,4,401,7,0.000499
2,4,401,8,0.000504
2,4,401,9,0.000459
2,4,401,10,0.000496
2,4,501,1,0.000503
2,4,501,2,0.000497
2,4,501,3,0.000469
2,4,501,4,0.000471
2,4,501,5,0.000499
2,4,501,6,0.000518
2,4,501,7,0.000469
2,4,501,8,0.000505
2,4,501,9,0.000500
2,4,501,10,0.000523
2,4,601,1,0.000505
2,4,601,2,0.000500
2,4,601,3,0.000504
2,4,601,4,0.000464
2,4,601,5,0.000495
2,4,601,6,0.000473
2,4,601,7,0.000477
2,4,601,8,0.000488
2,4,601,9,0.000500
2,4,601,10,0.000478
2,4,701,1,0.000476
2,4,701,2,0.000495
2,4,701,3,0.000474
2,4,701,4,0.000489
2,4,701,5,0.000482
2,4,701,6,0.000466
2,4,701,7,0.000480
2,4,701,8,0.000483
2,4,701,9,0.000499
2,4,701,10,0.000482
2,4,801,1,0.000534
2,4,801,2,0.000480
2,4,801,3,0.000463
2,4,801,4,0.000463
2,4,801,5,0.000499
2,4,801,6,0.000483
2,4,801,7,0.000475
2,4,801,8,0.000512
2,4,801,9,0.000498
2,4,801,10,0.000489
2,4,901,1,0.000477
2,4,901,2,0.000489
2,4,901,3,0.000521
2,4,901,4,0.000487
2,4,901,5,0.000499
2,4,901,6,0.000494
2,4,901,7,0.000467
2,4,901,8,0.000479
2,4,901,9,0.000480
2,4,901,10,0.000491
2,5,1,1,0.000471
2,5,1,2,0.000473
2,5,1,3,0.000463
2,5,1,4,0.000440
2,5,1,5,0.000499
2,5,1,6,0.000500
2,5,1,7,0.000461
2,5,1,8,0.000477
2,5,1,9,0.000470
2,5,1,10,0.000429
2,5,101,1,0.000466
2,5,101,2,0.000499
2,5,101,3,0.000480
2,5,101,4,0.000473
2,5,101,5,0.000494
2,5,101,6,0.000507
2,5,101,7,0.000470
2,5,101,8,0.000514
2,5,101,9,0.000484
2,5,101,10,0.000509
2,5,201,1,0.000544
2,5,201,2,0.000487
2,5,201,3,0.000483
2,5,201,4,0.000496
2,5,201,5,0.000481
2,5,201,6,0.000537
2,5,201,7,0.000509
2,5,201,8,0.000480
2,5,201,9,0.000493
2,5,201,10,0.000497
2,5,301,1,0.000463
2,5,301,2,0.000476
2,5,301,3,0.000499
2,5,301,4,0.000485
2,5,301,5,0.000468
2,5,301,6,0.000479
2,5,301,7,0.000521
2,5,301,8,0.000477
2,5,301,9,0.000511
2,5,301,10,0.000489
2,5,401,1,0.000469
2,5,401,2,0.000486
2,5,401,3,0.000479
2,5,401,4,0.000505
2,5,401,5,0.000512
2,5,401,6,0.000482
2,5,401,7,0.000488
2,5,401,8,0.000496
2,5,401,9,0.000529
2,5,401,10,0.000471
2,5,501,1,0.000480
2,5,501,2,0.000489
2,5,501,3,0.000506
2,5,501,4,0.000571
2,5,501,5,0.000478
2,5,501,6,0.000500
2,5,501,7,0.000463
2,5,501,8,0.000518
2,5,501,9,0.000527
2,5,501,10,0.000487
2,5,601,1,0.000527
2,5,601,2,0.000485
2,5,601,3,0.000502
2,5,601,4,0.000507
2,5,601,5,0.000467
2,5,601,6,0.000512
2,5,601,7,0.000503
2,5,601,8,0.000478
2,5,601,9,0.000473
2,5,601,10,0.000477
2,5,701,1,0.000517
2,5,701,2,0.000497
2,5,701,3,0.000461
2,5,701,4,0.000482
2,5,701,5,0.000469
2,5,701,6,0.000496
2,5,701,7,0.000492
2,5,701,8,0.000485
2,5,701,9,0.000501
2,5,701,10,0.000490
2,5,801,1,0.000534
2,5,801,2,0.000504
2,5,801,3,0.000480
2,5,801,4,0.000482
2,5,801,5,0.000465
2,5,801,6,0.000512
2,5,801,7,0.000489
2,5,801,8,0.000471
2,5,801,9,0.000485
2,5,801,10,0.000494
2,5,901,1,0.000486
2,5,901,2,0.000474
2,5,901,3,0.000522
2,5,901,4,0.000512
2,5,901,5,0.000512
2,5,901,6,0.000514
2,5,901,7,0.000460
2,5,901,8,0.000495
2,5,901,9,0.000499
2,5,901,10,0.000490
2,6,1,1,0.000467
2,6,1,2,0.000463
2,6,1,3,0.000469
2,6,1,4,0.000474
2,6,1,5,0.000460
2,6,1,6,0.000466
2,6,1,7,0.000461
2,6,1,8,0.000477
2,6,1,9,0.000456
2,6,1,10,0.000461
2,6,101,1,0.000478
2,6,101,2,0.000462
2,6,101,3,0.000508
2,6,101,4,0.000485
2,6,101,5,0.000491
2,6,101,6,0.000507
2,6,101,7,0.000479
2,6,101,8,0.000606
2,6,101,9,0.000488
2,6,101,10,0.000483
2,6,201,1,0.000526
2,6,201,2,0.000509
2,6,201,3,0.000487
2,6,201,4,0.000487
2,6,201,5,0.000506
2,6,201,6,0.000517
2,6,201,7,0.000500
2,6,201,8,0.000507
2,6,201,9,0.000510
2,6,201,10,0.000471
2,6,301,1,0.000513
2,6,301,2,0.000482
2,6,301,3,0.000474
2,6,301,4,0.000538
2,6,301,5,0.000489
2,6,301,6,0.000495
2,6,301,7,0.000491
2,6,301,8,0.000523
2,6,301,9,0.000488
2,6,301,10,0.000511
2,6,401,1,0.000486
2,6,401,2,0.000489
2,6,401,3,0.000487
2,6,401,4,0.000523
2,6,401,5,0.000500
2,6,401,6,0.000478
2,6,401,7,0.000486
2,6,401,8,0.000499
2,6,401,9,0.000499
2,6,401,10,0.000494
2,6,501,1,0.000489
2,6,501,2,0.000477
2,6,501,3,0.000512
2,6,501,4,0.000520
2,6,501,5,0.000485
2,6,501,6,0.000497
2,6,501,7,0.000505
2,6,501,8,0.000505
2,6,501,9,0.000490
2,6,501,10,0.000479
2,6,601,1,0.000533
2,6,601,2,0.000486
2,6,601,3,0.000501
2,6,601,4,0.000519
2,6,601,5,0.000501
2,6,601,6,0.000477
2,6,601,7,0.000486
2,6,601,8,0.000490
2,6,601,9,0.000476
2,6,601,10,0.000489
2,6,701,1,0.000484
2,6,701,2,0.000467
2,6,701,3,0.000504
2,6,701,4,0.000509
2,6,701,5,0.000503
2,6,701,6,0.000511
2,6,701,7,0.000507
2,6,701,8,0.000493
2,6,701,9,0.000476
2,6,701,10,0.000504
2,6,801,1,0.000526
2,6,801,2,0.000505
2,6,801,3,0.000495
2,6,801,4,0.000499
2,6,801,5,0.000494
2,6,801,6,0.000499
2,6,801,7,0.000497
2,6,801,8,0.000519
2,6,801,9,0.000491
2,6,801,10,0.000489
2,6,901,1,0.000484
2,6,901,2,0.000493
2,6,901,3,0.000495
2,6,901,4,0.000510
2,6,901,5,0.000489
2,6,901,6,0.000489
2,6,901,7,0.000506
2,6,901,8,0.000485
2,6,901,9,0.000494
2,6,901,10,0.000484
2,7,1,1,0.000470
2,7,1,2,0.000459
2,7,1,3,0.000457
2,7,1,4,0.000464
2,7,1,5,0.000458
2,7,1,6,0.000470
2,7,1,7,0.000476
2,7,1,8,0.000454
2,7,1,9,0.000436
2,7,1,10,0.000507
2,7,101,1,0.000519
2,7,101,2,0.000498
2,7,101,3,0.000522
2,7,101,4,0.000525
2,7,101,5,0.000504
2,7,101,6,0.000487
2,7,101,7,0.000502
2,7,101,8,0.000507
2,7,101,9,0.000494
2,7,101,10,0.000486
2,7,201,1,0.000522
2,7,201,2,0.000491
2,7,201,3,0.000478
2,7,201,4,0.000508
2,7,201,5,0.000519
2,7,201,6,0.000482
2,7,201,7,0.000523
2,7,201,8,0.000509
2,7,201,9,0.000524
2,7,201,10,0.000524
2,7,301,1,0.000462
2,7,301,2,0.000524
2,7,301,3,0.000519
2,7,301,4,0.000513
2,7,301,5,0.000516
2,7,301,6,0.000513
2,7,301,7,0.000490
2,7,301,8,0.000579
2,7,301,9,0.000521
2,7,301,10,0.000523
2,7,401,1,0.000571
2,7,401,2,0.000512
2,7,401,3,0.000522
2,7,401,4,0.000524
2,7,401,5,0.000535
2,7,401,6,0.000495
2,7,401,7,0.000540
2,7,401,8,0.000502
2,7,401,9,0.000524
2,7,401,10,0.000538
2,7,501,1,0.000515
2,7,501,2,0.000559
2,7,501,3,0.000515
2,7,501,4,0.000503
2,7,501,5,0.000561
2,7,501,6,0.000528
2,7,501,7,0.000511
2,7,501,8,0.000509
2,7,501,9,0.000521
2,7,501,10,0.000491
2,7,601,1,0.000514
2,7,601,2,0.000505
2,7,601,3,0.000495
2,7,601,4,0.000471
2,7,601,5,0.000520
2,7,601,6,0.000471
2,7,601,7,0.000495
2,7,601,8,0.000502
2,7,601,9,0.000534
2,7,601,10,0.000536
2,7,701,1,0.000494
2,7,701,2,0.000517
2,7,701,3,0.000470
2,7,701,4,0.000548
2,7,701,5,0.000520
2,7,701,6,0.000510
2,7,701,7,0.000533
2,7,701,8,0.000471
2,7,701,9,0.000487
2,7,701,10,0.000499
2,7,801,1,0.000480
2,7,801,2,0.000522
2,7,801,3,0.000497
2,7,801,4,0.000502
2,7,801,5,0.000525
2,7,801,6,0.000520
2,7,801,7,0.000489
2,7,801,8,0.000480
2,7,801,9,0.000569
2,7,801,10,0.000553
2,7,901,1,0.000489
2,7,901,2,0.000528
2,7,901,3,0.000500
2,7,901,4,0.000528
2,7,901,5,0.000575
2,7,901,6,0.000505
2,7,901,7,0.000515
2,7,901,8,0.000549
2,7,901,9,0.000518
2,7,901,10,0.000514
2,8,1,1,0.000482
2,8,1,2,0.000466
2,8,1,3,0.000453
2,8,1,4,0.000481
2,8,1,5,0.000466
2,8,1,6,0.000522
2,8,1,7,0.000476
2,8,1,8,0.000427
2,8,1,9,0.000481
2,8,1,10,0.000461
2,8,101,1,0.000546
2,8,101,2,0.000507
2,8,101,3,0.000522
2,8,101,4,0.000524
2,8,101,5,0.000505
2,8,101,6,0.000518
2,8,101,7,0.000494
2,8,101,8,0.000464
2,8,101,9,0.000471
2,8,101,10,0.000529
2,8,201,1,0.000493
2,8,201,2,0.000472
2,8,201,3,0.000522
2,8,201,4,0.000521
2,8,201,5,0.000508
2,8,201,6,0.000534
2,8,201,7,0.000514
2,8,201,8,0.000559
2,8,201,9,0.000498
2,8,201,10,0.000526
2,8,301,1,0.000528
2,8,301,2,0.000512
2,8,301,3,0.000543
2,8,301,4,0.000500
2,8,301,5,0.000486
2,8,301,6,0.000511
2,8,301,7,0.000520
2,8,301,8,0.000516
2,8,301,9,0.000542
2,8,301,10,0.000540
2,8,401,1,0.000549
2,8,401,2,0.000525
2,8,401,3,0.000561
2,8,401,4,0.000482
2,8,401,5,0.000574
2,8,401,6,0.000531
2,8,401,7,0.000496
2,8,401,8,0.000524
2,8,401,9,0.000497
2,8,401,10,0.000523
2,8,501,1,0.000521
2,8,501,2,0.000524
2,8,501,3,0.000554
2,8,501,4,0.000543
2,8,501,5,0.000543
2,8,501,6,0.000484
2,8,501,7,0.000532
2,8,501,8,0.000533
2,8,501,9,0.000527
2,8,501,10,0.000494
2,8,601,1,0.000524
2,8,601,2,0.000502
2,8,601,3,0.000536
2,8,601,4,0.000528
2,8,601,5,0.000496
2,8,601,6,0.000509
2,8,601,7,0.000518
2,8,601,8,0.000519
2,8,601,9,0.000507
2,8,601,10,0.000541
2,8,701,1,0.000547
2,8,701,2,0.000552
2,8,701,3,0.000499
2,8,701,4,0.000512
2,8,701,5,0.000536
2,8,701,6,0.000470
2,8,701,7,0.000506
2,8,701,8,0.000520
2,8,701,9,0.000553
2,8,701,10,0.000501
2,8,801,1,0.000534
2,8,801,2,0.000469
2,8,801,3,0.000541
2,8,801,4,0.000510
2,8,801,5,0.000530
2,8,801,6,0.000530
2,8,801,7,0.000527
2,8,801,8,0.000510
2,8,801,9,0.000466
2,8,801,10,0.000457
2,8,901,1,0.000556
2,8,901,2,0.000494
2,8,901,3,0.000537
2,8,901,4,0.000544
2,8,901,5,0.000540
2,8,901,6,0.000544
2,8,901,7,0.000549
2,8,901,8,0.000535
2,8,901,9,0.000529
2,8,901,10,0.000520
2,9,1,1,0.000483
2,9,1,2,0.000489
2,9,1,3,0.000485
2,9,1,4,0.000482
2,9,1,5,0.000456
2,9,1,6,0.000507
2,9,1,7,0.000463
2,9,1,8,0.000451
2,9,1,9,0.000475
2,9,1,10,0.000444
2,9,101,1,0.000543
2,9,101,2,0.000569
2,9,101,3,0.000507
2,9,101,4,0.000553
2,9,101,5,0.000543
2,9,101,6,0.000479
2,9,101,7,0.000558
2,9,101,8,0.000517
2,9,101,9,0.000483
2,9,101,10,0.000530
2,9,201,1,0.000539
2,9,201,2,0.000561
2,9,201,3,0.000531
2,9,201,4,0.000506
2,9,201,5,0.000543
2,9,201,6,0.000536
2,9,201,7,0.000531
2,9,201,8,0.000543
2,9,201,9,0.000545
2,9,201,10,0.000538
2,9,301,1,0.000525
2,9,301,2,0.000543
2,9,301,3,0.000524
2,9,301,4,0.000491
2,9,301,5,0.000478
2,9,301,6,0.000533
2,9,301,7,0.000518
2,9,301,8,0.000547
2,9,301,9,0.000480
2,9,301,10,0.000541
2,9,401,1,0.000513
2,9,401,2,0.000512
2,9,401,3,0.000504
2,9,401,4,0.000497
2,9,401,5,0.000522
2,9,401,6,0.000542
2,9,401,7,0.000544
2,9,401,8,0.000583
2,9,401,9,0.000535
2,9,401,10,0.000533
2,9,501,1,0.000490
2,9,501,2,0.000520
2,9,501,3,0.000539
2,9,501,4,0.000551
2,9,501,5,0.000563
2,9,501,6,0.000531
2,9,501,7,0.000589
2,9,501,8,0.000519
2,9,501,9,0.000513
2,9,501,10,0.000496
2,9,601,1,0.000534
2,9,601,2,0.000531
2,9,601,3,0.000537
2,9,601,4,0.000495
2,9,601,5,0.000524
2,9,601,6,0.000556
2,9,601,7,0.000528
2,9,601,8,0.000553
2,9,601,9,0.000572
2,9,601,10,0.000509
2,9,701,1,0.000564
2,9,701,2,0.000516
2,9,701,3,0.000522
2,9,701,4,0.000532
2,9,701,5,0.000512
2,9,701,6,0.000538
2,9,701,7,0.000553
2,9,701,8,0.000487
2,9,701,9,0.000544
2,9,701,10,0.000497
2,9,801,1,0.000513
2,9,801,2,0.000567
2,9,801,3,0.000476
2,9,801,4,0.000503
2,9,801,5,0.000514
2,9,801,6,0.000524
2,9,801,7,0.000537
2,9,801,8,0.000533
2,9,801,9,0.000556
2,9,801,10,0.000513
2,9,901,1,0.000483
2,9,901,2,0.000504
2,9,901,3,0.000505
2,9,901,4,0.000535
2,9,901,5,0.000626
2,9,901,6,0.000570
2,9,901,7,0.000575
2,9,901,8,0.000590
2,9,901,9,0.000529
2,9,901,10,0.000522
2,10,1,1,0.000441
2,10,1,2,0.000489
2,10,1,3,0.000473
2,10,1,4,0.000457
2,10,1,5,0.000470
2,10,1,6,0.000465
2,10,1,7,0.000447
2,10,1,8,0.000472
2,10,1,9,0.000458
2,10,1,10,0.000463
2,10,101,1,0.000560
2,10,101,2,0.000537
2,10,101,3,0.000502
2,10,101,4,0.000529
2,10,101,5,0.000532
2,10,101,6,0.000550
2,10,101,7,0.000545
2,10,101,8,0.000484
2,10,101,9,0.000530
2,10,101,10,0.000554
2,10,201,1,0.000557
2,10,201,2,0.000547
2,10,201,3,0.000587
2,10,201,4,0.000492
2,10,201,5,0.000529
2,10,201,6,0.000610
2,10,201,7,0.000577
2,10,201,8,0.000530
2,10,201,9,0.000574
2,10,201,10,0.000545
2,10,301,1,0.000566
2,10,301,2,0.000616
2,10,301,3,0.000507
2,10,301,4,0.000539
2,10,301,5,0.000562
2,10,301,6,0.000539
2,10,301,7,0.000500
2,10,301,8,0.000543
2,10,301,9,0.000515
2,10,301,10,0.000515
2,10,401,1,0.000569
2,10,401,2,0.000562
2,10,401,3,0.000509
2,10,401,4,0.000585
2,10,401,5,0.000573
2,10,401,6,0.000559
2,10,401,7,0.000585
2,10,401,8,0.000525
2,10,401,9,0.000575
2,10,401,10,0.000510
2,10,501,1,0.000534
2,10,501,2,0.000533
2,10,501,3,0.000529
2,10,501,4,0.000550
2,10,501,5,0.000539
2,10,501,6,0.000478
2,10,501,7,0.000555
2,10,501,8,0.000554
2,10,501,9,0.000527
2,10,501,10,0.000547
2,10,601,1,0.000549
2,10,601,2,0.000508
2,10,601,3,0.000523
2,10,601,4,0.000612
2,10,601,5,0.000587
2,10,601,6,0.000565
2,10,601,7,0.000555
2,10,601,8,0.000551
2,10,601,9,0.000526
2,10,601,10,0.000491
2,10,701,1,0.000538
2,10,701,2,0.000546
2,10,701,3,0.000577
2,10,701,4,0.000515
2,10,701,5,0.000532
2,10,701,6,0.000568
2,10,701,7,0.000508
2,10,701,8,0.000537
2,10,701,9,0.000545
2,10,701,10,0.000486
2,10,801,1,0.000504
2,10,801,2,0.000509
2,10,801,3,0.000555
2,10,801,4,0.000535
2,10,801,5,0.000494
2,10,801,6,0.000560
2,10,801,7,0.000555
2,10,801,8,0.000576
2,10,801,9,0.000562
2,10,801,10,0.000538
2,10,901,1,0.000529
2,10,901,2,0.000508
2,10,901,3,0.000520
2,10,901,4,0.000541
2,10,901,5,0.000528
2,10,901,6,0.000500
2,10,901,7,0.000519
2,10,901,8,0.000541
2,10,901,9,0.000479
2,10,901,10,0.000553
2,11,1,1,0.000471
2,11,1,2,0.000547
2,11,1,3,0.000465
2,11,1,4,0.000419
2,11,1,5,0.000477
2,11,1,6,0.000462
2,11,1,7,0.000456
2,11,1,8,0.000473
2,11,1,9,0.000462
2,11,1,10,0.000481
2,11,101,1,0.000495
2,11,101,2,0.000547
2,11,101,3,0.000567
2,11,101,4,0.000539
2,11,101,5,0.000570
2,11,101,6,0.000547
2,11,101,7,0.000572
2,11,101,8,0.000516
2,11,101,9,0.000527
2,11,101,10,0.000585
2,11,201,1,0.000541
2,11,201,2,0.000517
2,11,201,3,0.000601
2,11,201,4,0.000545
2,11,201,5,0.000543
2,11,201,6,0.000603
2,11,201,7,0.000541
2,11,201,8,0.000560
2,11,201,9,0.000586
2,11,201,10,0.000555
2,11,301,1,0.000525
2,11,301,2,0.000508
2,11,301,3,0.000526
2,11,301,4,0.000569
2,11,301,5,0.000579
2,11,301,6,0.000492
2,11,301,7,0.000535
2,11,301,8,0.000588
2,11,301,9,0.000509
2,11,301,10,0.000517
2,11,401,1,0.000547
2,11,401,2,0.000544
2,11,401,3,0.000550
2,11,401,4,0.000557
2,11,401,5,0.000533
2,11,401,6,0.000553
2,11,401,7,0.000549
2,11,401,8,0.000562
2,11,401,9,0.000560
2,11,401,10,0.000521
2,11,501,1,0.000552
2,11,501,2,0.000587
2,11,501,3,0.000513
2,11,501,4,0.000562
2,11,501,5,0.000547
2,11,501,6,0.000564
2,11,501,7,0.000501
2,11,501,8,0.000567
2,11,501,9,0.000559
2,11,501,10,0.000544
2,11,601,1,0.000558
2,11,601,2,0.000568
2,11,601,3,0.000525
2,11,601,4,0.000549
2,11,601,5,0.000560
2,11,601,6,0.000579
2,11,601,7,0.000590
2,11,601,8,0.000583
2,11,601,9,0.000566
2,11,601,10,0.000525
2,11,701,1,0.000566
2,11,701,2,0.000550
2,11,701,3,0.000527
2,11,701,4,0.000568
2,11,701,5,0.000588
2,11,701,6,0.000531
2,11,701,7,0.000561
2,11,701,8,0.000546
2,11,701,9,0.000532
2,11,701,10,0.000562
2,11,801,1,0.000529
2,11,801,2,0.000586
2,11,801,3,0.000565
2,11,801,4,0.000601
2,11,801,5,0.000549
2,11,801,6,0.000573
2,11,801,7,0.000562
2,11,801,8,0.000533
2,11,801,9,0.000533
2,11,801,10,0.000571
2,11,901,1,0.000537
2,11,901,2,0.000563
2,11,901,3,0.000586
2,11,901,4,0.000534
2,11,901,5,0.000537
2,11,901,6,0.000549
2,11,901,7,0.000561
2,11,901,8,0.000530
2,11,901,9,0.000534
2,11,901,10,0.000488
2,12,1,1,0.000484
2,12,1,2,0.000460
2,12,1,3,0.000469
2,12,1,4,0.000473
2,12,1,5,0.000453
2,12,1,6,0.000477
2,12,1,7,0.000472
2,12,1,8,0.000494
2,12,1,9,0.000479
2,12,1,10,0.000498
2,12,101,1,0.000581
2,12,101,2,0.000514
2,12,101,3,0.000541
2,12,101,4,0.000534
2,12,101,5,0.000536
2,12,101,6,0.000547
2,12,101,7,0.000586
2,12,101,8,0.000550
2,12,101,9,0.000515
2,12,101,10,0.000556
2,12,201,1,0.000577
2,12,201,2,0.000536
2,12,201,3,0.000598
2,12,201,4,0.000546
2,12,201,5,0.000535
2,12,201,6,0.000571
2,12,201,7,0.000529
2,12,201,8,0.000524
2,12,201,9,0.000529
2,12,201,10,0.000541
2,12,301,1,0.000504
2,12,301,2,0.000553
2,12,301,3,0.000568
2,12,301,4,0.000539
2,12,301,5,0.000519
2,12,301,6,0.000560
2,12,301,7,0.000502
2,12,301,8,0.000546
2,12,301,9,0.000518
2,12,301,10,0.000511
2,12,401,1,0.000539
2,12,401,2,0.000538
2,12,401,3,0.000590
2,12,401,4,0.000554
2,12,401,5,0.000520
2,12,401,6,0.000563
2,12,401,7,0.000541
2,12,401,8,0.000530
2,12,401,9,0.000561
2,12,401,10,0.000593
2,12,501,1,0.000559
2,12,501,2,0.000554
2,12,501,3,0.000559
2,12,501,4,0.000579
2,12,501,5,0.000556
2,12,501,6,0.000490
2,12,501,7,0.000514
2,12,501,8,0.000541
2,12,501,9,0.000521
2,12,501,10,0.000524
2,12,601,1,0.000560
2,12,601,2,0.000524
2,12,601,3,0.000558
2,12,601,4,0.000529
2,12,601,5,0.000525
2,12,601,6,0.000591
2,12,601,7,0.000573
2,12,601,8,0.000563
2,12,601,9,0.000492
2,12,601,10,0.000576
2,12,701,1,0.000513
2,12,701,2,0.000545
2,12,701,3,0.000528
2,12,701,4,0.000527
2,12,701,5,0.000580
2,12,701,6,0.000536
2,12,701,7,0.000526
2,12,701,8,0.000576
2,12,701,9,0.000561
2,12,701,10,0.000608
2,12,801,1,0.000597
2,12,801,2,0.000526
2,12,801,3,0.000554
2,12,801,4,0.000569
2,12,801,5,0.000517
2,12,801,6,0.000525
2,12,801,7,0.000595
2,12,801,8,0.000519
2,12,801,9,0.000561
2,12,801,10,0.000520
2,12,901,1,0.000549
2,12,901,2,0.000525
2,12,901,3,0.000577
2,12,901,4,0.000506
2,12,901,5,0.000596
2,12,901,6,0.000515
2,12,901,7,0.000516
2,12,901,8,0.000575
2,12,901,9,0.000552
2,12,901,10,0.000526
2,13,1,1,0.000468
2,13,1,2,0.000460
2,13,1,3,0.000496
2,13,1,4,0.000478
2,13,1,5,0.000425
2,13,1,6,0.000449
2,13,1,7,0.000480
2,13,1,8,0.000476
2,13,1,9,0.000466
2,13,1,10,0.000463
2,13,101,1,0.000536
2,13,101,2,0.000526
2,13,101,3,0.000537
2,13,101,4,0.000557
2,13,101,5,0.000533
2,13,101,6,0.000540
2,13,101,7,0.000556
2,13,101,8,0.000526
2,13,101,9,0.000568
2,13,101,10,0.000584
2,13,201,1,0.000508
2,13,201,2,0.000539
2,13,201,3,0.000503
2,13,201,4,0.000523
2,13,201,5,0.000528
2,13,201,6,0.000549
2,13,201,7,0.000537
2,13,201,8,0.000588
2,13,201,9,0.000550
2,13,201,10,0.000525
2,13,301,1,0.000559
2,13,301,2,0.000579
2,13,301,3,0.000539
2,13,301,4,0.000552
2,13,301,5,0.000550
2,13,301,6,0.000534
2,13,301,7,0.000547
2,13,301,8,0.000532
2,13,301,9,0.000531
2,13,301,10,0.000522
2,13,401,1,0.000535
2,13,401,2,0.000576
2,13,401,3,0.000525
2,13,401,4,0.000567
2,13,401,5,0.000556
2,13,401,6,0.000541
2,13,401,7,0.000568
2,13,401,8,0.000579
2,13,401,9,0.000527
2,13,401,10,0.000523
2,13,501,1,0.000492
2,13,501,2,0.000604
2,13,501,3,0.000557
2,13,501,4,0.000536
2,13,501,5,0.000535
2,13,501,6,0.000584
2,13,501,7,0.000572
2,13,501,8,0.000511
2,13,501,9,0.000589
2,13,501,10,0.000568
2,13,601,1,0.000544
2,13,601,2,0.000629
2,13,601,3,0.000526
2,13,601,4,0.000559
2,13,601,5,0.000569
2,13,601,6,0.000577
2,13,601,7,0.000583
2,13,601,8,0.000542
2,13,601,9,0.000567
2,13,601,10,0.000561
2,13,701,1,0.000568
2,13,701,2,0.000564
2,13,701,3,0.000586
2,13,701,4,0.000524
2,13,701,5,0.000602
2,13,701,6,0.000620
2,13,701,7,0.000541
2,13,701,8,0.000560
2,13,701,9,0.000581
2,13,701,10,0.000558
2,13,801,1,0.000594
2,13,801,2,0.000540
2,13,801,3,0.000537
2,13,801,4,0.000537
2,13,801,5,0.000553
2,13,801,6,0.000507
2,13,801,7,0.000605
2,13,801,8,0.000520
2,13,801,9,0.000553
2,13,801,10,0.000572
2,13,901,1,0.000534
2,13,901,2,0.000606
2,13,901,3,0.000540
2,13,901,4,0.000540
2,13,901,5,0.000555
2,13,901,6,0.000598
2,13,901,7,0.000580
2,13,901,8,0.000533
2,13,901,9,0.000610
2,13,901,10,0.000515
2,14,1,1,0.000475
2,14,1,2,0.000479
2,14,1,3,0.000494
2,14,1,4,0.000476
2,14,1,5,0.000464
2,14,1,6,0.000478
2,14,1,7,0.000464
2,14,1,8,0.000455
2,14,1,9,0.000554
2,14,1,10,0.000466
2,14,101,1,0.000560
2,14,101,2,0.000568
2,14,101,3,0.000537
2,14,101,4,0.000562
2,14,101,5,0.000572
2,14,101,6,0.000552
2,14,101,7,0.000529
2,14,101,8,0.000598
2,14,101,9,0.000537
2,14,101,10,0.000552
2,14,201,1,0.000558
2,14,201,2,0.000613
2,14,201,3,0.000527
2,14,201,4,0.000567
2,14,201,5,0.000561
2,14,201,6,0.000503
2,14,201,7,0.000559
2,14,201,8,0.000522
2,14,201,9,0.000525
2,14,201,10,0.000532
2,14,301,1,0.000558
2,14,301,2,0.000542
2,14,301,3,0.000552
2,14,301,4,0.000543
2,14,301,5,0.000586
2,14,301,6,0.000552
2,14,301,7,0.000542
2,14,301,8,0.000557
2,14,301,9,0.000553
2,14,301,10,0.000558
2,14,401,1,0.000545
2,14,401,2,0.000521
2,14,401,3,0.000521
2,14,401,4,0.000561
2,14,401,5,0.000554
2,14,401,6,0.000559
2,14,401,7,0.000539
2,14,401,8,0.000545
2,14,401,9,0.000554
2,14,401,10,0.000590
2,14,501,1,0.000555
2,14,501,2,0.000530
2,14,501,3,0.000534
2,14,501,4,0.000557
2,14,501,5,0.000587
2,14,501,6,0.000549
2,14,501,7,0.000590
2,14,501,8,0.000501
2,14,501,9,0.000573
2,14,501,10,0.000527
2,14,601,1,0.000543
2,14,601,2,0.000547
2,14,601,3,0.000539
2,14,601,4,0.000536
2,14,601,5,0.000581
2,14,601,6,0.000536
2,14,601,7,0.000516
2,14,601,8,0.000548
2,14,601,9,0.000519
2,14,601,10,0.000559
2,14,701,1,0.000538
2,14,701,2,0.000561
2,14,701,3,0.000539
2,14,701,4,0.000535
2,14,701,5,0.000522
2,14,701,6,0.000524
2,14,701,7,0.000566
2,14,701,8,0.000533
2,14,701,9,0.000556
2,14,701,10,0.000536
2,14,801,1,0.000531
2,14,801,2,0.000546
2,14,801,3,0.000538
2,14,801,4,0.000565
2,14,801,5,0.000560
2,14,801,6,0.000519
2,14,801,7,0.000581
2,14,801,8,0.000537
2,14,801,9,0.000558
2,14,801,10,0.000544
2,14,901,1,0.000522
2,14,901,2,0.000566
2,14,901,3,0.000556
2,14,901,4,0.000565
2,14,901,5,0.000504
2,14,901,6,0.000537
2,14,901,7,0.000586
2,14,901,8,0.000554
2,14,901,9,0.000552
2,14,901,10,0.000530
2,15,1,1,0.000505
2,15,1,2,0.000485
2,15,1,3,0.000491
2,15,1,4,0.000519
2,15,1,5,0.000452
2,15,1,6,0.000472
2,15,1,7,0.000486
2,15,1,8,0.000467
2,15,1,9,0.000473
2,15,1,10,0.000475
2,15,101,1,0.000524
2,15,101,2,0.000574
2,15,101,3,0.000587
2,15,101,4,0.000560
2,15,101,5,0.000540
2,15,101,6,0.000545
2,15,101,7,0.000536
2,15,101,8,0.000541
2,15,101,9,0.000556
2,15,101,10,0.000543
2,15,201,1,0.000516
2,15,201,2,0.000550
2,15,201,3,0.000531
2,15,201,4,0.000518
2,15,201,5,0.000594
2,15,201,6,0.000562
2,15,201,7,0.000554
2,15,201,8,0.000558
2,15,201,9,0.000566
2,15,201,10,0.000602
2,15,301,1,0.000583
2,15,301,2,0.000538
2,15,301,3,0.000594
2,15,301,4,0.000537
2,15,301,5,0.000560
2,15,301,6,0.000600
2,15,301,7,0.000538
2,15,301,8,0.000568
2,15,301,9,0.000519
2,15,301,10,0.000519
2,15,401,1,0.000521
2,15,401,2,0.000564
2,15,401,3,0.000560
2,15,401,4,0.000532
2,15,401,5,0.000554
2,15,401,6,0.000574
2,15,401,7,0.000548
2,15,401,8,0.000605
2,15,401,9,0.000568
2,15,401,10,0.000599
2,15,501,1,0.000565
2,15,501,2,0.000552
2,15,501,3,0.000521
2,15,501,4,0.000555
2,15,501,5,0.000558
2,15,501,6,0.000546
2,15,501,7,0.000536
2,15,501,8,0.000521
2,15,501,9,0.000569
2,15,501,10,0.000559
2,15,601,1,0.000613
2,15,601,2,0.000527
2,15,601,3,0.000513
2,15,601,4,0.000597
2,15,601,5,0.000568
2,15,601,6,0.000553
2,15,601,7,0.000546
2,15,601,8,0.000545
2,15,601,9,0.000532
2,15,601,10,0.000585
2,15,701,1,0.000596
2,15,701,2,0.000575
2,15,701,3,0.000528
2,15,701,4,0.000535
2,15,701,5,0.000593
2,15,701,6,0.000524
2,15,701,7,0.000551
2,15,701,8,0.000596
2,15,701,9,0.000519
2,15,701,10,0.000568
2,15,801,1,0.000547
2,15,801,2,0.000591
2,15,801,3,0.000536
2,15,801,4,0.000525
2,15,801,5,0.000540
2,15,801,6,0.000548
2,15,801,7,0.000584
2,15,801,8,0.000584
2,15,801,9,0.000566
2,15,801,10,0.000568
2,15,901,1,0.000586
2,15,901,2,0.000568
2,15,901,3,0.000523
2,15,901,4,0.000537
2,15,901,5,0.000551
2,15,901,6,0.000529
2,15,901,7,0.000568
2,15,901,8,0.000541
2,15,901,9,0.000517
2,15,901,10,0.000580
2,16,1,1,0.000419
2,16,1,2,0.000471
2,16,1,3,0.000458
2,16,1,4,0.000466
2,16,1,5,0.000499
2,16,1,6,0.000477
2,16,1,7,0.000451
2,16,1,8,0.000492
2,16,1,9,0.000453
2,16,1,10,0.000488
2,16,101,1,0.000560
2,16,101,2,0.000549
2,16,101,3,0.000527
2,16,101,4,0.000570
2,16,101,5,0.000603
2,16,101,6,0.000544
2,16,101,7,0.000542
2,16,101,8,0.000607
2,16,101,9,0.000595
2,16,101,10,0.000556
2,16,201,1,0.000535
2,16,201,2,0.000547
2,16,201,3,0.000582
2,16,201,4,0.000569
2,16,201,5,0.000531
2,16,201,6,0.000544
2,16,201,7,0.000540
2,16,201,8,0.000508
2,16,201,9,0.000580
2,16,201,10,0.000582
2,16,301,1,0.000582
2,16,301,2,0.000584
2,16,301,3,0.000549
2,16,301,4,0.000555
2,16,301,5,0.000511
2,16,301,6,0.000567
2,16,301,7,0.000569
2,16,301,8,0.000562
2,16,301,9,0.000573
2,16,301,10,0.000546
2,16,401,1,0.000538
2,16,401,2,0.000556
2,16,401,3,0.000524
2,16,401,4,0.000540
2,16,401,5,0.000553
2,16,401,6,0.000543
2,16,401,7,0.000543
2,16,401,8,0.000552
2,16,401,9,0.000568
2,16,401,10,0.000545
2,16,501,1,0.000533
2,16,501,2,0.000562
2,16,501,3,0.000510
2,16,501,4,0.000531
2,16,501,5,0.000528
2,16,501,6,0.000549
2,16,501,7,0.000546
2,16,501,8,0.000521
2,16,501,9,0.000551
2,16,501,10,0.000545
2,16,601,1,0.000545
2,16,601,2,0.000547
2,16,601,3,0.000555
2,16,601,4,0.000572
2,16,601,5,0.000552
2,16,601,6,0.000582
2,16,601,7,0.000565
2,16,601,8,0.000580
2,16,601,9,0.000519
2,16,601,10,0.000572
2,16,701,1,0.000573
2,16,701,2,0.000518
2,16,701,3,0.000550
2,16,701,4,0.000547
2,16,701,5,0.000577
2,16,701,6,0.000549
2,16,701,7,0.000505
2,16,701,8,0.000549
2,16,701,9,0.000554
2,16,701,10,0.000543
2,16,801,1,0.000529
2,16,801,2,0.000529
2,16,801,3,0.000561
2,16,801,4,0.000529
2,16,801,5,0.000547
2,16,801,6,0.000585
2,16,801,7,0.000543
2,16,801,8,0.000571
2,16,801,9,0.000522
2,16,801,10,0.000567
2,16,901,1,0.000594
2,16,901,2,0.000543
2,16,901,3,0.000543
2,16,901,4,0.000529
2,16,901,5,0.000551
2,16,901,6,0.000555
2,16,901,7,0.000549
2,16,901,8,0.000546
2,16,901,9,0.000548
2,16,901,10,0.000598
2,17,1,1,0.000438
2,17,1,2,0.000463
2,17,1,3,0.000462
2,17,1,4,0.000485
2,17,1,5,0.000453
2,17,1,6,0.000430
2,17,1,7,0.000450
2,17,1,8,0.000481
2,17,1,9,0.000460
2,17,1,10,0.000471
2,17,101,1,0.000568
2,17,101,2,0.000569
2,17,101,3,0.000539
2,17,101,4,0.000518
2,17,101,5,0.000579
2,17,101,6,0.000536
2,17,101,7,0.000529
2,17,101,8,0.000631
2,17,101,9,0.000552
2,17,101,10,0.000565
2,17,201,1,0.000556
2,17,201,2,0.000528
2,17,201,3,0.000523
2,17,201,4,0.000543
2,17,201,5,0.000588
2,17,201,6,0.000550
2,17,201,7,0.000556
2,17,201,8,0.000525
2,17,201,9,0.000535
2,17,201,10,0.000560
2,17,301,1,0.000579
2,17,301,2,0.000565
2,17,301,3,0.000518
2,17,301,4,0.000569
2,17,301,5,0.000575
2,17,301,6,0.000561
2,17,301,7,0.000567
2,17,301,8,0.000523
2,17,301,9,0.000564
2,17,301,10,0.000559
2,17,401,1,0.000598
2,17,401,2,0.000517
2,17,401,3,0.000554
2,17,401,4,0.000563
2,17,401,5,0.000552
2,17,401,6,0.000558
2,17,401,7,0.000514
2,17,401,8,0.000571
2,17,401,9,0.000572
2,17,401,10,0.000527
2,17,501,1,0.000537
2,17,501,2,0.000512
2,17,501,3,0.000552
2,17,501,4,0.000539
2,17,501,5,0.000557
2,17,501,6,0.000516
2,17,501,7,0.000534
2,17,501,8,0.000548
2,17,501,9,0.000554
2,17,501,10,0.000570
2,17,601,1,0.000506
2,17,601,2,0.000542
2,17,601,3,0.000543
2,17,601,4,0.000580
2,17,601,5,0.000562
2,17,601,6,0.000540
2,17,601,7,0.000554
2,17,601,8,0.000548
2,17,601,9,0.000519
2,17,601,10,0.000531
2,17,701,1,0.000558
2,17,701,2,0.000581
2,17,701,3,0.000606
2,17,701,4,0.000551
2,17,701,5,0.000591
2,17,701,6,0.000565
2,17,701,7,0.000526
2,17,701,8,0.000597
2,17,701,9,0.000553
2,17,701,10,0.000545
2,17,801,1,0.000540
2,17,801,2,0.000581
2,17,801,3,0.000527
2,17,801,4,0.000551
2,17,801,5,0.000521
2,17,801,6,0.000546
2,17,801,7,0.000556
2,17,801,8,0.000558
2,17,801,9,0.000558
2,17,801,10,0.000555
2,17,901,1,0.000603
2,17,901,2,0.000572
2,17,901,3,0.000613
2,17,901,4,0.000572
2,17,901,5,0.000559
2,17,901,6,0.000565
2,17,901,7,0.000545
2,17,901,8,0.000550
2,17,901,9,0.000572
2,17,901,10,0.000541
2,18,1,1,0.000506
2,18,1,2,0.000462
2,18,1,3,0.000492
2,18,1,4,0.000464
2,18,1,5,0.000495
2,18,1,6,0.000459
2,18,1,7,0.000444
2,18,1,8,0.000456
2,18,1,9,0.000471
2,18,1,10,0.000472
2,18,101,1,0.000570
2,18,101,2,0.000562
2,18,101,3,0.000584
2,18,101,4,0.000562
2,18,101,5,0.000603
2,18,101,6,0.000560
2,18,101,7,0.000573
2,18,101,8,0.000535
2,18,101,9,0.000605
2,18,101,10,0.000615
2,18,201,1,0.000566
2,18,201,2,0.000564
2,18,201,3,0.000558
2,18,201,4,0.000561
2,18,201,5,0.000533
2,18,201,6,0.000578
2,18,201,7,0.000579
2,18,201,8,0.000546
2,18,201,9,0.000576
2,18,201,10,0.000528
2,18,301,1,0.000560
2,18,301,2,0.000580
2,18,301,3,0.000572
2,18,301,4,0.000547
2,18,301,5,0.000590
2,18,301,6,0.000567
2,18,301,7,0.000567
2,18,301,8,0.000569
2,18,301,9,0.000544
2,18,301,10,0.000554
2,18,401,1,0.000564
2,18,401,2,0.000602
2,18,401,3,0.000547
2,18,401,4,0.000577
2,18,401,5,0.000576
2,18,401,6,0.000622
2,18,401,7,0.000559
2,18,401,8,0.000534
2,18,401,9,0.000591
2,18,401,10,0.000549
2,18,501,1,0.000579
2,18,501,2,0.000591
2,18,501,3,0.000573
2,18,501,4,0.000546
2,18,501,5,0.000519
2,18,501,6,0.000582
2,18,501,7,0.000589
2,18,501,8,0.000585
2,18,501,9,0.000524
2,18,501,10,0.000626
2,18,601,1,0.000561
2,18,601,2,0.000544
2,18,601,3,0.000541
2,18,601,4,0.000551
2,18,601,5,0.000559
2,18,601,6,0.000550
2,18,601,7,0.000541
2,18,601,8,0.000551
2,18,601,9,0.000574
2,18,601,10,0.000580
2,18,701,1,0.000549
2,18,701,2,0.000551
2,18,701,3,0.000558
2,18,701,4,0.000566
2,18,701,5,0.000570
2,18,701,6,0.000551
2,18,701,7,0.000586
2,18,701,8,0.000570
2,18,701,9,0.000600
2,18,701,10,0.000522
2,18,801,1,0.000556
2,18,801,2,0.000529
2,18,801,3,0.000534
2,18,801,4,0.000603
2,18,801,5,0.000565
2,18,801,6,0.000595
2,18,801,7,0.000559
2,18,801,8,0.000568
2,18,801,9,0.000564
2,18,801,10,0.000546
2,18,901,1,0.000579
2,18,901,2,0.000570
2,18,901,3,0.000550
2,18,901,4,0.000522
2,18,901,5,0.000550
2,18,901,6,0.000615
2,18,901,7,0.000585
2,18,901,8,0.000515
2,18,901,9,0.000541
2,18,901,10,0.000562
2,19,1,1,0.000494
2,19,1,2,0.000455
2,19,1,3,0.000467
2,19,1,4,0.000519
2,19,1,5,0.000459
2,19,1,6,0.000494
2,19,1,7,0.000488
2,19,1,8,0.000487
2,19,1,9,0.000492
2,19,1,10,0.000559
2,19,101,1,0.000531
2,19,101,2,0.000568
2,19,101,3,0.000608
2,19,101,4,0.000566
2,19,101,5,0.000574
2,19,101,6,0.000572
2,19,101,7,0.000569
2,19,101,8,0.000545
2,19,101,9,0.000528
2,19,101,10,0.000578
2,19,201,1,0.000555
2,19,201,2,0.000569
2,19,201,3,0.000573
2,19,201,4,0.000550
2,19,201,5,0.000563
2,19,201,6,0.000559
2,19,201,7,0.000529
2,19,201,8,0.000595
2,19,201,9,0.000573
2,19,201,10,0.000560
2,19,301,1,0.000566
2,19,301,2,0.000546
2,19,301,3,0.000573
2,19,301,4,0.000580
2,19,301,5,0.000523
2,19,301,6,0.000549
2,19,301,7,0.000549
2,19,301,8,0.000567
2,19,301,9,0.000563
2,19,301,10,0.000581
2,19,401,1,0.000567
2,19,401,2,0.000567
2,19,401,3,0.000560
2,19,401,4,0.000587
2,19,401,5,0.000548
2,19,401,6,0.000570
2,19,401,7,0.000543
2,19,401,8,0.000554
2,19,401,9,0.000540
2,19,401,10,0.000567
2,19,501,1,0.000546
2,19,501,2,0.000587
2,19,501,3,0.000551
2,19,501,4,0.000590
2,19,501,5,0.000589
2,19,501,6,0.000572
2,19,501,7,0.000569
2,19,501,8,0.000556
2,19,501,9,0.000575
2,19,501,10,0.000536
2,19,601,1,0.000567
2,19,601,2,0.000567
2,19,601,3,0.000538
2,19,601,4,0.000567
2,19,601,5,0.000570
2,19,601,6,0.000531
2,19,601,7,0.000565
2,19,601,8,0.000594
2,19,601,9,0.000544
2,19,601,10,0.000559
2,19,701,1,0.000574
2,19,701,2,0.000562
2,19,701,3,0.000651
2,19,701,4,0.000577
2,19,701,5,0.000557
2,19,701,6,0.000558
2,19,701,7,0.000544
2,19,701,8,0.000571
2,19,701,9,0.000568
2,19,701,10,0.000598
2,19,801,1,0.000526
2,19,801,2,0.000607
2,19,801,3,0.000562
2,19,801,4,0.000573
2,19,801,5,0.000583
2,19,801,6,0.000560
2,19,801,7,0.000526
2,19,801,8,0.000527
2,19,801,9,0.000570
2,19,801,10,0.000530
2,19,901,1,0.000584
2,19,901,2,0.000560
2,19,901,3,0.000596
2,19,901,4,0.000546
2,19,901,5,0.000574
2,19,901,6,0.000590
2,19,901,7,0.000566
2,19,901,8,0.000575
2,19,901,9,0.000569
2,19,901,10,0.000600
2,20,1,1,0.000473
2,20,1,2,0.000467
2,20,1,3,0.000464
2,20,1,4,0.000471
2,20,1,5,0.000458
2,20,1,6,0.000475
2,20,1,7,0.000500
2,20,1,8,0.000453
2,20,1,9,0.000432
2,20,1,10,0.000481
2,20,101,1,0.000535
2,20,101,2,0.000536
2,20,101,3,0.000555
2,20,101,4,0.000578
2,20,101,5,0.000562
2,20,101,6,0.000535
2,20,101,7,0.000547
2,20,101,8,0.000562
2,20,101,9,0.000553
2,20,101,10,0.000558
2,20,201,1,0.000533
2,20,201,2,0.000506
2,20,201,3,0.000533
2,20,201,4,0.000535
2,20,201,5,0.000536
2,20,201,6,0.000562
2,20,201,7,0.000563
2,20,201,8,0.000560
2,20,201,9,0.000569
2,20,201,10,0.000520
2,20,301,1,0.000567
2,20,301,2,0.000550
2,20,301,3,0.000594
2,20,301,4,0.000569
2,20,301,5,0.000532
2,20,301,6,0.000577
2,20,301,7,0.000559
2,20,301,8,0.000581
2,20,301,9,0.000539
2,20,301,10,0.000541
2,20,401,1,0.000575
2,20,401,2,0.000542
2,20,401,3,0.000606
2,20,401,4,0.000562
2,20,401,5,0.000627
2,20,401,6,0.000573
2,20,401,7,0.000551
2,20,401,8,0.000592
2,20,401,9,0.000550
2,20,401,10,0.000588
2,20,501,1,0.000549
2,20,501,2,0.000586
2,20,501,3,0.000587
2,20,501,4,0.000592
2,20,501,5,0.000582
2,20,501,6,0.000549
2,20,501,7,0.000530
2,20,501,8,0.000541
2,20,501,9,0.000569
2,20,501,10,0.000570
2,20,601,1,0.000563
2,20,601,2,0.000556
2,20,601,3,0.000545
2,20,601,4,0.000536
2,20,601,5,0.000522
2,20,601,6,0.000572
2,20,601,7,0.000548
2,20,601,8,0.000541
2,20,601,9,0.000550
2,20,601,10,0.000534
2,20,701,1,0.000574
2,20,701,2,0.000569
2,20,701,3,0.000586
2,20,701,4,0.000539
2,20,701,5,0.000559
2,20,701,6,0.000557
2,20,701,7,0.000543
2,20,701,8,0.000515
2,20,701,9,0.000578
2,20,701,10,0.000606
2,20,801,1,0.000558
2,20,801,2,0.000567
2,20,801,3,0.000565
2,20,801,4,0.000537
2,20,801,5,0.000569
2,20,801,6,0.000537
2,20,801,7,0.000581
2,20,801,8,0.000554
2,20,801,9,0.000564
2,20,801,10,0.000519
2,20,901,1,0.000581
2,20,901,2,0.000525
2,20,901,3,0.000526
2,20,901,4,0.000579
2,20,901,5,0.000546
2,20,901,6,0.000581
2,20,901,7,0.000528
2,20,901,8,0.000556
2,20,901,9,0.000546
2,20,901,10,0.000572
4,1,1,1,0.000513
4,1,1,2,0.000503
4,1,1,3,0.000521
4,1,1,4,0.000534
4,1,1,5,0.000545
4,1,1,6,0.000565
4,1,1,7,0.000576
4,1,1,8,0.000529
4,1,1,9,0.000510
4,1,1,10,0.000533
4,1,101,1,0.000557
4,1,101,2,0.000525
4,1,101,3,0.000569
4,1,101,4,0.000516
4,1,101,5,0.000530
4,1,101,6,0.000481
4,1,101,7,0.000566
4,1,101,8,0.000539
4,1,101,9,0.000556
4,1,101,10,0.000518
4,1,201,1,0.000566
4,1,201,2,0.000516
4,1,201,3,0.000524
4,1,201,4,0.000537
4,1,201,5,0.000540
4,1,201,6,0.000518
4,1,201,7,0.000563
4,1,201,8,0.000517
4,1,201,9,0.000591
4,1,201,10,0.000543
4,1,301,1,0.000518
4,1,301,2,0.000533
4,1,301,3,0.000501
4,1,301,4,0.000537
4,1,301,5,0.000519
4,1,301,6,0.000560
4,1,301,7,0.000515
4,1,301,8,0.000548
4,1,301,9,0.000511
4,1,301,10,0.000518
4,1,401,1,0.000499
4,1,401,2,0.000535
4,1,401,3,0.000552
4,1,401,4,0.000541
4,1,401,5,0.000556
4,1,401,6,0.000530
4,1,401,7,0.000547
4,1,401,8,0.000575
4,1,401,9,0.000558
4,1,401,10,0.000597
4,1,501,1,0.000539
4,1,501,2,0.000512
4,1,501,3,0.000566
4,1,501,4,0.000548
4,1,501,5,0.000466
4,1,501,6,0.000546
4,1,501,7,0.000538
4,1,501,8,0.000566
4,1,501,9,0.000559
4,1,501,10,0.000573
4,1,601,1,0.000556
4,1,601,2,0.000553
4,1,601,3,0.000562
4,1,601,4,0.000516
4,1,601,5,0.000552
4,1,601,6,0.000603
4,1,601,7,0.000565
4,1,601,8,0.000570
4,1,601,9,0.000535
4,1,601,10,0.000564
4,1,701,1,0.000551
4,1,701,2,0.000537
4,1,701,3,0.000563
4,1,701,4,0.000541
4,1,701,5,0.000516
4,1,701,6,0.000561
4,1,701,7,0.000516
4,1,701,8,0.000497
4,1,701,9,0.000512
4,1,701,10,0.000528
4,1,801,1,0.000552
4,1,801,2,0.000540
4,1,801,3,0.000526
4,1,801,4,0.000566
4,1,801,5,0.000523
4,1,801,6,0.000563
4,1,801,7,0.000489
4,1,801,8,0.000568
4,1,801,9,0.000503
4,1,801,10,0.000563
4,1,901,1,0.000548
4,1,901,2,0.000558
4,1,901,3,0.000553
4,1,901,4,0.000583
4,1,901,5,0.000563
4,1,901,6,0.000536
4,1,901,7,0.000574
4,1,901,8,0.000539
4,1,901,9,0.000503
4,1,901,10,0.000515
4,2,1,1,0.000566
4,2,1,2,0.000529
4,2,1,3,0.000537
4,2,1,4,0.000526
4,2,1,5,0.000572
4,2,1,6,0.000540
4,2,1,7,0.000516
4,2,1,8,0.000541
4,2,1,9,0.000560
4,2,1,10,0.000574
4,2,101,1,0.000492
4,2,101,2,0.000500
4,2,101,3,0.000497
4,2,101,4,0.000526
4,2,101,5,0.000528
4,2,101,6,0.000491
4,2,101,7,0.000485
4,2,101,8,0.000526
4,2,101,9,0.000540
4,2,101,10,0.000552
4,2,201,1,0.000530
4,2,201,2,0.000557
4,2,201,3,0.000505
4,2,201,4,0.000486
4,2,201,5,0.000537
4,2,201,6,0.000523
4,2,201,7,0.000479
4,2,201,8,0.000479
4,2,201,9,0.000519
4,2,201,10,0.000535
4,2,301,1,0.000525
4,2,301,2,0.000526
4,2,301,3,0.000527
4,2,301,4,0.000540
4,2,301,5,0.000532
4,2,301,6,0.000576
4,2,301,7,0.000505
4,2,301,8,0.000563
4,2,301,9,0.000491
4,2,301,10,0.000524
4,2,401,1,0.000505
4,2,401,2,0.000540
4,2,401,3,0.000487
4,2,401,4,0.000519
4,2,401,5,0.000526
4,2,401,6,0.000552
4,2,401,7,0.000495
4,2,401,8,0.000526
4,2,401,9,0.000519
4,2,401,10,0.000513
4,2,501,1,0.000511
4,2,501,2,0.000533
4,2,501,3,0.000526
4,2,501,4,0.000539
4,2,501,5,0.000518
4,2,501,6,0.000543
4,2,501,7,0.000522
4,2,501,8,0.000541
4,2,501,9,0.000527
4,2,501,10,0.000498
4,2,601,1,0.000523
4,2,601,2,0.000536
4,2,601,3,0.000620
4,2,601,4,0.000493
4,2,601,5,0.000484
4,2,601,6,0.000517
4,2,601,7,0.000490
4,2,601,8,0.000540
4,2,601,9,0.000532
4,2,601,10,0.000499
4,2,701,1,0.000523
4,2,701,2,0.000496
4,2,701,3,0.000485
4,2,701,4,0.000560
4,2,701,5,0.000503
4,2,701,6,0.000561
4,2,701,7,0.000525
4,2,701,8,0.000560
4,2,701,9,0.000525
4,2,701,10,0.000543
4,2,801,1,0.000529
4,2,801,2,0.000506
4,2,801,3,0.000567
4,2,801,4,0.000477
4,2,801,5,0.000535
4,2,801,6,0.000508
4,2,801,7,0.000512
4,2,801,8,0.000510
4,2,801,9,0.000496
4,2,801,10,0.000518
4,2,901,1,0.000532
4,2,901,2,0.000589
4,2,901,3,0.000559
4,2,901,4,0.000589
4,2,901,5,0.000512
4,2,901,6,0.000514
4,2,901,7,0.000541
4,2,901,8,0.000523
4,2,901,9,0.000517
4,2,901,10,0.000489
4,3,1,1,0.000544
4,3,1,2,0.000523
4,3,1,3,0.000527
4,3,1,4,0.000643
4,3,1,5,0.000547
4,3,1,6,0.000520
4,3,1,7,0.000572
4,3,1,8,0.000514
4,3,1,9,0.000560
4,3,1,10,0.000516
4,3,101,1,0.000532
4,3,101,2,0.000535
4,3,101,3,0.000466
4,3,101,4,0.000547
4,3,101,5,0.000559
4,3,101,6,0.000490
4,3,101,7,0.000529
4,3,101,8,0.000555
4,3,101,9,0.000504
4,3,101,10,0.000519
4,3,201,1,0.000537
4,3,201,2,0.000512
4,3,201,3,0.000533
4,3,201,4,0.000550
4,3,201,5,0.000585
4,3,201,6,0.000477
4,3,201,7,0.000525
4,3,201,8,0.000507
4,3,201,9,0.000474
4,3,201,10,0.000510
4,3,301,1,0.000494
4,3,301,2,0.000531
4,3,301,3,0.000525
4,3,301,4,0.000550
4,3,301,5,0.000534
4,3,301,6,0.000509
4,3,301,7,0.000566
4,3,301,8,0.000511
4,3,301,9,0.000529
4,3,301,10,0.000531
4,3,401,1,0.000552
4,3,401,2,0.000560
4,3,401,3,0.000540
4,3,401,4,0.000500
4,3,401,5,0.000494
4,3,401,6,0.000524
4,3,401,7,0.000526
4,3,401,8,0.000531
4,3,401,9,0.000525
4,3,401,10,0.000631
4,3,501,1,0.000558
4,3,501,2,0.000552
4,3,501,3,0.000512
4,3,501,4,0.000511
4,3,501,5,0.000521
4,3,501,6,0.000536
4,3,501,7,0.000550
4,3,501,8,0.000527
4,3,501,9,0.000548
4,3,501,10,0.000481
4,3,601,1,0.000502
4,3,601,2,0.000506
4,3,601,3,0.000487
4,3,601,4,0.000532
4,3,601,5,0.000532
4,3,601,6,0.000504
4,3,601,7,0.000559
4,3,601,8,0.000512
4,3,601,9,0.000602
4,3,601,10,0.000529
4,3,701,1,0.000538
4,3,701,2,0.000531
4,3,701,3,0.000474
4,3,701,4,0.000526
4,3,701,5,0.000511
4,3,701,6,0.000512
4,3,701,7,0.000543
4,3,701,8,0.000560
4,3,701,9,0.000490
4,3,701,10,0.000599
4,3,801,1,0.000531
4,3,801,2,0.000482
4,3,801,3,0.000514
4,3,801,4,0.000557
4,3,801,5,0.000537
4,3,801,6,0.000493
4,3,801,7,0.000503
4,3,801,8,0.000524
4,3,801,9,0.000525
4,3,801,10,0.000545
4,3,901,1,0.000515
4,3,901,2,0.000515
4,3,901,3,0.000531
4,3,901,4,0.000539
4,3,901,5,0.000531
4,3,901,6,0.000588
4,3,901,7,0.000547
4,3,901,8,0.000575
4,3,901,9,0.000521
4,3,901,10,0.000535
4,4,1,1,0.000548
4,4,1,2,0.000523
4,4,1,3,0.000514
4,4,1,4,0.000566
4,4,1,5,0.000588
4,4,1,6,0.000486
4,4,1,7,0.000511
4,4,1,8,0.000525
4,4,1,9,0.000573
4,4,1,10,0.000550
4,4,101,1,0.000498
4,4,101,2,0.000599
4,4,101,3,0.000549
4,4,101,4,0.000520
4,4,101,5,0.000584
4,4,101,6,0.000659
4,4,101,7,0.000531
4,4,101,8,0.000544
4,4,101,9,0.000538
4,4,101,10,0.000548
4,4,201,1,0.000557
4,4,201,2,0.000532
4,4,201,3,0.000539
4,4,201,4,0.000577
4,4,201,5,0.000638
4,4,201,6,0.000567
4,4,201,7,0.000597
4,4,201,8,0.000547
4,4,201,9,0.000588
4,4,201,10,0.000620
4,4,301,1,0.000606
4,4,301,2,0.000537
4,4,301,3,0.000537
4,4,301,4,0.000626
4,4,301,5,0.000520
4,4,301,6,0.000527
4,4,301,7,0.000589
4,4,301,8,0.000580
4,4,301,9,0.000542
4,4,301,10,0.000596
4,4,401,1,0.000594
4,4,401,2,0.000582
4,4,401,3,0.000583
4,4,401,4,0.000553
4,4,401,5,0.000507
4,4,401,6,0.000589
4,4,401,7,0.000643
4,4,401,8,0.000556
4,4,401,9,0.000549
4,4,401,10,0.000565
4,4,501,1,0.000527
4,4,501,2,0.000597
4,4,501,3,0.000535
4,4,501,4,0.000601
4,4,501,5,0.000532
4,4,501,6,0.000555
4,4,501,7,0.000524
4,4,501,8,0.000537
4,4,501,9,0.000565
4,4,501,10,0.000602
4,4,601,1,0.000543
4,4,601,2,0.000605
4,4,601,3,0.000530
4,4,601,4,0.000594
4,4,601,5,0.000519
4,4,601,6,0.000546
4,4,601,7,0.000567
4,4,601,8,0.000528
4,4,601,9,0.000601
4,4,601,10,0.000562
4,4,701,1,0.000529
4,4,701,2,0.000575
4,4,701,3,0.000549
4,4,701,4,0.000542
4,4,701,5,0.000520
4,4,701,6,0.000615
4,4,701,7,0.000526
4,4,701,8,0.000645
4,4,701,9,0.000580
4,4,701,10,0.000601
4,4,801,1,0.000538
4,4,801,2,0.000527
4,4,801,3,0.000532
4,4,801,4,0.000534
4,4,801,5,0.000568
4,4,801,6,0.000500
4,4,801,7,0.000514
4,4,801,8,0.000548
4,4,801,9,0.000568
4,4,801,10,0.000524
4,4,901,1,0.000527
4,4,901,2,0.000512
4,4,901,3,0.000607
4,4,901,4,0.000527
4,4,901,5,0.000542
4,4,901,6,0.000568
4,4,901,7,0.000540
4,4,901,8,0.000561
4,4,901,9,0.000590
4,4,901,10,0.000559
4,5,1,1,0.000521
4,5,1,2,0.000553
4,5,1,3,0.000532
4,5,1,4,0.000510
4,5,1,5,0.000544
4,5,1,6,0.000498
4,5,1,7,0.000502
4,5,1,8,0.000511
4,5,1,9,0.000518
4,5,1,10,0.000520
4,5,101,1,0.000639
4,5,101,2,0.000502
4,5,101,3,0.000482
4,5,101,4,0.000522
4,5,101,5,0.000630
4,5,101,6,0.000601
4,5,101,7,0.000534
4,5,101,8,0.000550
4,5,101,9,0.000532
4,5,101,10,0.000585
4,5,201,1,0.000593
4,5,201,2,0.000519
4,5,201,3,0.000532
4,5,201,4,0.000580
4,5,201,5,0.000543
4,5,201,6,0.000545
4,5,201,7,0.000534
4,5,201,8,0.000514
4,5,201,9,0.000620
4,5,201,10,0.000559
4,5,301,1,0.000625
4,5,301,2,0.000515
4,5,301,3,0.000636
4,5,301,4,0.000631
4,5,301,5,0.000537
4,5,301,6,0.000517
4,5,301,7,0.000555
4,5,301,8,0.000610
4,5,301,9,0.000619
4,5,301,10,0.000557
4,5,401,1,0.000525
4,5,401,2,0.000614
4,5,401,3,0.000531
4,5,401,4,0.000540
4,5,401,5,0.000581
4,5,401,6,0.000687
4,5,401,7,0.000533
4,5,401,8,0.000543
4,5,401,9,0.000556
4,5,401,10,0.000622
4,5,501,1,0.000527
4,5,501,2,0.000609
4,5,501,3,0.000542
4,5,501,4,0.000552
4,5,501,5,0.000570
4,5,501,6,0.000541
4,5,501,7,0.000627
4,5,501,8,0.000519
4,5,501,9,0.000549
4,5,501,10,0.000538
4,5,601,1,0.000543
4,5,601,2,0.000561
4,5,601,3,0.000551
4,5,601,4,0.000511
4,5,601,5,0.000580
4,5,601,6,0.000516
4,5,601,7,0.000582
4,5,601,8,0.000669
4,5,601,9,0.000631
4,5,601,10,0.000555
4,5,701,1,0.000521
4,5,701,2,0.000572
4,5,701,3,0.000627
4,5,701,4,0.000630
4,5,701,5,0.000587
4,5,701,6,0.000559
4,5,701,7,0.000548
4,5,701,8,0.000578
4,5,701,9,0.000560
4,5,701,10,0.000555
4,5,801,1,0.000534
4,5,801,2,0.000514
4,5,801,3,0.000606
4,5,801,4,0.000607
4,5,801,5,0.000504
4,5,801,6,0.000556
4,5,801,7,0.000548
4,5,801,8,0.000527
4,5,801,9,0.000556
4,5,801,10,0.000524
4,5,901,1,0.000536
4,5,901,2,0.000526
4,5,901,3,0.000588
4,5,901,4,0.000516
4,5,901,5,0.000528
4,5,901,6,0.000583
4,5,901,7,0.000498
4,5,901,8,0.000588
4,5,901,9,0.000502
4,5,901,10,0.000597
4,6,1,1,0.000545
4,6,1,2,0.000498
4,6,1,3,0.000555
4,6,1,4,0.000612
4,6,1,5,0.000573
4,6,1,6,0.000487
4,6,1,7,0.000527
4,6,1,8,0.000596
4,6,1,9,0.000502
4,6,1,10,0.000572
4,6,101,1,0.000618
4,6,101,2,0.000519
4,6,101,3,0.000525
4,6,101,4,0.000550
4,6,101,5,0.000549
4,6,101,6,0.000534
4,6,101,7,0.000535
4,6,101,8,0.000564
4,6,101,9,0.000537
4,6,101,10,0.000609
4,6,201,1,0.000548
4,6,201,2,0.000533
4,6,201,3,0.000543
4,6,201,4,0.000604
4,6,201,5,0.000532
4,6,201,6,0.000556
4,6,201,7,0.000558
4,6,201,8,0.000593
4,6,201,9,0.000532
4,6,201,10,0.000572
4,6,301,1,0.000567
4,6,301,2,0.000531
4,6,301,3,0.000633
4,6,301,4,0.000569
4,6,301,5,0.000528
4,6,301,6,0.000575
4,6,301,7,0.000578
4,6,301,8,0.000623
4,6,301,9,0.000615
4,6,301,10,0.000624
4,6,401,1,0.000599
4,6,401,2,0.000515
4,6,401,3,0.000541
4,6,401,4,0.000548
4,6,401,5,0.000548
4,6,401,6,0.000552
4,6,401,7,0.000529
4,6,401,8,0.000506
4,6,401,9,0.000551
4,6,401,10,0.000552
4,6,501,1,0.000609
4,6,501,2,0.000504
4,6,501,3,0.000521
4,6,501,4,0.000531
4,6,501,5,0.000580
4,6,501,6,0.000570
4,6,501,7,0.000575
4,6,501,8,0.000588
4,6,501,9,0.000607
4,6,501,10,0.000540
4,6,601,1,0.000538
4,6,601,2,0.000556
4,6,601,3,0.000659
4,6,601,4,0.000668
4,6,601,5,0.000552
4,6,601,6,0.000591
4,6,601,7,0.000588
4,6,601,8,0.000620
4,6,601,9,0.000532
4,6,601,10,0.000525
4,6,701,1,0.000552
4,6,701,2,0.000614
4,6,701,3,0.000516
4,6,701,4,0.000572
4,6,701,5,0.000602
4,6,701,6,0.000522
4,6,701,7,0.000582
4,6,701,8,0.000516
4,6,701,9,0.000541
4,6,701,10,0.000586
4,6,801,1,0.000552
4,6,801,2,0.000513
4,6,801,3,0.000574
4,6,801,4,0.000603
4,6,801,5,0.000524
4,6,801,6,0.000538
4,6,801,7,0.000520
4,6,801,8,0.000530
4,6,801,9,0.000543
4,6,801,10,0.000553
4,6,901,1,0.000508
4,6,901,2,0.000620
4,6,901,3,0.000534
4,6,901,4,0.000571
4,6,901,5,0.000548
4,6,901,6,0.000524
4,6,901,7,0.000549
4,6,901,8,0.000520
4,6,901,9,0.000606
4,6,901,10,0.000523
4,7,1,1,0.000454
4,7,1,2,0.000570
4,7,1,3,0.000605
4,7,1,4,0.000483
4,7,1,5,0.000512
4,7,1,6,0.000527
4,7,1,7,0.000556
4,7,1,8,0.000498
4,7,1,9,0.000536
4,7,1,10,0.000511
4,7,101,1,0.000575
4,7,101,2,0.000546
4,7,101,3,0.000483
4,7,101,4,0.000515
4,7,101,5,0.000529
4,7,101,6,0.000539
4,7,101,7,0.000550
4,7,101,8,0.000553
4,7,101,9,0.000536
4,7,101,10,0.000550
4,7,201,1,0.000508
4,7,201,2,0.000596
4,7,201,3,0.000576
4,7,201,4,0.000574
4,7,201,5,0.000593
4,7,201,6,0.000570
4,7,201,7,0.000555
4,7,201,8,0.000645
4,7,201,9,0.000563
4,7,201,10,0.000589
4,7,301,1,0.000545
4,7,301,2,0.000619
4,7,301,3,0.000540
4,7,301,4,0.000527
4,7,301,5,0.000559
4,7,301,6,0.000577
4,7,301,7,0.000550
4,7,301,8,0.000601
4,7,301,9,0.000624
4,7,301,10,0.000508
4,7,401,1,0.000569
4,7,401,2,0.000521
4,7,401,3,0.000528
4,7,401,4,0.000522
4,7,401,5,0.000526
4,7,401,6,0.000574
4,7,401,7,0.000509
4,7,401,8,0.000572
4,7,401,9,0.000526
4,7,401,10,0.000574
4,7,501,1,0.000566
4,7,501,2,0.000614
4,7,501,3,0.000645
4,7,501,4,0.000591
4,7,501,5,0.000553
4,7,501,6,0.000557
4,7,501,7,0.000555
4,7,501,8,0.000652
4,7,501,9,0.000569
4,7,501,10,0.000511
4,7,601,1,0.000618
4,7,601,2,0.000607
4,7,601,3,0.000533
4,7,601,4,0.000613
4,7,601,5,0.000540
4,7,601,6,0.000524
4,7,601,7,0.000511
4,7,601,8,0.000545
4,7,601,9,0.000567
4,7,601,10,0.000628
4,7,701,1,0.000531
4,7,701,2,0.000654
4,7,701,3,0.000640
4,7,701,4,0.000553
4,7,701,5,0.000593
4,7,701,6,0.000610
4,7,701,7,0.000521
4,7,701,8,0.000571
4,7,701,9,0.000548
4,7,701,10,0.000603
4,7,801,1,0.000580
4,7,801,2,0.000550
4,7,801,3,0.000512
4,7,801,4,0.000548
4,7,801,5,0.000583
4,7,801,6,0.000567
4,7,801,7,0.000514
4,7,801,8,0.000582
4,7,801,9,0.000556
4,7,801,10,0.000595
4,7,901,1,0.000511
4,7,901,2,0.000681
4,7,901,3,0.000556
4,7,901,4,0.000573
4,7,901,5,0.000581
4,7,901,6,0.000616
4,7,901,7,0.000570
4,7,901,8,0.000642
4,7,901,9,0.000541
4,7,901,10,0.000557
4,8,1,1,0.000565
4,8,1,2,0.000579
4,8,1,3,0.000460
4,8,1,4,0.000505
4,8,1,5,0.000554
4,8,1,6,0.000484
4,8,1,7,0.000573
4,8,1,8,0.000504
4,8,1,9,0.000554
4,8,1,10,0.000554
4,8,101,1,0.000601
4,8,101,2,0.000571
4,8,101,3,0.000539
4,8,101,4,0.000570
4,8,101,5,0.000536
4,8,101,6,0.000572
4,8,101,7,0.000537
4,8,101,8,0.000564
4,8,101,9,0.000552
4,8,101,10,0.000596
4,8,201,1,0.000548
4,8,201,2,0.000564
4,8,201,3,0.000563
4,8,201,4,0.000581
4,8,201,5,0.000590
4,8,201,6,0.000561
4,8,201,7,0.000573
4,8,201,8,0.000535
4,8,201,9,0.000578
4,8,201,10,0.000661
4,8,301,1,0.000539
4,8,301,2,0.000547
4,8,301,3,0.000685
4,8,301,4,0.000581
4,8,301,5,0.000555
4,8,301,6,0.000565
4,8,301,7,0.000571
4,8,301,8,0.000535
4,8,301,9,0.000624
4,8,301,10,0.000574
4,8,401,1,0.000616
4,8,401,2,0.000636
4,8,401,3,0.000555
4,8,401,4,0.000626
4,8,401,5,0.000537
4,8,401,6,0.000557
4,8,401,7,0.000514
4,8,401,8,0.000631
4,8,401,9,0.000591
4,8,401,10,0.000594
4,8,501,1,0.000551
4,8,501,2,0.000569
4,8,501,3,0.000550
4,8,501,4,0.000540
4,8,501,5,0.000567
4,8,501,6,0.000670
4,8,501,7,0.000544
4,8,501,8,0.000592
4,8,501,9,0.000629
4,8,501,10,0.000545
4,8,601,1,0.000546
4,8,601,2,0.000547
4,8,601,3,0.000529
4,8,601,4,0.000548
4,8,601,5,0.000533
4,8,601,6,0.000546
4,8,601,7,0.000600
4,8,601,8,0.000565
4,8,601,9,0.000553
4,8,601,10,0.000600
4,8,701,1,0.000590
4,8,701,2,0.000527
4,8,701,3,0.000576
4,8,701,4,0.000656
4,8,701,5,0.000545
4,8,701,6,0.000558
4,8,701,7,0.000540
4,8,701,8,0.000604
4,8,701,9,0.000702
4,8,701,10,0.000552
4,8,801,1,0.000550
4,8,801,2,0.000585
4,8,801,3,0.000524
4,8,801,4,0.000564
4,8,801,5,0.000564
4,8,801,6,0.000517
4,8,801,7,0.000610
4,8,801,8,0.000573
4,8,801,9,0.000655
4,8,801,10,0.000590
4,8,901,1,0.000551
4,8,901,2,0.000635
4,8,901,3,0.000516
4,8,901,4,0.000563
4,8,901,5,0.000535
4,8,901,6,0.000593
4,8,901,7,0.000503
4,8,901,8,0.000536
4,8,901,9,0.000568
4,8,901,10,0.000556
4,9,1,1,0.000534
4,9,1,2,0.000519
4,9,1,3,0.000512
4,9,1,4,0.000522
4,9,1,5,0.000493
4,9,1,6,0.000551
4,9,1,7,0.000508
4,9,1,8,0.000546
4,9,1,9,0.000466
4,9,1,10,0.000539
4,9,101,1,0.000571
4,9,101,2,0.000539
4,9,101,3,0.000591
4,9,101,4,0.000575
4,9,101,5,0.000663
4,9,101,6,0.000609
4,9,101,7,0.000512
4,9,101,8,0.000660
4,9,101,9,0.000568
4,9,101,10,0.000596
4,9,201,1,0.000614
4,9,201,2,0.000504
4,9,201,3,0.000563
4,9,201,4,0.000548
4,9,201,5,0.000571
4,9,201,6,0.000614
4,9,201,7,0.000618
4,9,201,8,0.000511
4,9,201,9,0.000555
4,9,201,10,0.000597
4,9,301,1,0.000639
4,9,301,2,0.000617
4,9,301,3,0.000613
4,9,301,4,0.000591
4,9,301,5,0.000611
4,9,301,6,0.000584
4,9,301,7,0.000553
4,9,301,8,0.000612
4,9,301,9,0.000608
4,9,301,10,0.000580
4,9,401,1,0.000648
4,9,401,2,0.000550
4,9,401,3,0.000517
4,9,401,4,0.000610
4,9,401,5,0.000555
4,9,401,6,0.000538
4,9,401,7,0.000555
4,9,401,8,0.000658
4,9,401,9,0.000593
4,9,401,10,0.000669
4,9,501,1,0.000572
4,9,501,2,0.000719
4,9,501,3,0.000553
4,9,501,4,0.000642
4,9,501,5,0.000632
4,9,501,6,0.000535
4,9,501,7,0.000560
4,9,501,8,0.000545
4,9,501,9,0.000537
4,9,501,10,0.000610
4,9,601,1,0.000653
4,9,601,2,0.000580
4,9,601,3,0.000603
4,9,601,4,0.000626
4,9,601,5,0.000649
4,9,601,6,0.000566
4,9,601,7,0.000575
4,9,601,8,0.000560
4,9,601,9,0.000537
4,9,601,10,0.000562
4,9,701,1,0.000659
4,9,701,2,0.000536
4,9,701,3,0.000554
4,9,701,4,0.000547
4,9,701,5,0.000570
4,9,701,6,0.000554
4,9,701,7,0.000490
4,9,701,8,0.000580
4,9,701,9,0.000596
4,9,701,10,0.000498
4,9,801,1,0.000519
4,9,801,2,0.000488
4,9,801,3,0.000506
4,9,801,4,0.000593
4,9,801,5,0.000528
4,9,801,6,0.000480
4,9,801,7,0.000611
4,9,801,8,0.000585
4,9,801,9,0.000555
4,9,801,10,0.000607
4,9,901,1,0.000519
4,9,901,2,0.000532
4,9,901,3,0.000580
4,9,901,4,0.000579
4,9,901,5,0.000583
4,9,901,6,0.000652
4,9,901,7,0.000545
4,9,901,8,0.000623
4,9,901,9,0.000558
4,9,901,10,0.000531
4,10,1,1,0.000527
4,10,1,2,0.000557
4,10,1,3,0.000557
4,10,1,4,0.000494
4,10,1,5,0.000538
4,10,1,6,0.000447
4,10,1,7,0.000536
4,10,1,8,0.000526
4,10,1,9,0.000534
4,10,1,10,0.000538
4,10,101,1,0.000576
4,10,101,2,0.000596
4,10,101,3,0.000539
4,10,101,4,0.000578
4,10,101,5,0.000530
4,10,101,6,0.000684
4,10,101,7,0.000550
4,10,101,8,0.000677
4,10,101,9,0.000596
4,10,101,10,0.000641
4,10,201,1,0.000564
4,10,201,2,0.000556
4,10,201,3,0.000592
4,10,201,4,0.000605
4,10,201,5,0.000588
4,10,201,6,0.000639
4,10,201,7,0.000587
4,10,201,8,0.000568
4,10,201,9,0.000614
4,10,201,10,0.000637
4,10,301,1,0.000578
4,10,301,2,0.000511
4,10,301,3,0.000575
4,10,301,4,0.000528
4,10,301,5,0.000721
4,10,301,6,0.000571
4,10,301,7,0.000566
4,10,301,8,0.000544
4,10,301,9,0.000538
4,10,301,10,0.000594
4,10,401,1,0.000623
4,10,401,2,0.000557
4,10,401,3,0.000580
4,10,401,4,0.000624
4,10,401,5,0.000550
4,10,401,6,0.000564
4,10,401,7,0.000552
4,10,401,8,0.000618
4,10,401,9,0.000550
4,10,401,10,0.000584
4,10,501,1,0.000604
4,10,501,2,0.000653
4,10,501,3,0.000615
4,10,501,4,0.000648
4,10,501,5,0.000573
4,10,501,6,0.000565
4,10,501,7,0.000538
4,10,501,8,0.000558
4,10,501,9,0.000585
4,10,501,10,0.000561
4,10,601,1,0.000564
4,10,601,2,0.000540
4,10,601,3,0.000546
4,10,601,4,0.000592
4,10,601,5,0.000527
4,10,601,6,0.000574
4,10,601,7,0.000604
4,10,601,8,0.000556
4,10,601,9,0.000608
4,10,601,10,0.000651
4,10,701,1,0.000548
4,10,701,2,0.000577
4,10,701,3,0.000551
4,10,701,4,0.000604
4,10,701,5,0.000579
4,10,701,6,0.000624
4,10,701,7,0.000549
4,10,701,8,0.000629
4,10,701,9,0.000662
4,10,701,10,0.000586
4,10,801,1,0.000609
4,10,801,2,0.000497
4,10,801,3,0.000634
4,10,801,4,0.000575
4,10,801,5,0.000593
4,10,801,6,0.000548
4,10,801,7,0.000565
4,10,801,8,0.000592
4,10,801,9,0.000645
4,10,801,10,0.000630
4,10,901,1,0.000536
4,10,901,2,0.000624
4,10,901,3,0.000604
4,10,901,4,0.000526
4,10,901,5,0.000627
4,10,901,6,0.000571
4,10,901,7,0.000594
4,10,901,8,0.000604
4,10,901,9,0.000619
4,10,901,10,0.000665
4,11,1,1,0.000555
4,11,1,2,0.000507
4,11,1,3,0.000523
4,11,1,4,0.000543
4,11,1,5,0.000475
4,11,1,6,0.000506
4,11,1,7,0.000522
4,11,1,8,0.000527
4,11,1,9,0.000518
4,11,1,10,0.000505
4,11,101,1,0.000587
4,11,101,2,0.000563
4,11,101,3,0.000535
4,11,101,4,0.000520
4,11,101,5,0.000550
4,11,101,6,0.000639
4,11,101,7,0.000632
4,11,101,8,0.000564
4,11,101,9,0.000677
4,11,101,10,0.000539
4,11,201,1,0.000519
4,11,201,2,0.000555
4,11,201,3,0.000611
4,11,201,4,0.000589
4,11,201,5,0.000544
4,11,201,6,0.000567
4,11,201,7,0.000626
4,11,201,8,0.000632
4,11,201,9,0.000598
4,11,201,10,0.000650
4,11,301,1,0.000610
4,11,301,2,0.000564
4,11,301,3,0.000553
4,11,301,4,0.000593
4,11,301,5,0.000554
4,11,301,6,0.000612
4,11,301,7,0.000559
4,11,301,8,0.000595
4,11,301,9,0.000628
4,11,301,10,0.000642
4,11,401,1,0.000616
4,11,401,2,0.000571
4,11,401,3,0.000688
4,11,401,4,0.000637
4,11,401,5,0.000583
4,11,401,6,0.000608
4,11,401,7,0.000514
4,11,401,8,0.000651
4,11,401,9,0.000671
4,11,401,10,0.000569
4,11,501,1,0.000573
4,11,501,2,0.000635
4,11,501,3,0.000623
4,11,501,4,0.000672
4,11,501,5,0.000564
4,11,501,6,0.000581
4,11,501,7,0.000632
4,11,501,8,0.000595
4,11,501,9,0.000536
4,11,501,10,0.000549
4,11,601,1,0.000562
4,11,601,2,0.000619
4,11,601,3,0.000548
4,11,601,4,0.000637
4,11,601,5,0.000572
4,11,601,6,0.000535
4,11,601,7,0.000650
4,11,601,8,0.000660
4,11,601,9,0.000594
4,11,601,10,0.000562
4,11,701,1,0.000552
4,11,701,2,0.000548
4,11,701,3,0.000611
4,11,701,4,0.000627
4,11,701,5,0.000648
4,11,701,6,0.000603
4,11,701,7,0.000588
4,11,701,8,0.000644
4,11,701,9,0.000628
4,11,701,10,0.000602
4,11,801,1,0.000505
4,11,801,2,0.000609
4,11,801,3,0.000648
4,11,801,4,0.000703
4,11,801,5,0.000573
4,11,801,6,0.000676
4,11,801,7,0.000638
4,11,801,8,0.000559
4,11,801,9,0.000597
4,11,801,10,0.000568
4,11,901,1,0.000517
4,11,901,2,0.000512
4,11,901,3,0.000599
4,11,901,4,0.000555
4,11,901,5,0.000581
4,11,901,6,0.000617
4,11,901,7,0.000566
4,11,901,8,0.000575
4,11,901,9,0.000577
4,11,901,10,0.000587
4,12,1,1,0.000531
4,12,1,2,0.000506
4,12,1,3,0.000572
4,12,1,4,0.000582
4,12,1,5,0.000458
4,12,1,6,0.000490
4,12,1,7,0.000508
4,12,1,8,0.000488
4,12,1,9,0.000483
4,12,1,10,0.000516
4,12,101,1,0.000603
4,12,101,2,0.000619
4,12,101,3,0.000592
4,12,101,4,0.000535
4,12,101,5,0.000579
4,12,101,6,0.000541
4,12,101,7,0.000704
4,12,101,8,0.000558
4,12,101,9,0.000598
4,12,101,10,0.000642
4,12,201,1,0.000693
4,12,201,2,0.000623
4,12,201,3,0.000629
4,12,201,4,0.000657
4,12,201,5,0.000568
4,12,201,6,0.000541
4,12,201,7,0.000515
4,12,201,8,0.000548
4,12,201,9,0.000574
4,12,201,10,0.000748
4,12,301,1,0.000635
4,12,301,2,0.000697
4,12,301,3,0.000595
4,12,301,4,0.000614
4,12,301,5,0.000586
4,12,301,6,0.000583
4,12,301,7,0.000591
4,12,301,8,0.000595
4,12,301,9,0.000574
4,12,301,10,0.000564
4,12,401,1,0.000593
4,12,401,2,0.000627
4,12,401,3,0.000587
4,12,401,4,0.000653
4,12,401,5,0.000614
4,12,401,6,0.000576
4,12,401,7,0.000615
4,12,401,8,0.000603
4,12,401,9,0.000614
4,12,401,10,0.000639
4,12,501,1,0.000616
4,12,501,2,0.000665
4,12,501,3,0.000610
4,12,501,4,0.000625
4,12,501,5,0.000593
4,12,501,6,0.000533
4,12,501,7,0.000608
4,12,501,8,0.000485
4,12,501,9,0.000581
4,12,501,10,0.000638
4,12,601,1,0.000555
4,12,601,2,0.000590
4,12,601,3,0.000599
4,12,601,4,0.000583
4,12,601,5,0.000533
4,12,601,6,0.000632
4,12,601,7,0.000662
4,12,601,8,0.000552
4,12,601,9,0.000637
4,12,601,10,0.000511
4,12,701,1,0.000561
4,12,701,2,0.000565
4,12,701,3,0.000550
4,12,701,4,0.000593
4,12,701,5,0.000588
4,12,701,6,0.000539
4,12,701,7,0.000622
4,12,701,8,0.000631
4,12,701,9,0.000568
4,12,701,10,0.000636
4,12,801,1,0.000580
4,12,801,2,0.000547
4,12,801,3,0.000575
4,12,801,4,0.000656
4,12,801,5,0.000514
4,12,801,6,0.000650
4,12,801,7,0.000648
4,12,801,8,0.000577
4,12,801,9,0.000555
4,12,801,10,0.000651
4,12,901,1,0.000620
4,12,901,2,0.000687
4,12,901,3,0.000570
4,12,901,4,0.000545
4,12,901,5,0.000575
4,12,901,6,0.000627
4,12,901,7,0.000587
4,12,901,8,0.000721
4,12,901,9,0.000568
4,12,901,10,0.000663
4,13,1,1,0.000552
4,13,1,2,0.000485
4,13,1,3,0.000555
4,13,1,4,0.000507
4,13,1,5,0.000495
4,13,1,6,0.000524
4,13,1,7,0.000497
4,13,1,8,0.000535
4,13,1,9,0.000525
4,13,1,10,0.000501
4,13,101,1,0.000539
4,13,101,2,0.000585
4,13,101,3,0.000579
4,13,101,4,0.000626
4,13,101,5,0.000610
4,13,101,6,0.000517
4,13,101,7,0.000528
4,13,101,8,0.000575
4,13,101,9,0.000529
4,13,101,10,0.000656
4,13,201,1,0.000637
4,13,201,2,0.000530
4,13,201,3,0.000586
4,13,201,4,0.000600
4,13,201,5,0.000596
4,13,201,6,0.000586
4,13,201,7,0.000565
4,13,201,8,0.000661
4,13,201,9,0.000599
4,13,201,10,0.000698
4,13,301,1,0.000553
4,13,301,2,0.000646
4,13,301,3,0.000534
4,13,301,4,0.000555
4,13,301,5,0.000592
4,13,301,6,0.000699
4,13,301,7,0.000622
4,13,301,8,0.000558
4,13,301,9,0.000624
4,13,301,10,0.000613
4,13,401,1,0.000598
4,13,401,2,0.000549
4,13,401,3,0.000586
4,13,401,4,0.000531
4,13,401,5,0.000629
4,13,401,6,0.000670
4,13,401,7,0.000700
4,13,401,8,0.000711
4,13,401,9,0.000546
4,13,401,10,0.000639
4,13,501,1,0.000582
4,13,501,2,0.000668
4,13,501,3,0.000626
4,13,501,4,0.000560
4,13,501,5,0.000680
4,13,501,6,0.000601
4,13,501,7,0.000593
4,13,501,8,0.000615
4,13,501,9,0.000603
4,13,501,10,0.000706
4,13,601,1,0.000626
4,13,601,2,0.000580
4,13,601,3,0.000684
4,13,601,4,0.000520
4,13,601,5,0.000634
4,13,601,6,0.000528
4,13,601,7,0.000621
4,13,601,8,0.000650
4,13,601,9,0.000577
4,13,601,10,0.000537
4,13,701,1,0.000619
4,13,701,2,0.000601
4,13,701,3,0.000543
4,13,701,4,0.000614
4,13,701,5,0.000610
4,13,701,6,0.000684
4,13,701,7,0.000603
4,13,701,8,0.000672
4,13,701,9,0.000521
4,13,701,10,0.000551
4,13,801,1,0.000597
4,13,801,2,0.000664
4,13,801,3,0.000689
4,13,801,4,0.000627
4,13,801,5,0.000635
4,13,801,6,0.000639
4,13,801,7,0.000601
4,13,801,8,0.000594
4,13,801,9,0.000578
4,13,801,10,0.000578
4,13,901,1,0.000581
4,13,901,2,0.000598
4,13,901,3,0.000621
4,13,901,4,0.000632
4,13,901,5,0.000623
4,13,901,6,0.000566
4,13,901,7,0.000607
4,13,901,8,0.000577
4,13,901,9,0.000542
4,13,901,10,0.000642
4,14,1,1,0.000549
4,14,1,2,0.000585
4,14,1,3,0.000538
4,14,1,4,0.000575
4,14,1,5,0.000570
4,14,1,6,0.000548
4,14,1,7,0.000494
4,14,1,8,0.000512
4,14,1,9,0.000561
4,14,1,10,0.000557
4,14,101,1,0.000595
4,14,101,2,0.000674
4,14,101,3,0.000577
4,14,101,4,0.000555
4,14,101,5,0.000628
4,14,101,6,0.000690
4,14,101,7,0.000590
4,14,101,8,0.000564
4,14,101,9,0.000611
4,14,101,10,0.000608
4,14,201,1,0.000551
4,14,201,2,0.000599
4,14,201,3,0.000675
4,14,201,4,0.000588
4,14,201,5,0.000599
4,14,201,6,0.000569
4,14,201,7,0.000637
4,14,201,8,0.000578
4,14,201,9,0.000583
4,14,201,10,0.000558
4,14,301,1,0.000628
4,14,301,2,0.000563
4,14,301,3,0.000538
4,14,301,4,0.000613
4,14,301,5,0.000616
4,14,301,6,0.000673
4,14,301,7,0.000587
4,14,301,8,0.000605
4,14,301,9,0.000608
4,14,301,10,0.000577
4,14,401,1,0.000629
4,14,401,2,0.000682
4,14,401,3,0.000531
4,14,401,4,0.000688
4,14,401,5,0.000639
4,14,401,6,0.000603
4,14,401,7,0.000581
4,14,401,8,0.000643
4,14,401,9,0.000685
4,14,401,10,0.000718
4,14,501,1,0.000541
4,14,501,2,0.000674
4,14,501,3,0.000545
4,14,501,4,0.000663
4,14,501,5,0.000596
4,14,501,6,0.000605
4,14,501,7,0.000662
4,14,501,8,0.000614
4,14,501,9,0.000604
4,14,501,10,0.000537
4,14,601,1,0.000568
4,14,601,2,0.000656
4,14,601,3,0.000604
4,14,601,4,0.000562
4,14,601,5,0.000682
4,14,601,6,0.000649
4,14,601,7,0.000579
4,14,601,8,0.000622
4,14,601,9,0.000635
4,14,601,10,0.000591
4,14,701,1,0.000653
4,14,701,2,0.000556
4,14,701,3,0.000504
4,14,701,4,0.000577
4,14,701,5,0.000577
4,14,701,6,0.000666
4,14,701,7,0.000693
4,14,701,8,0.000685
4,14,701,9,0.000549
4,14,701,10,0.000598
4,14,801,1,0.000583
4,14,801,2,0.000577
4,14,801,3,0.000610
4,14,801,4,0.000664
4,14,801,5,0.000619
4,14,801,6,0.000678
4,14,801,7,0.000550
4,14,801,8,0.000627
4,14,801,9,0.000570
4,14,801,10,0.000611
4,14,901,1,0.000635
4,14,901,2,0.000572
4,14,901,3,0.000656
4,14,901,4,0.000671
4,14,901,5,0.000575
4,14,901,6,0.000636
4,14,901,7,0.000539
4,14,901,8,0.000628
4,14,901,9,0.000610
4,14,901,10,0.000586
4,15,1,1,0.000549
4,15,1,2,0.000564
4,15,1,3,0.000526
4,15,1,4,0.000548
4,15,1,5,0.000570
4,15,1,6,0.000515
4,15,1,7,0.000514
4,15,1,8,0.000556
4,15,1,9,0.000546
4,15,1,10,0.000565
4,15,101,1,0.000682
4,15,101,2,0.000615
4,15,101,3,0.000706
4,15,101,4,0.000581
4,15,101,5,0.000626
4,15,101,6,0.000525
4,15,101,7,0.000550
4,15,101,8,0.000520
4,15,101,9,0.000652
4,15,101,10,0.000665
4,15,201,1,0.000661
4,15,201,2,0.000555
4,15,201,3,0.000696
4,15,201,4,0.000645
4,15,201,5,0.000776
4,15,201,6,0.000597
4,15,201,7,0.000533
4,15,201,8,0.000606
4,15,201,9,0.000680
4,15,201,10,0.000584
4,15,301,1,0.000639
4,15,301,2,0.000605
4,15,301,3,0.000546
4,15,301,4,0.000709
4,15,301,5,0.000638
4,15,301,6,0.000629
4,15,301,7,0.000608
4,15,301,8,0.000573
4,15,301,9,0.000626
4,15,301,10,0.000595
4,15,401,1,0.000622
4,15,401,2,0.000679
4,15,401,3,0.000593
4,15,401,4,0.000562
4,15,401,5,0.000714
4,15,401,6,0.000632
4,15,401,7,0.000615
4,15,401,8,0.000616
4,15,401,9,0.000644
4,15,401,10,0.000686
4,15,501,1,0.000658
4,15,501,2,0.000639
4,15,501,3,0.000590
4,15,501,4,0.000559
4,15,501,5,0.000631
4,15,501,6,0.000618
4,15,501,7,0.000661
4,15,501,8,0.000625
4,15,501,9,0.000669
4,15,501,10,0.000620
4,15,601,1,0.000560
4,15,601,2,0.000567
4,15,601,3,0.000605
4,15,601,4,0.000612
4,15,601,5,0.000601
4,15,601,6,0.000706
4,15,601,7,0.000596
4,15,601,8,0.000590
4,15,601,9,0.000781
4,15,601,10,0.000690
4,15,701,1,0.000564
4,15,701,2,0.000684
4,15,701,3,0.000609
4,15,701,4,0.000621
4,15,701,5,0.000596
4,15,701,6,0.000551
4,15,701,7,0.000596
4,15,701,8,0.000516
4,15,701,9,0.000598
4,15,701,10,0.000576
4,15,801,1,0.000613
4,15,801,2,0.000552
4,15,801,3,0.000649
4,15,801,4,0.000543
4,15,801,5,0.000636
4,15,801,6,0.000590
4,15,801,7,0.000554
4,15,801,8,0.000642
4,15,801,9,0.000572
4,15,801,10,0.000589
4,15,901,1,0.000699
4,15,901,2,0.000681
4,15,901,3,0.000597
4,15,901,4,0.000586
4,15,901,5,0.000670
4,15,901,6,0.000616
4,15,901,7,0.000616
4,15,901,8,0.000593
4,15,901,9,0.000651
4,15,901,10,0.000640
4,16,1,1,0.000501
4,16,1,2,0.000558
4,16,1,3,0.000509
4,16,1,4,0.000563
4,16,1,5,0.000494
4,16,1,6,0.000557
4,16,1,7,0.000556
4,16,1,8,0.000531
4,16,1,9,0.000521
4,16,1,10,0.000474
4,16,101,1,0.000698
4,16,101,2,0.000613
4,16,101,3,0.000656
4,16,101,4,0.000521
4,16,101,5,0.000604
4,16,101,6,0.000643
4,16,101,7,0.000536
4,16,101,8,0.000527
4,16,101,9,0.000613
4,16,101,10,0.000601
4,16,201,1,0.000565
4,16,201,2,0.000602
4,16,201,3,0.000614
4,16,201,4,0.000584
4,16,201,5,0.000592
4,16,201,6,0.000690
4,16,201,7,0.000616
4,16,201,8,0.000611
4,16,201,9,0.000680
4,16,201,10,0.000538
4,16,301,1,0.000621
4,16,301,2,0.000667
4,16,301,3,0.000565
4,16,301,4,0.000566
4,16,301,5,0.000673
4,16,301,6,0.000591
4,16,301,7,0.000662
4,16,301,8,0.000555
4,16,301,9,0.000650
4,16,301,10,0.000639
4,16,401,1,0.000541
4,16,401,2,0.000647
4,16,401,3,0.000621
4,16,401,4,0.000596
4,16,401,5,0.000505
4,16,401,6,0.000634
4,16,401,7,0.000575
4,16,401,8,0.000505
4,16,401,9,0.000687
4,16,401,10,0.000740
4,16,501,1,0.000585
4,16,501,2,0.000588
4,16,501,3,0.000720
4,16,501,4,0.000619
4,16,501,5,0.000625
4,16,501,6,0.000567
4,16,501,7,0.000624
4,16,501,8,0.000560
4,16,501,9,0.000571
4,16,501,10,0.000609
4,16,601,1,0.000594
4,16,601,2,0.000577
4,16,601,3,0.000692
4,16,601,4,0.000603
4,16,601,5,0.000555
4,16,601,6,0.000561
4,16,601,7,0.000520
4,16,601,8,0.000584
4,16,601,9,0.000617
4,16,601,10,0.000612
4,16,701,1,0.000661
4,16,701,2,0.000695
4,16,701,3,0.000644
4,16,701,4,0.000753
4,16,701,5,0.000576
4,16,701,6,0.000605
4,16,701,7,0.000698
4,16,701,8,0.000530
4,16,701,9,0.000573
4,16,701,10,0.000724
4,16,801,1,0.000644
4,16,801,2,0.000580
4,16,801,3,0.000597
4,16,801,4,0.000619
4,16,801,5,0.000587
4,16,801,6,0.000549
4,16,801,7,0.000544
4,16,801,8,0.000683
4,16,801,9,0.000734
4,16,801,10,0.000615
4,16,901,1,0.000607
4,16,901,2,0.000606
4,16,901,3,0.000602
4,16,901,4,0.000623
4,16,901,5,0.000554
4,16,901,6,0.000587
4,16,901,7,0.000529
4,16,901,8,0.000546
4,16,901,9,0.000718
4,16,901,10,0.000567
4,17,1,1,0.000564
4,17,1,2,0.000533
4,17,1,3,0.000489
4,17,1,4,0.000498
4,17,1,5,0.000566
4,17,1,6,0.000517
4,17,1,7,0.000444
4,17,1,8,0.000477
4,17,1,9,0.000531
4,17,1,10,0.000500
4,17,101,1,0.000695
4,17,101,2,0.000540
4,17,101,3,0.000753
4,17,101,4,0.000762
4,17,101,5,0.000702
4,17,101,6,0.000625
4,17,101,7,0.000619
4,17,101,8,0.000632
4,17,101,9,0.000557
4,17,101,10,0.000601
4,17,201,1,0.000677
4,17,201,2,0.000570
4,17,201,3,0.000612
4,17,201,4,0.000694
4,17,201,5,0.000525
4,17,201,6,0.000626
4,17,201,7,0.000756
4,17,201,8,0.000701
4,17,201,9,0.000542
4,17,201,10,0.000720
4,17,301,1,0.000569
4,17,301,2,0.000790
4,17,301,3,0.000586
4,17,301,4,0.000596
4,17,301,5,0.000678
4,17,301,6,0.000692
4,17,301,7,0.000578
4,17,301,8,0.000639
4,17,301,9,0.000607
4,17,301,10,0.000727
4,17,401,1,0.000617
4,17,401,2,0.000555
4,17,401,3,0.000607
4,17,401,4,0.000610
4,17,401,5,0.000752
4,17,401,6,0.000626
4,17,401,7,0.000633
4,17,401,8,0.000641
4,17,401,9,0.000626
4,17,401,10,0.000598
4,17,501,1,0.000654
4,17,501,2,0.000577
4,17,501,3,0.000611
4,17,501,4,0.000658
4,17,501,5,0.000631
4,17,501,6,0.000636
4,17,501,7,0.000634
4,17,501,8,0.000622
4,17,501,9,0.000651
4,17,501,10,0.000526
4,17,601,1,0.000683
4,17,601,2,0.000689
4,17,601,3,0.000609
4,17,601,4,0.000615
4,17,601,5,0.000626
4,17,601,6,0.000699
4,17,601,7,0.000612
4,17,601,8,0.000547
4,17,601,9,0.000635
4,17,601,10,0.000603
4,17,701,1,0.000619
4,17,701,2,0.000565
4,17,701,3,0.000640
4,17,701,4,0.000699
4,17,701,5,0.000601
4,17,701,6,0.000621
4,17,701,7,0.000651
4,17,701,8,0.000615
4,17,701,9,0.000604
4,17,701,10,0.000663
4,17,801,1,0.000586
4,17,801,2,0.000598
4,17,801,3,0.000681
4,17,801,4,0.000581
4,17,801,5,0.000671
4,17,801,6,0.000613
4,17,801,7,0.000645
4,17,801,8,0.000626
4,17,801,9,0.000598
4,17,801,10,0.000583
4,17,901,1,0.000677
4,17,901,2,0.000572
4,17,901,3,0.000625
4,17,901,4,0.000634
4,17,901,5,0.000710
4,17,901,6,0.000578
4,17,901,7,0.000655
4,17,901,8,0.000643
4,17,901,9,0.000619
4,17,901,10,0.000678
4,18,1,1,0.000540
4,18,1,2,0.000535
4,18,1,3,0.000527
4,18,1,4,0.000496
4,18,1,5,0.000548
4,18,1,6,0.000478
4,18,1,7,0.000548
4,18,1,8,0.000559
4,18,1,9,0.000526
4,18,1,10,0.000549
4,18,101,1,0.000746
4,18,101,2,0.000697
4,18,101,3,0.000612
4,18,101,4,0.000619
4,18,101,5,0.000645
4,18,101,6,0.000615
4,18,101,7,0.000558
4,18,101,8,0.000685
4,18,101,9,0.000670
4,18,101,10,0.000520
4,18,201,1,0.000622
4,18,201,2,0.000657
4,18,201,3,0.000677
4,18,201,4,0.000653
4,18,201,5,0.000633
4,18,201,6,0.000640
4,18,201,7,0.000705
4,18,201,8,0.000591
4,18,201,9,0.000656
4,18,201,10,0.000646
4,18,301,1,0.000615
4,18,301,2,0.000590
4,18,301,3,0.000695
4,18,301,4,0.000763
4,18,301,5,0.000638
4,18,301,6,0.000597
4,18,301,7,0.000667
4,18,301,8,0.000565
4,18,301,9,0.000547
4,18,301,10,0.000640
4,18,401,1,0.000649
4,18,401,2,0.000646
4,18,401,3,0.000548
4,18,401,4,0.000584
4,18,401,5,0.000626
4,18,401,6,0.000643
4,18,401,7,0.000661
4,18,401,8,0.000618
4,18,401,9,0.000657
4,18,401,10,0.000746
4,18,501,1,0.000663
4,18,501,2,0.000537
4,18,501,3,0.000620
4,18,501,4,0.000642
4,18,501,5,0.000609
4,18,501,6,0.000681
4,18,501,7,0.000594
4,18,501,8,0.000651
4,18,501,9,0.000639
4,18,501,10,0.000723
4,18,601,1,0.000689
4,18,601,2,0.000619
4,18,601,3,0.000573
4,18,601,4,0.000602
4,18,601,5,0.000601
4,18,601,6,0.000592
4,18,601,7,0.000565
4,18,601,8,0.000646
4,18,601,9,0.000622
4,18,601,10,0.000638
4,18,701,1,0.000691
4,18,701,2,0.000611
4,18,701,3,0.000639
4,18,701,4,0.000652
4,18,701,5,0.000661
4,18,701,6,0.000593
4,18,701,7,0.000621
4,18,701,8,0.000654
4,18,701,9,0.000641
4,18,701,10,0.000615
4,18,801,1,0.000560
4,18,801,2,0.000661
4,18,801,3,0.000660
4,18,801,4,0.000704
4,18,801,5,0.000636
4,18,801,6,0.000629
4,18,801,7,0.000530
4,18,801,8,0.000638
4,18,801,9,0.000633
4,18,801,10,0.000692
4,18,901,1,0.000605
4,18,901,2,0.000582
4,18,901,3,0.000600
4,18,901,4,0.000707
4,18,901,5,0.000572
4,18,901,6,0.000595
4,18,901,7,0.000708
4,18,901,8,0.000714
4,18,901,9,0.000668
4,18,901,10,0.000668
4,19,1,1,0.000548
4,19,1,2,0.000515
4,19,1,3,0.000561
4,19,1,4,0.000546
4,19,1,5,0.000520
4,19,1,6,0.000522
4,19,1,7,0.000517
4,19,1,8,0.000565
4,19,1,9,0.000501
4,19,1,10,0.000543
4,19,101,1,0.000587
4,19,101,2,0.000566
4,19,101,3,0.000646
4,19,101,4,0.000641
4,19,101,5,0.000745
4,19,101,6,0.000594
4,19,101,7,0.000557
4,19,101,8,0.000653
4,19,101,9,0.000628
4,19,101,10,0.000652
4,19,201,1,0.000710
4,19,201,2,0.000661
4,19,201,3,0.000648
4,19,201,4,0.000605
4,19,201,5,0.000607
4,19,201,6,0.000663
4,19,201,7,0.000596
4,19,201,8,0.000620
4,19,201,9,0.000648
4,19,201,10,0.000600
4,19,301,1,0.000671
4,19,301,2,0.000740
4,19,301,3,0.000680
4,19,301,4,0.000740
4,19,301,5,0.000581
4,19,301,6,0.000655
4,19,301,7,0.000607
4,19,301,8,0.000610
4,19,301,9,0.000557
4,19,301,10,0.000588
4,19,401,1,0.000540
4,19,401,2,0.000578
4,19,401,3,0.000581
4,19,401,4,0.000758
4,19,401,5,0.000639
4,19,401,6,0.000667
4,19,401,7,0.000574
4,19,401,8,0.000764
4,19,401,9,0.000701
4,19,401,10,0.000577
4,19,501,1,0.000612
4,19,501,2,0.000684
4,19,501,3,0.000694
4,19,501,4,0.000655
4,19,501,5,0.000683
4,19,501,6,0.000705
4,19,501,7,0.000616
4,19,501,8,0.000642
4,19,501,9,0.000653
4,19,501,10,0.000645
4,19,601,1,0.000589
4,19,601,2,0.000634
4,19,601,3,0.000574
4,19,601,4,0.000563
4,19,601,5,0.000652
4,19,601,6,0.000666
4,19,601,7,0.000629
4,19,601,8,0.000663
4,19,601,9,0.000691
4,19,601,10,0.000587
4,19,701,1,0.000668
4,19,701,2,0.000616
4,19,701,3,0.000686
4,19,701,4,0.000689
4,19,701,5,0.000664
4,19,701,6,0.000670
4,19,701,7,0.000639
4,19,701,8,0.000625
4,19,701,9,0.000588
4,19,701,10,0.000691
4,19,801,1,0.000670
4,19,801,2,0.000607
4,19,801,3,0.000651
4,19,801,4,0.000624
4,19,801,5,0.000672
4,19,801,6,0.000741
4,19,801,7,0.000528
4,19,801,8,0.000613
4,19,801,9,0.000688
4,19,801,10,0.000620
4,19,901,1,0.000588
4,19,901,2,0.000576
4,19,901,3,0.000713
4,19,901,4,0.000612
4,19,901,5,0.000679
4,19,901,6,0.000587
4,19,901,7,0.000663
4,19,901,8,0.000597
4,19,901,9,0.000637
4,19,901,10,0.000646
4,20,1,1,0.000538
4,20,1,2,0.000510
4,20,1,3,0.000555
4,20,1,4,0.000482
4,20,1,5,0.000590
4,20,1,6,0.000499
4,20,1,7,0.000512
4,20,1,8,0.000526
4,20,1,9,0.000511
4,20,1,10,0.000518
4,20,101,1,0.000525
4,20,101,2,0.000641
4,20,101,3,0.000649
4,20,101,4,0.000650
4,20,101,5,0.000631
4,20,101,6,0.000593
4,20,101,7,0.000569
4,20,101,8,0.000664
4,20,101,9,0.000663
4,20,101,10,0.000599
4,20,201,1,0.000692
4,20,201,2,0.000579
4,20,201,3,0.000590
4,20,201,4,0.000665
4,20,201,5,0.000620
4,20,201,6,0.000698
4,20,201,7,0.000712
4,20,201,8,0.000599
4,20,201,9,0.000647
4,20,201,10,0.000721
4,20,301,1,0.000633
4,20,301,2,0.000621
4,20,301,3,0.000636
4,20,301,4,0.000776
4,20,301,5,0.000696
4,20,301,6,0.000655
4,20,301,7,0.000623
4,20,301,8,0.000559
4,20,301,9,0.000648
4,20,301,10,0.000621
4,20,401,1,0.000672
4,20,401,2,0.000587
4,20,401,3,0.000681
4,20,401,4,0.000637
4,20,401,5,0.000653
4,20,401,6,0.000544
4,20,401,7,0.000601
4,20,401,8,0.000605
4,20,401,9,0.000640
4,20,401,10,0.000618
4,20,501,1,0.000603
4,20,501,2,0.000556
4,20,501,3,0.000687
4,20,501,4,0.000618
4,20,501,5,0.000664
4,20,501,6,0.000586
4,20,501,7,0.000613
4,20,501,8,0.000547
4,20,501,9,0.000587
4,20,501,10,0.000745
4,20,601,1,0.000648
4,20,601,2,0.000566
4,20,601,3,0.000736
4,20,601,4,0.000643
4,20,601,5,0.000555
4,20,601,6,0.000582
4,20,601,7,0.000536
4,20,601,8,0.000634
4,20,601,9,0.000682
4,20,601,10,0.000654
4,20,701,1,0.000737
4,20,701,2,0.000606
4,20,701,3,0.000708
4,20,701,4,0.000586
4,20,701,5,0.000636
4,20,701,6,0.000533
4,20,701,7,0.000760
4,20,701,8,0.000538
4,20,701,9,0.000572
4,20,701,10,0.000573
4,20,801,1,0.000598
4,20,801,2,0.000629
4,20,801,3,0.000618
4,20,801,4,0.000695
4,20,801,5,0.000678
4,20,801,6,0.000641
4,20,801,7,0.000522
4,20,801,8,0.000745
4,20,801,9,0.000573
4,20,801,10,0.000559
4,20,901,1,0.000551
4,20,901,2,0.000713
4,20,901,3,0.000617
4,20,901,4,0.000649
4,20,901,5,0.000641
4,20,901,6,0.000643
4,20,901,7,0.000571
4,20,901,8,0.000646
4,20,901,9,0.000595
4,20,901,10,0.000615
8,1,1,1,0.000652
8,1,1,2,0.000675
8,1,1,3,0.000623
8,1,1,4,0.000645
8,1,1,5,0.000654
8,1,1,6,0.000681
8,1,1,7,0.000627
8,1,1,8,0.000630
8,1,1,9,0.000629
8,1,1,10,0.000582
8,1,101,1,0.000658
8,1,101,2,0.000638
8,1,101,3,0.001093
8,1,101,4,0.000705
8,1,101,5,0.000638
8,1,101,6,0.000657
8,1,101,7,0.000595
8,1,101,8,0.000609
8,1,101,9,0.000606
8,1,101,10,0.000647
8,1,201,1,0.000639
8,1,201,2,0.000661
8,1,201,3,0.000626
8,1,201,4,0.000645
8,1,201,5,0.000595
8,1,201,6,0.000648
8,1,201,7,0.000629
8,1,201,8,0.000644
8,1,201,9,0.000638
8,1,201,10,0.001117
8,1,301,1,0.000610
8,1,301,2,0.000653
8,1,301,3,0.000617
8,1,301,4,0.000652
8,1,301,5,0.000660
8,1,301,6,0.000628
8,1,301,7,0.000616
8,1,301,8,0.000676
8,1,301,9,0.000607
8,1,301,10,0.000666
8,1,401,1,0.000670
8,1,401,2,0.000644
8,1,401,3,0.000640
8,1,401,4,0.000646
8,1,401,5,0.000709
8,1,401,6,0.000575
8,1,401,7,0.000648
8,1,401,8,0.000649
8,1,401,9,0.000631
8,1,401,10,0.000643
8,1,501,1,0.000653
8,1,501,2,0.000630
8,1,501,3,0.000621
8,1,501,4,0.000651
8,1,501,5,0.000697
8,1,501,6,0.000608
8,1,501,7,0.000606
8,1,501,8,0.000661
8,1,501,9,0.000619
8,1,501,10,0.000633
8,1,601,1,0.000647
8,1,601,2,0.000632
8,1,601,3,0.000620
8,1,601,4,0.000630
8,1,601,5,0.000646
8,1,601,6,0.000604
8,1,601,7,0.000665
8,1,601,8,0.000703
8,1,601,9,0.000628
8,1,601,10,0.000637
8,1,701,1,0.000679
8,1,701,2,0.000670
8,1,701,3,0.000702
8,1,701,4,0.000613
8,1,701,5,0.000651
8,1,701,6,0.000711
8,1,701,7,0.000609
8,1,701,8,0.000678
8,1,701,9,0.000583
8,1,701,10,0.000632
8,1,801,1,0.000636
8,1,801,2,0.000644
8,1,801,3,0.000655
8,1,801,4,0.000601
8,1,801,5,0.000607
8,1,801,6,0.000667
8,1,801,7,0.000672
8,1,801,8,0.000632
8,1,801,9,0.000674
8,1,801,10,0.000657
8,1,901,1,0.000641
8,1,901,2,0.000671
8,1,901,3,0.000624
8,1,901,4,0.000657
8,1,901,5,0.000641
8,1,901,6,0.000618
8,1,901,7,0.000630
8,1,901,8,0.000653
8,1,901,9,0.000656
8,1,901,10,0.000689
8,2,1,1,0.000632
8,2,1,2,0.000682
8,2,1,3,0.000621
8,2,1,4,0.000645
8,2,1,5,0.000620
8,2,1,6,0.000665
8,2,1,7,0.000637
8,2,1,8,0.000678
8,2,1,9,0.000730
8,2,1,10,0.000632
8,2,101,1,0.000646
8,2,101,2,0.000669
8,2,101,3,0.000661
8,2,101,4,0.000612
8,2,101,5,0.000728
8,2,101,6,0.000597
8,2,101,7,0.000597
8,2,101,8,0.000605
8,2,101,9,0.000665
8,2,101,10,0.000601
8,2,201,1,0.000634
8,2,201,2,0.000683
8,2,201,3,0.000616
8,2,201,4,0.000686
8,2,201,5,0.000591
8,2,201,6,0.000638
8,2,201,7,0.000572
8,2,201,8,0.000667
8,2,201,9,0.000641
8,2,201,10,0.000624
8,2,301,1,0.000644
8,2,301,2,0.000630
8,2,301,3,0.000640
8,2,301,4,0.000652
8,2,301,5,0.000766
8,2,301,6,0.000581
8,2,301,7,0.000596
8,2,301,8,0.000595
8,2,301,9,0.000636
8,2,301,10,0.000680
8,2,401,1,0.000591
8,2,401,2,0.000629
8,2,401,3,0.000576
8,2,401,4,0.000587
8,2,401,5,0.000666
8,2,401,6,0.000639
8,2,401,7,0.000635
8,2,401,8,0.000615
8,2,401,9,0.000613
8,2,401,10,0.000612
8,2,501,1,0.000674
8,2,501,2,0.000585
8,2,501,3,0.000617
8,2,501,4,0.000694
8,2,501,5,0.000615
8,2,501,6,0.000702
8,2,501,7,0.000652
8,2,501,8,0.000666
8,2,501,9,0.000604
8,2,501,10,0.000630
8,2,601,1,0.000602
8,2,601,2,0.000669
8,2,601,3,0.000635
8,2,601,4,0.000611
8,2,601,5,0.000648
8,2,601,6,0.000655
8,2,601,7,0.000609
8,2,601,8,0.000616
8,2,601,9,0.000630
8,2,601,10,0.000616
8,2,701,1,0.000591
8,2,701,2,0.000677
8,2,701,3,0.000638
8,2,701,4,0.000586
8,2,701,5,0.000665
8,2,701,6,0.000635
8,2,701,7,0.000632
8,2,701,8,0.000612
8,2,701,9,0.000582
8,2,701,10,0.000616
8,2,801,1,0.000597
8,2,801,2,0.000569
8,2,801,3,0.000606
8,2,801,4,0.000686
8,2,801,5,0.000571
8,2,801,6,0.000590
8,2,801,7,0.000573
8,2,801,8,0.000682
8,2,801,9,0.000684
8,2,801,10,0.000556
8,2,901,1,0.000625
8,2,901,2,0.000601
8,2,901,3,0.000662
8,2,901,4,0.000588
8,2,901,5,0.000631
8,2,901,6,0.000631
8,2,901,7,0.000564
8,2,901,8,0.000627
8,2,901,9,0.000681
8,2,901,10,0.000614
8,3,1,1,0.000650
8,3,1,2,0.000697
8,3,1,3,0.000663
8,3,1,4,0.000631
8,3,1,5,0.001136
8,3,1,6,0.000648
8,3,1,7,0.000627
8,3,1,8,0.000673
8,3,1,9,0.000695
8,3,1,10,0.000676
8,3,101,1,0.000551
8,3,101,2,0.000598
8,3,101,3,0.000621
8,3,101,4,0.000636
8,3,101,5,0.000589
8,3,101,6,0.000612
8,3,101,7,0.000571
8,3,101,8,0.000646
8,3,101,9,0.000616
8,3,101,10,0.000607
8,3,201,1,0.000587
8,3,201,2,0.000590
8,3,201,3,0.000606
8,3,201,4,0.000591
8,3,201,5,0.000683
8,3,201,6,0.000614
8,3,201,7,0.000662
8,3,201,8,0.000637
8,3,201,9,0.000608
8,3,201,10,0.000596
8,3,301,1,0.000707
8,3,301,2,0.000659
8,3,301,3,0.000609
8,3,301,4,0.000764
8,3,301,5,0.000607
8,3,301,6,0.000604
8,3,301,7,0.000636
8,3,301,8,0.000588
8,3,301,9,0.000631
8,3,301,10,0.000661
8,3,401,1,0.000614
8,3,401,2,0.000722
8,3,401,3,0.000617
8,3,401,4,0.000653
8,3,401,5,0.000637
8,3,401,6,0.000590
8,3,401,7,0.000669
8,3,401,8,0.000627
8,3,401,9,0.000636
8,3,401,10,0.000651
8,3,501,1,0.000633
8,3,501,2,0.000637
8,3,501,3,0.000583
8,3,501,4,0.000593
8,3,501,5,0.000666
8,3,501,6,0.000622
8,3,501,7,0.000627
8,3,501,8,0.000645
8,3,501,9,0.000638
8,3,501,10,0.000608
8,3,601,1,0.000623
8,3,601,2,0.000703
8,3,601,3,0.000639
8,3,601,4,0.000656
8,3,601,5,0.000639
8,3,601,6,0.000623
8,3,601,7,0.000586
8,3,601,8,0.000645
8,3,601,9,0.000667
8,3,601,10,0.000604
8,3,701,1,0.000678
8,3,701,2,0.000607
8,3,701,3,0.000626
8,3,701,4,0.000594
8,3,701,5,0.000701
8,3,701,6,0.000683
8,3,701,7,0.000615
8,3,701,8,0.000664
8,3,701,9,0.000682
8,3,701,10,0.000666
8,3,801,1,0.000619
8,3,801,2,0.000649
8,3,801,3,0.000665
8,3,801,4,0.000688
8,3,801,5,0.000654
8,3,801,6,0.000636
8,3,801,7,0.000641
8,3,801,8,0.000625
8,3,801,9,0.000605
8,3,801,10,0.000742
8,3,901,1,0.001039
8,3,901,2,0.000619
8,3,901,3,0.000623
8,3,901,4,0.000571
8,3,901,5,0.000621
8,3,901,6,0.000689
8,3,901,7,0.000648
8,3,901,8,0.000638
8,3,901,9,0.000632
8,3,901,10,0.000632
8,4,1,1,0.000675
8,4,1,2,0.000675
8,4,1,3,0.000639
8,4,1,4,0.000667
8,4,1,5,0.000671
8,4,1,6,0.000676
8,4,1,7,0.000721
8,4,1,8,0.000677
8,4,1,9,0.000684
8,4,1,10,0.000632
8,4,101,1,0.000664
8,4,101,2,0.000686
8,4,101,3,0.000694
8,4,101,4,0.000636
8,4,101,5,0.000643
8,4,101,6,0.000717
8,4,101,7,0.000679
8,4,101,8,0.000616
8,4,101,9,0.000694
8,4,101,10,0.000675
8,4,201,1,0.000636
8,4,201,2,0.001120
8,4,201,3,0.000687
8,4,201,4,0.000652
8,4,201,5,0.000641
8,4,201,6,0.000704
8,4,201,7,0.000664
8,4,201,8,0.000674
8,4,201,9,0.000594
8,4,201,10,0.000614
8,4,301,1,0.000631
8,4,301,2,0.000675
8,4,301,3,0.000664
8,4,301,4,0.000725
8,4,301,5,0.000677
8,4,301,6,0.000708
8,4,301,7,0.000668
8,4,301,8,0.000640
8,4,301,9,0.000625
8,4,301,10,0.000713
8,4,401,1,0.000619
8,4,401,2,0.000701
8,4,401,3,0.000633
8,4,401,4,0.000713
8,4,401,5,0.000704
8,4,401,6,0.000724
8,4,401,7,0.000697
8,4,401,8,0.000630
8,4,401,9,0.000619
8,4,401,10,0.000640
8,4,501,1,0.000643
8,4,501,2,0.000710
8,4,501,3,0.000645
8,4,501,4,0.000632
8,4,501,5,0.000814
8,4,501,6,0.000703
8,4,501,7,0.000655
8,4,501,8,0.000673
8,4,501,9,0.000730
8,4,501,10,0.000686
8,4,601,1,0.000732
8,4,601,2,0.000683
8,4,601,3,0.000660
8,4,601,4,0.000686
8,4,601,5,0.000684
8,4,601,6,0.000711
8,4,601,7,0.000640
8,4,601,8,0.000653
8,4,601,9,0.000605
8,4,601,10,0.000695
8,4,701,1,0.000742
8,4,701,2,0.000647
8,4,701,3,0.000627
8,4,701,4,0.000734
8,4,701,5,0.000695
8,4,701,6,0.000649
8,4,701,7,0.000696
8,4,701,8,0.000757
8,4,701,9,0.000721
8,4,701,10,0.000678
8,4,801,1,0.000678
8,4,801,2,0.000651
8,4,801,3,0.000670
8,4,801,4,0.000666
8,4,801,5,0.000600
8,4,801,6,0.000780
8,4,801,7,0.000660
8,4,801,8,0.000629
8,4,801,9,0.000737
8,4,801,10,0.000702
8,4,901,1,0.000679
8,4,901,2,0.000637
8,4,901,3,0.000677
8,4,901,4,0.000722
8,4,901,5,0.000629
8,4,901,6,0.000650
8,4,901,7,0.000621
8,4,901,8,0.000717
8,4,901,9,0.000653
8,4,901,10,0.000633
8,5,1,1,0.000669
8,5,1,2,0.001122
8,5,1,3,0.000614
8,5,1,4,0.000666
8,5,1,5,0.000564
8,5,1,6,0.000658
8,5,1,7,0.000567
8,5,1,8,0.000636
8,5,1,9,0.000675
8,5,1,10,0.000603
8,5,101,1,0.000685
8,5,101,2,0.000639
8,5,101,3,0.000640
8,5,101,4,0.000618
8,5,101,5,0.000673
8,5,101,6,0.000652
8,5,101,7,0.000607
8,5,101,8,0.000655
8,5,101,9,0.000633
8,5,101,10,0.000701
8,5,201,1,0.000635
8,5,201,2,0.000680
8,5,201,3,0.000754
8,5,201,4,0.000746
8,5,201,5,0.000626
8,5,201,6,0.000616
8,5,201,7,0.000657
8,5,201,8,0.000666
8,5,201,9,0.000672
8,5,201,10,0.000692
8,5,301,1,0.000642
8,5,301,2,0.000660
8,5,301,3,0.000647
8,5,301,4,0.000600
8,5,301,5,0.000703
8,5,301,6,0.000621
8,5,301,7,0.000625
8,5,301,8,0.000691
8,5,301,9,0.000669
8,5,301,10,0.000626
8,5,401,1,0.000636
8,5,401,2,0.000647
8,5,401,3,0.000596
8,5,401,4,0.000693
8,5,401,5,0.000639
8,5,401,6,0.000706
8,5,401,7,0.000624
8,5,401,8,0.000712
8,5,401,9,0.000622
8,5,401,10,0.000662
8,5,501,1,0.000640
8,5,501,2,0.000739
8,5,501,3,0.000708
8,5,501,4,0.000602
8,5,501,5,0.000693
8,5,501,6,0.000699
8,5,501,7,0.000659
8,5,501,8,0.000649
8,5,501,9,0.000731
8,5,501,10,0.000619
8,5,601,1,0.000636
8,5,601,2,0.000723
8,5,601,3,0.000659
8,5,601,4,0.000687
8,5,601,5,0.000594
8,5,601,6,0.000673
8,5,601,7,0.000719
8,5,601,8,0.000656
8,5,601,9,0.000682
8,5,601,10,0.000670
8,5,701,1,0.000643
8,5,701,2,0.000674
8,5,701,3,0.000705
8,5,701,4,0.000678
8,5,701,5,0.000706
8,5,701,6,0.000649
8,5,701,7,0.000753
8,5,701,8,0.000654
8,5,701,9,0.000598
8,5,701,10,0.000737
8,5,801,1,0.000699
8,5,801,2,0.000650
8,5,801,3,0.000637
8,5,801,4,0.000673
8,5,801,5,0.000690
8,5,801,6,0.000688
8,5,801,7,0.000612
8,5,801,8,0.000663
8,5,801,9,0.000716
8,5,801,10,0.000732
8,5,901,1,0.000601
8,5,901,2,0.000666
8,5,901,3,0.000621
8,5,901,4,0.000692
8,5,901,5,0.000727
8,5,901,6,0.000845
8,5,901,7,0.000588
8,5,901,8,0.000714
8,5,901,9,0.000670
8,5,901,10,0.000668
8,6,1,1,0.000656
8,6,1,2,0.000666
8,6,1,3,0.000647
8,6,1,4,0.000643
8,6,1,5,0.000654
8,6,1,6,0.000629
8,6,1,7,0.000573
8,6,1,8,0.000588
8,6,1,9,0.000733
8,6,1,10,0.000623
8,6,101,1,0.000602
8,6,101,2,0.000687
8,6,101,3,0.000725
8,6,101,4,0.000594
8,6,101,5,0.000658
8,6,101,6,0.000655
8,6,101,7,0.000731
8,6,101,8,0.000628
8,6,101,9,0.000602
8,6,101,10,0.000643
8,6,201,1,0.000705
8,6,201,2,0.001156
8,6,201,3,0.000671
8,6,201,4,0.000765
8,6,201,5,0.000754
8,6,201,6,0.000602
8,6,201,7,0.000701
8,6,201,8,0.000607
8,6,201,9,0.000611
8,6,201,10,0.000676
8,6,301,1,0.000616
8,6,301,2,0.000734
8,6,301,3,0.000633
8,6,301,4,0.000637
8,6,301,5,0.000619
8,6,301,6,0.000611
8,6,301,7,0.000816
8,6,301,8,0.000677
8,6,301,9,0.000650
8,6,301,10,0.000714
8,6,401,1,0.000641
8,6,401,2,0.000647
8,6,401,3,0.000663
8,6,401,4,0.000697
8,6,401,5,0.000633
8,6,401,6,0.000694
8,6,401,7,0.000665
8,6,401,8,0.000676
8,6,401,9,0.000688
8,6,401,10,0.000640
8,6,501,1,0.000646
8,6,501,2,0.000755
8,6,501,3,0.000721
8,6,501,4,0.000657
8,6,501,5,0.001043
8,6,501,6,0.000670
8,6,501,7,0.000642
8,6,501,8,0.000625
8,6,501,9,0.000764
8,6,501,10,0.000664
8,6,601,1,0.000734
8,6,601,2,0.000688
8,6,601,3,0.000656
8,6,601,4,0.000675
8,6,601,5,0.000629
8,6,601,6,0.000652
8,6,601,7,0.000727
8,6,601,8,0.000786
8,6,601,9,0.000673
8,6,601,10,0.000637
8,6,701,1,0.000577
8,6,701,2,0.000723
8,6,701,3,0.000768
8,6,701,4,0.000633
8,6,701,5,0.000649
8,6,701,6,0.000664
8,6,701,7,0.000630
8,6,701,8,0.000672
8,6,701,9,0.000626
8,6,701,10,0.000730
8,6,801,1,0.000699
8,6,801,2,0.000690
8,6,801,3,0.000596
8,6,801,4,0.000670
8,6,801,5,0.000650
8,6,801,6,0.000636
8,6,801,7,0.000621
8,6,801,8,0.000670
8,6,801,9,0.000766
8,6,801,10,0.000731
8,6,901,1,0.000697
8,6,901,2,0.000616
8,6,901,3,0.000691
8,6,901,4,0.000762
8,6,901,5,0.000643
8,6,901,6,0.000635
8,6,901,7,0.000765
8,6,901,8,0.000609
8,6,901,9,0.000618
8,6,901,10,0.000656
8,7,1,1,0.000633
8,7,1,2,0.000676
8,7,1,3,0.000640
8,7,1,4,0.000645
8,7,1,5,0.000651
8,7,1,6,0.000699
8,7,1,7,0.000628
8,7,1,8,0.000637
8,7,1,9,0.000661
8,7,1,10,0.000700
8,7,101,1,0.000635
8,7,101,2,0.000722
8,7,101,3,0.000693
8,7,101,4,0.000784
8,7,101,5,0.000641
8,7,101,6,0.000736
8,7,101,7,0.000651
8,7,101,8,0.000667
8,7,101,9,0.000692
8,7,101,10,0.000615
8,7,201,1,0.000790
8,7,201,2,0.000668
8,7,201,3,0.000670
8,7,201,4,0.000631
8,7,201,5,0.000639
8,7,201,6,0.000767
8,7,201,7,0.000611
8,7,201,8,0.000626
8,7,201,9,0.000643
8,7,201,10,0.000646
8,7,301,1,0.000738
8,7,301,2,0.000694
8,7,301,3,0.000692
8,7,301,4,0.000767
8,7,301,5,0.000624
8,7,301,6,0.000629
8,7,301,7,0.000671
8,7,301,8,0.000666
8,7,301,9,0.000658
8,7,301,10,0.000690
8,7,401,1,0.000641
8,7,401,2,0.000691
8,7,401,3,0.000651
8,7,401,4,0.000622
8,7,401,5,0.000619
8,7,401,6,0.000743
8,7,401,7,0.000706
8,7,401,8,0.000623
8,7,401,9,0.000719
8,7,401,10,0.000783
8,7,501,1,0.000648
8,7,501,2,0.000652
8,7,501,3,0.000638
8,7,501,4,0.000629
8,7,501,5,0.000888
8,7,501,6,0.000709
8,7,501,7,0.000675
8,7,501,8,0.000655
8,7,501,9,0.000761
8,7,501,10,0.000646
8,7,601,1,0.000741
8,7,601,2,0.000654
8,7,601,3,0.000647
8,7,601,4,0.000693
8,7,601,5,0.000619
8,7,601,6,0.000754
8,7,601,7,0.000668
8,7,601,8,0.000675
8,7,601,9,0.000767
8,7,601,10,0.000684
8,7,701,1,0.000706
8,7,701,2,0.000680
8,7,701,3,0.000643
8,7,701,4,0.000715
8,7,701,5,0.000746
8,7,701,6,0.000638
8,7,701,7,0.000738
8,7,701,8,0.000645
8,7,701,9,0.000656
8,7,701,10,0.000690
8,7,801,1,0.000722
8,7,801,2,0.000678
8,7,801,3,0.000636
8,7,801,4,0.000816
8,7,801,5,0.000643
8,7,801,6,0.000557
8,7,801,7,0.000653
8,7,801,8,0.000664
8,7,801,9,0.000628
8,7,801,10,0.000757
8,7,901,1,0.000678
8,7,901,2,0.000687
8,7,901,3,0.000648
8,7,901,4,0.000658
8,7,901,5,0.000660
8,7,901,6,0.000707
8,7,901,7,0.000617
8,7,901,8,0.000677
8,7,901,9,0.000695
8,7,901,10,0.000753
8,8,1,1,0.000691
8,8,1,2,0.000664
8,8,1,3,0.000648
8,8,1,4,0.000640
8,8,1,5,0.000646
8,8,1,6,0.000697
8,8,1,7,0.000641
8,8,1,8,0.000652
8,8,1,9,0.000660
8,8,1,10,0.000639
8,8,101,1,0.000746
8,8,101,2,0.000714
8,8,101,3,0.000689
8,8,101,4,0.000653
8,8,101,5,0.000707
8,8,101,6,0.000658
8,8,101,7,0.000680
8,8,101,8,0.000794
8,8,101,9,0.000692
8,8,101,10,0.000684
8,8,201,1,0.000662
8,8,201,2,0.000686
8,8,201,3,0.000704
8,8,201,4,0.000671
8,8,201,5,0.000674
8,8,201,6,0.000628
8,8,201,7,0.000682
8,8,201,8,0.000673
8,8,201,9,0.000768
8,8,201,10,0.000764
8,8,301,1,0.000680
8,8,301,2,0.000683
8,8,301,3,0.000697
8,8,301,4,0.000695
8,8,301,5,0.000661
8,8,301,6,0.000696
8,8,301,7,0.000711
8,8,301,8,0.000683
8,8,301,9,0.000604
8,8,301,10,0.000731
8,8,401,1,0.000749
8,8,401,2,0.000666
8,8,401,3,0.000648
8,8,401,4,0.000618
8,8,401,5,0.000667
8,8,401,6,0.000664
8,8,401,7,0.000721
8,8,401,8,0.000911
8,8,401,9,0.000626
8,8,401,10,0.000780
8,8,501,1,0.000689
8,8,501,2,0.000728
8,8,501,3,0.000668
8,8,501,4,0.000663
8,8,501,5,0.000668
8,8,501,6,0.000644
8,8,501,7,0.000644
8,8,501,8,0.000649
8,8,501,9,0.000798
8,8,501,10,0.000680
8,8,601,1,0.000648
8,8,601,2,0.000743
8,8,601,3,0.000675
8,8,601,4,0.000658
8,8,601,5,0.000815
8,8,601,6,0.000659
8,8,601,7,0.000689
8,8,601,8,0.000667
8,8,601,9,0.000620
8,8,601,10,0.000659
8,8,701,1,0.000635
8,8,701,2,0.000727
8,8,701,3,0.000633
8,8,701,4,0.000706
8,8,701,5,0.000681
8,8,701,6,0.000661
8,8,701,7,0.000614
8,8,701,8,0.000621
8,8,701,9,0.000640
8,8,701,10,0.000720
8,8,801,1,0.000654
8,8,801,2,0.000664
8,8,801,3,0.000752
8,8,801,4,0.000619
8,8,801,5,0.000682
8,8,801,6,0.000670
8,8,801,7,0.000661
8,8,801,8,0.000686
8,8,801,9,0.000747
8,8,801,10,0.000679
8,8,901,1,0.000685
8,8,901,2,0.000648
8,8,901,3,0.000705
8,8,901,4,0.000771
8,8,901,5,0.000743
8,8,901,6,0.000669
8,8,901,7,0.000719
8,8,901,8,0.000590
8,8,901,9,0.000733
8,8,901,10,0.000777
8,9,1,1,0.000764
8,9,1,2,0.000617
8,9,1,3,0.000648
8,9,1,4,0.000648
8,9,1,5,0.000651
8,9,1,6,0.000609
8,9,1,7,0.000677
8,9,1,8,0.000620
8,9,1,9,0.000623
8,9,1,10,0.000711
8,9,101,1,0.000717
8,9,101,2,0.000705
8,9,101,3,0.000741
8,9,101,4,0.000638
8,9,101,5,0.000747
8,9,101,6,0.000669
8,9,101,7,0.000771
8,9,101,8,0.000648
8,9,101,9,0.000772
8,9,101,10,0.000710
8,9,201,1,0.000708
8,9,201,2,0.001059
8,9,201,3,0.000611
8,9,201,4,0.000678
8,9,201,5,0.000658
8,9,201,6,0.000685
8,9,201,7,0.000687
8,9,201,8,0.000619
8,9,201,9,0.000648
8,9,201,10,0.000742
8,9,301,1,0.000640
8,9,301,2,0.000692
8,9,301,3,0.000674
8,9,301,4,0.000726
8,9,301,5,0.000692
8,9,301,6,0.000641
8,9,301,7,0.000708
8,9,301,8,0.000660
8,9,301,9,0.000641
8,9,301,10,0.000648
8,9,401,1,0.000617
8,9,401,2,0.000757
8,9,401,3,0.000621
8,9,401,4,0.000760
8,9,401,5,0.000692
8,9,401,6,0.000661
8,9,401,7,0.000645
8,9,401,8,0.000687
8,9,401,9,0.000668
8,9,401,10,0.000803
8,9,501,1,0.000720
8,9,501,2,0.000714
8,9,501,3,0.000777
8,9,501,4,0.000588
8,9,501,5,0.000711
8,9,501,6,0.000717
8,9,501,7,0.000706
8,9,501,8,0.000763
8,9,501,9,0.000672
8,9,501,10,0.000656
8,9,601,1,0.000647
8,9,601,2,0.000705
8,9,601,3,0.000666
8,9,601,4,0.000638
8,9,601,5,0.000672
8,9,601,6,0.000745
8,9,601,7,0.000622
8,9,601,8,0.000691
8,9,601,9,0.000648
8,9,601,10,0.000659
8,9,701,1,0.000681
8,9,701,2,0.000691
8,9,701,3,0.000677
8,9,701,4,0.000717
8,9,701,5,0.000886
8,9,701,6,0.000634
8,9,701,7,0.000696
8,9,701,8,0.000725
8,9,701,9,0.000653
8,9,701,10,0.000671
8,9,801,1,0.000633
8,9,801,2,0.000688
8,9,801,3,0.000681
8,9,801,4,0.000691
8,9,801,5,0.000744
8,9,801,6,0.000742
8,9,801,7,0.000646
8,9,801,8,0.000640
8,9,801,9,0.000691
8,9,801,10,0.000722
8,9,901,1,0.000644
8,9,901,2,0.000681
8,9,901,3,0.000739
8,9,901,4,0.000629
8,9,901,5,0.000653
8,9,901,6,0.000710
8,9,901,7,0.000692
8,9,901,8,0.000750
8,9,901,9,0.000679
8,9,901,10,0.000633
8,10,1,1,0.000557
8,10,1,2,0.000664
8,10,1,3,0.000659
8,10,1,4,0.000660
8,10,1,5,0.000664
8,10,1,6,0.000676
8,10,1,7,0.000612
8,10,1,8,0.000644
8,10,1,9,0.000692
8,10,1,10,0.000604
8,10,101,1,0.000688
8,10,101,2,0.000620
8,10,101,3,0.000633
8,10,101,4,0.000659
8,10,101,5,0.000669
8,10,101,6,0.000695
8,10,101,7,0.000588
8,10,101,8,0.000659
8,10,101,9,0.000651
8,10,101,10,0.000736
8,10,201,1,0.000650
8,10,201,2,0.000672
8,10,201,3,0.000778
8,10,201,4,0.000652
8,10,201,5,0.000703
8,10,201,6,0.000692
8,10,201,7,0.000693
8,10,201,8,0.000698
8,10,201,9,0.000636
8,10,201,10,0.000691
8,10,301,1,0.000640
8,10,301,2,0.000655
8,10,301,3,0.000658
8,10,301,4,0.000632
8,10,301,5,0.000677
8,10,301,6,0.000655
8,10,301,7,0.000815
8,10,301,8,0.000658
8,10,301,9,0.000789
8,10,301,10,0.000715
8,10,401,1,0.000641
8,10,401,2,0.000638
8,10,401,3,0.000715
8,10,401,4,0.001010
8,10,401,5,0.000806
8,10,401,6,0.000759
8,10,401,7,0.000724
8,10,401,8,0.000675
8,10,401,9,0.000693
8,10,401,10,0.000711
8,10,501,1,0.000707
8,10,501,2,0.000673
8,10,501,3,0.000665
8,10,501,4,0.000789
8,10,501,5,0.000585
8,10,501,6,0.000676
8,10,501,7,0.000690
8,10,501,8,0.000667
8,10,501,9,0.000728
8,10,501,10,0.000699
8,10,601,1,0.000646
8,10,601,2,0.000690
8,10,601,3,0.000668
8,10,601,4,0.000777
8,10,601,5,0.000672
8,10,601,6,0.000766
8,10,601,7,0.000611
8,10,601,8,0.000812
8,10,601,9,0.000683
8,10,601,10,0.000669
8,10,701,1,0.000817
8,10,701,2,0.000640
8,10,701,3,0.000616
8,10,701,4,0.000777
8,10,701,5,0.000754
8,10,701,6,0.000704
8,10,701,7,0.000690
8,10,701,8,0.000722
8,10,701,9,0.000688
8,10,701,10,0.000653
8,10,801,1,0.000669
8,10,801,2,0.000759
8,10,801,3,0.000776
8,10,801,4,0.000668
8,10,801,5,0.000748
8,10,801,6,0.000722
8,10,801,7,0.000669
8,10,801,8,0.000750
8,10,801,9,0.000664
8,10,801,10,0.000695
8,10,901,1,0.000726
8,10,901,2,0.000715
8,10,901,3,0.000692
8,10,901,4,0.000672
8,10,901,5,0.000704
8,10,901,6,0.000783
8,10,901,7,0.000716
8,10,901,8,0.000821
8,10,901,9,0.000749
8,10,901,10,0.000623
8,11,1,1,0.000634
8,11,1,2,0.000653
8,11,1,3,0.000635
8,11,1,4,0.000653
8,11,1,5,0.000702
8,11,1,6,0.000648
8,11,1,7,0.000650
8,11,1,8,0.000658
8,11,1,9,0.000683
8,11,1,10,0.000649
8,11,101,1,0.000673
8,11,101,2,0.000875
8,11,101,3,0.000734
8,11,101,4,0.000775
8,11,101,5,0.000732
8,11,101,6,0.000775
8,11,101,7,0.000742
8,11,101,8,0.000695
8,11,101,9,0.000686
8,11,101,10,0.000649
8,11,201,1,0.000780
8,11,201,2,0.000889
8,11,201,3,0.000636
8,11,201,4,0.000673
8,11,201,5,0.000695
8,11,201,6,0.000760
8,11,201,7,0.000662
8,11,201,8,0.000623
8,11,201,9,0.000685
8,11,201,10,0.000599
8,11,301,1,0.000684
8,11,301,2,0.000635
8,11,301,3,0.000720
8,11,301,4,0.000837
8,11,301,5,0.000694
8,11,301,6,0.000722
8,11,301,7,0.000692
8,11,301,8,0.000678
8,11,301,9,0.000643
8,11,301,10,0.000666
8,11,401,1,0.000959
8,11,401,2,0.000683
8,11,401,3,0.000788
8,11,401,4,0.000713
8,11,401,5,0.000720
8,11,401,6,0.000681
8,11,401,7,0.000723
8,11,401,8,0.000830
8,11,401,9,0.000643
8,11,401,10,0.000695
8,11,501,1,0.000662
8,11,501,2,0.000601
8,11,501,3,0.000712
8,11,501,4,0.000792
8,11,501,5,0.000700
8,11,501,6,0.000625
8,11,501,7,0.000739
8,11,501,8,0.000727
8,11,501,9,0.000649
8,11,501,10,0.000658
8,11,601,1,0.000725
8,11,601,2,0.000849
8,11,601,3,0.000681
8,11,601,4,0.000705
8,11,601,5,0.000691
8,11,601,6,0.000680
8,11,601,7,0.000665
8,11,601,8,0.001174
8,11,601,9,0.000668
8,11,601,10,0.000679
8,11,701,1,0.000622
8,11,701,2,0.000624
8,11,701,3,0.000803
8,11,701,4,0.000884
8,11,701,5,0.000690
8,11,701,6,0.000684
8,11,701,7,0.000602
8,11,701,8,0.000710
8,11,701,9,0.000678
8,11,701,10,0.000681
8,11,801,1,0.000709
8,11,801,2,0.000760
8,11,801,3,0.000731
8,11,801,4,0.000620
8,11,801,5,0.000690
8,11,801,6,0.000694
8,11,801,7,0.000742
8,11,801,8,0.000673
8,11,801,9,0.000836
8,11,801,10,0.000760
8,11,901,1,0.000678
8,11,901,2,0.000802
8,11,901,3,0.000732
8,11,901,4,0.000681
8,11,901,5,0.000623
8,11,901,6,0.000672
8,11,901,7,0.001446
8,11,901,8,0.000717
8,11,901,9,0.000651
8,11,901,10,0.000790
8,12,1,1,0.000704
8,12,1,2,0.000689
8,12,1,3,0.000709
8,12,1,4,0.000666
8,12,1,5,0.000694
8,12,1,6,0.000599
8,12,1,7,0.000549
8,12,1,8,0.000701
8,12,1,9,0.000527
8,12,1,10,0.000653
8,12,101,1,0.000763
8,12,101,2,0.000675
8,12,101,3,0.000697
8,12,101,4,0.000579
8,12,101,5,0.000769
8,12,101,6,0.000696
8,12,101,7,0.000688
8,12,101,8,0.000720
8,12,101,9,0.000712
8,12,101,10,0.000732
8,12,201,1,0.000722
8,12,201,2,0.000714
8,12,201,3,0.000717
8,12,201,4,0.000639
8,12,201,5,0.000881
8,12,201,6,0.000705
8,12,201,7,0.000676
8,12,201,8,0.000732
8,12,201,9,0.000718
8,12,201,10,0.000699
8,12,301,1,0.000732
8,12,301,2,0.000645
8,12,301,3,0.000716
8,12,301,4,0.000716
8,12,301,5,0.000659
8,12,301,6,0.000636
8,12,301,7,0.000936
8,12,301,8,0.000919
8,12,301,9,0.000683
8,12,301,10,0.000784
8,12,401,1,0.000780
8,12,401,2,0.000678
8,12,401,3,0.000710
8,12,401,4,0.000642
8,12,401,5,0.000706
8,12,401,6,0.000771
8,12,401,7,0.000876
8,12,401,8,0.000682
8,12,401,9,0.000657
8,12,401,10,0.000748
8,12,501,1,0.000826
8,12,501,2,0.000740
8,12,501,3,0.000667
8,12,501,4,0.000813
8,12,501,5,0.000752
8,12,501,6,0.000691
8,12,501,7,0.000878
8,12,501,8,0.000685
8,12,501,9,0.000826
8,12,501,10,0.000694
8,12,601,1,0.000718
8,12,601,2,0.000731
8,12,601,3,0.000860
8,12,601,4,0.000690
8,12,601,5,0.000693
8,12,601,6,0.000645
8,12,601,7,0.000707
8,12,601,8,0.000590
8,12,601,9,0.000787
8,12,601,10,0.000767
8,12,701,1,0.000701
8,12,701,2,0.000668
8,12,701,3,0.000647
8,12,701,4,0.000623
8,12,701,5,0.000650
8,12,701,6,0.000718
8,12,701,7,0.000879
8,12,701,8,0.000641
8,12,701,9,0.000740
8,12,701,10,0.000665
8,12,801,1,0.000757
8,12,801,2,0.000694
8,12,801,3,0.000632
8,12,801,4,0.000677
8,12,801,5,0.000780
8,12,801,6,0.000645
8,12,801,7,0.000662
8,12,801,8,0.000641
8,12,801,9,0.000614
8,12,801,10,0.000774
8,12,901,1,nan
8,12,901,2,0.000739
8,12,901,3,0.000708
8,12,901,4,0.000681
8,12,901,5,0.000697
8,12,901,6,0.000727
8,12,901,7,0.000689
8,12,901,8,0.000760
8,12,901,9,0.000659
8,12,901,10,0.000674
8,13,1,1,0.000657
8,13,1,2,0.000635
8,13,1,3,0.000682
8,13,1,4,0.000647
8,13,1,5,0.000658
8,13,1,6,0.000636
8,13,1,7,0.000668
8,13,1,8,0.000686
8,13,1,9,0.000681
8,13,1,10,0.000643
8,13,101,1,0.000648
8,13,101,2,0.000748
8,13,101,3,0.000674
8,13,101,4,0.000667
8,13,101,5,0.000823
8,13,101,6,0.000724
8,13,101,7,0.000604
8,13,101,8,0.000709
8,13,101,9,0.000715
8,13,101,10,0.000683
8,13,201,1,0.000704
8,13,201,2,0.000733
8,13,201,3,0.000710
8,13,201,4,0.000649
8,13,201,5,0.000666
8,13,201,6,0.000667
8,13,201,7,0.000782
8,13,201,8,0.000701
8,13,201,9,0.000716
8,13,201,10,0.000811
8,13,301,1,0.000818
8,13,301,2,0.000718
8,13,301,3,0.000762
8,13,301,4,0.000684
8,13,301,5,0.000731
8,13,301,6,0.000738
8,13,301,7,0.000700
8,13,301,8,0.000698
8,13,301,9,0.000761
8,13,301,10,0.000693
8,13,401,1,0.000698
8,13,401,2,0.000721
8,13,401,3,0.000655
8,13,401,4,0.000629
8,13,401,5,0.000646
8,13,401,6,0.000644
8,13,401,7,0.000702
8,13,401,8,0.000689
8,13,401,9,0.000767
8,13,401,10,0.000709
8,13,501,1,0.000675
8,13,501,2,0.000701
8,13,501,3,0.000765
8,13,501,4,0.000684
8,13,501,5,0.000730
8,13,501,6,0.000681
8,13,501,7,0.000680
8,13,501,8,0.000723
8,13,501,9,0.000644
8,13,501,10,0.000686
8,13,601,1,0.000697
8,13,601,2,0.000719
8,13,601,3,0.000668
8,13,601,4,0.000811
8,13,601,5,0.000690
8,13,601,6,0.000720
8,13,601,7,0.000653
8,13,601,8,0.000707
8,13,601,9,0.000907
8,13,601,10,0.000693
8,13,701,1,0.000850
8,13,701,2,0.000676
8,13,701,3,0.000650
8,13,701,4,0.000764
8,13,701,5,0.000785
8,13,701,6,0.000752
8,13,701,7,0.000748
8,13,701,8,0.000707
8,13,701,9,0.000787
8,13,701,10,0.000868
8,13,801,1,0.000787
8,13,801,2,0.000691
8,13,801,3,0.000693
8,13,801,4,0.000774
8,13,801,5,0.000736
8,13,801,6,0.000692
8,13,801,7,0.000686
8,13,801,8,0.000721
8,13,801,9,0.000757
8,13,801,10,0.000784
8,13,901,1,0.000708
8,13,901,2,0.000657
8,13,901,3,0.000652
8,13,901,4,0.000679
8,13,901,5,0.000723
8,13,901,6,0.000711
8,13,901,7,0.000674
8,13,901,8,0.000720
8,13,901,9,0.000736
8,13,901,10,0.000867
8,14,1,1,0.000640
8,14,1,2,0.000666
8,14,1,3,0.000642
8,14,1,4,0.000678
8,14,1,5,0.000650
8,14,1,6,0.000679
8,14,1,7,0.000671
8,14,1,8,0.000624
8,14,1,9,0.000711
8,14,1,10,0.000688
8,14,101,1,0.000678
8,14,101,2,0.000787
8,14,101,3,0.000764
8,14,101,4,0.000711
8,14,101,5,0.001038
8,14,101,6,0.000676
8,14,101,7,0.000658
8,14,101,8,0.000732
8,14,101,9,0.000666
8,14,101,10,0.000758
8,14,201,1,0.000720
8,14,201,2,0.000720
8,14,201,3,0.000816
8,14,201,4,0.000775
8,14,201,5,0.000677
8,14,201,6,0.000686
8,14,201,7,0.000769
8,14,201,8,0.000765
8,14,201,9,0.000672
8,14,201,10,0.000723
8,14,301,1,0.000658
8,14,301,2,0.000666
8,14,301,3,0.000623
8,14,301,4,0.000673
8,14,301,5,0.000860
8,14,301,6,0.000670
8,14,301,7,0.000743
8,14,301,8,0.000696
8,14,301,9,0.000677
8,14,301,10,0.000698
8,14,401,1,0.000610
8,14,401,2,0.000704
8,14,401,3,0.000871
8,14,401,4,0.000804
8,14,401,5,0.000651
8,14,401,6,0.000827
8,14,401,7,0.000647
8,14,401,8,0.000717
8,14,401,9,0.000654
8,14,401,10,0.000660
8,14,501,1,0.000719
8,14,501,2,0.000724
8,14,501,3,0.000747
8,14,501,4,0.000760
8,14,501,5,0.000850
8,14,501,6,0.000702
8,14,501,7,0.000840
8,14,501,8,0.000698
8,14,501,9,0.000683
8,14,501,10,0.000677
8,14,601,1,0.000629
8,14,601,2,0.000676
8,14,601,3,0.000685
8,14,601,4,0.000717
8,14,601,5,0.000785
8,14,601,6,0.000711
8,14,601,7,0.000736
8,14,601,8,0.000666
8,14,601,9,0.000902
8,14,601,10,0.000737
8,14,701,1,0.000819
8,14,701,2,0.000731
8,14,701,3,0.000713
8,14,701,4,0.000708
8,14,701,5,0.000659
8,14,701,6,0.000670
8,14,701,7,0.000721
8,14,701,8,0.000720
8,14,701,9,0.000660
8,14,701,10,0.000762
8,14,801,1,0.001042
8,14,801,2,0.000677
8,14,801,3,0.000772
8,14,801,4,0.000685
8,14,801,5,0.000783
8,14,801,6,0.000702
8,14,801,7,0.000713
8,14,801,8,0.000895
8,14,801,9,0.000690
8,14,801,10,0.000723
8,14,901,1,0.000652
8,14,901,2,0.000849
8,14,901,3,0.000776
8,14,901,4,0.000686
8,14,901,5,0.000681
8,14,901,6,0.000710
8,14,901,7,0.000685
8,14,901,8,0.000683
8,14,901,9,0.000612
8,14,901,10,0.000659
8,15,1,1,0.000688
8,15,1,2,0.000573
8,15,1,3,0.000596
8,15,1,4,0.000602
8,15,1,5,0.000676
8,15,1,6,0.000580
8,15,1,7,0.000631
8,15,1,8,0.000628
8,15,1,9,0.000680
8,15,1,10,0.000681
8,15,101,1,0.000755
8,15,101,2,0.000627
8,15,101,3,0.000760
8,15,101,4,0.000750
8,15,101,5,0.000648
8,15,101,6,0.000659
8,15,101,7,0.000834
8,15,101,8,0.000749
8,15,101,9,0.000615
8,15,101,10,0.000771
8,15,201,1,0.000750
8,15,201,2,0.000662
8,15,201,3,0.000761
8,15,201,4,0.000668
8,15,201,5,0.000808
8,15,201,6,0.000750
8,15,201,7,0.000743
8,15,201,8,0.000683
8,15,201,9,0.001063
8,15,201,10,0.000773
8,15,301,1,0.000703
8,15,301,2,0.000709
8,15,301,3,0.000791
8,15,301,4,0.001211
8,15,301,5,0.000830
8,15,301,6,0.000696
8,15,301,7,0.000679
8,15,301,8,0.000832
8,15,301,9,0.000768
8,15,301,10,0.000805
8,15,401,1,0.000738
8,15,401,2,0.000655
8,15,401,3,0.000742
8,15,401,4,0.000635
8,15,401,5,0.000989
8,15,401,6,0.000707
8,15,401,7,0.000648
8,15,401,8,0.000708
8,15,401,9,0.000866
8,15,401,10,0.000919
8,15,501,1,0.000654
8,15,501,2,0.000807
8,15,501,3,0.000681
8,15,501,4,0.000638
8,15,501,5,0.000765
8,15,501,6,0.000774
8,15,501,7,0.000682
8,15,501,8,0.000669
8,15,501,9,0.000912
8,15,501,10,0.000617
8,15,601,1,0.001085
8,15,601,2,0.000623
8,15,601,3,0.000805
8,15,601,4,0.000716
8,15,601,5,0.000757
8,15,601,6,0.000670
8,15,601,7,0.000657
8,15,601,8,0.000733
8,15,601,9,0.000722
8,15,601,10,0.000691
8,15,701,1,0.000759
8,15,701,2,0.000655
8,15,701,3,0.000759
8,15,701,4,0.000731
8,15,701,5,0.000764
8,15,701,6,0.000671
8,15,701,7,0.000668
8,15,701,8,0.000666
8,15,701,9,0.000849
8,15,701,10,0.000822
8,15,801,1,0.000695
8,15,801,2,0.000767
8,15,801,3,0.000750
8,15,801,4,0.000628
8,15,801,5,0.000583
8,15,801,6,0.000764
8,15,801,7,0.000637
8,15,801,8,0.000866
8,15,801,9,0.000693
8,15,801,10,0.000719
8,15,901,1,0.000832
8,15,901,2,0.000642
8,15,901,3,0.000665
8,15,901,4,0.000665
8,15,901,5,0.000776
8,15,901,6,0.000641
8,15,901,7,0.000668
8,15,901,8,0.000609
8,15,901,9,0.000713
8,15,901,10,0.000703
8,16,1,1,0.000746
8,16,1,2,0.000690
8,16,1,3,0.000708
8,16,1,4,0.000694
8,16,1,5,0.000634
8,16,1,6,0.000654
8,16,1,7,0.000670
8,16,1,8,0.000640
8,16,1,9,0.000634
8,16,1,10,0.000601
8,16,101,1,0.000632
8,16,101,2,0.000843
8,16,101,3,0.000877
8,16,101,4,0.000758
8,16,101,5,0.000732
8,16,101,6,0.000737
8,16,101,7,0.000645
8,16,101,8,0.000726
8,16,101,9,0.000728
8,16,101,10,0.000779
8,16,201,1,0.000733
8,16,201,2,0.000912
8,16,201,3,0.000894
8,16,201,4,0.000915
8,16,201,5,0.000698
8,16,201,6,0.000693
8,16,201,7,0.000688
8,16,201,8,0.000677
8,16,201,9,0.000632
8,16,201,10,0.000607
8,16,301,1,0.000643
8,16,301,2,0.000841
8,16,301,3,0.000733
8,16,301,4,0.000644
8,16,301,5,0.000702
8,16,301,6,0.001008
8,16,301,7,0.000781
8,16,301,8,0.000768
8,16,301,9,0.000676
8,16,301,10,0.000714
8,16,401,1,0.000689
8,16,401,2,0.000643
8,16,401,3,0.000676
8,16,401,4,0.000669
8,16,401,5,0.000704
8,16,401,6,0.000765
8,16,401,7,0.000717
8,16,401,8,0.000732
8,16,401,9,0.000702
8,16,401,10,0.000696
8,16,501,1,0.000686
8,16,501,2,0.000827
8,16,501,3,0.000744
8,16,501,4,0.000781
8,16,501,5,0.000675
8,16,501,6,0.000661
8,16,501,7,0.000941
8,16,501,8,0.000718
8,16,501,9,0.000700
8,16,501,10,0.000721
8,16,601,1,0.000651
8,16,601,2,0.000840
8,16,601,3,0.000789
8,16,601,4,0.000776
8,16,601,5,0.000784
8,16,601,6,0.000723
8,16,601,7,0.000731
8,16,601,8,0.000788
8,16,601,9,0.000848
8,16,601,10,0.000859
8,16,701,1,0.000766
8,16,701,2,0.000781
8,16,701,3,0.000730
8,16,701,4,0.000720
8,16,701,5,0.000766
8,16,701,6,0.000872
8,16,701,7,0.000780
8,16,701,8,0.000750
8,16,701,9,0.000680
8,16,701,10,0.000678
8,16,801,1,0.000780
8,16,801,2,0.000644
8,16,801,3,0.000789
8,16,801,4,0.000698
8,16,801,5,0.000606
8,16,801,6,0.000682
8,16,801,7,0.001143
8,16,801,8,0.000797
8,16,801,9,0.000683
8,16,801,10,0.000719
8,16,901,1,0.000860
8,16,901,2,0.000697
8,16,901,3,0.000720
8,16,901,4,0.000759
8,16,901,5,0.000859
8,16,901,6,0.000782
8,16,901,7,0.000687
8,16,901,8,0.000620
8,16,901,9,0.000661
8,16,901,10,0.000767
8,17,1,1,0.000716
8,17,1,2,0.000638
8,17,1,3,0.000691
8,17,1,4,0.000642
8,17,1,5,0.000672
8,17,1,6,0.000611
8,17,1,7,0.000687
8,17,1,8,0.000682
8,17,1,9,0.000688
8,17,1,10,0.000667
8,17,101,1,0.001009
8,17,101,2,0.000696
8,17,101,3,0.000635
8,17,101,4,0.000622
8,17,101,5,0.000649
8,17,101,6,0.000661
8,17,101,7,0.001094
8,17,101,8,0.000787
8,17,101,9,0.000765
8,17,101,10,0.000697
8,17,201,1,0.000936
8,17,201,2,0.000840
8,17,201,3,0.000643
8,17,201,4,0.000634
8,17,201,5,0.000775
8,17,201,6,0.000657
8,17,201,7,0.000663
8,17,201,8,0.000747
8,17,201,9,0.000778
8,17,201,10,0.000648
8,17,301,1,0.000729
8,17,301,2,0.000821
8,17,301,3,0.000907
8,17,301,4,0.000678
8,17,301,5,0.000753
8,17,301,6,0.000670
8,17,301,7,0.000710
8,17,301,8,0.000973
8,17,301,9,0.000786
8,17,301,10,0.000687
8,17,401,1,0.000664
8,17,401,2,0.000665
8,17,401,3,0.000907
8,17,401,4,0.000731
8,17,401,5,0.000764
8,17,401,6,0.000737
8,17,401,7,0.000709
8,17,401,8,0.000712
8,17,401,9,0.000808
8,17,401,10,0.000674
8,17,501,1,0.000768
8,17,501,2,0.000761
8,17,501,3,0.000712
8,17,501,4,0.000921
8,17,501,5,0.000746
8,17,501,6,0.000816
8,17,501,7,0.000731
8,17,501,8,0.000688
8,17,501,9,0.000816
8,17,501,10,0.000724
8,17,601,1,0.000777
8,17,601,2,0.000833
8,17,601,3,0.000927
8,17,601,4,0.000726
8,17,601,5,0.000703
8,17,601,6,0.000674
8,17,601,7,0.000993
8,17,601,8,0.000768
8,17,601,9,0.000650
8,17,601,10,0.000923
8,17,701,1,0.000642
8,17,701,2,0.000777
8,17,701,3,0.000710
8,17,701,4,0.000677
8,17,701,5,0.000705
8,17,701,6,0.000808
8,17,701,7,0.000647
8,17,701,8,0.000811
8,17,701,9,0.000696
8,17,701,10,0.000892
8,17,801,1,0.000708
8,17,801,2,0.000639
8,17,801,3,0.000710
8,17,801,4,0.000787
8,17,801,5,0.000653
8,17,801,6,0.000668
8,17,801,7,0.000810
8,17,801,8,0.000697
8,17,801,9,0.000784
8,17,801,10,0.000834
8,17,901,1,0.000701
8,17,901,2,0.000769
8,17,901,3,0.000891
8,17,901,4,0.000741
8,17,901,5,0.000880
8,17,901,6,0.000700
8,17,901,7,0.000598
8,17,901,8,0.000905
8,17,901,9,0.000722
8,17,901,10,0.000650
8,18,1,1,0.000661
8,18,1,2,0.000640
8,18,1,3,0.000651
8,18,1,4,0.000650
8,18,1,5,0.000681
8,18,1,6,0.000624
8,18,1,7,0.000669
8,18,1,8,0.000683
8,18,1,9,0.000680
8,18,1,10,0.000725
8,18,101,1,0.000807
8,18,101,2,0.000681
8,18,101,3,0.000780
8,18,101,4,0.001000
8,18,101,5,0.000676
8,18,101,6,0.000732
8,18,101,7,0.000794
8,18,101,8,0.000968
8,18,101,9,0.000622
8,18,101,10,0.000752
8,18,201,1,0.000798
8,18,201,2,0.000793
8,18,201,3,0.000710
8,18,201,4,0.000965
8,18,201,5,0.000884
8,18,201,6,0.000734
8,18,201,7,0.000836
8,18,201,8,0.000696
8,18,201,9,0.000648
8,18,201,10,0.000892
8,18,301,1,0.000718
8,18,301,2,0.000699
8,18,301,3,0.000764
8,18,301,4,0.000752
8,18,301,5,0.000753
8,18,301,6,0.000866
8,18,301,7,0.000667
8,18,301,8,0.000699
8,18,301,9,0.000678
8,18,301,10,0.000752
8,18,401,1,0.001064
8,18,401,2,0.000704
8,18,401,3,0.000648
8,18,401,4,0.000733
8,18,401,5,0.000889
8,18,401,6,0.000745
8,18,401,7,0.000728
8,18,401,8,0.000747
8,18,401,9,0.000679
8,18,401,10,0.000764
8,18,501,1,0.000773
8,18,501,2,0.001050
8,18,501,3,0.000709
8,18,501,4,0.000719
8,18,501,5,0.000717
8,18,501,6,0.000637
8,18,501,7,0.000741
8,18,501,8,0.000767
8,18,501,9,0.000796
8,18,501,10,0.000876
8,18,601,1,0.000672
8,18,601,2,0.000749
8,18,601,3,0.000740
8,18,601,4,0.000888
8,18,601,5,0.000807
8,18,601,6,0.000703
8,18,601,7,0.000681
8,18,601,8,0.000745
8,18,601,9,0.000738
8,18,601,10,0.000714
8,18,701,1,0.000685
8,18,701,2,0.000622
8,18,701,3,0.000663
8,18,701,4,0.000734
8,18,701,5,0.000948
8,18,701,6,0.000620
8,18,701,7,0.000629
8,18,701,8,0.000654
8,18,701,9,0.000844
8,18,701,10,0.001009
8,18,801,1,0.000729
8,18,801,2,0.000741
8,18,801,3,0.000733
8,18,801,4,0.000666
8,18,801,5,0.000654
8,18,801,6,0.000675
8,18,801,7,0.000757
8,18,801,8,0.000840
8,18,801,9,0.000658
8,18,801,10,0.000788
8,18,901,1,0.000685
8,18,901,2,0.000618
8,18,901,3,0.000732
8,18,901,4,0.000812
8,18,901,5,0.000680
8,18,901,6,0.000933
8,18,901,7,0.000756
8,18,901,8,0.000794
8,18,901,9,0.000726
8,18,901,10,0.000679
8,19,1,1,0.000671
8,19,1,2,0.000691
8,19,1,3,0.000654
8,19,1,4,0.000649
8,19,1,5,0.000648
8,19,1,6,0.000659
8,19,1,7,0.000679
8,19,1,8,0.000685
8,19,1,9,0.000682
8,19,1,10,0.000622
8,19,101,1,0.000709
8,19,101,2,0.000741
8,19,101,3,0.000682
8,19,101,4,0.000609
8,19,101,5,0.000810
8,19,101,6,0.000701
8,19,101,7,0.000737
8,19,101,8,0.000777
8,19,101,9,0.000737
8,19,101,10,0.000773
8,19,201,1,0.000774
8,19,201,2,0.000690
8,19,201,3,0.000752
8,19,201,4,0.000719
8,19,201,5,0.000746
8,19,201,6,0.000760
8,19,201,7,0.001020
8,19,201,8,0.000860
8,19,201,9,0.000690
8,19,201,10,0.000631
8,19,301,1,0.000876
8,19,301,2,0.000744
8,19,301,3,0.000715
8,19,301,4,0.000732
8,19,301,5,0.000880
8,19,301,6,0.000704
8,19,301,7,0.000702
8,19,301,8,0.001133
8,19,301,9,0.000810
8,19,301,10,0.000763
8,19,401,1,0.000786
8,19,401,2,0.000651
8,19,401,3,0.000805
8,19,401,4,0.000734
8,19,401,5,0.000797
8,19,401,6,0.000700
8,19,401,7,0.000834
8,19,401,8,0.000700
8,19,401,9,0.000701
8,19,401,10,0.000682
8,19,501,1,0.000700
8,19,501,2,0.000798
8,19,501,3,0.000951
8,19,501,4,0.000680
8,19,501,5,0.000641
8,19,501,6,0.000732
8,19,501,7,0.000748
8,19,501,8,0.000935
8,19,501,9,0.000788
8,19,501,10,0.000767
8,19,601,1,0.000858
8,19,601,2,0.000763
8,19,601,3,0.000867
8,19,601,4,0.001032
8,19,601,5,0.000717
8,19,601,6,0.000905
8,19,601,7,0.000736
8,19,601,8,0.000638
8,19,601,9,0.000645
8,19,601,10,0.000634
8,19,701,1,0.000706
8,19,701,2,0.000645
8,19,701,3,0.000835
8,19,701,4,0.000901
8,19,701,5,0.000634
8,19,701,6,0.000764
8,19,701,7,0.000735
8,19,701,8,0.000647
8,19,701,9,0.000695
8,19,701,10,0.000737
8,19,801,1,0.000797
8,19,801,2,0.000684
8,19,801,3,0.000802
8,19,801,4,0.000699
8,19,801,5,0.000704
8,19,801,6,0.000660
8,19,801,7,0.000854
8,19,801,8,0.000867
8,19,801,9,0.000738
8,19,801,10,0.000690
8,19,901,1,0.000788
8,19,901,2,0.000917
8,19,901,3,0.000708
8,19,901,4,0.000762
8,19,901,5,0.000738
8,19,901,6,0.000616
8,19,901,7,0.001193
8,19,901,8,0.000636
8,19,901,9,0.000770
8,19,901,10,0.000743
8,20,1,1,0.000644
8,20,1,2,0.000625
8,20,1,3,0.000691
8,20,1,4,0.000635
8,20,1,5,0.001068
8,20,1,6,0.000654
8,20,1,7,0.000647
8,20,1,8,0.000688
8,20,1,9,0.000642
8,20,1,10,0.000628
8,20,101,1,0.000765
8,20,101,2,0.000882
8,20,101,3,0.000666
8,20,101,4,0.001164
8,20,101,5,0.000696
8,20,101,6,0.000774
8,20,101,7,0.000723
8,20,101,8,0.000755
8,20,101,9,0.000671
8,20,101,10,0.000709
8,20,201,1,0.000768
8,20,201,2,0.000676
8,20,201,3,0.000700
8,20,201,4,0.000699
8,20,201,5,0.000870
8,20,201,6,0.000696
8,20,201,7,0.000838
8,20,201,8,0.000704
8,20,201,9,0.000731
8,20,201,10,0.000682
8,20,301,1,0.000728
8,20,301,2,0.000636
8,20,301,3,0.000625
8,20,301,4,0.000759
8,20,301,5,0.000662
8,20,301,6,0.000711
8,20,301,7,0.000869
8,20,301,8,0.000679
8,20,301,9,0.000772
8,20,301,10,0.000687
8,20,401,1,0.000707
8,20,401,2,0.000614
8,20,401,3,0.000723
8,20,401,4,0.000794
8,20,401,5,0.000706
8,20,401,6,0.000735
8,20,401,7,0.000681
8,20,401,8,0.000670
8,20,401,9,0.000720
8,20,401,10,0.001011
8,20,501,1,0.000686
8,20,501,2,0.000716
8,20,501,3,0.000721
8,20,501,4,0.000761
8,20,501,5,0.000874
8,20,501,6,0.000754
8,20,501,7,0.000697
8,20,501,8,0.000638
8,20,501,9,0.000837
8,20,501,10,0.000758
8,20,601,1,0.000825
8,20,601,2,0.000692
8,20,601,3,0.000840
8,20,601,4,0.000900
8,20,601,5,0.000937
8,20,601,6,0.000633
8,20,601,7,0.000792
8,20,601,8,0.000824
8,20,601,9,0.000918
8,20,601,10,0.000797
8,20,701,1,0.000660
8,20,701,2,0.000927
8,20,701,3,0.001096
8,20,701,4,0.000806
8,20,701,5,0.000616
8,20,701,6,0.000730
8,20,701,7,0.000700
8,20,701,8,0.000748
8,20,701,9,0.000641
8,20,701,10,0.000980
8,20,801,1,0.000873
8,20,801,2,0.000735
8,20,801,3,0.000677
8,20,801,4,0.000717
8,20,801,5,0.000829
8,20,801,6,0.000958
8,20,801,7,0.000704
8,20,801,8,0.000729
8,20,801,9,0.000743
8,20,801,10,0.000748
8,20,901,1,0.000632
8,20,901,2,0.000682
8,20,901,3,0.000913
8,20,901,4,0.000694
8,20,901,5,0.000701
8,20,901,6,0.000795
8,20,901,7,0.000913
8,20,901,8,0.000692
8,20,901,9,0.000796
8,20,901,10,0.000637
16,1,1,1,0.001048
16,1,1,2,0.000916
16,1,1,3,0.005253
16,1,1,4,0.000970
16,1,1,5,0.000880
16,1,1,6,0.001008
16,1,1,7,0.000904
16,1,1,8,0.000974
16,1,1,9,0.001013
16,1,1,10,0.000903
16,1,101,1,0.000964
16,1,101,2,0.001033
16,1,101,3,0.000987
16,1,101,4,0.000903
16,1,101,5,0.001035
16,1,101,6,0.000931
16,1,101,7,0.001053
16,1,101,8,0.000966
16,1,101,9,0.001033
16,1,101,10,0.000867
16,1,201,1,0.001005
16,1,201,2,0.001044
16,1,201,3,0.000992
16,1,201,4,0.000976
16,1,201,5,0.000960
16,1,201,6,0.000952
16,1,201,7,0.000965
16,1,201,8,0.001004
16,1,201,9,0.000973
16,1,201,10,0.000985
16,1,301,1,0.001023
16,1,301,2,0.000933
16,1,301,3,0.000958
16,1,301,4,0.000983
16,1,301,5,0.000955
16,1,301,6,0.001016
16,1,301,7,0.000975
16,1,301,8,0.000923
16,1,301,9,0.000912
16,1,301,10,0.000940
16,1,401,1,0.000982
16,1,401,2,0.000947
16,1,401,3,0.001000
16,1,401,4,0.000937
16,1,401,5,0.000908
16,1,401,6,0.000879
16,1,401,7,0.000998
16,1,401,8,0.000962
16,1,401,9,0.000954
16,1,401,10,0.000913
16,1,501,1,0.000881
16,1,501,2,0.000993
16,1,501,3,0.000973
16,1,501,4,0.000960
16,1,501,5,0.000948
16,1,501,6,0.000973
16,1,501,7,0.000956
16,1,501,8,0.001012
16,1,501,9,0.001006
16,1,501,10,0.000977
16,1,601,1,0.000893
16,1,601,2,0.001022
16,1,601,3,0.001074
16,1,601,4,0.001004
16,1,601,5,0.001059
16,1,601,6,0.000929
16,1,601,7,0.001024
16,1,601,8,0.000932
16,1,601,9,0.000960
16,1,601,10,0.000978
16,1,701,1,0.000960
16,1,701,2,0.001011
16,1,701,3,0.001018
16,1,701,4,0.000961
16,1,701,5,0.000997
16,1,701,6,0.000961
16,1,701,7,0.000986
16,1,701,8,0.001008
16,1,701,9,0.000987
16,1,701,10,0.000990
16,1,801,1,0.000941
16,1,801,2,0.001092
16,1,801,3,0.000993
16,1,801,4,0.000934
16,1,801,5,0.000983
16,1,801,6,0.000938
16,1,801,7,0.001139
16,1,801,8,0.000954
16,1,801,9,0.000961
16,1,801,10,0.000961
16,1,901,1,0.000933
16,1,901,2,0.001011
16,1,901,3,0.001003
16,1,901,4,0.000945
16,1,901,5,0.000962
16,1,901,6,0.000909
16,1,901,7,0.000906
16,1,901,8,0.001009
16,1,901,9,0.001010
16,1,901,10,0.001018
16,2,1,1,0.000982
16,2,1,2,0.000956
16,2,1,3,0.000968
16,2,1,4,0.001055
16,2,1,5,0.000931
16,2,1,6,0.000940
16,2,1,7,0.000971
16,2,1,8,0.001003
16,2,1,9,0.000849
16,2,1,10,0.001067
16,2,101,1,0.000951
16,2,101,2,0.001048
16,2,101,3,0.000990
16,2,101,4,0.000927
16,2,101,5,0.000988
16,2,101,6,0.000934
16,2,101,7,0.000990
16,2,101,8,0.000967
16,2,101,9,0.000950
16,2,101,10,0.000970
16,2,201,1,0.000971
16,2,201,2,0.000879
16,2,201,3,0.000983
16,2,201,4,0.000946
16,2,201,5,0.001428
16,2,201,6,0.001014
16,2,201,7,0.001001
16,2,201,8,0.000962
16,2,201,9,0.001013
16,2,201,10,0.000975
16,2,301,1,0.000989
16,2,301,2,0.000968
16,2,301,3,0.001001
16,2,301,4,0.000925
16,2,301,5,0.001032
16,2,301,6,0.001013
16,2,301,7,0.001278
16,2,301,8,0.001014
16,2,301,9,0.000966
16,2,301,10,0.001041
16,2,401,1,0.000992
16,2,401,2,0.000977
16,2,401,3,0.001226
16,2,401,4,0.000964
16,2,401,5,0.000967
16,2,401,6,0.000934
16,2,401,7,0.000993
16,2,401,8,0.001015
16,2,401,9,0.001091
16,2,401,10,0.000947
16,2,501,1,0.000969
16,2,501,2,0.000970
16,2,501,3,0.001086
16,2,501,4,0.000993
16,2,501,5,0.000984
16,2,501,6,0.000959
16,2,501,7,0.000978
16,2,501,8,0.000976
16,2,501,9,0.000914
16,2,501,10,0.001329
16,2,601,1,0.001048
16,2,601,2,0.000922
16,2,601,3,0.000969
16,2,601,4,0.000997
16,2,601,5,0.000935
16,2,601,6,0.000992
16,2,601,7,0.000956
16,2,601,8,0.000923
16,2,601,9,0.000981
16,2,601,10,0.000879
16,2,701,1,0.000985
16,2,701,2,0.000996
16,2,701,3,0.000949
16,2,701,4,0.000990
16,2,701,5,0.000977
16,2,701,6,0.001018
16,2,701,7,0.000935
16,2,701,8,0.000968
16,2,701,9,0.000922
16,2,701,10,0.000932
16,2,801,1,0.000993
16,2,801,2,0.000972
16,2,801,3,0.000986
16,2,801,4,0.000974
16,2,801,5,0.001039
16,2,801,6,0.000982
16,2,801,7,0.001029
16,2,801,8,0.000983
16,2,801,9,0.001020
16,2,801,10,0.001028
16,2,901,1,0.000949
16,2,901,2,0.001012
16,2,901,3,0.001020
16,2,901,4,0.000944
16,2,901,5,0.000954
16,2,901,6,0.000995
16,2,901,7,0.000997
16,2,901,8,0.001011
16,2,901,9,0.000946
16,2,901,10,0.001015
16,3,1,1,0.000956
16,3,1,2,0.001040
16,3,1,3,0.001008
16,3,1,4,0.001031
16,3,1,5,0.000932
16,3,1,6,0.000946
16,3,1,7,0.000984
16,3,1,8,0.001007
16,3,1,9,0.000957
16,3,1,10,0.000981
16,3,101,1,0.001059
16,3,101,2,0.000998
16,3,101,3,0.001064
16,3,101,4,0.000992
16,3,101,5,0.001032
16,3,101,6,0.001025
16,3,101,7,0.000990
16,3,101,8,0.001048
16,3,101,9,0.000999
16,3,101,10,0.000996
16,3,201,1,0.000992
16,3,201,2,0.000910
16,3,201,3,0.000880
16,3,201,4,0.001033
16,3,201,5,0.001026
16,3,201,6,0.000997
16,3,201,7,0.001063
16,3,201,8,0.001001
16,3,201,9,0.000948
16,3,201,10,0.001037
16,3,301,1,0.001043
16,3,301,2,0.000983
16,3,301,3,0.000982
16,3,301,4,0.000908
16,3,301,5,0.000942
16,3,301,6,0.001065
16,3,301,7,0.000992
16,3,301,8,0.000936
16,3,301,9,0.000982
16,3,301,10,0.001007
16,3,401,1,0.001016
16,3,401,2,0.000996
16,3,401,3,0.001013
16,3,401,4,0.000901
16,3,401,5,0.000963
16,3,401,6,0.001037
16,3,401,7,0.000994
16,3,401,8,0.000977
16,3,401,9,0.000953
16,3,401,10,0.001001
16,3,501,1,0.001009
16,3,501,2,0.001012
16,3,501,3,0.000986
16,3,501,4,0.000963
16,3,501,5,0.001016
16,3,501,6,0.001031
16,3,501,7,0.001061
16,3,501,8,0.001003
16,3,501,9,0.000991
16,3,501,10,0.000955
16,3,601,1,0.000952
16,3,601,2,0.001037
16,3,601,3,0.000989
16,3,601,4,0.001001
16,3,601,5,0.001063
16,3,601,6,0.000928
16,3,601,7,0.000965
16,3,601,8,0.001012
16,3,601,9,0.000878
16,3,601,10,0.000955
16,3,701,1,0.001032
16,3,701,2,0.000959
16,3,701,3,0.001007
16,3,701,4,0.000984
16,3,701,5,0.001016
16,3,701,6,0.000947
16,3,701,7,0.000851
16,3,701,8,0.001078
16,3,701,9,0.000967
16,3,701,10,0.001026
16,3,801,1,0.000965
16,3,801,2,0.000936
16,3,801,3,0.001018
16,3,801,4,0.000891
16,3,801,5,0.000973
16,3,801,6,0.000986
16,3,801,7,0.000967
16,3,801,8,0.000973
16,3,801,9,0.001017
16,3,801,10,0.000981
16,3,901,1,0.000896
16,3,901,2,0.000964
16,3,901,3,0.000984
16,3,901,4,0.000969
16,3,901,5,0.000903
16,3,901,6,0.000987
16,3,901,7,0.001068
16,3,901,8,0.000937
16,3,901,9,0.000997
16,3,901,10,0.001021
16,4,1,1,0.000984
16,4,1,2,0.000953
16,4,1,3,0.001005
16,4,1,4,0.000847
16,4,1,5,0.000998
16,4,1,6,0.000950
16,4,1,7,0.000972
16,4,1,8,0.000991
16,4,1,9,0.000938
16,4,1,10,0.001036
16,4,101,1,0.001083
16,4,101,2,0.001007
16,4,101,3,0.001004
16,4,101,4,0.000970
16,4,101,5,0.001095
16,4,101,6,0.000992
16,4,101,7,0.001034
16,4,101,8,0.001054
16,4,101,9,0.000966
16,4,101,10,0.000901
16,4,201,1,0.001032
16,4,201,2,0.001092
16,4,201,3,0.000998
16,4,201,4,0.001132
16,4,201,5,0.001034
16,4,201,6,0.001059
16,4,201,7,0.001077
16,4,201,8,0.001024
16,4,201,9,0.001002
16,4,201,10,0.000999
16,4,301,1,0.000945
16,4,301,2,0.001059
16,4,301,3,0.001027
16,4,301,4,0.001025
16,4,301,5,0.000933
16,4,301,6,0.001040
16,4,301,7,0.001075
16,4,301,8,0.000971
16,4,301,9,0.000961
16,4,301,10,0.001042
16,4,401,1,0.000935
16,4,401,2,0.001022
16,4,401,3,0.000958
16,4,401,4,0.001017
16,4,401,5,0.001064
16,4,401,6,0.000992
16,4,401,7,0.001000
16,4,401,8,0.001031
16,4,401,9,0.000955
16,4,401,10,0.001027
16,4,501,1,0.000969
16,4,501,2,0.000996
16,4,501,3,0.000963
16,4,501,4,0.001061
16,4,501,5,0.000951
16,4,501,6,0.001057
16,4,501,7,0.000984
16,4,501,8,0.000951
16,4,501,9,0.000942
16,4,501,10,0.001039
16,4,601,1,0.000973
16,4,601,2,0.000953
16,4,601,3,0.001063
16,4,601,4,0.001393
16,4,601,5,0.000948
16,4,601,6,0.001108
16,4,601,7,0.001053
16,4,601,8,0.000990
16,4,601,9,0.000872
16,4,601,10,0.001488
16,4,701,1,0.001039
16,4,701,2,0.000992
16,4,701,3,0.000974
16,4,701,4,0.001009
16,4,701,5,0.001006
16,4,701,6,0.001032
16,4,701,7,0.001252
16,4,701,8,0.001020
16,4,701,9,0.001001
16,4,701,10,0.001015
16,4,801,1,0.001019
16,4,801,2,0.000985
16,4,801,3,0.000985
16,4,801,4,0.001054
16,4,801,5,0.001010
16,4,801,6,0.000926
16,4,801,7,0.001006
16,4,801,8,0.001076
16,4,801,9,0.001063
16,4,801,10,0.001045
16,4,901,1,0.001024
16,4,901,2,0.001016
16,4,901,3,0.001006
16,4,901,4,0.001022
16,4,901,5,0.001058
16,4,901,6,0.000992
16,4,901,7,0.001032
16,4,901,8,0.000980
16,4,901,9,0.001021
16,4,901,10,0.001043
16,5,1,1,0.000951
16,5,1,2,0.000981
16,5,1,3,0.000922
16,5,1,4,0.001037
16,5,1,5,0.001191
16,5,1,6,0.000999
16,5,1,7,0.000934
16,5,1,8,0.000981
16,5,1,9,0.000900
16,5,1,10,0.000966
16,5,101,1,0.001006
16,5,101,2,0.001024
16,5,101,3,0.001045
16,5,101,4,0.000990
16,5,101,5,0.000983
16,5,101,6,0.001038
16,5,101,7,0.001070
16,5,101,8,0.001031
16,5,101,9,0.001012
16,5,101,10,0.000990
16,5,201,1,0.001032
16,5,201,2,0.000964
16,5,201,3,0.000986
16,5,201,4,0.000989
16,5,201,5,0.001019
16,5,201,6,0.001017
16,5,201,7,0.000929
16,5,201,8,0.000945
16,5,201,9,0.000986
16,5,201,10,0.000969
16,5,301,1,0.001001
16,5,301,2,0.000951
16,5,301,3,0.001109
16,5,301,4,0.000983
16,5,301,5,0.001021
16,5,301,6,0.000980
16,5,301,7,0.000942
16,5,301,8,0.001019
16,5,301,9,0.000983
16,5,301,10,0.000981
16,5,401,1,0.001011
16,5,401,2,0.000980
16,5,401,3,0.000971
16,5,401,4,0.000966
16,5,401,5,0.001007
16,5,401,6,0.001009
16,5,401,7,0.001008
16,5,401,8,0.001044
16,5,401,9,0.001099
16,5,401,10,0.001054
16,5,501,1,0.001012
16,5,501,2,0.001036
16,5,501,3,0.000934
16,5,501,4,0.000974
16,5,501,5,0.000959
16,5,501,6,0.001032
16,5,501,7,0.000987
16,5,501,8,0.001062
16,5,501,9,0.000953
16,5,501,10,0.001034
16,5,601,1,0.001016
16,5,601,2,0.001017
16,5,601,3,0.001029
16,5,601,4,0.001038
16,5,601,5,0.001015
16,5,601,6,0.000999
16,5,601,7,0.000996
16,5,601,8,0.001003
16,5,601,9,0.001110
16,5,601,10,0.000958
16,5,701,1,0.001029
16,5,701,2,0.000940
16,5,701,3,0.000972
16,5,701,4,0.001011
16,5,701,5,0.001008
16,5,701,6,0.001098
16,5,701,7,0.001007
16,5,701,8,0.001009
16,5,701,9,0.001036
16,5,701,10,0.001014
16,5,801,1,0.001054
16,5,801,2,0.001066
16,5,801,3,0.001059
16,5,801,4,0.001024
16,5,801,5,0.001041
16,5,801,6,0.000937
16,5,801,7,0.000946
16,5,801,8,0.000933
16,5,801,9,0.000973
16,5,801,10,0.000957
16,5,901,1,0.000985
16,5,901,2,0.000974
16,5,901,3,0.000966
16,5,901,4,0.000929
16,5,901,5,0.001055
16,5,901,6,0.000974
16,5,901,7,0.001052
16,5,901,8,0.000907
16,5,901,9,0.000985
16,5,901,10,0.000971
16,6,1,1,0.001012
16,6,1,2,0.000941
16,6,1,3,0.000845
16,6,1,4,0.000982
16,6,1,5,0.000877
16,6,1,6,0.000993
16,6,1,7,0.000963
16,6,1,8,0.000998
16,6,1,9,0.001048
16,6,1,10,0.000902
16,6,101,1,0.000999
16,6,101,2,0.001003
16,6,101,3,0.000999
16,6,101,4,0.000984
16,6,101,5,0.001038
16,6,101,6,0.001098
16,6,101,7,0.000929
16,6,101,8,0.001051
16,6,101,9,0.001020
16,6,101,10,0.001013
16,6,201,1,0.001052
16,6,201,2,0.000993
16,6,201,3,0.001039
16,6,201,4,0.001040
16,6,201,5,0.000989
16,6,201,6,0.001051
16,6,201,7,0.001047
16,6,201,8,0.001081
16,6,201,9,0.001019
16,6,201,10,0.001018
16,6,301,1,0.001002
16,6,301,2,0.000957
16,6,301,3,0.000929
16,6,301,4,0.000931
16,6,301,5,0.001065
16,6,301,6,0.000979
16,6,301,7,0.001036
16,6,301,8,0.000992
16,6,301,9,0.000978
16,6,301,10,0.001013
16,6,401,1,0.000992
16,6,401,2,0.000977
16,6,401,3,0.001002
16,6,401,4,0.001020
16,6,401,5,0.001051
16,6,401,6,0.001031
16,6,401,7,0.000978
16,6,401,8,0.001008
16,6,401,9,0.001039
16,6,401,10,0.001072
16,6,501,1,0.000987
16,6,501,2,0.001014
16,6,501,3,0.000974
16,6,501,4,0.001015
16,6,501,5,0.000955
16,6,501,6,0.001043
16,6,501,7,0.001080
16,6,501,8,0.001052
16,6,501,9,0.001054
16,6,501,10,0.001006
16,6,601,1,0.001023
16,6,601,2,0.000910
16,6,601,3,0.001077
16,6,601,4,0.001018
16,6,601,5,0.000971
16,6,601,6,0.001071
16,6,601,7,0.001015
16,6,601,8,0.000898
16,6,601,9,0.001055
16,6,601,10,0.000975
16,6,701,1,0.001011
16,6,701,2,0.001057
16,6,701,3,0.000920
16,6,701,4,0.000999
16,6,701,5,0.001005
16,6,701,6,0.001044
16,6,701,7,0.000947
16,6,701,8,0.001019
16,6,701,9,0.001050
16,6,701,10,0.000988
16,6,801,1,0.001031
16,6,801,2,0.001069
16,6,801,3,0.001039
16,6,801,4,0.001041
16,6,801,5,0.001021
16,6,801,6,0.000982
16,6,801,7,0.000927
16,6,801,8,0.001004
16,6,801,9,0.001039
16,6,801,10,0.000964
16,6,901,1,0.001083
16,6,901,2,0.001016
16,6,901,3,0.000942
16,6,901,4,0.000988
16,6,901,5,0.001044
16,6,901,6,0.000997
16,6,901,7,0.001032
16,6,901,8,0.000984
16,6,901,9,0.001100
16,6,901,10,0.001028
16,7,1,1,0.001014
16,7,1,2,0.001028
16,7,1,3,0.000830
16,7,1,4,0.000995
16,7,1,5,0.000912
16,7,1,6,0.001002
16,7,1,7,0.000997
16,7,1,8,0.000882
16,7,1,9,0.000977
16,7,1,10,0.001325
16,7,101,1,0.000994
16,7,101,2,0.001051
16,7,101,3,0.000984
16,7,101,4,0.000992
16,7,101,5,0.000976
16,7,101,6,0.000985
16,7,101,7,0.001053
16,7,101,8,0.001055
16,7,101,9,0.001053
16,7,101,10,0.001168
16,7,201,1,0.001056
16,7,201,2,0.000993
16,7,201,3,0.000981
16,7,201,4,0.001738
16,7,201,5,0.000972
16,7,201,6,0.001047
16,7,201,7,0.000990
16,7,201,8,0.001066
16,7,201,9,0.000978
16,7,201,10,0.000971
16,7,301,1,0.001081
16,7,301,2,0.000994
16,7,301,3,0.001118
16,7,301,4,0.001074
16,7,301,5,0.001062
16,7,301,6,0.001047
16,7,301,7,0.001048
16,7,301,8,0.001043
16,7,301,9,0.001044
16,7,301,10,0.001086
16,7,401,1,0.001037
16,7,401,2,0.000947
16,7,401,3,0.000972
16,7,401,4,0.001059
16,7,401,5,0.001044
16,7,401,6,0.000886
16,7,401,7,0.001051
16,7,401,8,0.001093
16,7,401,9,0.001000
16,7,401,10,0.001027
16,7,501,1,0.001057
16,7,501,2,0.001073
16,7,501,3,0.001021
16,7,501,4,0.000979
16,7,501,5,0.001081
16,7,501,6,0.001039
16,7,501,7,0.001042
16,7,501,8,0.001029
16,7,501,9,0.001059
16,7,501,10,0.001051
16,7,601,1,0.001004
16,7,601,2,0.001095
16,7,601,3,0.000966
16,7,601,4,0.001029
16,7,601,5,0.000979
16,7,601,6,0.001023
16,7,601,7,0.000985
16,7,601,8,0.001013
16,7,601,9,0.001069
16,7,601,10,0.001001
16,7,701,1,0.001077
16,7,701,2,0.001057
16,7,701,3,0.000952
16,7,701,4,0.001052
16,7,701,5,0.001067
16,7,701,6,0.001008
16,7,701,7,0.001005
16,7,701,8,0.001002
16,7,701,9,0.001042
16,7,701,10,0.001068
16,7,801,1,0.001009
16,7,801,2,0.001009
16,7,801,3,0.001002
16,7,801,4,0.001040
16,7,801,5,0.000990
16,7,801,6,0.001029
16,7,801,7,0.001033
16,7,801,8,0.001054
16,7,801,9,0.001091
16,7,801,10,0.005226
16,7,901,1,0.001026
16,7,901,2,0.001095
16,7,901,3,0.001126
16,7,901,4,0.000919
16,7,901,5,0.001118
16,7,901,6,nan
16,7,901,7,0.001095
16,7,901,8,0.001098
16,7,901,9,0.001095
16,7,901,10,0.001055
16,8,1,1,0.000964
16,8,1,2,0.000998
16,8,1,3,0.001011
16,8,1,4,0.001005
16,8,1,5,0.001006
16,8,1,6,0.000985
16,8,1,7,0.000929
16,8,1,8,0.000953
16,8,1,9,0.000934
16,8,1,10,0.001005
16,8,101,1,0.001110
16,8,101,2,0.000979
16,8,101,3,0.000993
16,8,101,4,0.000975
16,8,101,5,0.001071
16,8,101,6,0.001055
16,8,101,7,0.001015
16,8,101,8,0.000992
16,8,101,9,0.000984
16,8,101,10,0.000961
16,8,201,1,0.001016
16,8,201,2,0.000986
16,8,201,3,0.000995
16,8,201,4,0.001072
16,8,201,5,0.001013
16,8,201,6,0.001113
16,8,201,7,0.001038
16,8,201,8,0.001047
16,8,201,9,0.001046
16,8,201,10,0.001140
16,8,301,1,0.001004
16,8,301,2,0.001025
16,8,301,3,0.001035
16,8,301,4,0.001060
16,8,301,5,0.001021
16,8,301,6,0.001009
16,8,301,7,0.000925
16,8,301,8,0.001043
16,8,301,9,0.001084
16,8,301,10,0.001024
16,8,401,1,0.000953
16,8,401,2,0.001085
16,8,401,3,0.000997
16,8,401,4,0.001045
16,8,401,5,0.001009
16,8,401,6,0.001007
16,8,401,7,0.001065
16,8,401,8,0.000963
16,8,401,9,0.000961
16,8,401,10,0.001016
16,8,501,1,0.000947
16,8,501,2,0.001092
16,8,501,3,0.000988
16,8,501,4,0.000922
16,8,501,5,0.000955
16,8,501,6,0.001032
16,8,501,7,0.000983
16,8,501,8,0.001018
16,8,501,9,0.001030
16,8,501,10,0.001025
16,8,601,1,0.000996
16,8,601,2,0.001054
16,8,601,3,0.001062
16,8,601,4,0.000988
16,8,601,5,0.001047
16,8,601,6,0.000975
16,8,601,7,0.001049
16,8,601,8,0.001112
16,8,601,9,0.001003
16,8,601,10,0.000997
16,8,701,1,0.000931
16,8,701,2,0.000999
16,8,701,3,0.000993
16,8,701,4,0.001000
16,8,701,5,0.001146
16,8,701,6,0.001089
16,8,701,7,0.001069
16,8,701,8,0.001062
16,8,701,9,0.001030
16,8,701,10,0.001039
16,8,801,1,0.001013
16,8,801,2,0.000966
16,8,801,3,0.000972
16,8,801,4,0.000934
16,8,801,5,0.001122
16,8,801,6,0.000974
16,8,801,7,0.001018
16,8,801,8,0.000973
16,8,801,9,0.001015
16,8,801,10,0.000934
16,8,901,1,0.001062
16,8,901,2,0.001044
16,8,901,3,0.001032
16,8,901,4,0.000972
16,8,901,5,0.000979
16,8,901,6,0.000936
16,8,901,7,0.001061
16,8,901,8,0.000923
16,8,901,9,0.001026
16,8,901,10,0.000997
16,9,1,1,0.000990
16,9,1,2,0.001074
16,9,1,3,0.000871
16,9,1,4,0.000960
16,9,1,5,0.000948
16,9,1,6,0.000966
16,9,1,7,0.001004
16,9,1,8,0.000917
16,9,1,9,0.001030
16,9,1,10,0.000997
16,9,101,1,0.001074
16,9,101,2,0.001050
16,9,101,3,0.001041
16,9,101,4,0.001002
16,9,101,5,0.001028
16,9,101,6,0.001026
16,9,101,7,0.001006
16,9,101,8,0.001071
16,9,101,9,0.000975
16,9,101,10,0.000925
16,9,201,1,0.000991
16,9,201,2,0.001033
16,9,201,3,0.000937
16,9,201,4,0.000995
16,9,201,5,0.001117
16,9,201,6,0.001098
16,9,201,7,0.001031
16,9,201,8,0.000953
16,9,201,9,0.001048
16,9,201,10,0.001031
16,9,301,1,0.001062
16,9,301,2,0.000976
16,9,301,3,0.001035
16,9,301,4,0.001045
16,9,301,5,0.001058
16,9,301,6,0.001007
16,9,301,7,0.001041
16,9,301,8,0.001013
16,9,301,9,0.001081
16,9,301,10,0.001071
16,9,401,1,0.000991
16,9,401,2,0.001035
16,9,401,3,0.000916
16,9,401,4,0.001038
16,9,401,5,0.001007
16,9,401,6,0.000967
16,9,401,7,0.000969
16,9,401,8,0.000906
16,9,401,9,0.001032
16,9,401,10,0.000998
16,9,501,1,0.000974
16,9,501,2,0.001073
16,9,501,3,0.000943
16,9,501,4,0.001009
16,9,501,5,0.001000
16,9,501,6,0.001049
16,9,501,7,0.000978
16,9,501,8,0.001081
16,9,501,9,0.000980
16,9,501,10,0.000992
16,9,601,1,0.001029
16,9,601,2,0.000959
16,9,601,3,0.001084
16,9,601,4,0.000939
16,9,601,5,0.001080
16,9,601,6,0.001045
16,9,601,7,0.001066
16,9,601,8,0.000987
16,9,601,9,0.000986
16,9,601,10,0.001030
16,9,701,1,0.001048
16,9,701,2,0.000905
16,9,701,3,0.001066
16,9,701,4,0.001120
16,9,701,5,0.001063
16,9,701,6,0.001058
16,9,701,7,0.001028
16,9,701,8,0.000930
16,9,701,9,0.000974
16,9,701,10,0.001068
16,9,801,1,0.001051
16,9,801,2,0.001064
16,9,801,3,0.001072
16,9,801,4,0.000998
16,9,801,5,0.000972
16,9,801,6,0.000993
16,9,801,7,0.001015
16,9,801,8,0.001062
16,9,801,9,0.000972
16,9,801,10,0.001036
16,9,901,1,0.001063
16,9,901,2,0.000981
16,9,901,3,0.001054
16,9,901,4,0.001030
16,9,901,5,0.000883
16,9,901,6,0.001071
16,9,901,7,0.001013
16,9,901,8,0.001042
16,9,901,9,0.000960
16,9,901,10,0.001001
16,10,1,1,0.000974
16,10,1,2,0.000915
16,10,1,3,0.000848
16,10,1,4,0.000958
16,10,1,5,0.000982
16,10,1,6,0.000977
16,10,1,7,0.001031
16,10,1,8,0.001371
16,10,1,9,0.000978
16,10,1,10,0.000976
16,10,101,1,0.000927
16,10,101,2,0.001088
16,10,101,3,0.001016
16,10,101,4,0.001025
16,10,101,5,0.001076
16,10,101,6,0.000998
16,10,101,7,0.001021
16,10,101,8,0.001002
16,10,101,9,0.001033
16,10,101,10,0.001023
16,10,201,1,0.001055
16,10,201,2,0.000896
16,10,201,3,0.001098
16,10,201,4,0.001016
16,10,201,5,0.001092
16,10,201,6,0.001126
16,10,201,7,0.000991
16,10,201,8,0.000980
16,10,201,9,0.001051
16,10,201,10,0.001059
16,10,301,1,0.001086
16,10,301,2,0.001082
16,10,301,3,0.001078
16,10,301,4,0.000906
16,10,301,5,0.000963
16,10,301,6,0.000904
16,10,301,7,0.001039
16,10,301,8,0.000962
16,10,301,9,0.001033
16,10,301,10,0.001070
16,10,401,1,0.001036
16,10,401,2,0.001025
16,10,401,3,0.001048
16,10,401,4,0.001074
16,10,401,5,0.000978
16,10,401,6,0.001039
16,10,401,7,0.001099
16,10,401,8,0.001028
16,10,401,9,0.001111
16,10,401,10,0.000987
16,10,501,1,0.001017
16,10,501,2,0.001030
16,10,501,3,0.001034
16,10,501,4,0.000998
16,10,501,5,0.001090
16,10,501,6,0.001056
16,10,501,7,0.001032
16,10,501,8,0.001023
16,10,501,9,0.001027
16,10,501,10,0.001029
16,10,601,1,0.001084
16,10,601,2,0.001017
16,10,601,3,0.000964
16,10,601,4,0.000947
16,10,601,5,0.000986
16,10,601,6,0.001032
16,10,601,7,0.001074
16,10,601,8,0.001055
16,10,601,9,0.001010
16,10,601,10,0.001021
16,10,701,1,0.001041
16,10,701,2,0.001063
16,10,701,3,0.000973
16,10,701,4,0.001048
16,10,701,5,0.001039
16,10,701,6,0.001064
16,10,701,7,0.000959
16,10,701,8,0.001005
16,10,701,9,0.001047
16,10,701,10,0.000992
16,10,801,1,0.001040
16,10,801,2,0.001085
16,10,801,3,0.001067
16,10,801,4,0.001041
16,10,801,5,0.000957
16,10,801,6,0.001002
16,10,801,7,0.001097
16,10,801,8,0.000942
16,10,801,9,0.000980
16,10,801,10,0.000915
16,10,901,1,0.001015
16,10,901,2,0.000985
16,10,901,3,0.001013
16,10,901,4,0.001032
16,10,901,5,0.001037
16,10,901,6,0.001077
16,10,901,7,0.001045
16,10,901,8,0.001039
16,10,901,9,0.001048
16,10,901,10,0.000967
16,11,1,1,0.000990
16,11,1,2,0.001020
16,11,1,3,0.000952
16,11,1,4,0.001015
16,11,1,5,0.000960
16,11,1,6,0.000999
16,11,1,7,0.000953
16,11,1,8,0.000983
16,11,1,9,0.000887
16,11,1,10,0.000997
16,11,101,1,0.001048
16,11,101,2,0.001020
16,11,101,3,0.001019
16,11,101,4,0.001022
16,11,101,5,0.001081
16,11,101,6,0.000991
16,11,101,7,0.001073
16,11,101,8,0.000962
16,11,101,9,0.001030
16,11,101,10,0.001075
16,11,201,1,0.001108
16,11,201,2,0.001030
16,11,201,3,0.000970
16,11,201,4,0.001045
16,11,201,5,0.001012
16,11,201,6,0.001038
16,11,201,7,0.000946
16,11,201,8,0.000932
16,11,201,9,0.001030
16,11,201,10,0.001079
16,11,301,1,0.001036
16,11,301,2,0.001115
16,11,301,3,0.001058
16,11,301,4,0.000916
16,11,301,5,0.001086
16,11,301,6,0.001082
16,11,301,7,0.000918
16,11,301,8,0.001006
16,11,301,9,0.001004
16,11,301,10,0.001007
16,11,401,1,0.000995
16,11,401,2,0.001127
16,11,401,3,0.001032
16,11,401,4,0.001068
16,11,401,5,0.001046
16,11,401,6,0.001012
16,11,401,7,0.001002
16,11,401,8,0.001024
16,11,401,9,0.000952
16,11,401,10,0.001013
16,11,501,1,0.001029
16,11,501,2,0.001032
16,11,501,3,0.000987
16,11,501,4,0.001098
16,11,501,5,0.001053
16,11,501,6,0.000968
16,11,501,7,0.001108
16,11,501,8,0.001153
16,11,501,9,0.000973
16,11,501,10,0.001059
16,11,601,1,0.001072
16,11,601,2,0.001074
16,11,601,3,0.001081
16,11,601,4,0.001007
16,11,601,5,0.000959
16,11,601,6,0.000991
16,11,601,7,0.001022
16,11,601,8,0.001024
16,11,601,9,0.001006
16,11,601,10,0.001105
16,11,701,1,0.001039
16,11,701,2,0.001047
16,11,701,3,0.001008
16,11,701,4,0.001028
16,11,701,5,0.001063
16,11,701,6,0.000931
16,11,701,7,0.000949
16,11,701,8,0.001069
16,11,701,9,0.001044
16,11,701,10,0.001050
16,11,801,1,0.000976
16,11,801,2,0.000977
16,11,801,3,0.001011
16,11,801,4,0.001118
16,11,801,5,0.001104
16,11,801,6,0.001051
16,11,801,7,0.001045
16,11,801,8,0.001047
16,11,801,9,0.001348
16,11,801,10,0.001017
16,11,901,1,0.001054
16,11,901,2,0.001037
16,11,901,3,0.001091
16,11,901,4,0.000997
16,11,901,5,0.001022
16,11,901,6,0.000957
16,11,901,7,0.001059
16,11,901,8,0.001078
16,11,901,9,0.000952
16,11,901,10,0.001029
16,12,1,1,0.001017
16,12,1,2,0.000930
16,12,1,3,0.000973
16,12,1,4,0.000974
16,12,1,5,0.000915
16,12,1,6,0.001023
16,12,1,7,0.000970
16,12,1,8,0.000964
16,12,1,9,0.001032
16,12,1,10,0.000947
16,12,101,1,0.001148
16,12,101,2,0.001585
16,12,101,3,0.001016
16,12,101,4,0.001004
16,12,101,5,0.001251
16,12,101,6,0.001014
16,12,101,7,0.001030
16,12,101,8,0.001036
16,12,101,9,0.001004
16,12,101,10,0.001011
16,12,201,1,0.001018
16,12,201,2,0.001061
16,12,201,3,0.000946
16,12,201,4,0.001141
16,12,201,5,0.001039
16,12,201,6,0.001113
16,12,201,7,0.001093
16,12,201,8,0.001030
16,12,201,9,0.001021
16,12,201,10,0.000963
16,12,301,1,0.001885
16,12,301,2,0.001051
16,12,301,3,0.001246
16,12,301,4,0.001011
16,12,301,5,0.001021
16,12,301,6,0.001067
16,12,301,7,0.001063
16,12,301,8,0.001066
16,12,301,9,0.001040
16,12,301,10,0.001029
16,12,401,1,0.001050
16,12,401,2,0.001065
16,12,401,3,0.001611
16,12,401,4,0.001003
16,12,401,5,0.001064
16,12,401,6,0.001054
16,12,401,7,0.001091
16,12,401,8,0.001059
16,12,401,9,0.000975
16,12,401,10,0.000957
16,12,501,1,0.001039
16,12,501,2,0.001049
16,12,501,3,0.001074
16,12,501,4,0.001002
16,12,501,5,0.000999
16,12,501,6,0.001073
16,12,501,7,0.001108
16,12,501,8,0.001062
16,12,501,9,0.001104
16,12,501,10,0.001172
16,12,601,1,0.001073
16,12,601,2,0.001016
16,12,601,3,0.001090
16,12,601,4,0.001050
16,12,601,5,0.001127
16,12,601,6,0.000947
16,12,601,7,0.001019
16,12,601,8,0.001085
16,12,601,9,0.001089
16,12,601,10,0.001055
16,12,701,1,0.001128
16,12,701,2,0.001009
16,12,701,3,0.001014
16,12,701,4,0.001072
16,12,701,5,0.001090
16,12,701,6,0.001110
16,12,701,7,0.001051
16,12,701,8,0.001024
16,12,701,9,0.001076
16,12,701,10,0.001067
16,12,801,1,0.001028
16,12,801,2,0.001079
16,12,801,3,0.001058
16,12,801,4,0.001009
16,12,801,5,0.001100
16,12,801,6,0.001044
16,12,801,7,0.001051
16,12,801,8,0.001046
16,12,801,9,0.001012
16,12,801,10,0.000954
16,12,901,1,0.001088
16,12,901,2,0.001045
16,12,901,3,0.000981
16,12,901,4,0.001008
16,12,901,5,0.001072
16,12,901,6,0.001104
16,12,901,7,0.000983
16,12,901,8,0.001351
16,12,901,9,0.001022
16,12,901,10,0.001014
16,13,1,1,0.001035
16,13,1,2,0.001031
16,13,1,3,0.000975
16,13,1,4,0.000999
16,13,1,5,0.000996
16,13,1,6,0.000967
16,13,1,7,0.000952
16,13,1,8,0.000956
16,13,1,9,0.000906
16,13,1,10,0.001029
16,13,101,1,0.001040
16,13,101,2,0.001021
16,13,101,3,0.001070
16,13,101,4,0.001048
16,13,101,5,0.001026
16,13,101,6,0.001048
16,13,101,7,0.001081
16,13,101,8,0.001042
16,13,101,9,0.001102
16,13,101,10,0.000916
16,13,201,1,0.001023
16,13,201,2,0.001012
16,13,201,3,0.001021
16,13,201,4,0.001027
16,13,201,5,0.000969
16,13,201,6,0.001053
16,13,201,7,0.001011
16,13,201,8,0.001026
16,13,201,9,0.001040
16,13,201,10,0.001091
16,13,301,1,0.001051
16,13,301,2,0.001046
16,13,301,3,0.000954
16,13,301,4,0.001010
16,13,301,5,0.001122
16,13,301,6,0.001013
16,13,301,7,0.000984
16,13,301,8,0.001026
16,13,301,9,0.001072
16,13,301,10,0.000950
16,13,401,1,0.001067
16,13,401,2,0.000958
16,13,401,3,0.000957
16,13,401,4,0.001085
16,13,401,5,0.001087
16,13,401,6,0.001105
16,13,401,7,0.000930
16,13,401,8,0.001112
16,13,401,9,0.000987
16,13,401,10,0.000981
16,13,501,1,0.001130
16,13,501,2,0.000971
16,13,501,3,0.000998
16,13,501,4,0.000914
16,13,501,5,0.001046
16,13,501,6,0.001000
16,13,501,7,0.000954
16,13,501,8,0.000975
16,13,501,9,0.001005
16,13,501,10,0.001330
16,13,601,1,0.000996
16,13,601,2,0.001029
16,13,601,3,0.000986
16,13,601,4,0.001032
16,13,601,5,0.001037
16,13,601,6,0.001020
16,13,601,7,0.001017
16,13,601,8,0.001044
16,13,601,9,0.001057
16,13,601,10,0.001068
16,13,701,1,0.001032
16,13,701,2,0.001018
16,13,701,3,0.001042
16,13,701,4,0.001003
16,13,701,5,0.001084
16,13,701,6,0.001003
16,13,701,7,0.001084
16,13,701,8,0.000982
16,13,701,9,0.001036
16,13,701,10,0.001124
16,13,801,1,0.000935
16,13,801,2,0.001059
16,13,801,3,0.001002
16,13,801,4,0.000990
16,13,801,5,0.001443
16,13,801,6,0.001012
16,13,801,7,0.001044
16,13,801,8,0.001035
16,13,801,9,0.000918
16,13,801,10,0.001064
16,13,901,1,0.001043
16,13,901,2,0.001068
16,13,901,3,0.001040
16,13,901,4,0.000991
16,13,901,5,0.001063
16,13,901,6,0.000988
16,13,901,7,0.001028
16,13,901,8,0.001030
16,13,901,9,0.001060
16,13,901,10,0.001015
16,14,1,1,0.000922
16,14,1,2,0.000974
16,14,1,3,0.000965
16,14,1,4,0.000927
16,14,1,5,0.001063
16,14,1,6,0.000874
16,14,1,7,0.000940
16,14,1,8,0.001027
16,14,1,9,0.000951
16,14,1,10,0.000974
16,14,101,1,0.001037
16,14,101,2,0.001016
16,14,101,3,0.001076
16,14,101,4,0.001027
16,14,101,5,0.001040
16,14,101,6,0.001048
16,14,101,7,0.000987
16,14,101,8,0.001063
16,14,101,9,0.001099
16,14,101,10,0.001018
16,14,201,1,0.000950
16,14,201,2,0.001050
16,14,201,3,0.001023
16,14,201,4,0.001009
16,14,201,5,0.001113
16,14,201,6,0.001020
16,14,201,7,0.001024
16,14,201,8,0.001063
16,14,201,9,0.000999
16,14,201,10,0.001078
16,14,301,1,0.001044
16,14,301,2,0.000990
16,14,301,3,0.001055
16,14,301,4,0.000998
16,14,301,5,0.001114
16,14,301,6,0.001074
16,14,301,7,0.001018
16,14,301,8,0.000955
16,14,301,9,0.000916
16,14,301,10,0.001034
16,14,401,1,0.000985
16,14,401,2,0.001052
16,14,401,3,0.001084
16,14,401,4,0.000973
16,14,401,5,0.001021
16,14,401,6,0.001056
16,14,401,7,0.001004
16,14,401,8,0.000981
16,14,401,9,0.001087
16,14,401,10,0.000988
16,14,501,1,0.000942
16,14,501,2,0.000953
16,14,501,3,0.001365
16,14,501,4,0.001099
16,14,501,5,0.000951
16,14,501,6,0.001022
16,14,501,7,0.000973
16,14,501,8,0.001035
16,14,501,9,0.001031
16,14,501,10,0.001142
16,14,601,1,0.001142
16,14,601,2,0.000968
16,14,601,3,0.000993
16,14,601,4,0.000995
16,14,601,5,0.001044
16,14,601,6,0.001029
16,14,601,7,0.000990
16,14,601,8,0.001008
16,14,601,9,0.000970
16,14,601,10,0.000987
16,14,701,1,0.001002
16,14,701,2,0.001012
16,14,701,3,0.001029
16,14,701,4,0.000997
16,14,701,5,0.001049
16,14,701,6,0.000957
16,14,701,7,0.001012
16,14,701,8,0.001051
16,14,701,9,0.001024
16,14,701,10,0.000925
16,14,801,1,0.001073
16,14,801,2,0.001064
16,14,801,3,0.000989
16,14,801,4,0.001011
16,14,801,5,0.001078
16,14,801,6,0.001107
16,14,801,7,0.001158
16,14,801,8,0.001532
16,14,801,9,0.001013
16,14,801,10,0.000910
16,14,901,1,0.001074
16,14,901,2,0.001004
16,14,901,3,0.001032
16,14,901,4,0.001000
16,14,901,5,0.001033
16,14,901,6,0.001103
16,14,901,7,0.001000
16,14,901,8,0.001061
16,14,901,9,0.001043
16,14,901,10,0.001082
16,15,1,1,0.000982
16,15,1,2,0.001006
16,15,1,3,0.000964
16,15,1,4,0.001015
16,15,1,5,0.001333
16,15,1,6,0.000901
16,15,1,7,0.001051
16,15,1,8,0.000924
16,15,1,9,0.001020
16,15,1,10,0.000961
16,15,101,1,0.001020
16,15,101,2,0.001033
16,15,101,3,0.001099
16,15,101,4,0.001088
16,15,101,5,0.001096
16,15,101,6,0.001001
16,15,101,7,0.000991
16,15,101,8,0.001005
16,15,101,9,0.001009
16,15,101,10,0.001082
16,15,201,1,0.001082
16,15,201,2,0.001119
16,15,201,3,0.001079
16,15,201,4,0.001119
16,15,201,5,0.001024
16,15,201,6,0.001064
16,15,201,7,0.001093
16,15,201,8,0.001035
16,15,201,9,0.001267
16,15,201,10,0.001005
16,15,301,1,0.001051
16,15,301,2,0.001006
16,15,301,3,0.001215
16,15,301,4,0.001029
16,15,301,5,0.000998
16,15,301,6,0.001014
16,15,301,7,0.001034
16,15,301,8,0.001042
16,15,301,9,0.001055
16,15,301,10,0.001011
16,15,401,1,0.001080
16,15,401,2,0.001042
16,15,401,3,0.001040
16,15,401,4,0.000929
16,15,401,5,0.001022
16,15,401,6,0.001033
16,15,401,7,0.001013
16,15,401,8,0.001073
16,15,401,9,0.001009
16,15,401,10,0.001091
16,15,501,1,0.000966
16,15,501,2,0.001056
16,15,501,3,0.001450
16,15,501,4,0.001078
16,15,501,5,0.001021
16,15,501,6,0.001082
16,15,501,7,0.001123
16,15,501,8,0.001075
16,15,501,9,0.001050
16,15,501,10,0.000928
16,15,601,1,0.001051
16,15,601,2,0.001067
16,15,601,3,0.001086
16,15,601,4,0.001013
16,15,601,5,0.001084
16,15,601,6,0.000984
16,15,601,7,0.000986
16,15,601,8,0.001128
16,15,601,9,0.001024
16,15,601,10,0.001023
16,15,701,1,0.001001
16,15,701,2,0.001015
16,15,701,3,0.001055
16,15,701,4,0.000988
16,15,701,5,0.001093
16,15,701,6,0.001027
16,15,701,7,0.000987
16,15,701,8,0.001008
16,15,701,9,0.000987
16,15,701,10,0.001029
16,15,801,1,0.000961
16,15,801,2,0.000959
16,15,801,3,0.001069
16,15,801,4,0.001078
16,15,801,5,0.000942
16,15,801,6,0.001081
16,15,801,7,0.000910
16,15,801,8,0.001064
16,15,801,9,0.000944
16,15,801,10,0.001056
16,15,901,1,0.001007
16,15,901,2,0.000990
16,15,901,3,0.000946
16,15,901,4,0.001037
16,15,901,5,0.000950
16,15,901,6,0.001009
16,15,901,7,0.001012
16,15,901,8,0.001073
16,15,901,9,0.001052
16,15,901,10,0.001027
16,16,1,1,0.000931
16,16,1,2,0.001070
16,16,1,3,0.000860
16,16,1,4,0.000929
16,16,1,5,0.000931
16,16,1,6,0.001002
16,16,1,7,0.000953
16,16,1,8,0.000906
16,16,1,9,0.001322
16,16,1,10,0.000987
16,16,101,1,0.001065
16,16,101,2,0.000962
16,16,101,3,0.001044
16,16,101,4,0.001018
16,16,101,5,0.001004
16,16,101,6,0.001053
16,16,101,7,0.001017
16,16,101,8,0.001045
16,16,101,9,0.001078
16,16,101,10,0.000959
16,16,201,1,0.000973
16,16,201,2,0.001025
16,16,201,3,0.000994
16,16,201,4,0.000993
16,16,201,5,0.000975
16,16,201,6,0.000991
16,16,201,7,0.001114
16,16,201,8,0.001103
16,16,201,9,0.001030
16,16,201,10,0.001089
16,16,301,1,0.000998
16,16,301,2,0.000978
16,16,301,3,0.001103
16,16,301,4,0.001088
16,16,301,5,0.001015
16,16,301,6,0.000974
16,16,301,7,0.001065
16,16,301,8,0.001033
16,16,301,9,0.001246
16,16,301,10,0.001037
16,16,401,1,0.000975
16,16,401,2,0.001033
16,16,401,3,0.000915
16,16,401,4,0.000974
16,16,401,5,0.001061
16,16,401,6,0.001049
16,16,401,7,0.001003
16,16,401,8,0.000953
16,16,401,9,0.001051
16,16,401,10,0.001041
16,16,501,1,0.001048
16,16,501,2,0.001088
16,16,501,3,0.001064
16,16,501,4,0.000970
16,16,501,5,0.000961
16,16,501,6,0.001044
16,16,501,7,0.001055
16,16,501,8,0.001121
16,16,501,9,0.001125
16,16,501,10,0.001041
16,16,601,1,0.001059
16,16,601,2,0.001113
16,16,601,3,0.001055
16,16,601,4,0.001053
16,16,601,5,0.001018
16,16,601,6,0.001029
16,16,601,7,0.000978
16,16,601,8,0.001067
16,16,601,9,0.001015
16,16,601,10,0.001006
16,16,701,1,0.001183
16,16,701,2,0.001057
16,16,701,3,0.001022
16,16,701,4,0.001082
16,16,701,5,0.000995
16,16,701,6,0.001173
16,16,701,7,0.001057
16,16,701,8,0.001043
16,16,701,9,0.001018
16,16,701,10,0.001037
16,16,801,1,0.001105
16,16,801,2,0.001036
16,16,801,3,0.001032
16,16,801,4,0.000932
16,16,801,5,0.001038
16,16,801,6,0.001053
16,16,801,7,0.001022
16,16,801,8,0.001042
16,16,801,9,0.001027
16,16,801,10,0.001007
16,16,901,1,0.001088
16,16,901,2,0.001154
16,16,901,3,0.001088
16,16,901,4,0.001125
16,16,901,5,0.001035
16,16,901,6,0.001078
16,16,901,7,0.001040
16,16,901,8,0.001041
16,16,901,9,0.001021
16,16,901,10,0.001006
16,17,1,1,0.000884
16,17,1,2,0.000921
16,17,1,3,0.000996
16,17,1,4,0.001133
16,17,1,5,0.000936
16,17,1,6,0.001002
16,17,1,7,0.000989
16,17,1,8,0.000982
16,17,1,9,0.001019
16,17,1,10,0.000976
16,17,101,1,0.001103
16,17,101,2,0.001047
16,17,101,3,0.001024
16,17,101,4,0.000940
16,17,101,5,0.001020
16,17,101,6,0.001023
16,17,101,7,0.000989
16,17,101,8,0.001066
16,17,101,9,0.001016
16,17,101,10,0.001033
16,17,201,1,0.001339
16,17,201,2,0.001049
16,17,201,3,0.000970
16,17,201,4,0.000984
16,17,201,5,0.001034
16,17,201,6,0.001015
16,17,201,7,0.001025
16,17,201,8,0.001244
16,17,201,9,0.001066
16,17,201,10,0.001127
16,17,301,1,0.001033
16,17,301,2,0.001027
16,17,301,3,0.001053
16,17,301,4,0.001053
16,17,301,5,0.001133
16,17,301,6,0.001099
16,17,301,7,0.000996
16,17,301,8,0.001128
16,17,301,9,0.000954
16,17,301,10,0.001060
16,17,401,1,0.001016
16,17,401,2,0.001053
16,17,401,3,0.001114
16,17,401,4,0.001011
16,17,401,5,0.001030
16,17,401,6,0.001192
16,17,401,7,0.001049
16,17,401,8,0.001032
16,17,401,9,0.000964
16,17,401,10,0.001037
16,17,501,1,0.001071
16,17,501,2,0.001060
16,17,501,3,0.000974
16,17,501,4,0.001051
16,17,501,5,0.000933
16,17,501,6,0.000996
16,17,501,7,0.000978
16,17,501,8,0.001060
16,17,501,9,0.000995
16,17,501,10,0.001038
16,17,601,1,0.001051
16,17,601,2,0.001047
16,17,601,3,0.001122
16,17,601,4,0.001119
16,17,601,5,0.000992
16,17,601,6,0.000959
16,17,601,7,0.000998
16,17,601,8,0.001085
16,17,601,9,0.000948
16,17,601,10,0.001050
16,17,701,1,0.001012
16,17,701,2,0.001077
16,17,701,3,0.001065
16,17,701,4,0.001063
16,17,701,5,0.001043
16,17,701,6,0.001078
16,17,701,7,0.001091
16,17,701,8,0.001036
16,17,701,9,0.001096
16,17,701,10,0.001218
16,17,801,1,0.001142
16,17,801,2,0.001094
16,17,801,3,0.001024
16,17,801,4,0.001081
16,17,801,5,0.001143
16,17,801,6,0.001020
16,17,801,7,0.001038
16,17,801,8,0.001049
16,17,801,9,0.001044
16,17,801,10,0.000910
16,17,901,1,0.000947
16,17,901,2,0.001026
16,17,901,3,0.001004
16,17,901,4,0.001091
16,17,901,5,0.001023
16,17,901,6,0.001000
16,17,901,7,0.001042
16,17,901,8,0.001047
16,17,901,9,0.001020
16,17,901,10,0.001041
16,18,1,1,0.000915
16,18,1,2,0.000993
16,18,1,3,0.001005
16,18,1,4,0.000980
16,18,1,5,0.001012
16,18,1,6,0.000959
16,18,1,7,0.000974
16,18,1,8,0.000949
16,18,1,9,0.000959
16,18,1,10,0.000945
16,18,101,1,0.001057
16,18,101,2,0.001038
16,18,101,3,0.000946
16,18,101,4,0.001086
16,18,101,5,0.001009
16,18,101,6,0.001055
16,18,101,7,0.000977
16,18,101,8,0.001024
16,18,101,9,0.000988
16,18,101,10,0.001078
16,18,201,1,0.001435
16,18,201,2,0.001010
16,18,201,3,0.001154
16,18,201,4,0.001378
16,18,201,5,0.001455
16,18,201,6,0.001198
16,18,201,7,0.001058
16,18,201,8,0.001037
16,18,201,9,0.001075
16,18,201,10,0.001049
16,18,301,1,0.001026
16,18,301,2,0.001045
16,18,301,3,0.001012
16,18,301,4,0.001022
16,18,301,5,0.001049
16,18,301,6,0.001050
16,18,301,7,0.000983
16,18,301,8,0.001026
16,18,301,9,0.001102
16,18,301,10,0.001039
16,18,401,1,0.000930
16,18,401,2,0.001255
16,18,401,3,0.001037
16,18,401,4,0.001079
16,18,401,5,0.001053
16,18,401,6,0.001022
16,18,401,7,0.001066
16,18,401,8,0.001007
16,18,401,9,0.001196
16,18,401,10,0.001046
16,18,501,1,0.001027
16,18,501,2,0.001049
16,18,501,3,0.001060
16,18,501,4,0.001044
16,18,501,5,0.001077
16,18,501,6,0.001069
16,18,501,7,0.001045
16,18,501,8,0.000977
16,18,501,9,0.001018
16,18,501,10,0.001083
16,18,601,1,0.000977
16,18,601,2,0.001503
16,18,601,3,0.000963
16,18,601,4,0.001074
16,18,601,5,0.001149
16,18,601,6,0.001123
16,18,601,7,0.001014
16,18,601,8,0.001001
16,18,601,9,0.001031
16,18,601,10,0.001019
16,18,701,1,0.000991
16,18,701,2,0.001240
16,18,701,3,0.001082
16,18,701,4,0.001150
16,18,701,5,0.001255
16,18,701,6,0.001000
16,18,701,7,0.001012
16,18,701,8,0.001082
16,18,701,9,0.001031
16,18,701,10,0.001016
16,18,801,1,0.001021
16,18,801,2,0.001342
16,18,801,3,0.001065
16,18,801,4,0.001038
16,18,801,5,0.001102
16,18,801,6,0.001057
16,18,801,7,0.001041
16,18,801,8,0.001028
16,18,801,9,0.001015
16,18,801,10,0.001131
16,18,901,1,0.001030
16,18,901,2,0.000976
16,18,901,3,0.001076
16,18,901,4,0.001064
16,18,901,5,0.001046
16,18,901,6,0.000990
16,18,901,7,0.001097
16,18,901,8,0.001078
16,18,901,9,0.001067
16,18,901,10,0.001177
16,19,1,1,0.001067
16,19,1,2,0.000950
16,19,1,3,0.001028
16,19,1,4,0.001004
16,19,1,5,0.000901
16,19,1,6,0.000922
16,19,1,7,0.000898
16,19,1,8,0.000916
16,19,1,9,0.001097
16,19,1,10,0.000955
16,19,101,1,0.001020
16,19,101,2,0.001015
16,19,101,3,0.001195
16,19,101,4,0.000996
16,19,101,5,0.001089
16,19,101,6,0.001000
16,19,101,7,0.001034
16,19,101,8,0.000969
16,19,101,9,0.001135
16,19,101,10,0.000911
16,19,201,1,0.001015
16,19,201,2,0.001470
16,19,201,3,0.001059
16,19,201,4,0.001033
16,19,201,5,0.001015
16,19,201,6,0.001093
16,19,201,7,0.001045
16,19,201,8,0.001036
16,19,201,9,0.001027
16,19,201,10,0.000977
16,19,301,1,0.001091
16,19,301,2,0.001133
16,19,301,3,0.001143
16,19,301,4,0.001093
16,19,301,5,0.000961
16,19,301,6,0.001063
16,19,301,7,0.001182
16,19,301,8,0.001053
16,19,301,9,0.001055
16,19,301,10,0.001010
16,19,401,1,0.001063
16,19,401,2,0.001102
16,19,401,3,0.001026
16,19,401,4,0.001026
16,19,401,5,0.001048
16,19,401,6,0.001037
16,19,401,7,0.001065
16,19,401,8,0.001181
16,19,401,9,0.000975
16,19,401,10,0.001443
16,19,501,1,0.001076
16,19,501,2,0.001037
16,19,501,3,0.001005
16,19,501,4,0.000951
16,19,501,5,0.001073
16,19,501,6,0.001061
16,19,501,7,0.000974
16,19,501,8,0.000985
16,19,501,9,0.001025
16,19,501,10,0.001006
16,19,601,1,0.001081
16,19,601,2,0.001048
16,19,601,3,0.001068
16,19,601,4,0.001073
16,19,601,5,0.000991
16,19,601,6,0.001108
16,19,601,7,0.001045
16,19,601,8,0.000987
16,19,601,9,0.001066
16,19,601,10,0.001013
16,19,701,1,0.001072
16,19,701,2,0.000980
16,19,701,3,0.001065
16,19,701,4,0.001095
16,19,701,5,0.000991
16,19,701,6,0.001194
16,19,701,7,0.000964
16,19,701,8,0.001046
16,19,701,9,0.001051
16,19,701,10,0.001167
16,19,801,1,0.001039
16,19,801,2,0.001002
16,19,801,3,0.001031
16,19,801,4,0.001200
16,19,801,5,0.000958
16,19,801,6,0.001090
16,19,801,7,0.000986
16,19,801,8,0.001060
16,19,801,9,0.001065
16,19,801,10,0.001135
16,19,901,1,0.000997
16,19,901,2,0.001105
16,19,901,3,0.001000
16,19,901,4,0.001049
16,19,901,5,0.000965
16,19,901,6,0.001027
16,19,901,7,0.000955
16,19,901,8,0.001130
16,19,901,9,0.001064
16,19,901,10,0.001075
16,20,1,1,0.000989
16,20,1,2,0.000977
16,20,1,3,0.000978
16,20,1,4,0.000963
16,20,1,5,0.000923
16,20,1,6,0.000901
16,20,1,7,0.000983
16,20,1,8,0.001016
16,20,1,9,0.000928
16,20,1,10,0.001041
16,20,101,1,0.000958
16,20,101,2,0.000981
16,20,101,3,0.001026
16,20,101,4,0.001090
16,20,101,5,0.000954
16,20,101,6,0.001085
16,20,101,7,0.000998
16,20,101,8,0.000966
16,20,101,9,0.000963
16,20,101,10,0.001075
16,20,201,1,0.000972
16,20,201,2,0.001080
16,20,201,3,0.000995
16,20,201,4,0.001076
16,20,201,5,0.001142
16,20,201,6,0.001071
16,20,201,7,0.001040
16,20,201,8,0.001026
16,20,201,9,0.001085
16,20,201,10,0.001027
16,20,301,1,0.000957
16,20,301,2,0.001076
16,20,301,3,0.001110
16,20,301,4,0.001028
16,20,301,5,0.001082
16,20,301,6,0.000928
16,20,301,7,0.001033
16,20,301,8,0.001094
16,20,301,9,0.001134
16,20,301,10,0.000994
16,20,401,1,0.001090
16,20,401,2,0.001100
16,20,401,3,0.001137
16,20,401,4,nan
16,20,401,5,0.001148
16,20,401,6,0.001102
16,20,401,7,0.001066
16,20,401,8,0.000991
16,20,401,9,0.001168
16,20,401,10,0.001077
16,20,501,1,0.001040
16,20,501,2,0.001095
16,20,501,3,0.001054
16,20,501,4,0.001015
16,20,501,5,0.001068
16,20,501,6,0.001078
16,20,501,7,0.001111
16,20,501,8,0.001022
16,20,501,9,0.001067
16,20,501,10,0.001027
16,20,601,1,0.001029
16,20,601,2,0.000984
16,20,601,3,0.001010
16,20,601,4,0.001030
16,20,601,5,0.000983
16,20,601,6,0.000977
16,20,601,7,0.000966
16,20,601,8,0.001006
16,20,601,9,0.001008
16,20,601,10,0.000996
16,20,701,1,0.001012
16,20,701,2,0.001016
16,20,701,3,0.001029
16,20,701,4,0.001037
16,20,701,5,0.000963
16,20,701,6,0.001096
16,20,701,7,0.001045
16,20,701,8,0.001062
16,20,701,9,0.001065
16,20,701,10,0.000942
16,20,801,1,0.001005
16,20,801,2,0.001144
16,20,801,3,0.001048
16,20,801,4,0.001004
16,20,801,5,0.001006
16,20,801,6,0.000988
16,20,801,7,0.000894
16,20,801,8,0.001005
16,20,801,9,0.000976
16,20,801,10,0.001060
16,20,901,1,0.001014
16,20,901,2,0.000973
16,20,901,3,0.001059
16,20,901,4,0.000933
16,20,901,5,0.001071
16,20,901,6,0.001028
16,20,901,7,0.001158
16,20,901,8,0.001247
16,20,901,9,0.001012
16,20,901,10,0.001102
32,1,1,1,0.001809
32,1,1,2,0.001754
32,1,1,3,0.001757
32,1,1,4,0.001823
32,1,1,5,0.001764
32,1,1,6,0.001787
32,1,1,7,0.001731
32,1,1,8,0.001834
32,1,1,9,0.001725
32,1,1,10,0.001773
32,1,101,1,0.001768
32,1,101,2,0.001774
32,1,101,3,0.001682
32,1,101,4,0.001778
32,1,101,5,0.001758
32,1,101,6,0.001730
32,1,101,7,0.001758
32,1,101,8,0.001855
32,1,101,9,0.001779
32,1,101,10,0.001822
32,1,201,1,0.001755
32,1,201,2,0.001764
32,1,201,3,0.001793
32,1,201,4,0.001760
32,1,201,5,0.001747
32,1,201,6,0.001756
32,1,201,7,0.001791
32,1,201,8,0.001802
32,1,201,9,0.001790
32,1,201,10,0.001809
32,1,301,1,0.001745
32,1,301,2,0.001718
32,1,301,3,0.001770
32,1,301,4,0.001837
32,1,301,5,0.001850
32,1,301,6,0.001849
32,1,301,7,0.001864
32,1,301,8,0.001711
32,1,301,9,0.001827
32,1,301,10,0.001783
32,1,401,1,0.001741
32,1,401,2,0.001811
32,1,401,3,0.001851
32,1,401,4,0.001783
32,1,401,5,0.001823
32,1,401,6,0.001716
32,1,401,7,0.001720
32,1,401,8,0.001700
32,1,401,9,0.001845
32,1,401,10,0.001793
32,1,501,1,0.001797
32,1,501,2,0.001790
32,1,501,3,0.001830
32,1,501,4,0.001744
32,1,501,5,0.001898
32,1,501,6,0.001940
32,1,501,7,0.001699
32,1,501,8,0.001742
32,1,501,9,0.001746
32,1,501,10,0.001883
32,1,601,1,0.001767
32,1,601,2,0.001807
32,1,601,3,0.001776
32,1,601,4,0.001767
32,1,601,5,0.001765
32,1,601,6,0.001700
32,1,601,7,0.001804
32,1,601,8,0.001856
32,1,601,9,0.001777
32,1,601,10,0.001785
32,1,701,1,0.001818
32,1,701,2,0.001803
32,1,701,3,0.001765
32,1,701,4,0.001802
32,1,701,5,0.001767
32,1,701,6,0.001793
32,1,701,7,0.001741
32,1,701,8,0.001762
32,1,701,9,0.002212
32,1,701,10,0.001758
32,1,801,1,0.001764
32,1,801,2,0.001744
32,1,801,3,0.001737
32,1,801,4,0.001766
32,1,801,5,0.001801
32,1,801,6,0.001788
32,1,801,7,0.001724
32,1,801,8,0.001842
32,1,801,9,0.001875
32,1,801,10,0.001812
32,1,901,1,0.001766
32,1,901,2,0.001792
32,1,901,3,0.001779
32,1,901,4,0.001846
32,1,901,5,0.001813
32,1,901,6,0.001838
32,1,901,7,0.001769
32,1,901,8,0.001846
32,1,901,9,0.001751
32,1,901,10,0.001767
32,2,1,1,0.001771
32,2,1,2,0.001779
32,2,1,3,0.001866
32,2,1,4,0.001690
32,2,1,5,0.001719
32,2,1,6,0.001797
32,2,1,7,0.001744
32,2,1,8,0.001761
32,2,1,9,0.001763
32,2,1,10,0.001752
32,2,101,1,0.002349
32,2,101,2,0.001812
32,2,101,3,0.001830
32,2,101,4,0.001791
32,2,101,5,0.001808
32,2,101,6,0.001824
32,2,101,7,0.001714
32,2,101,8,0.001784
32,2,101,9,0.001791
32,2,101,10,0.001817
32,2,201,1,0.001814
32,2,201,2,0.001881
32,2,201,3,0.001949
32,2,201,4,0.001775
32,2,201,5,0.001793
32,2,201,6,0.001868
32,2,201,7,0.001882
32,2,201,8,0.001729
32,2,201,9,0.001798
32,2,201,10,0.001853
32,2,301,1,0.001792
32,2,301,2,0.001874
32,2,301,3,0.001780
32,2,301,4,0.001846
32,2,301,5,0.001799
32,2,301,6,0.001742
32,2,301,7,0.001813
32,2,301,8,0.001749
32,2,301,9,0.001825
32,2,301,10,0.001862
32,2,401,1,0.001710
32,2,401,2,0.001762
32,2,401,3,0.001816
32,2,401,4,0.001746
32,2,401,5,0.001854
32,2,401,6,0.001786
32,2,401,7,0.001715
32,2,401,8,0.001767
32,2,401,9,0.001813
32,2,401,10,0.001916
32,2,501,1,0.001846
32,2,501,2,0.001835
32,2,501,3,0.001814
32,2,501,4,0.001765
32,2,501,5,0.001895
32,2,501,6,0.001789
32,2,501,7,0.001767
32,2,501,8,0.001826
32,2,501,9,0.001691
32,2,501,10,0.002200
32,2,601,1,0.001748
32,2,601,2,0.001791
32,2,601,3,0.001745
32,2,601,4,0.001760
32,2,601,5,0.001826
32,2,601,6,0.001744
32,2,601,7,0.001810
32,2,601,8,0.001808
32,2,601,9,0.001820
32,2,601,10,0.001786
32,2,701,1,0.001832
32,2,701,2,0.001919
32,2,701,3,0.001742
32,2,701,4,0.001745
32,2,701,5,0.001815
32,2,701,6,0.001813
32,2,701,7,0.001695
32,2,701,8,0.001819
32,2,701,9,0.001763
32,2,701,10,0.001928
32,2,801,1,0.001867
32,2,801,2,0.001865
32,2,801,3,0.001872
32,2,801,4,0.001806
32,2,801,5,0.001823
32,2,801,6,0.001850
32,2,801,7,0.001868
32,2,801,8,0.001794
32,2,801,9,0.001802
32,2,801,10,0.001827
32,2,901,1,0.001857
32,2,901,2,0.001857
32,2,901,3,0.001923
32,2,901,4,0.001737
32,2,901,5,0.001798
32,2,901,6,0.001745
32,2,901,7,0.001841
32,2,901,8,0.001840
32,2,901,9,0.002250
32,2,901,10,0.001842
32,3,1,1,0.001765
32,3,1,2,0.001662
32,3,1,3,0.001753
32,3,1,4,0.001764
32,3,1,5,0.001761
32,3,1,6,0.001784
32,3,1,7,0.001778
32,3,1,8,0.001823
32,3,1,9,0.001778
32,3,1,10,0.001772
32,3,101,1,0.001816
32,3,101,2,0.001838
32,3,101,3,0.001742
32,3,101,4,0.001900
32,3,101,5,0.001751
32,3,101,6,0.001790
32,3,101,7,0.001852
32,3,101,8,0.001821
32,3,101,9,0.001806
32,3,101,10,0.001858
32,3,201,1,0.001776
32,3,201,2,0.001831
32,3,201,3,0.001750
32,3,201,4,0.001767
32,3,201,5,0.001772
32,3,201,6,0.001799
32,3,201,7,0.001791
32,3,201,8,0.001814
32,3,201,9,0.001819
32,3,201,10,0.001820
32,3,301,1,0.001818
32,3,301,2,0.001752
32,3,301,3,0.001841
32,3,301,4,0.001778
32,3,301,5,0.001782
32,3,301,6,0.001816
32,3,301,7,0.001751
32,3,301,8,0.001810
32,3,301,9,0.001820
32,3,301,10,0.001819
32,3,401,1,0.001789
32,3,401,2,0.001847
32,3,401,3,0.001855
32,3,401,4,0.001744
32,3,401,5,0.001881
32,3,401,6,0.001834
32,3,401,7,0.001784
32,3,401,8,0.001766
32,3,401,9,0.001859
32,3,401,10,0.001785
32,3,501,1,0.001757
32,3,501,2,0.001802
32,3,501,3,0.001889
32,3,501,4,0.001782
32,3,501,5,0.001798
32,3,501,6,0.001793
32,3,501,7,0.001820
32,3,501,8,0.001758
32,3,501,9,0.001731
32,3,501,10,0.001704
32,3,601,1,0.001775
32,3,601,2,0.001794
32,3,601,3,0.001790
32,3,601,4,0.001844
32,3,601,5,0.001716
32,3,601,6,0.001811
32,3,601,7,0.001908
32,3,601,8,0.001847
32,3,601,9,0.001785
32,3,601,10,0.002219
32,3,701,1,0.001794
32,3,701,2,0.001869
32,3,701,3,0.001986
32,3,701,4,0.001833
32,3,701,5,0.001823
32,3,701,6,0.001820
32,3,701,7,0.001821
32,3,701,8,0.001850
32,3,701,9,0.001782
32,3,701,10,0.001791
32,3,801,1,0.001863
32,3,801,2,0.001816
32,3,801,3,0.001833
32,3,801,4,0.001785
32,3,801,5,0.001773
32,3,801,6,0.001742
32,3,801,7,0.001827
32,3,801,8,0.001790
32,3,801,9,0.001774
32,3,801,10,0.001829
32,3,901,1,0.001772
32,3,901,2,0.001816
32,3,901,3,0.001798
32,3,901,4,0.001829
32,3,901,5,0.001867
32,3,901,6,0.001805
32,3,901,7,0.001837
32,3,901,8,0.001810
32,3,901,9,0.001822
32,3,901,10,0.005922
32,4,1,1,0.001796
32,4,1,2,0.001804
32,4,1,3,0.001786
32,4,1,4,0.001798
32,4,1,5,0.001818
32,4,1,6,0.001858
32,4,1,7,0.001749
32,4,1,8,0.001839
32,4,1,9,0.001762
32,4,1,10,0.001773
32,4,101,1,0.001811
32,4,101,2,0.001858
32,4,101,3,0.001838
32,4,101,4,0.001694
32,4,101,5,0.001842
32,4,101,6,0.001807
32,4,101,7,0.001779
32,4,101,8,0.001999
32,4,101,9,0.001843
32,4,101,10,0.001760
32,4,201,1,0.001860
32,4,201,2,0.001851
32,4,201,3,0.001882
32,4,201,4,0.001907
32,4,201,5,0.001829
32,4,201,6,0.001783
32,4,201,7,0.001815
32,4,201,8,0.001895
32,4,201,9,0.001852
32,4,201,10,0.001808
32,4,301,1,0.001712
32,4,301,2,0.001873
32,4,301,3,0.001778
32,4,301,4,0.001737
32,4,301,5,0.001875
32,4,301,6,0.001826
32,4,301,7,0.001779
32,4,301,8,0.001793
32,4,301,9,0.001815
32,4,301,10,0.001764
32,4,401,1,0.001849
32,4,401,2,0.001842
32,4,401,3,0.001700
32,4,401,4,0.001782
32,4,401,5,0.001823
32,4,401,6,0.001730
32,4,401,7,0.001831
32,4,401,8,0.001765
32,4,401,9,0.001831
32,4,401,10,0.001771
32,4,501,1,0.002136
32,4,501,2,0.001886
32,4,501,3,0.001815
32,4,501,4,0.001862
32,4,501,5,0.002049
32,4,501,6,0.001729
32,4,501,7,0.001807
32,4,501,8,0.001809
32,4,501,9,0.001750
32,4,501,10,0.001743
32,4,601,1,0.001843
32,4,601,2,0.001797
32,4,601,3,0.002214
32,4,601,4,0.001848
32,4,601,5,0.001761
32,4,601,6,0.001874
32,4,601,7,0.001769
32,4,601,8,0.001793
32,4,601,9,0.001858
32,4,601,10,0.002160
32,4,701,1,0.001795
32,4,701,2,0.001812
32,4,701,3,0.001922
32,4,701,4,0.001836
32,4,701,5,0.001752
32,4,701,6,0.001917
32,4,701,7,0.001744
32,4,701,8,0.001798
32,4,701,9,0.001880
32,4,701,10,0.001744
32,4,801,1,0.001891
32,4,801,2,0.001785
32,4,801,3,0.001753
32,4,801,4,0.001823
32,4,801,5,0.001747
32,4,801,6,0.001725
32,4,801,7,0.001814
32,4,801,8,0.001868
32,4,801,9,0.001841
32,4,801,10,0.001879
32,4,901,1,0.001839
32,4,901,2,0.001823
32,4,901,3,0.002240
32,4,901,4,0.001864
32,4,901,5,0.001750
32,4,901,6,0.001787
32,4,901,7,0.001768
32,4,901,8,0.001820
32,4,901,9,0.001778
32,4,901,10,0.001843
32,5,1,1,0.001796
32,5,1,2,0.001841
32,5,1,3,0.001779
32,5,1,4,0.001811
32,5,1,5,0.001798
32,5,1,6,0.001706
32,5,1,7,0.001760
32,5,1,8,0.001685
32,5,1,9,0.001810
32,5,1,10,0.001814
32,5,101,1,0.001828
32,5,101,2,0.001936
32,5,101,3,0.001845
32,5,101,4,0.001885
32,5,101,5,0.001954
32,5,101,6,0.001724
32,5,101,7,0.001822
32,5,101,8,0.001875
32,5,101,9,0.001833
32,5,101,10,0.001876
32,5,201,1,0.001882
32,5,201,2,0.001798
32,5,201,3,0.001840
32,5,201,4,0.001830
32,5,201,5,0.001844
32,5,201,6,0.001818
32,5,201,7,0.001829
32,5,201,8,0.001915
32,5,201,9,0.001817
32,5,201,10,0.001805
32,5,301,1,0.001881
32,5,301,2,0.001883
32,5,301,3,0.001754
32,5,301,4,0.001840
32,5,301,5,0.001791
32,5,301,6,0.002080
32,5,301,7,0.001916
32,5,301,8,0.001803
32,5,301,9,0.001859
32,5,301,10,0.001822
32,5,401,1,0.001847
32,5,401,2,0.001804
32,5,401,3,0.001910
32,5,401,4,0.001879
32,5,401,5,0.001868
32,5,401,6,0.001812
32,5,401,7,0.001931
32,5,401,8,0.001777
32,5,401,9,0.001804
32,5,401,10,0.001813
32,5,501,1,0.001867
32,5,501,2,0.001729
32,5,501,3,0.001836
32,5,501,4,0.001721
32,5,501,5,0.001911
32,5,501,6,0.001798
32,5,501,7,0.001831
32,5,501,8,0.001836
32,5,501,9,0.001838
32,5,501,10,0.001890
32,5,601,1,0.001849
32,5,601,2,0.001810
32,5,601,3,0.001724
32,5,601,4,0.001842
32,5,601,5,0.001841
32,5,601,6,0.001914
32,5,601,7,0.001850
32,5,601,8,0.001833
32,5,601,9,0.001800
32,5,601,10,0.001877
32,5,701,1,0.001843
32,5,701,2,0.001844
32,5,701,3,0.001833
32,5,701,4,0.001849
32,5,701,5,0.001877
32,5,701,6,0.001881
32,5,701,7,0.001827
32,5,701,8,0.001905
32,5,701,9,0.001895
32,5,701,10,0.001739
32,5,801,1,0.001721
32,5,801,2,0.001834
32,5,801,3,0.001762
32,5,801,4,0.001837
32,5,801,5,0.001836
32,5,801,6,0.001896
32,5,801,7,0.001901
32,5,801,8,0.001763
32,5,801,9,0.001779
32,5,801,10,0.001839
32,5,901,1,0.001833
32,5,901,2,0.001823
32,5,901,3,0.001751
32,5,901,4,0.001799
32,5,901,5,0.001819
32,5,901,6,0.001833
32,5,901,7,0.001845
32,5,901,8,0.002361
32,5,901,9,0.001841
32,5,901,10,0.001835
32,6,1,1,0.001764
32,6,1,2,0.001766
32,6,1,3,0.001826
32,6,1,4,0.001742
32,6,1,5,0.001811
32,6,1,6,0.001865
32,6,1,7,0.001853
32,6,1,8,0.001815
32,6,1,9,0.001721
32,6,1,10,0.001802
32,6,101,1,0.001937
32,6,101,2,0.001805
32,6,101,3,0.002363
32,6,101,4,0.001831
32,6,101,5,0.001829
32,6,101,6,0.001815
32,6,101,7,0.002061
32,6,101,8,0.001914
32,6,101,9,0.001802
32,6,101,10,0.001864
32,6,201,1,0.001958
32,6,201,2,0.001824
32,6,201,3,0.001833
32,6,201,4,0.001754
32,6,201,5,0.001844
32,6,201,6,0.001802
32,6,201,7,0.001868
32,6,201,8,0.001907
32,6,201,9,0.001849
32,6,201,10,0.001847
32,6,301,1,0.001799
32,6,301,2,0.001810
32,6,301,3,0.001798
32,6,301,4,0.001872
32,6,301,5,0.002068
32,6,301,6,0.002034
32,6,301,7,0.001758
32,6,301,8,0.001827
32,6,301,9,0.001879
32,6,301,10,0.001850
32,6,401,1,0.001835
32,6,401,2,0.001900
32,6,401,3,0.001852
32,6,401,4,0.002190
32,6,401,5,0.002273
32,6,401,6,0.001945
32,6,401,7,0.001857
32,6,401,8,0.001832
32,6,401,9,0.001900
32,6,401,10,0.001874
32,6,501,1,0.001846
32,6,501,2,0.001928
32,6,501,3,0.001825
32,6,501,4,0.001833
32,6,501,5,0.001857
32,6,501,6,0.001778
32,6,501,7,0.001869
32,6,501,8,0.001845
32,6,501,9,0.001892
32,6,501,10,0.001896
32,6,601,1,0.001854
32,6,601,2,0.001832
32,6,601,3,0.001801
32,6,601,4,0.001799
32,6,601,5,0.001836
32,6,601,6,0.001783
32,6,601,7,0.001837
32,6,601,8,0.001826
32,6,601,9,0.001892
32,6,601,10,0.001941
32,6,701,1,0.001823
32,6,701,2,0.001777
32,6,701,3,0.001804
32,6,701,4,0.001900
32,6,701,5,0.001888
32,6,701,6,0.001796
32,6,701,7,0.001792
32,6,701,8,0.001811
32,6,701,9,0.001937
32,6,701,10,0.001808
32,6,801,1,0.001924
32,6,801,2,0.001850
32,6,801,3,0.001851
32,6,801,4,0.001845
32,6,801,5,0.001848
32,6,801,6,0.001798
32,6,801,7,0.001800
32,6,801,8,0.001791
32,6,801,9,0.001892
32,6,801,10,0.001807
32,6,901,1,0.001785
32,6,901,2,0.001807
32,6,901,3,0.001787
32,6,901,4,0.001772
32,6,901,5,0.001828
32,6,901,6,0.001779
32,6,901,7,0.001814
32,6,901,8,0.001883
32,6,901,9,0.001816
32,6,901,10,0.001732
32,7,1,1,0.001769
32,7,1,2,0.001758
32,7,1,3,0.001827
32,7,1,4,0.001759
32,7,1,5,0.001784
32,7,1,6,0.001785
32,7,1,7,0.001805
32,7,1,8,0.001838
32,7,1,9,0.001727
32,7,1,10,0.001931
32,7,101,1,0.001970
32,7,101,2,0.001841
32,7,101,3,0.002351
32,7,101,4,0.001931
32,7,101,5,0.001879
32,7,101,6,0.001801
32,7,101,7,0.001834
32,7,101,8,0.001840
32,7,101,9,0.001818
32,7,101,10,0.001763
32,7,201,1,0.001814
32,7,201,2,0.001955
32,7,201,3,0.002132
32,7,201,4,0.005891
32,7,201,5,0.001806
32,7,201,6,0.001837
32,7,201,7,0.001866
32,7,201,8,0.001810
32,7,201,9,0.001809
32,7,201,10,0.001859
32,7,301,1,0.001832
32,7,301,2,0.001869
32,7,301,3,0.001778
32,7,301,4,0.001895
32,7,301,5,0.001794
32,7,301,6,0.001858
32,7,301,7,0.001787
32,7,301,8,0.001913
32,7,301,9,0.001847
32,7,301,10,0.001812
32,7,401,1,0.001801
32,7,401,2,0.001853
32,7,401,3,0.001838
32,7,401,4,0.001927
32,7,401,5,0.001806
32,7,401,6,0.001833
32,7,401,7,0.001789
32,7,401,8,0.001904
32,7,401,9,0.001817
32,7,401,10,0.001768
32,7,501,1,0.001811
32,7,501,2,0.001901
32,7,501,3,0.002141
32,7,501,4,0.001785
32,7,501,5,0.001833
32,7,501,6,0.001845
32,7,501,7,0.001905
32,7,501,8,0.001824
32,7,501,9,0.001862
32,7,501,10,0.001817
32,7,601,1,0.001959
32,7,601,2,0.001865
32,7,601,3,0.001857
32,7,601,4,0.001885
32,7,601,5,0.001835
32,7,601,6,0.001830
32,7,601,7,0.001901
32,7,601,8,0.001728
32,7,601,9,0.001855
32,7,601,10,0.001970
32,7,701,1,0.001811
32,7,701,2,0.001852
32,7,701,3,0.001848
32,7,701,4,0.001860
32,7,701,5,0.001880
32,7,701,6,0.001810
32,7,701,7,0.001884
32,7,701,8,0.001822
32,7,701,9,0.001842
32,7,701,10,0.001849
32,7,801,1,0.001815
32,7,801,2,0.001748
32,7,801,3,0.001845
32,7,801,4,0.001806
32,7,801,5,0.001854
32,7,801,6,0.001893
32,7,801,7,0.001907
32,7,801,8,0.001795
32,7,801,9,0.001843
32,7,801,10,0.001892
32,7,901,1,0.001775
32,7,901,2,0.001786
32,7,901,3,0.001803
32,7,901,4,0.001816
32,7,901,5,0.001813
32,7,901,6,0.001918
32,7,901,7,0.001842
32,7,901,8,0.001792
32,7,901,9,0.001821
32,7,901,10,0.001721
32,8,1,1,0.001804
32,8,1,2,0.001747
32,8,1,3,0.001826
32,8,1,4,0.001783
32,8,1,5,0.001794
32,8,1,6,0.001737
32,8,1,7,0.001794
32,8,1,8,0.001810
32,8,1,9,0.001737
32,8,1,10,0.001814
32,8,101,1,0.001885
32,8,101,2,0.001782
32,8,101,3,0.001862
32,8,101,4,0.001951
32,8,101,5,0.001866
32,8,101,6,0.001787
32,8,101,7,0.001846
32,8,101,8,0.001846
32,8,101,9,0.001712
32,8,101,10,0.001832
32,8,201,1,0.001876
32,8,201,2,0.001811
32,8,201,3,0.001786
32,8,201,4,0.001880
32,8,201,5,0.001736
32,8,201,6,0.001782
32,8,201,7,0.001815
32,8,201,8,0.001904
32,8,201,9,0.001781
32,8,201,10,0.001889
32,8,301,1,0.001818
32,8,301,2,0.001792
32,8,301,3,0.001876
32,8,301,4,0.001819
32,8,301,5,0.001882
32,8,301,6,0.001812
32,8,301,7,0.001888
32,8,301,8,0.001826
32,8,301,9,0.001754
32,8,301,10,0.001814
32,8,401,1,0.001879
32,8,401,2,0.001812
32,8,401,3,0.001729
32,8,401,4,0.001858
32,8,401,5,0.001774
32,8,401,6,0.001918
32,8,401,7,0.001845
32,8,401,8,0.001807
32,8,401,9,0.001804
32,8,401,10,0.001850
32,8,501,1,0.001824
32,8,501,2,0.001880
32,8,501,3,0.001828
32,8,501,4,0.001917
32,8,501,5,0.001831
32,8,501,6,0.001836
32,8,501,7,0.001805
32,8,501,8,0.001732
32,8,501,9,0.001899
32,8,501,10,0.001904
32,8,601,1,0.001787
32,8,601,2,0.001903
32,8,601,3,0.001863
32,8,601,4,0.001806
32,8,601,5,0.001876
32,8,601,6,0.002069
32,8,601,7,0.001877
32,8,601,8,0.001871
32,8,601,9,0.001768
32,8,601,10,0.001873
32,8,701,1,0.001864
32,8,701,2,0.001859
32,8,701,3,0.001854
32,8,701,4,0.001907
32,8,701,5,0.001768
32,8,701,6,0.001898
32,8,701,7,0.001769
32,8,701,8,0.001816
32,8,701,9,0.001848
32,8,701,10,0.001860
32,8,801,1,0.001908
32,8,801,2,0.001807
32,8,801,3,0.001960
32,8,801,4,0.001795
32,8,801,5,0.001841
32,8,801,6,0.001804
32,8,801,7,0.001833
32,8,801,8,0.001831
32,8,801,9,0.001797
32,8,801,10,0.001728
32,8,901,1,0.001771
32,8,901,2,0.001764
32,8,901,3,0.001754
32,8,901,4,0.002033
32,8,901,5,0.001915
32,8,901,6,0.001920
32,8,901,7,0.001810
32,8,901,8,0.001824
32,8,901,9,0.001897
32,8,901,10,0.001825
32,9,1,1,0.001844
32,9,1,2,0.001834
32,9,1,3,0.001773
32,9,1,4,0.001789
32,9,1,5,0.001825
32,9,1,6,0.001780
32,9,1,7,0.001845
32,9,1,8,0.001836
32,9,1,9,0.001794
32,9,1,10,0.001835
32,9,101,1,0.001775
32,9,101,2,0.001842
32,9,101,3,0.001969
32,9,101,4,0.001893
32,9,101,5,0.001803
32,9,101,6,0.001826
32,9,101,7,0.001912
32,9,101,8,0.001846
32,9,101,9,0.001801
32,9,101,10,0.001817
32,9,201,1,0.001804
32,9,201,2,0.001872
32,9,201,3,0.001899
32,9,201,4,0.001862
32,9,201,5,0.001804
32,9,201,6,0.001877
32,9,201,7,0.001835
32,9,201,8,0.001815
32,9,201,9,0.001871
32,9,201,10,0.001919
32,9,301,1,0.001707
32,9,301,2,0.001932
32,9,301,3,0.001874
32,9,301,4,0.001814
32,9,301,5,0.001914
32,9,301,6,0.001904
32,9,301,7,0.001904
32,9,301,8,0.001828
32,9,301,9,0.001774
32,9,301,10,0.001941
32,9,401,1,0.001819
32,9,401,2,0.001850
32,9,401,3,0.001815
32,9,401,4,0.001896
32,9,401,5,0.001729
32,9,401,6,0.001748
32,9,401,7,0.001811
32,9,401,8,0.001887
32,9,401,9,0.001808
32,9,401,10,0.002216
32,9,501,1,0.001859
32,9,501,2,0.001957
32,9,501,3,0.001915
32,9,501,4,0.002245
32,9,501,5,0.001886
32,9,501,6,0.001872
32,9,501,7,0.001910
32,9,501,8,0.001828
32,9,501,9,0.001895
32,9,501,10,0.001853
32,9,601,1,0.001897
32,9,601,2,0.001840
32,9,601,3,0.001846
32,9,601,4,0.001861
32,9,601,5,0.001825
32,9,601,6,0.001899
32,9,601,7,0.001800
32,9,601,8,0.001862
32,9,601,9,0.001834
32,9,601,10,0.001880
32,9,701,1,0.001761
32,9,701,2,0.001812
32,9,701,3,0.001820
32,9,701,4,0.001884
32,9,701,5,0.001798
32,9,701,6,0.001819
32,9,701,7,0.001774
32,9,701,8,0.001799
32,9,701,9,0.002183
32,9,701,10,0.001821
32,9,801,1,0.001953
32,9,801,2,0.001851
32,9,801,3,0.001844
32,9,801,4,0.001934
32,9,801,5,0.001846
32,9,801,6,0.001724
32,9,801,7,0.001814
32,9,801,8,0.001930
32,9,801,9,0.001857
32,9,801,10,0.001941
32,9,901,1,0.001901
32,9,901,2,0.001823
32,9,901,3,0.001861
32,9,901,4,0.001774
32,9,901,5,0.001849
32,9,901,6,0.001874
32,9,901,7,0.001830
32,9,901,8,0.001854
32,9,901,9,0.001923
32,9,901,10,0.001845
32,10,1,1,0.001739
32,10,1,2,0.001798
32,10,1,3,0.001769
32,10,1,4,0.001789
32,10,1,5,0.001773
32,10,1,6,0.001836
32,10,1,7,0.001735
32,10,1,8,0.001761
32,10,1,9,0.001771
32,10,1,10,0.001774
32,10,101,1,0.001831
32,10,101,2,0.001950
32,10,101,3,0.001834
32,10,101,4,0.001908
32,10,101,5,0.001776
32,10,101,6,0.001856
32,10,101,7,0.001819
32,10,101,8,0.001815
32,10,101,9,0.001981
32,10,101,10,0.001821
32,10,201,1,0.001835
32,10,201,2,0.001843
32,10,201,3,0.001876
32,10,201,4,0.001882
32,10,201,5,0.001933
32,10,201,6,0.001837
32,10,201,7,0.001826
32,10,201,8,0.001780
32,10,201,9,0.001765
32,10,201,10,0.001770
32,10,301,1,0.001813
32,10,301,2,0.001758
32,10,301,3,0.001858
32,10,301,4,0.001875
32,10,301,5,0.001740
32,10,301,6,0.001806
32,10,301,7,0.001859
32,10,301,8,0.001805
32,10,301,9,0.001858
32,10,301,10,0.001920
32,10,401,1,0.001911
32,10,401,2,0.001842
32,10,401,3,0.001828
32,10,401,4,0.001879
32,10,401,5,0.001924
32,10,401,6,0.001926
32,10,401,7,0.001906
32,10,401,8,0.001799
32,10,401,9,0.006092
32,10,401,10,0.001880
32,10,501,1,0.001829
32,10,501,2,0.001804
32,10,501,3,0.001850
32,10,501,4,0.001876
32,10,501,5,0.001726
32,10,501,6,0.001829
32,10,501,7,0.001854
32,10,501,8,0.001716
32,10,501,9,0.001940
32,10,501,10,0.001808
32,10,601,1,0.002253
32,10,601,2,0.001958
32,10,601,3,0.001903
32,10,601,4,0.001762
32,10,601,5,0.001823
32,10,601,6,0.001861
32,10,601,7,0.001771
32,10,601,8,0.001816
32,10,601,9,0.001836
32,10,601,10,0.001715
32,10,701,1,0.001884
32,10,701,2,0.001827
32,10,701,3,0.001806
32,10,701,4,0.001801
32,10,701,5,0.001903
32,10,701,6,0.001844
32,10,701,7,0.001937
32,10,701,8,0.001808
32,10,701,9,0.001783
32,10,701,10,0.001859
32,10,801,1,0.002070
32,10,801,2,0.001842
32,10,801,3,0.001766
32,10,801,4,0.001743
32,10,801,5,0.001954
32,10,801,6,0.001827
32,10,801,7,0.001819
32,10,801,8,0.001839
32,10,801,9,0.001830
32,10,801,10,0.001849
32,10,901,1,0.001994
32,10,901,2,0.001894
32,10,901,3,0.001883
32,10,901,4,0.001848
32,10,901,5,0.001968
32,10,901,6,0.001827
32,10,901,7,0.001838
32,10,901,8,0.001849
32,10,901,9,0.001816
32,10,901,10,0.001750
32,11,1,1,0.001784
32,11,1,2,0.001792
32,11,1,3,0.001758
32,11,1,4,0.001790
32,11,1,5,0.001955
32,11,1,6,0.001790
32,11,1,7,0.001754
32,11,1,8,0.001782
32,11,1,9,0.001756
32,11,1,10,0.001831
32,11,101,1,0.001847
32,11,101,2,0.001839
32,11,101,3,0.001773
32,11,101,4,0.001851
32,11,101,5,0.001870
32,11,101,6,0.001921
32,11,101,7,0.001826
32,11,101,8,0.001853
32,11,101,9,0.001848
32,11,101,10,0.001797
32,11,201,1,0.001832
32,11,201,2,0.001925
32,11,201,3,0.001847
32,11,201,4,0.001859
32,11,201,5,0.001869
32,11,201,6,0.001929
32,11,201,7,0.001844
32,11,201,8,0.001807
32,11,201,9,0.001903
32,11,201,10,0.001850
32,11,301,1,0.001839
32,11,301,2,0.001889
32,11,301,3,0.001824
32,11,301,4,0.001890
32,11,301,5,0.001837
32,11,301,6,0.001870
32,11,301,7,0.001794
32,11,301,8,0.001813
32,11,301,9,0.001859
32,11,301,10,0.001824
32,11,401,1,0.001864
32,11,401,2,0.001831
32,11,401,3,0.001815
32,11,401,4,0.001904
32,11,401,5,0.001830
32,11,401,6,0.001823
32,11,401,7,0.001849
32,11,401,8,0.001900
32,11,401,9,0.001961
32,11,401,10,0.001852
32,11,501,1,0.001798
32,11,501,2,0.001836
32,11,501,3,0.001735
32,11,501,4,0.001882
32,11,501,5,0.001796
32,11,501,6,0.001823
32,11,501,7,0.002003
32,11,501,8,0.001799
32,11,501,9,0.001897
32,11,501,10,0.001896
32,11,601,1,0.001867
32,11,601,2,0.001859
32,11,601,3,0.001803
32,11,601,4,0.001843
32,11,601,5,0.001920
32,11,601,6,0.001851
32,11,601,7,0.001758
32,11,601,8,0.001854
32,11,601,9,0.001857
32,11,601,10,0.001915
32,11,701,1,0.001816
32,11,701,2,0.001836
32,11,701,3,0.001958
32,11,701,4,0.001869
32,11,701,5,0.001937
32,11,701,6,0.001917
32,11,701,7,0.001858
32,11,701,8,0.001729
32,11,701,9,0.001841
32,11,701,10,0.001858
32,11,801,1,0.001733
32,11,801,2,0.001795
32,11,801,3,0.001894
32,11,801,4,0.001805
32,11,801,5,0.001718
32,11,801,6,0.001884
32,11,801,7,0.001881
32,11,801,8,0.001827
32,11,801,9,0.001799
32,11,801,10,0.001856
32,11,901,1,0.001708
32,11,901,2,0.001854
32,11,901,3,0.002333
32,11,901,4,0.001865
32,11,901,5,0.001845
32,11,901,6,0.001829
32,11,901,7,0.001880
32,11,901,8,0.001855
32,11,901,9,0.001921
32,11,901,10,0.001803
32,12,1,1,0.001837
32,12,1,2,0.001846
32,12,1,3,0.001663
32,12,1,4,0.001750
32,12,1,5,0.001882
32,12,1,6,0.001761
32,12,1,7,0.001800
32,12,1,8,0.001883
32,12,1,9,0.001717
32,12,1,10,0.001755
32,12,101,1,0.001817
32,12,101,2,0.001976
32,12,101,3,0.001877
32,12,101,4,nan
32,12,101,5,0.001971
32,12,101,6,0.001921
32,12,101,7,0.001759
32,12,101,8,0.001855
32,12,101,9,0.001928
32,12,101,10,0.002009
32,12,201,1,0.001772
32,12,201,2,0.001914
32,12,201,3,0.001750
32,12,201,4,0.001862
32,12,201,5,0.001934
32,12,201,6,0.001890
32,12,201,7,0.002053
32,12,201,8,0.001842
32,12,201,9,0.001841
32,12,201,10,0.001972
32,12,301,1,0.001890
32,12,301,2,0.001755
32,12,301,3,0.001833
32,12,301,4,0.001895
32,12,301,5,0.001925
32,12,301,6,0.001916
32,12,301,7,0.001862
32,12,301,8,0.001889
32,12,301,9,0.001812
32,12,301,10,0.001919
32,12,401,1,0.001888
32,12,401,2,0.001892
32,12,401,3,0.001869
32,12,401,4,0.001790
32,12,401,5,0.002308
32,12,401,6,0.001863
32,12,401,7,0.001878
32,12,401,8,0.001823
32,12,401,9,0.001777
32,12,401,10,0.001970
32,12,501,1,0.001870
32,12,501,2,0.001779
32,12,501,3,0.001876
32,12,501,4,0.001817
32,12,501,5,0.001859
32,12,501,6,0.001868
32,12,501,7,0.001881
32,12,501,8,0.001822
32,12,501,9,0.001878
32,12,501,10,0.001809
32,12,601,1,0.001834
32,12,601,2,0.001859
32,12,601,3,0.001859
32,12,601,4,0.001837
32,12,601,5,0.001866
32,12,601,6,0.001910
32,12,601,7,0.001743
32,12,601,8,0.001816
32,12,601,9,0.001833
32,12,601,10,0.001896
32,12,701,1,0.001889
32,12,701,2,0.001818
32,12,701,3,0.001834
32,12,701,4,0.001811
32,12,701,5,0.001774
32,12,701,6,0.001809
32,12,701,7,0.001951
32,12,701,8,0.001880
32,12,701,9,0.001751
32,12,701,10,0.001808
32,12,801,1,0.001820
32,12,801,2,0.001800
32,12,801,3,0.001863
32,12,801,4,0.001829
32,12,801,5,0.001758
32,12,801,6,0.002036
32,12,801,7,0.001860
32,12,801,8,0.001818
32,12,801,9,0.001890
32,12,801,10,0.001858
32,12,901,1,0.001853
32,12,901,2,0.001919
32,12,901,3,0.001787
32,12,901,4,0.001852
32,12,901,5,0.001905
32,12,901,6,0.001846
32,12,901,7,0.001882
32,12,901,8,0.001816
32,12,901,9,0.001843
32,12,901,10,0.001931
32,13,1,1,0.001754
32,13,1,2,0.001805
32,13,1,3,0.001754
32,13,1,4,0.001858
32,13,1,5,0.001829
32,13,1,6,0.001771
32,13,1,7,0.001784
32,13,1,8,0.001715
32,13,1,9,0.001740
32,13,1,10,0.001774
32,13,101,1,0.001824
32,13,101,2,0.001857
32,13,101,3,0.001773
32,13,101,4,0.001887
32,13,101,5,0.001839
32,13,101,6,0.001811
32,13,101,7,0.001837
32,13,101,8,0.001838
32,13,101,9,0.001892
32,13,101,10,0.001909
32,13,201,1,0.001879
32,13,201,2,0.001876
32,13,201,3,0.001850
32,13,201,4,0.001995
32,13,201,5,0.001845
32,13,201,6,0.001957
32,13,201,7,0.001836
32,13,201,8,0.001859
32,13,201,9,0.001783
32,13,201,10,0.001898
32,13,301,1,0.002287
32,13,301,2,0.001830
32,13,301,3,0.001837
32,13,301,4,0.001787
32,13,301,5,0.001892
32,13,301,6,0.001845
32,13,301,7,0.001788
32,13,301,8,0.001887
32,13,301,9,0.001858
32,13,301,10,0.001889
32,13,401,1,0.001772
32,13,401,2,0.001876
32,13,401,3,0.001889
32,13,401,4,0.001864
32,13,401,5,0.001824
32,13,401,6,0.001931
32,13,401,7,0.001930
32,13,401,8,0.001810
32,13,401,9,0.001943
32,13,401,10,0.001848
32,13,501,1,0.002011
32,13,501,2,0.001925
32,13,501,3,0.001795
32,13,501,4,0.001828
32,13,501,5,0.001781
32,13,501,6,0.001818
32,13,501,7,0.001872
32,13,501,8,0.001980
32,13,501,9,0.001851
32,13,501,10,0.001796
32,13,601,1,0.001814
32,13,601,2,0.001865
32,13,601,3,0.001841
32,13,601,4,0.001744
32,13,601,5,0.001733
32,13,601,6,0.001880
32,13,601,7,0.001812
32,13,601,8,0.001839
32,13,601,9,0.001911
32,13,601,10,0.001821
32,13,701,1,0.002138
32,13,701,2,0.001850
32,13,701,3,0.005947
32,13,701,4,0.001885
32,13,701,5,0.001793
32,13,701,6,0.001816
32,13,701,7,0.001827
32,13,701,8,0.001906
32,13,701,9,0.001815
32,13,701,10,0.001818
32,13,801,1,0.001860
32,13,801,2,0.001818
32,13,801,3,0.001850
32,13,801,4,0.001782
32,13,801,5,0.001808
32,13,801,6,0.001803
32,13,801,7,0.001822
32,13,801,8,0.001842
32,13,801,9,0.001864
32,13,801,10,0.001749
32,13,901,1,0.001734
32,13,901,2,0.001810
32,13,901,3,0.001800
32,13,901,4,0.001930
32,13,901,5,0.001813
32,13,901,6,0.001830
32,13,901,7,0.001797
32,13,901,8,0.001893
32,13,901,9,0.001805
32,13,901,10,0.001820
32,14,1,1,0.001642
32,14,1,2,0.001760
32,14,1,3,0.001817
32,14,1,4,0.001794
32,14,1,5,0.001729
32,14,1,6,0.001700
32,14,1,7,0.001839
32,14,1,8,0.001714
32,14,1,9,0.001857
32,14,1,10,0.001710
32,14,101,1,0.001917
32,14,101,2,0.001866
32,14,101,3,0.001819
32,14,101,4,0.001824
32,14,101,5,0.001868
32,14,101,6,0.001828
32,14,101,7,0.001932
32,14,101,8,0.001942
32,14,101,9,0.001847
32,14,101,10,0.001811
32,14,201,1,0.001821
32,14,201,2,0.001850
32,14,201,3,nan
32,14,201,4,0.001890
32,14,201,5,0.001830
32,14,201,6,0.001808
32,14,201,7,0.001931
32,14,201,8,0.001856
32,14,201,9,0.001878
32,14,201,10,0.001827
32,14,301,1,0.001793
32,14,301,2,0.001811
32,14,301,3,0.001788
32,14,301,4,0.001901
32,14,301,5,0.001837
32,14,301,6,0.001854
32,14,301,7,0.001852
32,14,301,8,0.001820
32,14,301,9,0.001826
32,14,301,10,0.001723
32,14,401,1,0.002048
32,14,401,2,0.001871
32,14,401,3,0.001954
32,14,401,4,0.001825
32,14,401,5,0.001900
32,14,401,6,0.001839
32,14,401,7,0.001871
32,14,401,8,0.001880
32,14,401,9,0.001898
32,14,401,10,0.001939
32,14,501,1,0.001859
32,14,501,2,0.001844
32,14,501,3,0.001911
32,14,501,4,0.001859
32,14,501,5,0.002106
32,14,501,6,0.001813
32,14,501,7,0.001791
32,14,501,8,0.001902
32,14,501,9,0.001877
32,14,501,10,0.001794
32,14,601,1,0.001922
32,14,601,2,0.001817
32,14,601,3,0.001797
32,14,601,4,0.001785
32,14,601,5,0.001848
32,14,601,6,0.001817
32,14,601,7,0.001861
32,14,601,8,0.001836
32,14,601,9,0.001883
32,14,601,10,0.001889
32,14,701,1,0.001793
32,14,701,2,0.001810
32,14,701,3,0.001887
32,14,701,4,0.001885
32,14,701,5,0.001911
32,14,701,6,0.001762
32,14,701,7,0.001778
32,14,701,8,0.001852
32,14,701,9,0.001877
32,14,701,10,0.001799
32,14,801,1,0.002175
32,14,801,2,0.001757
32,14,801,3,0.001873
32,14,801,4,0.001797
32,14,801,5,0.001797
32,14,801,6,0.001867
32,14,801,7,0.001894
32,14,801,8,0.001881
32,14,801,9,0.001881
32,14,801,10,0.001774
32,14,901,1,0.001824
32,14,901,2,0.001774
32,14,901,3,0.001827
32,14,901,4,0.001798
32,14,901,5,0.001888
32,14,901,6,0.001896
32,14,901,7,0.001826
32,14,901,8,0.001932
32,14,901,9,0.001813
32,14,901,10,0.001877
32,15,1,1,0.001943
32,15,1,2,0.001774
32,15,1,3,0.001788
32,15,1,4,0.001832
32,15,1,5,0.001779
32,15,1,6,0.001760
32,15,1,7,0.001816
32,15,1,8,0.002216
32,15,1,9,0.001801
32,15,1,10,0.001834
32,15,101,1,0.001926
32,15,101,2,0.001817
32,15,101,3,0.001955
32,15,101,4,0.001843
32,15,101,5,0.001795
32,15,101,6,0.001864
32,15,101,7,0.001801
32,15,101,8,0.001927
32,15,101,9,0.001874
32,15,101,10,0.001874
32,15,201,1,0.001711
32,15,201,2,0.001949
32,15,201,3,0.002054
32,15,201,4,0.001844
32,15,201,5,0.001890
32,15,201,6,0.001829
32,15,201,7,0.001903
32,15,201,8,0.001880
32,15,201,9,0.001935
32,15,201,10,0.001798
32,15,301,1,0.001895
32,15,301,2,0.002019
32,15,301,3,0.001856
32,15,301,4,0.001849
32,15,301,5,0.002122
32,15,301,6,0.001828
32,15,301,7,0.001870
32,15,301,8,0.001927
32,15,301,9,0.001869
32,15,301,10,0.001757
32,15,401,1,0.001877
32,15,401,2,0.001935
32,15,401,3,0.001879
32,15,401,4,0.001847
32,15,401,5,0.001893
32,15,401,6,0.002014
32,15,401,7,0.001868
32,15,401,8,0.001789
32,15,401,9,0.001825
32,15,401,10,0.001843
32,15,501,1,0.001860
32,15,501,2,0.001875
32,15,501,3,0.001881
32,15,501,4,0.002004
32,15,501,5,0.001865
32,15,501,6,0.001851
32,15,501,7,0.001844
32,15,501,8,0.001905
32,15,501,9,0.001842
32,15,501,10,0.001812
32,15,601,1,0.001889
32,15,601,2,0.001774
32,15,601,3,0.001894
32,15,601,4,0.001878
32,15,601,5,0.001781
32,15,601,6,0.001828
32,15,601,7,0.001881
32,15,601,8,0.001854
32,15,601,9,0.001912
32,15,601,10,0.001900
32,15,701,1,0.001888
32,15,701,2,0.001850
32,15,701,3,0.001864
32,15,701,4,0.001938
32,15,701,5,0.001956
32,15,701,6,0.001866
32,15,701,7,0.001827
32,15,701,8,0.001909
32,15,701,9,0.001924
32,15,701,10,0.001787
32,15,801,1,0.001911
32,15,801,2,0.001903
32,15,801,3,0.001853
32,15,801,4,0.001901
32,15,801,5,0.001820
32,15,801,6,0.002030
32,15,801,7,0.001802
32,15,801,8,0.001775
32,15,801,9,0.001902
32,15,801,10,0.001910
32,15,901,1,0.001828
32,15,901,2,0.001854
32,15,901,3,0.001963
32,15,901,4,0.001890
32,15,901,5,0.001863
32,15,901,6,0.001857
32,15,901,7,0.001787
32,15,901,8,0.001794
32,15,901,9,0.001875
32,15,901,10,0.001917
32,16,1,1,0.001817
32,16,1,2,0.001777
32,16,1,3,0.001701
32,16,1,4,0.001902
32,16,1,5,0.001788
32,16,1,6,0.001829
32,16,1,7,0.001842
32,16,1,8,0.001824
32,16,1,9,0.001745
32,16,1,10,0.001778
32,16,101,1,0.001886
32,16,101,2,0.001898
32,16,101,3,0.001871
32,16,101,4,0.001832
32,16,101,5,0.001881
32,16,101,6,0.001890
32,16,101,7,0.001907
32,16,101,8,0.001920
32,16,101,9,0.001775
32,16,101,10,0.001844
32,16,201,1,0.001907
32,16,201,2,0.001874
32,16,201,3,0.001915
32,16,201,4,0.001855
32,16,201,5,0.001970
32,16,201,6,0.001831
32,16,201,7,0.001726
32,16,201,8,0.001752
32,16,201,9,0.001922
32,16,201,10,0.001927
32,16,301,1,0.001884
32,16,301,2,0.001889
32,16,301,3,0.001839
32,16,301,4,0.001868
32,16,301,5,0.001919
32,16,301,6,0.001875
32,16,301,7,0.002024
32,16,301,8,0.001852
32,16,301,9,0.001902
32,16,301,10,0.001871
32,16,401,1,0.001883
32,16,401,2,0.001972
32,16,401,3,0.001863
32,16,401,4,0.002172
32,16,401,5,0.001897
32,16,401,6,0.001770
32,16,401,7,0.001845
32,16,401,8,0.001948
32,16,401,9,0.001860
32,16,401,10,0.001860
32,16,501,1,0.001851
32,16,501,2,0.001770
32,16,501,3,0.001814
32,16,501,4,0.001831
32,16,501,5,0.001918
32,16,501,6,0.001866
32,16,501,7,0.001863
32,16,501,8,0.001884
32,16,501,9,0.001945
32,16,501,10,0.001910
32,16,601,1,0.001828
32,16,601,2,0.001840
32,16,601,3,0.001756
32,16,601,4,0.001917
32,16,601,5,0.001859
32,16,601,6,0.001826
32,16,601,7,0.001826
32,16,601,8,0.001915
32,16,601,9,0.001943
32,16,601,10,0.001868
32,16,701,1,0.001822
32,16,701,2,0.001764
32,16,701,3,0.001882
32,16,701,4,0.001856
32,16,701,5,0.001844
32,16,701,6,0.001823
32,16,701,7,0.001819
32,16,701,8,0.001935
32,16,701,9,0.001899
32,16,701,10,0.001875
32,16,801,1,0.001938
32,16,801,2,0.001832
32,16,801,3,0.001937
32,16,801,4,0.001863
32,16,801,5,0.002019
32,16,801,6,0.001822
32,16,801,7,0.001843
32,16,801,8,0.001908
32,16,801,9,0.001886
32,16,801,10,0.001856
32,16,901,1,0.001883
32,16,901,2,0.001797
32,16,901,3,0.001822
32,16,901,4,0.001871
32,16,901,5,0.001855
32,16,901,6,0.001807
32,16,901,7,0.001962
32,16,901,8,0.001946
32,16,901,9,0.001753
32,16,901,10,0.001880
32,17,1,1,0.001786
32,17,1,2,0.001757
32,17,1,3,0.001801
32,17,1,4,0.001777
32,17,1,5,0.001771
32,17,1,6,0.001671
32,17,1,7,0.001679
32,17,1,8,0.001727
32,17,1,9,0.002084
32,17,1,10,0.001800
32,17,101,1,0.001801
32,17,101,2,0.001792
32,17,101,3,0.001807
32,17,101,4,0.001905
32,17,101,5,0.001808
32,17,101,6,0.001821
32,17,101,7,0.002064
32,17,101,8,0.002311
32,17,101,9,0.001801
32,17,101,10,0.001900
32,17,201,1,0.001819
32,17,201,2,0.002202
32,17,201,3,0.001905
32,17,201,4,0.001853
32,17,201,5,0.001847
32,17,201,6,0.001852
32,17,201,7,0.001998
32,17,201,8,0.002288
32,17,201,9,0.001859
32,17,201,10,0.001925
32,17,301,1,0.001900
32,17,301,2,0.001890
32,17,301,3,0.001941
32,17,301,4,0.001855
32,17,301,5,0.001899
32,17,301,6,0.001850
32,17,301,7,0.001999
32,17,301,8,0.001878
32,17,301,9,0.001877
32,17,301,10,0.001848
32,17,401,1,0.001726
32,17,401,2,0.001885
32,17,401,3,0.001798
32,17,401,4,0.001880
32,17,401,5,0.001847
32,17,401,6,0.001862
32,17,401,7,0.001772
32,17,401,8,0.006008
32,17,401,9,0.001940
32,17,401,10,0.001853
32,17,501,1,0.001859
32,17,501,2,0.001791
32,17,501,3,0.001906
32,17,501,4,0.001819
32,17,501,5,0.001829
32,17,501,6,0.001880
32,17,501,7,0.001929
32,17,501,8,0.001859
32,17,501,9,0.002245
32,17,501,10,0.001875
32,17,601,1,0.001885
32,17,601,2,0.001884
32,17,601,3,0.001823
32,17,601,4,0.001894
32,17,601,5,0.001841
32,17,601,6,0.001865
32,17,601,7,0.001847
32,17,601,8,0.001845
32,17,601,9,0.001911
32,17,601,10,0.001736
32,17,701,1,0.002315
32,17,701,2,0.001895
32,17,701,3,0.001899
32,17,701,4,0.001878
32,17,701,5,0.001862
32,17,701,6,0.001924
32,17,701,7,0.001840
32,17,701,8,0.001745
32,17,701,9,0.001806
32,17,701,10,0.001891
32,17,801,1,0.001837
32,17,801,2,0.001814
32,17,801,3,0.001846
32,17,801,4,0.001864
32,17,801,5,0.001910
32,17,801,6,0.001826
32,17,801,7,0.001790
32,17,801,8,0.001890
32,17,801,9,0.001891
32,17,801,10,0.001787
32,17,901,1,0.001835
32,17,901,2,0.001806
32,17,901,3,0.001813
32,17,901,4,0.001925
32,17,901,5,0.001851
32,17,901,6,0.001857
32,17,901,7,0.001889
32,17,901,8,0.001909
32,17,901,9,0.001894
32,17,901,10,0.001896
32,18,1,1,0.001829
32,18,1,2,0.001785
32,18,1,3,0.001818
32,18,1,4,0.001763
32,18,1,5,0.001727
32,18,1,6,0.001806
32,18,1,7,0.001734
32,18,1,8,0.001833
32,18,1,9,0.001783
32,18,1,10,0.001805
32,18,101,1,0.001814
32,18,101,2,0.001841
32,18,101,3,0.001920
32,18,101,4,0.001837
32,18,101,5,0.001850
32,18,101,6,0.002174
32,18,101,7,0.001826
32,18,101,8,0.001926
32,18,101,9,0.001841
32,18,101,10,0.001821
32,18,201,1,0.001811
32,18,201,2,0.001917
32,18,201,3,0.001797
32,18,201,4,0.001890
32,18,201,5,0.001695
32,18,201,6,0.001875
32,18,201,7,0.002194
32,18,201,8,0.001954
32,18,201,9,0.001869
32,18,201,10,0.001781
32,18,301,1,0.001851
32,18,301,2,0.001882
32,18,301,3,0.001849
32,18,301,4,0.002007
32,18,301,5,0.001877
32,18,301,6,0.001907
32,18,301,7,0.001844
32,18,301,8,0.001943
32,18,301,9,0.001801
32,18,301,10,0.001819
32,18,401,1,0.001876
32,18,401,2,0.001850
32,18,401,3,0.001871
32,18,401,4,0.001831
32,18,401,5,0.001813
32,18,401,6,0.001887
32,18,401,7,0.001870
32,18,401,8,0.001853
32,18,401,9,0.001829
32,18,401,10,0.001832
32,18,501,1,0.001878
32,18,501,2,0.001858
32,18,501,3,0.001849
32,18,501,4,0.001834
32,18,501,5,0.001875
32,18,501,6,0.002082
32,18,501,7,0.001812
32,18,501,8,0.001870
32,18,501,9,0.001911
32,18,501,10,0.001886
32,18,601,1,0.001883
32,18,601,2,0.001823
32,18,601,3,0.001865
32,18,601,4,0.002365
32,18,601,5,0.002330
32,18,601,6,0.001813
32,18,601,7,0.001842
32,18,601,8,0.001953
32,18,601,9,0.001862
32,18,601,10,0.001842
32,18,701,1,0.001730
32,18,701,2,0.001937
32,18,701,3,0.001874
32,18,701,4,0.001913
32,18,701,5,0.001832
32,18,701,6,0.001857
32,18,701,7,0.001829
32,18,701,8,0.001962
32,18,701,9,0.001900
32,18,701,10,0.001915
32,18,801,1,0.001781
32,18,801,2,0.001854
32,18,801,3,0.002009
32,18,801,4,0.001870
32,18,801,5,0.001865
32,18,801,6,0.001858
32,18,801,7,0.001875
32,18,801,8,0.001887
32,18,801,9,0.001800
32,18,801,10,0.001840
32,18,901,1,0.001850
32,18,901,2,0.001970
32,18,901,3,0.001751
32,18,901,4,0.001874
32,18,901,5,0.001882
32,18,901,6,0.001861
32,18,901,7,0.001936
32,18,901,8,0.001878
32,18,901,9,0.001851
32,18,901,10,0.001829
32,19,1,1,0.001792
32,19,1,2,0.001895
32,19,1,3,0.001752
32,19,1,4,0.001725
32,19,1,5,0.001806
32,19,1,6,0.001823
32,19,1,7,0.001822
32,19,1,8,0.002189
32,19,1,9,0.001757
32,19,1,10,0.001835
32,19,101,1,0.001775
32,19,101,2,0.001883
32,19,101,3,0.001914
32,19,101,4,0.001845
32,19,101,5,0.001870
32,19,101,6,0.001903
32,19,101,7,0.001781
32,19,101,8,0.001926
32,19,101,9,0.001947
32,19,101,10,0.001823
32,19,201,1,0.001832
32,19,201,2,0.001864
32,19,201,3,0.001901
32,19,201,4,0.001937
32,19,201,5,0.001829
32,19,201,6,0.001917
32,19,201,7,0.001857
32,19,201,8,0.001843
32,19,201,9,0.001858
32,19,201,10,0.001828
32,19,301,1,0.001977
32,19,301,2,0.001791
32,19,301,3,0.001866
32,19,301,4,0.001810
32,19,301,5,0.001801
32,19,301,6,0.001810
32,19,301,7,0.001895
32,19,301,8,0.001898
32,19,301,9,0.001846
32,19,301,10,0.001872
32,19,401,1,0.001901
32,19,401,2,0.001797
32,19,401,3,0.001951
32,19,401,4,0.001938
32,19,401,5,0.001826
32,19,401,6,0.001874
32,19,401,7,0.001886
32,19,401,8,0.001800
32,19,401,9,0.002003
32,19,401,10,0.001804
32,19,501,1,0.001779
32,19,501,2,0.001830
32,19,501,3,0.001993
32,19,501,4,0.001924
32,19,501,5,0.001880
32,19,501,6,0.001767
32,19,501,7,0.001860
32,19,501,8,0.001940
32,19,501,9,0.001810
32,19,501,10,0.001874
32,19,601,1,0.001855
32,19,601,2,0.001891
32,19,601,3,0.001887
32,19,601,4,0.001798
32,19,601,5,0.001847
32,19,601,6,0.001861
32,19,601,7,0.001866
32,19,601,8,0.001838
32,19,601,9,0.001863
32,19,601,10,0.001864
32,19,701,1,0.001854
32,19,701,2,0.001817
32,19,701,3,0.001854
32,19,701,4,0.001946
32,19,701,5,0.001919
32,19,701,6,0.001912
32,19,701,7,0.001833
32,19,701,8,0.001859
32,19,701,9,0.001900
32,19,701,10,0.001886
32,19,801,1,0.002109
32,19,801,2,0.001881
32,19,801,3,0.001734
32,19,801,4,0.002167
32,19,801,5,0.001878
32,19,801,6,0.001879
32,19,801,7,0.001913
32,19,801,8,0.001895
32,19,801,9,0.001822
32,19,801,10,0.002240
32,19,901,1,0.001863
32,19,901,2,0.002008
32,19,901,3,0.001962
32,19,901,4,0.001817
32,19,901,5,0.001913
32,19,901,6,0.001901
32,19,901,7,0.001910
32,19,901,8,0.002020
32,19,901,9,0.001946
32,19,901,10,0.001851
32,20,1,1,0.001809
32,20,1,2,0.001812
32,20,1,3,0.001815
32,20,1,4,0.001736
32,20,1,5,0.001817
32,20,1,6,0.001798
32,20,1,7,0.001735
32,20,1,8,0.001794
32,20,1,9,0.001726
32,20,1,10,0.001798
32,20,101,1,0.001927
32,20,101,2,0.001883
32,20,101,3,0.001961
32,20,101,4,0.001879
32,20,101,5,0.001786
32,20,101,6,0.001830
32,20,101,7,0.001847
32,20,101,8,0.001889
32,20,101,9,0.001794
32,20,101,10,0.001880
32,20,201,1,0.001821
32,20,201,2,0.001805
32,20,201,3,0.001870
32,20,201,4,0.001837
32,20,201,5,0.002243
32,20,201,6,0.001847
32,20,201,7,0.002028
32,20,201,8,0.001789
32,20,201,9,0.001883
32,20,201,10,0.001857
32,20,301,1,0.001960
32,20,301,2,0.001878
32,20,301,3,0.001888
32,20,301,4,0.001891
32,20,301,5,0.001833
32,20,301,6,0.001942
32,20,301,7,0.001823
32,20,301,8,0.001806
32,20,301,9,0.001782
32,20,301,10,0.001793
32,20,401,1,0.001831
32,20,401,2,0.001801
32,20,401,3,0.001864
32,20,401,4,0.001956
32,20,401,5,0.001931
32,20,401,6,0.001851
32,20,401,7,0.001702
32,20,401,8,0.001738
32,20,401,9,0.001875
32,20,401,10,0.001851
32,20,501,1,0.001795
32,20,501,2,0.001839
32,20,501,3,0.001886
32,20,501,4,0.002020
32,20,501,5,0.001895
32,20,501,6,0.001771
32,20,501,7,0.001815
32,20,501,8,0.001819
32,20,501,9,0.001883
32,20,501,10,0.001874
32,20,601,1,0.002317
32,20,601,2,0.001853
32,20,601,3,0.001971
32,20,601,4,0.001913
32,20,601,5,0.001890
32,20,601,6,0.001863
32,20,601,7,0.001758
32,20,601,8,0.001869
32,20,601,9,0.001880
32,20,601,10,0.001855
32,20,701,1,0.001932
32,20,701,2,0.005922
32,20,701,3,0.001873
32,20,701,4,0.002017
32,20,701,5,0.001958
32,20,701,6,0.001856
32,20,701,7,0.001869
32,20,701,8,0.001830
32,20,701,9,0.001874
32,20,701,10,0.002269
32,20,801,1,0.001804
32,20,801,2,0.001977
32,20,801,3,0.001846
32,20,801,4,0.002042
32,20,801,5,0.001860
32,20,801,6,0.001828
32,20,801,7,0.001791
32,20,801,8,0.001810
32,20,801,9,0.001923
32,20,801,10,0.002060
32,20,901,1,0.002348
32,20,901,2,0.001819
32,20,901,3,0.001771
32,20,901,4,0.001764
32,20,901,5,0.001821
32,20,901,6,0.001807
32,20,901,7,0.004269
32,20,901,8,0.001894
32,20,901,9,0.001999
32,20,901,10,0.001982
