NUM_THREADS,BASE_DEPTH,MINIMUM_TASK_COUNT,RUN_NUMBER,RUNTIME
1,2,2,1,1.035679
1,2,52,1,2.082071
1,2,102,1,2.073739
1,2,152,1,1.884334
1,2,202,1,1.884724
1,2,252,1,1.884594
1,2,302,1,1.884308
1,2,352,1,1.884296
1,2,402,1,1.884889
1,2,452,1,1.884933
1,2,502,1,1.884703
1,2,552,1,1.884197
1,2,602,1,1.884725
1,2,652,1,1.884642
1,2,702,1,1.885840
1,2,752,1,1.884771
1,2,802,1,1.884568
1,2,852,1,1.884348
1,2,902,1,1.884325
1,2,952,1,1.884381
1,2,1002,1,1.884549
1,2,1052,1,1.884499
1,2,1102,1,1.884223
1,2,1152,1,
1,2,1202,1,
1,2,1252,1,
1,2,1302,1,
1,2,1352,1,
1,2,1402,1,
1,2,1452,1,
1,2,1502,1,
1,2,1552,1,
1,2,1602,1,
1,2,1652,1,
1,2,1702,1,
1,2,1752,1,
1,2,1802,1,
1,2,1852,1,
1,2,1902,1,
1,2,1952,1,
1,2,2002,1,
1,2,2052,1,
1,2,2102,1,
1,2,2152,1,
1,2,2202,1,
1,2,2252,1,
1,2,2302,1,
1,2,2352,1,
1,2,2402,1,
1,2,2452,1,
1,2,2502,1,
1,2,2552,1,
1,2,2602,1,
1,2,2652,1,
1,2,2702,1,
1,2,2752,1,
1,2,2802,1,
1,2,2852,1,
1,2,2902,1,
1,2,2952,1,
1,2,3002,1,
1,2,3052,1,
1,2,3102,1,
1,2,3152,1,
1,2,3202,1,
1,2,3252,1,
1,2,3302,1,
1,2,3352,1,
1,2,3402,1,
1,2,3452,1,
1,2,3502,1,
1,2,3552,1,
1,2,3602,1,
1,2,3652,1,
1,2,3702,1,
1,2,3752,1,
1,2,3802,1,
1,2,3852,1,
1,2,3902,1,
1,2,3952,1,
1,2,4002,1,
1,2,4052,1,
1,2,4102,1,
1,2,4152,1,
1,2,4202,1,
1,2,4252,1,
1,2,4302,1,
1,2,4352,1,
1,2,4402,1,
1,2,4452,1,
1,2,4502,1,
1,2,4552,1,
1,2,4602,1,
1,2,4652,1,
1,2,4702,1,
1,2,4752,1,
1,2,4802,1,
1,2,4852,1,
1,2,4902,1,
1,2,4952,1,
1,7,2,1,
1,7,52,1,
1,7,102,1,
1,7,152,1,
1,7,202,1,
1,7,252,1,
1,7,302,1,
1,7,352,1,
1,7,402,1,
1,7,452,1,
1,7,502,1,
1,7,552,1,
1,7,602,1,
1,7,652,1,
1,7,702,1,
1,7,752,1,
1,7,802,1,
1,7,852,1,
1,7,902,1,
1,7,952,1,
1,7,1002,1,
1,7,1052,1,
1,7,1102,1,
1,7,1152,1,
1,7,1202,1,
1,7,1252,1,
1,7,1302,1,
1,7,1352,1,
1,7,1402,1,
1,7,1452,1,
1,7,1502,1,
1,7,1552,1,
1,7,1602,1,
1,7,1652,1,
1,7,1702,1,
1,7,1752,1,
1,7,1802,1,
1,7,1852,1,
1,7,1902,1,
1,7,1952,1,
1,7,2002,1,
1,7,2052,1,
1,7,2102,1,
1,7,2152,1,
1,7,2202,1,
1,7,2252,1,
1,7,2302,1,
1,7,2352,1,
1,7,2402,1,
1,7,2452,1,
1,7,2502,1,
1,7,2552,1,
1,7,2602,1,
1,7,2652,1,
1,7,2702,1,
1,7,2752,1,
1,7,2802,1,
1,7,2852,1,
1,7,2902,1,
1,7,2952,1,
1,7,3002,1,
1,7,3052,1,
1,7,3102,1,
1,7,3152,1,
1,7,3202,1,
1,7,3252,1,
1,7,3302,1,
1,7,3352,1,
1,7,3402,1,
1,7,3452,1,
1,7,3502,1,
1,7,3552,1,
1,7,3602,1,
1,7,3652,1,
1,7,3702,1,
1,7,3752,1,
1,7,3802,1,
1,7,3852,1,
1,7,3902,1,
1,7,3952,1,
1,7,4002,1,
1,7,4052,1,
1,7,4102,1,
1,7,4152,1,
1,7,4202,1,
1,7,4252,1,
1,7,4302,1,
1,7,4352,1,
1,7,4402,1,
1,7,4452,1,
1,7,4502,1,
1,7,4552,1,
1,7,4602,1,
1,7,4652,1,
1,7,4702,1,
1,7,4752,1,
1,7,4802,1,
1,7,4852,1,
1,7,4902,1,
1,7,4952,1,
1,12,2,1,
1,12,52,1,
1,12,102,1,
1,12,152,1,
1,12,202,1,
1,12,252,1,
1,12,302,1,
1,12,352,1,
1,12,402,1,
1,12,452,1,
1,12,502,1,
1,12,552,1,
1,12,602,1,
1,12,652,1,
1,12,702,1,
1,12,752,1,
1,12,802,1,
1,12,852,1,
1,12,902,1,
1,12,952,1,
1,12,1002,1,
1,12,1052,1,
1,12,1102,1,
1,12,1152,1,
1,12,1202,1,
1,12,1252,1,
1,12,1302,1,
1,12,1352,1,
1,12,1402,1,
1,12,1452,1,
1,12,1502,1,
1,12,1552,1,
1,12,1602,1,
1,12,1652,1,
1,12,1702,1,
1,12,1752,1,
1,12,1802,1,
1,12,1852,1,
1,12,1902,1,
1,12,1952,1,
1,12,2002,1,
1,12,2052,1,
1,12,2102,1,
1,12,2152,1,
1,12,2202,1,
1,12,2252,1,
1,12,2302,1,
1,12,2352,1,
1,12,2402,1,
1,12,2452,1,
1,12,2502,1,
1,12,2552,1,
1,12,2602,1,
1,12,2652,1,
1,12,2702,1,
1,12,2752,1,
1,12,2802,1,
1,12,2852,1,
1,12,2902,1,
1,12,2952,1,
1,12,3002,1,
1,12,3052,1,
1,12,3102,1,
1,12,3152,1,
1,12,3202,1,
1,12,3252,1,
1,12,3302,1,
1,12,3352,1,
1,12,3402,1,
1,12,3452,1,
1,12,3502,1,
1,12,3552,1,
1,12,3602,1,
1,12,3652,1,
1,12,3702,1,
1,12,3752,1,
1,12,3802,1,
1,12,3852,1,
1,12,3902,1,
1,12,3952,1,
1,12,4002,1,
1,12,4052,1,
1,12,4102,1,
1,12,4152,1,
1,12,4202,1,
1,12,4252,1,
1,12,4302,1,
1,12,4352,1,
1,12,4402,1,
1,12,4452,1,
1,12,4502,1,
1,12,4552,1,
1,12,4602,1,
1,12,4652,1,
1,12,4702,1,
1,12,4752,1,
1,12,4802,1,
1,12,4852,1,
1,12,4902,1,
1,12,4952,1,
1,17,2,1,
1,17,52,1,
1,17,102,1,
1,17,152,1,
1,17,202,1,
1,17,252,1,
1,17,302,1,
1,17,352,1,
1,17,402,1,
1,17,452,1,
1,17,502,1,
1,17,552,1,
1,17,602,1,
1,17,652,1,
1,17,702,1,
1,17,752,1,
1,17,802,1,
1,17,852,1,
1,17,902,1,
1,17,952,1,
1,17,1002,1,
1,17,1052,1,
1,17,1102,1,
1,17,1152,1,
1,17,1202,1,
1,17,1252,1,
1,17,1302,1,
1,17,1352,1,
1,17,1402,1,
1,17,1452,1,
1,17,1502,1,
1,17,1552,1,
1,17,1602,1,
1,17,1652,1,
1,17,1702,1,
1,17,1752,1,
1,17,1802,1,
1,17,1852,1,
1,17,1902,1,
1,17,1952,1,
1,17,2002,1,
1,17,2052,1,
1,17,2102,1,
1,17,2152,1,
1,17,2202,1,
1,17,2252,1,
1,17,2302,1,
1,17,2352,1,
1,17,2402,1,
1,17,2452,1,
1,17,2502,1,
1,17,2552,1,
1,17,2602,1,
1,17,2652,1,
1,17,2702,1,
1,17,2752,1,
1,17,2802,1,
1,17,2852,1,
1,17,2902,1,
1,17,2952,1,
1,17,3002,1,
1,17,3052,1,
1,17,3102,1,
1,17,3152,1,
1,17,3202,1,
1,17,3252,1,
1,17,3302,1,
1,17,3352,1,
1,17,3402,1,
1,17,3452,1,
1,17,3502,1,
1,17,3552,1,
1,17,3602,1,
1,17,3652,1,
1,17,3702,1,
1,17,3752,1,
1,17,3802,1,
1,17,3852,1,
1,17,3902,1,
1,17,3952,1,
1,17,4002,1,
1,17,4052,1,
1,17,4102,1,
1,17,4152,1,
1,17,4202,1,
1,17,4252,1,
1,17,4302,1,
1,17,4352,1,
1,17,4402,1,
1,17,4452,1,
1,17,4502,1,
1,17,4552,1,
1,17,4602,1,
1,17,4652,1,
1,17,4702,1,
1,17,4752,1,
1,17,4802,1,
1,17,4852,1,
1,17,4902,1,
1,17,4952,1,
1,22,2,1,
1,22,52,1,
1,22,102,1,
1,22,152,1,
1,22,202,1,
1,22,252,1,
1,22,302,1,
1,22,352,1,
1,22,402,1,
1,22,452,1,
1,22,502,1,
1,22,552,1,
1,22,602,1,
1,22,652,1,
1,22,702,1,
1,22,752,1,
1,22,802,1,
1,22,852,1,
1,22,902,1,
1,22,952,1,
1,22,1002,1,
1,22,1052,1,
1,22,1102,1,
1,22,1152,1,
1,22,1202,1,
1,22,1252,1,
1,22,1302,1,
1,22,1352,1,
1,22,1402,1,
1,22,1452,1,
1,22,1502,1,
1,22,1552,1,
1,22,1602,1,
1,22,1652,1,
1,22,1702,1,
1,22,1752,1,
1,22,1802,1,
1,22,1852,1,
1,22,1902,1,
1,22,1952,1,
1,22,2002,1,
1,22,2052,1,
1,22,2102,1,
1,22,2152,1,
1,22,2202,1,
1,22,2252,1,
1,22,2302,1,
1,22,2352,1,
1,22,2402,1,
1,22,2452,1,
1,22,2502,1,
1,22,2552,1,
1,22,2602,1,
1,22,2652,1,
1,22,2702,1,
1,22,2752,1,
1,22,2802,1,
1,22,2852,1,
1,22,2902,1,
1,22,2952,1,
1,22,3002,1,
1,22,3052,1,
1,22,3102,1,
1,22,3152,1,
1,22,3202,1,
1,22,3252,1,
1,22,3302,1,
1,22,3352,1,
1,22,3402,1,
1,22,3452,1,
1,22,3502,1,
1,22,3552,1,
1,22,3602,1,
1,22,3652,1,
1,22,3702,1,
1,22,3752,1,
1,22,3802,1,
1,22,3852,1,
1,22,3902,1,
1,22,3952,1,
1,22,4002,1,
1,22,4052,1,
1,22,4102,1,
1,22,4152,1,
1,22,4202,1,
1,22,4252,1,
1,22,4302,1,
1,22,4352,1,
1,22,4402,1,
1,22,4452,1,
1,22,4502,1,
1,22,4552,1,
1,22,4602,1,
1,22,4652,1,
1,22,4702,1,
1,22,4752,1,
1,22,4802,1,
1,22,4852,1,
1,22,4902,1,
1,22,4952,1,
1,27,2,1,
1,27,52,1,
1,27,102,1,
1,27,152,1,
1,27,202,1,
1,27,252,1,
1,27,302,1,
1,27,352,1,
1,27,402,1,
1,27,452,1,
1,27,502,1,
1,27,552,1,
1,27,602,1,
1,27,652,1,
1,27,702,1,
1,27,752,1,
1,27,802,1,
1,27,852,1,
1,27,902,1,
1,27,952,1,
1,27,1002,1,
1,27,1052,1,
1,27,1102,1,
1,27,1152,1,
1,27,1202,1,
1,27,1252,1,
1,27,1302,1,
1,27,1352,1,
1,27,1402,1,
1,27,1452,1,
1,27,1502,1,
1,27,1552,1,
1,27,1602,1,
1,27,1652,1,
1,27,1702,1,
1,27,1752,1,
1,27,1802,1,
1,27,1852,1,
1,27,1902,1,
1,27,1952,1,
1,27,2002,1,
1,27,2052,1,
1,27,2102,1,
1,27,2152,1,
1,27,2202,1,
1,27,2252,1,
1,27,2302,1,
1,27,2352,1,
1,27,2402,1,
1,27,2452,1,
1,27,2502,1,
1,27,2552,1,
1,27,2602,1,
1,27,2652,1,
1,27,2702,1,
1,27,2752,1,
1,27,2802,1,
1,27,2852,1,
1,27,2902,1,
1,27,2952,1,
1,27,3002,1,
1,27,3052,1,
1,27,3102,1,
1,27,3152,1,
1,27,3202,1,
1,27,3252,1,
1,27,3302,1,
1,27,3352,1,
1,27,3402,1,
1,27,3452,1,
1,27,3502,1,
1,27,3552,1,
1,27,3602,1,
1,27,3652,1,
1,27,3702,1,
1,27,3752,1,
1,27,3802,1,
1,27,3852,1,
1,27,3902,1,
1,27,3952,1,
1,27,4002,1,
1,27,4052,1,
1,27,4102,1,
1,27,4152,1,
1,27,4202,1,
1,27,4252,1,
1,27,4302,1,
1,27,4352,1,
1,27,4402,1,
1,27,4452,1,
1,27,4502,1,
1,27,4552,1,
1,27,4602,1,
1,27,4652,1,
1,27,4702,1,
1,27,4752,1,
1,27,4802,1,
1,27,4852,1,
1,27,4902,1,
1,27,4952,1,
1,32,2,1,
1,32,52,1,
1,32,102,1,
1,32,152,1,
1,32,202,1,
1,32,252,1,
1,32,302,1,
1,32,352,1,
1,32,402,1,
1,32,452,1,
1,32,502,1,
1,32,552,1,
1,32,602,1,
1,32,652,1,
1,32,702,1,
1,32,752,1,
1,32,802,1,
1,32,852,1,
1,32,902,1,
1,32,952,1,
1,32,1002,1,
1,32,1052,1,
1,32,1102,1,
1,32,1152,1,
1,32,1202,1,
1,32,1252,1,
1,32,1302,1,
1,32,1352,1,
1,32,1402,1,
1,32,1452,1,
1,32,1502,1,
1,32,1552,1,
1,32,1602,1,
1,32,1652,1,
1,32,1702,1,
1,32,1752,1,
1,32,1802,1,
1,32,1852,1,
1,32,1902,1,
1,32,1952,1,
1,32,2002,1,
1,32,2052,1,
1,32,2102,1,
1,32,2152,1,
1,32,2202,1,
1,32,2252,1,
1,32,2302,1,
1,32,2352,1,
1,32,2402,1,
1,32,2452,1,
1,32,2502,1,
1,32,2552,1,
1,32,2602,1,
1,32,2652,1,
1,32,2702,1,
1,32,2752,1,
1,32,2802,1,
1,32,2852,1,
1,32,2902,1,
1,32,2952,1,
1,32,3002,1,
1,32,3052,1,
1,32,3102,1,
1,32,3152,1,
1,32,3202,1,
1,32,3252,1,
1,32,3302,1,
1,32,3352,1,
1,32,3402,1,
1,32,3452,1,
1,32,3502,1,
1,32,3552,1,
1,32,3602,1,
1,32,3652,1,
1,32,3702,1,
1,32,3752,1,
1,32,3802,1,
1,32,3852,1,
1,32,3902,1,
1,32,3952,1,
1,32,4002,1,
1,32,4052,1,
1,32,4102,1,
1,32,4152,1,
1,32,4202,1,
1,32,4252,1,
1,32,4302,1,
1,32,4352,1,
1,32,4402,1,
1,32,4452,1,
1,32,4502,1,
1,32,4552,1,
1,32,4602,1,
1,32,4652,1,
1,32,4702,1,
1,32,4752,1,
1,32,4802,1,
1,32,4852,1,
1,32,4902,1,
1,32,4952,1,
1,37,2,1,
1,37,52,1,
1,37,102,1,
1,37,152,1,
1,37,202,1,
1,37,252,1,
1,37,302,1,
1,37,352,1,
1,37,402,1,
1,37,452,1,
1,37,502,1,
1,37,552,1,
1,37,602,1,
1,37,652,1,
1,37,702,1,
1,37,752,1,
1,37,802,1,
1,37,852,1,
1,37,902,1,
1,37,952,1,
1,37,1002,1,
1,37,1052,1,
1,37,1102,1,
1,37,1152,1,
1,37,1202,1,
1,37,1252,1,
1,37,1302,1,
1,37,1352,1,
1,37,1402,1,
1,37,1452,1,
1,37,1502,1,
1,37,1552,1,
1,37,1602,1,
1,37,1652,1,
1,37,1702,1,
1,37,1752,1,
1,37,1802,1,
1,37,1852,1,
1,37,1902,1,
1,37,1952,1,
1,37,2002,1,
1,37,2052,1,
1,37,2102,1,
1,37,2152,1,
1,37,2202,1,
1,37,2252,1,
1,37,2302,1,
1,37,2352,1,
1,37,2402,1,
1,37,2452,1,
1,37,2502,1,
1,37,2552,1,
1,37,2602,1,
1,37,2652,1,
1,37,2702,1,
1,37,2752,1,
1,37,2802,1,
1,37,2852,1,
1,37,2902,1,
1,37,2952,1,
1,37,3002,1,
1,37,3052,1,
1,37,3102,1,
1,37,3152,1,
1,37,3202,1,
1,37,3252,1,
1,37,3302,1,
1,37,3352,1,
1,37,3402,1,
1,37,3452,1,
1,37,3502,1,
1,37,3552,1,
1,37,3602,1,
1,37,3652,1,
1,37,3702,1,
1,37,3752,1,
1,37,3802,1,
1,37,3852,1,
1,37,3902,1,
1,37,3952,1,
1,37,4002,1,
1,37,4052,1,
1,37,4102,1,
1,37,4152,1,
1,37,4202,1,
1,37,4252,1,
1,37,4302,1,
1,37,4352,1,
1,37,4402,1,
1,37,4452,1,
1,37,4502,1,
1,37,4552,1,
1,37,4602,1,
1,37,4652,1,
1,37,4702,1,
1,37,4752,1,
1,37,4802,1,
1,37,4852,1,
1,37,4902,1,
1,37,4952,1,
1,42,2,1,
1,42,52,1,
1,42,102,1,
1,42,152,1,
1,42,202,1,
1,42,252,1,
1,42,302,1,
1,42,352,1,
1,42,402,1,
1,42,452,1,
1,42,502,1,
1,42,552,1,
1,42,602,1,
1,42,652,1,
1,42,702,1,
1,42,752,1,
1,42,802,1,
1,42,852,1,
1,42,902,1,
1,42,952,1,
1,42,1002,1,
1,42,1052,1,
1,42,1102,1,
1,42,1152,1,
1,42,1202,1,
1,42,1252,1,
1,42,1302,1,
1,42,1352,1,
1,42,1402,1,
1,42,1452,1,
1,42,1502,1,
1,42,1552,1,
1,42,1602,1,
1,42,1652,1,
1,42,1702,1,
1,42,1752,1,
1,42,1802,1,
1,42,1852,1,
1,42,1902,1,
1,42,1952,1,
1,42,2002,1,
1,42,2052,1,
1,42,2102,1,
1,42,2152,1,
1,42,2202,1,
1,42,2252,1,
1,42,2302,1,
1,42,2352,1,
1,42,2402,1,
1,42,2452,1,
1,42,2502,1,
1,42,2552,1,
1,42,2602,1,
1,42,2652,1,
1,42,2702,1,
1,42,2752,1,
1,42,2802,1,
1,42,2852,1,
1,42,2902,1,
1,42,2952,1,
1,42,3002,1,
1,42,3052,1,
1,42,3102,1,
1,42,3152,1,
1,42,3202,1,
1,42,3252,1,
1,42,3302,1,
1,42,3352,1,
1,42,3402,1,
1,42,3452,1,
1,42,3502,1,
1,42,3552,1,
1,42,3602,1,
1,42,3652,1,
1,42,3702,1,
1,42,3752,1,
1,42,3802,1,
1,42,3852,1,
1,42,3902,1,
1,42,3952,1,
1,42,4002,1,
1,42,4052,1,
1,42,4102,1,
1,42,4152,1,
1,42,4202,1,
1,42,4252,1,
1,42,4302,1,
1,42,4352,1,
1,42,4402,1,
1,42,4452,1,
1,42,4502,1,
1,42,4552,1,
1,42,4602,1,
1,42,4652,1,
1,42,4702,1,
1,42,4752,1,
1,42,4802,1,
1,42,4852,1,
1,42,4902,1,
1,42,4952,1,
1,47,2,1,
1,47,52,1,
1,47,102,1,
1,47,152,1,
1,47,202,1,
1,47,252,1,
1,47,302,1,
1,47,352,1,
1,47,402,1,
1,47,452,1,
1,47,502,1,
1,47,552,1,
1,47,602,1,
1,47,652,1,
1,47,702,1,
1,47,752,1,
1,47,802,1,
1,47,852,1,
1,47,902,1,
1,47,952,1,
1,47,1002,1,
1,47,1052,1,
1,47,1102,1,
1,47,1152,1,
1,47,1202,1,
1,47,1252,1,
1,47,1302,1,
1,47,1352,1,
1,47,1402,1,
1,47,1452,1,
1,47,1502,1,
1,47,1552,1,
1,47,1602,1,
1,47,1652,1,
1,47,1702,1,
1,47,1752,1,
1,47,1802,1,
1,47,1852,1,
1,47,1902,1,
1,47,1952,1,
1,47,2002,1,
1,47,2052,1,
1,47,2102,1,
1,47,2152,1,
1,47,2202,1,
1,47,2252,1,
1,47,2302,1,
1,47,2352,1,
1,47,2402,1,
1,47,2452,1,
1,47,2502,1,
1,47,2552,1,
1,47,2602,1,
1,47,2652,1,
1,47,2702,1,
1,47,2752,1,
1,47,2802,1,
1,47,2852,1,
1,47,2902,1,
1,47,2952,1,
1,47,3002,1,
1,47,3052,1,
1,47,3102,1,
1,47,3152,1,
1,47,3202,1,
1,47,3252,1,
1,47,3302,1,
1,47,3352,1,
1,47,3402,1,
1,47,3452,1,
1,47,3502,1,
1,47,3552,1,
1,47,3602,1,
1,47,3652,1,
1,47,3702,1,
1,47,3752,1,
1,47,3802,1,
1,47,3852,1,
1,47,3902,1,
1,47,3952,1,
1,47,4002,1,
1,47,4052,1,
1,47,4102,1,
1,47,4152,1,
1,47,4202,1,
1,47,4252,1,
1,47,4302,1,
1,47,4352,1,
1,47,4402,1,
1,47,4452,1,
1,47,4502,1,
1,47,4552,1,
1,47,4602,1,
1,47,4652,1,
1,47,4702,1,
1,47,4752,1,
1,47,4802,1,
1,47,4852,1,
1,47,4902,1,
1,47,4952,1,
1,52,2,1,
1,52,52,1,
1,52,102,1,
1,52,152,1,
1,52,202,1,
1,52,252,1,
1,52,302,1,
1,52,352,1,
1,52,402,1,
1,52,452,1,
1,52,502,1,
1,52,552,1,
1,52,602,1,
1,52,652,1,
1,52,702,1,
1,52,752,1,
1,52,802,1,
1,52,852,1,
1,52,902,1,
1,52,952,1,
1,52,1002,1,
1,52,1052,1,
1,52,1102,1,
1,52,1152,1,
1,52,1202,1,
1,52,1252,1,
1,52,1302,1,
1,52,1352,1,
1,52,1402,1,
1,52,1452,1,
1,52,1502,1,
1,52,1552,1,
1,52,1602,1,
1,52,1652,1,
1,52,1702,1,
1,52,1752,1,
1,52,1802,1,
1,52,1852,1,
1,52,1902,1,
1,52,1952,1,
1,52,2002,1,
1,52,2052,1,
1,52,2102,1,
1,52,2152,1,
1,52,2202,1,
1,52,2252,1,
1,52,2302,1,
1,52,2352,1,
1,52,2402,1,
1,52,2452,1,
1,52,2502,1,
1,52,2552,1,
1,52,2602,1,
1,52,2652,1,
1,52,2702,1,
1,52,2752,1,
1,52,2802,1,
1,52,2852,1,
1,52,2902,1,
1,52,2952,1,
1,52,3002,1,
1,52,3052,1,
1,52,3102,1,
1,52,3152,1,
1,52,3202,1,
1,52,3252,1,
1,52,3302,1,
1,52,3352,1,
1,52,3402,1,
1,52,3452,1,
1,52,3502,1,
1,52,3552,1,
1,52,3602,1,
1,52,3652,1,
1,52,3702,1,
1,52,3752,1,
1,52,3802,1,
1,52,3852,1,
1,52,3902,1,
1,52,3952,1,
1,52,4002,1,
1,52,4052,1,
1,52,4102,1,
1,52,4152,1,
1,52,4202,1,
1,52,4252,1,
1,52,4302,1,
1,52,4352,1,
1,52,4402,1,
1,52,4452,1,
1,52,4502,1,
1,52,4552,1,
1,52,4602,1,
1,52,4652,1,
1,52,4702,1,
1,52,4752,1,
1,52,4802,1,
1,52,4852,1,
1,52,4902,1,
1,52,4952,1,
1,57,2,1,
1,57,52,1,
1,57,102,1,
1,57,152,1,
1,57,202,1,
1,57,252,1,
1,57,302,1,
1,57,352,1,
1,57,402,1,
1,57,452,1,
1,57,502,1,
1,57,552,1,
1,57,602,1,
1,57,652,1,
1,57,702,1,
1,57,752,1,
1,57,802,1,
1,57,852,1,
1,57,902,1,
1,57,952,1,
1,57,1002,1,
1,57,1052,1,
1,57,1102,1,
1,57,1152,1,
1,57,1202,1,
1,57,1252,1,
1,57,1302,1,
1,57,1352,1,
1,57,1402,1,
1,57,1452,1,
1,57,1502,1,
1,57,1552,1,
1,57,1602,1,
1,57,1652,1,
1,57,1702,1,
1,57,1752,1,
1,57,1802,1,
1,57,1852,1,
1,57,1902,1,
1,57,1952,1,
1,57,2002,1,
1,57,2052,1,
1,57,2102,1,
1,57,2152,1,
1,57,2202,1,
1,57,2252,1,
1,57,2302,1,
1,57,2352,1,
1,57,2402,1,
1,57,2452,1,
1,57,2502,1,
1,57,2552,1,
1,57,2602,1,
1,57,2652,1,
1,57,2702,1,
1,57,2752,1,
1,57,2802,1,
1,57,2852,1,
1,57,2902,1,
1,57,2952,1,
1,57,3002,1,
1,57,3052,1,
1,57,3102,1,
1,57,3152,1,
1,57,3202,1,
1,57,3252,1,
1,57,3302,1,
1,57,3352,1,
1,57,3402,1,
1,57,3452,1,
1,57,3502,1,
1,57,3552,1,
1,57,3602,1,
1,57,3652,1,
1,57,3702,1,
1,57,3752,1,
1,57,3802,1,
1,57,3852,1,
1,57,3902,1,
1,57,3952,1,
1,57,4002,1,
1,57,4052,1,
1,57,4102,1,
1,57,4152,1,
1,57,4202,1,
1,57,4252,1,
1,57,4302,1,
1,57,4352,1,
1,57,4402,1,
1,57,4452,1,
1,57,4502,1,
1,57,4552,1,
1,57,4602,1,
1,57,4652,1,
1,57,4702,1,
1,57,4752,1,
1,57,4802,1,
1,57,4852,1,
1,57,4902,1,
1,57,4952,1,
1,62,2,1,
1,62,52,1,
1,62,102,1,
1,62,152,1,
1,62,202,1,
1,62,252,1,
1,62,302,1,
1,62,352,1,
1,62,402,1,
1,62,452,1,
1,62,502,1,
1,62,552,1,
1,62,602,1,
1,62,652,1,
1,62,702,1,
1,62,752,1,
1,62,802,1,
1,62,852,1,
1,62,902,1,
1,62,952,1,
1,62,1002,1,
1,62,1052,1,
1,62,1102,1,
1,62,1152,1,
1,62,1202,1,
1,62,1252,1,
1,62,1302,1,
1,62,1352,1,
1,62,1402,1,
1,62,1452,1,
1,62,1502,1,
1,62,1552,1,
1,62,1602,1,
1,62,1652,1,
1,62,1702,1,
1,62,1752,1,
1,62,1802,1,
1,62,1852,1,
1,62,1902,1,
1,62,1952,1,
1,62,2002,1,
1,62,2052,1,
1,62,2102,1,
1,62,2152,1,
1,62,2202,1,
1,62,2252,1,
1,62,2302,1,
1,62,2352,1,
1,62,2402,1,
1,62,2452,1,
1,62,2502,1,
1,62,2552,1,
1,62,2602,1,
1,62,2652,1,
1,62,2702,1,
1,62,2752,1,
1,62,2802,1,
1,62,2852,1,
1,62,2902,1,
1,62,2952,1,
1,62,3002,1,
1,62,3052,1,
1,62,3102,1,
1,62,3152,1,
1,62,3202,1,
1,62,3252,1,
1,62,3302,1,
1,62,3352,1,
1,62,3402,1,
1,62,3452,1,
1,62,3502,1,
1,62,3552,1,
1,62,3602,1,
1,62,3652,1,
1,62,3702,1,
1,62,3752,1,
1,62,3802,1,
1,62,3852,1,
1,62,3902,1,
1,62,3952,1,
1,62,4002,1,
1,62,4052,1,
1,62,4102,1,
1,62,4152,1,
1,62,4202,1,
1,62,4252,1,
1,62,4302,1,
1,62,4352,1,
1,62,4402,1,
1,62,4452,1,
1,62,4502,1,
1,62,4552,1,
1,62,4602,1,
1,62,4652,1,
1,62,4702,1,
1,62,4752,1,
1,62,4802,1,
1,62,4852,1,
1,62,4902,1,
1,62,4952,1,
1,67,2,1,
1,67,52,1,
1,67,102,1,
1,67,152,1,
1,67,202,1,
1,67,252,1,
1,67,302,1,
1,67,352,1,
1,67,402,1,
1,67,452,1,
1,67,502,1,
1,67,552,1,
1,67,602,1,
1,67,652,1,
1,67,702,1,
1,67,752,1,
1,67,802,1,
1,67,852,1,
1,67,902,1,
1,67,952,1,
1,67,1002,1,
1,67,1052,1,
1,67,1102,1,
1,67,1152,1,
1,67,1202,1,
1,67,1252,1,
1,67,1302,1,
1,67,1352,1,
1,67,1402,1,
1,67,1452,1,
1,67,1502,1,
1,67,1552,1,
1,67,1602,1,
1,67,1652,1,
1,67,1702,1,
1,67,1752,1,
1,67,1802,1,
1,67,1852,1,
1,67,1902,1,
1,67,1952,1,
1,67,2002,1,
1,67,2052,1,
1,67,2102,1,
1,67,2152,1,
1,67,2202,1,
1,67,2252,1,
1,67,2302,1,
1,67,2352,1,
1,67,2402,1,
1,67,2452,1,
1,67,2502,1,
1,67,2552,1,
1,67,2602,1,
1,67,2652,1,
1,67,2702,1,
1,67,2752,1,
1,67,2802,1,
1,67,2852,1,
1,67,2902,1,
1,67,2952,1,
1,67,3002,1,
1,67,3052,1,
1,67,3102,1,
1,67,3152,1,
1,67,3202,1,
1,67,3252,1,
1,67,3302,1,
1,67,3352,1,
1,67,3402,1,
1,67,3452,1,
1,67,3502,1,
1,67,3552,1,
1,67,3602,1,
1,67,3652,1,
1,67,3702,1,
1,67,3752,1,
1,67,3802,1,
1,67,3852,1,
1,67,3902,1,
1,67,3952,1,
1,67,4002,1,
1,67,4052,1,
1,67,4102,1,
1,67,4152,1,
1,67,4202,1,
1,67,4252,1,
1,67,4302,1,
1,67,4352,1,
1,67,4402,1,
1,67,4452,1,
1,67,4502,1,
1,67,4552,1,
1,67,4602,1,
1,67,4652,1,
1,67,4702,1,
1,67,4752,1,
1,67,4802,1,
1,67,4852,1,
1,67,4902,1,
1,67,4952,1,
1,72,2,1,
1,72,52,1,
1,72,102,1,
1,72,152,1,
1,72,202,1,
1,72,252,1,
1,72,302,1,
1,72,352,1,
1,72,402,1,
1,72,452,1,
1,72,502,1,
1,72,552,1,
1,72,602,1,
1,72,652,1,
1,72,702,1,
1,72,752,1,
1,72,802,1,
1,72,852,1,
1,72,902,1,
1,72,952,1,
1,72,1002,1,
1,72,1052,1,
1,72,1102,1,
1,72,1152,1,
1,72,1202,1,
1,72,1252,1,
1,72,1302,1,
1,72,1352,1,
1,72,1402,1,
1,72,1452,1,
1,72,1502,1,
1,72,1552,1,
1,72,1602,1,
1,72,1652,1,
1,72,1702,1,
1,72,1752,1,
1,72,1802,1,
1,72,1852,1,
1,72,1902,1,
1,72,1952,1,
1,72,2002,1,
1,72,2052,1,
1,72,2102,1,
1,72,2152,1,
1,72,2202,1,
1,72,2252,1,
1,72,2302,1,
1,72,2352,1,
1,72,2402,1,
1,72,2452,1,
1,72,2502,1,
1,72,2552,1,
1,72,2602,1,
1,72,2652,1,
1,72,2702,1,
1,72,2752,1,
1,72,2802,1,
1,72,2852,1,
1,72,2902,1,
1,72,2952,1,
1,72,3002,1,
1,72,3052,1,
1,72,3102,1,
1,72,3152,1,
1,72,3202,1,
1,72,3252,1,
1,72,3302,1,
1,72,3352,1,
1,72,3402,1,
1,72,3452,1,
1,72,3502,1,
1,72,3552,1,
1,72,3602,1,
1,72,3652,1,
1,72,3702,1,
1,72,3752,1,
1,72,3802,1,
1,72,3852,1,
1,72,3902,1,
1,72,3952,1,
1,72,4002,1,
1,72,4052,1,
1,72,4102,1,
1,72,4152,1,
1,72,4202,1,
1,72,4252,1,
1,72,4302,1,
1,72,4352,1,
1,72,4402,1,
1,72,4452,1,
1,72,4502,1,
1,72,4552,1,
1,72,4602,1,
1,72,4652,1,
1,72,4702,1,
1,72,4752,1,
1,72,4802,1,
1,72,4852,1,
1,72,4902,1,
1,72,4952,1,
1,77,2,1,
1,77,52,1,
1,77,102,1,
1,77,152,1,
1,77,202,1,
1,77,252,1,
1,77,302,1,
1,77,352,1,
1,77,402,1,
1,77,452,1,
1,77,502,1,
1,77,552,1,
1,77,602,1,
1,77,652,1,
1,77,702,1,
1,77,752,1,
1,77,802,1,
1,77,852,1,
1,77,902,1,
1,77,952,1,
1,77,1002,1,
1,77,1052,1,
1,77,1102,1,
1,77,1152,1,
1,77,1202,1,
1,77,1252,1,
1,77,1302,1,
1,77,1352,1,
1,77,1402,1,
1,77,1452,1,
1,77,1502,1,
1,77,1552,1,
1,77,1602,1,
1,77,1652,1,
1,77,1702,1,
1,77,1752,1,
1,77,1802,1,
1,77,1852,1,
1,77,1902,1,
1,77,1952,1,
1,77,2002,1,
1,77,2052,1,
1,77,2102,1,
1,77,2152,1,
1,77,2202,1,
1,77,2252,1,
1,77,2302,1,
1,77,2352,1,
1,77,2402,1,
1,77,2452,1,
1,77,2502,1,
1,77,2552,1,
1,77,2602,1,
1,77,2652,1,
1,77,2702,1,
1,77,2752,1,
1,77,2802,1,
1,77,2852,1,
1,77,2902,1,
1,77,2952,1,
1,77,3002,1,
1,77,3052,1,
1,77,3102,1,
1,77,3152,1,
1,77,3202,1,
1,77,3252,1,
1,77,3302,1,
1,77,3352,1,
1,77,3402,1,
1,77,3452,1,
1,77,3502,1,
1,77,3552,1,
1,77,3602,1,
1,77,3652,1,
1,77,3702,1,
1,77,3752,1,
1,77,3802,1,
1,77,3852,1,
1,77,3902,1,
1,77,3952,1,
1,77,4002,1,
1,77,4052,1,
1,77,4102,1,
1,77,4152,1,
1,77,4202,1,
1,77,4252,1,
1,77,4302,1,
1,77,4352,1,
1,77,4402,1,
1,77,4452,1,
1,77,4502,1,
1,77,4552,1,
1,77,4602,1,
1,77,4652,1,
1,77,4702,1,
1,77,4752,1,
1,77,4802,1,
1,77,4852,1,
1,77,4902,1,
1,77,4952,1,
1,82,2,1,
1,82,52,1,
1,82,102,1,
1,82,152,1,
1,82,202,1,
1,82,252,1,
1,82,302,1,
1,82,352,1,
1,82,402,1,
1,82,452,1,
1,82,502,1,
1,82,552,1,
1,82,602,1,
1,82,652,1,
1,82,702,1,
1,82,752,1,
1,82,802,1,
1,82,852,1,
1,82,902,1,
1,82,952,1,
1,82,1002,1,
1,82,1052,1,
1,82,1102,1,
1,82,1152,1,
1,82,1202,1,
1,82,1252,1,
1,82,1302,1,
1,82,1352,1,
1,82,1402,1,
1,82,1452,1,
1,82,1502,1,
1,82,1552,1,
1,82,1602,1,
1,82,1652,1,
1,82,1702,1,
1,82,1752,1,
1,82,1802,1,
1,82,1852,1,
1,82,1902,1,
1,82,1952,1,
1,82,2002,1,
1,82,2052,1,
1,82,2102,1,
1,82,2152,1,
1,82,2202,1,
1,82,2252,1,
1,82,2302,1,
1,82,2352,1,
1,82,2402,1,
1,82,2452,1,
1,82,2502,1,
1,82,2552,1,
1,82,2602,1,
1,82,2652,1,
1,82,2702,1,
1,82,2752,1,
1,82,2802,1,
1,82,2852,1,
1,82,2902,1,
1,82,2952,1,
1,82,3002,1,
1,82,3052,1,
1,82,3102,1,
1,82,3152,1,
1,82,3202,1,
1,82,3252,1,
1,82,3302,1,
1,82,3352,1,
1,82,3402,1,
1,82,3452,1,
1,82,3502,1,
1,82,3552,1,
1,82,3602,1,
1,82,3652,1,
1,82,3702,1,
1,82,3752,1,
1,82,3802,1,
1,82,3852,1,
1,82,3902,1,
1,82,3952,1,
1,82,4002,1,
1,82,4052,1,
1,82,4102,1,
1,82,4152,1,
1,82,4202,1,
1,82,4252,1,
1,82,4302,1,
1,82,4352,1,
1,82,4402,1,
1,82,4452,1,
1,82,4502,1,
1,82,4552,1,
1,82,4602,1,
1,82,4652,1,
1,82,4702,1,
1,82,4752,1,
1,82,4802,1,
1,82,4852,1,
1,82,4902,1,
1,82,4952,1,
1,87,2,1,
1,87,52,1,
1,87,102,1,
1,87,152,1,
1,87,202,1,
1,87,252,1,
1,87,302,1,
1,87,352,1,
1,87,402,1,
1,87,452,1,
1,87,502,1,
1,87,552,1,
1,87,602,1,
1,87,652,1,
1,87,702,1,
1,87,752,1,
1,87,802,1,
1,87,852,1,
1,87,902,1,
1,87,952,1,
1,87,1002,1,
1,87,1052,1,
1,87,1102,1,
1,87,1152,1,
1,87,1202,1,
1,87,1252,1,
1,87,1302,1,
1,87,1352,1,
1,87,1402,1,
1,87,1452,1,
1,87,1502,1,
1,87,1552,1,
1,87,1602,1,
1,87,1652,1,
1,87,1702,1,
1,87,1752,1,
1,87,1802,1,
1,87,1852,1,
1,87,1902,1,
1,87,1952,1,
1,87,2002,1,
1,87,2052,1,
1,87,2102,1,
1,87,2152,1,
1,87,2202,1,
1,87,2252,1,
1,87,2302,1,
1,87,2352,1,
1,87,2402,1,
1,87,2452,1,
1,87,2502,1,
1,87,2552,1,
1,87,2602,1,
1,87,2652,1,
1,87,2702,1,
1,87,2752,1,
1,87,2802,1,
1,87,2852,1,
1,87,2902,1,
1,87,2952,1,
1,87,3002,1,
1,87,3052,1,
1,87,3102,1,
1,87,3152,1,
1,87,3202,1,
1,87,3252,1,
1,87,3302,1,
1,87,3352,1,
1,87,3402,1,
1,87,3452,1,
1,87,3502,1,
1,87,3552,1,
1,87,3602,1,
1,87,3652,1,
1,87,3702,1,
1,87,3752,1,
1,87,3802,1,
1,87,3852,1,
1,87,3902,1,
1,87,3952,1,
1,87,4002,1,
1,87,4052,1,
1,87,4102,1,
1,87,4152,1,
1,87,4202,1,
1,87,4252,1,
1,87,4302,1,
1,87,4352,1,
1,87,4402,1,
1,87,4452,1,
1,87,4502,1,
1,87,4552,1,
1,87,4602,1,
1,87,4652,1,
1,87,4702,1,
1,87,4752,1,
1,87,4802,1,
1,87,4852,1,
1,87,4902,1,
1,87,4952,1,
1,92,2,1,
1,92,52,1,
1,92,102,1,
1,92,152,1,
1,92,202,1,
1,92,252,1,
1,92,302,1,
1,92,352,1,
1,92,402,1,
1,92,452,1,
1,92,502,1,
1,92,552,1,
1,92,602,1,
1,92,652,1,
1,92,702,1,
1,92,752,1,
1,92,802,1,
1,92,852,1,
1,92,902,1,
1,92,952,1,
1,92,1002,1,
1,92,1052,1,
1,92,1102,1,
1,92,1152,1,
1,92,1202,1,
1,92,1252,1,
1,92,1302,1,
1,92,1352,1,
1,92,1402,1,
1,92,1452,1,
1,92,1502,1,
1,92,1552,1,
1,92,1602,1,
1,92,1652,1,
1,92,1702,1,
1,92,1752,1,
1,92,1802,1,
1,92,1852,1,
1,92,1902,1,
1,92,1952,1,
1,92,2002,1,
1,92,2052,1,
1,92,2102,1,
1,92,2152,1,
1,92,2202,1,
1,92,2252,1,
1,92,2302,1,
1,92,2352,1,
1,92,2402,1,
1,92,2452,1,
1,92,2502,1,
1,92,2552,1,
1,92,2602,1,
1,92,2652,1,
1,92,2702,1,
1,92,2752,1,
1,92,2802,1,
1,92,2852,1,
1,92,2902,1,
1,92,2952,1,
1,92,3002,1,
1,92,3052,1,
1,92,3102,1,
1,92,3152,1,
1,92,3202,1,
1,92,3252,1,
1,92,3302,1,
1,92,3352,1,
1,92,3402,1,
1,92,3452,1,
1,92,3502,1,
1,92,3552,1,
1,92,3602,1,
1,92,3652,1,
1,92,3702,1,
1,92,3752,1,
1,92,3802,1,
1,92,3852,1,
1,92,3902,1,
1,92,3952,1,
1,92,4002,1,
1,92,4052,1,
1,92,4102,1,
1,92,4152,1,
1,92,4202,1,
1,92,4252,1,
1,92,4302,1,
1,92,4352,1,
1,92,4402,1,
1,92,4452,1,
1,92,4502,1,
1,92,4552,1,
1,92,4602,1,
1,92,4652,1,
1,92,4702,1,
1,92,4752,1,
1,92,4802,1,
1,92,4852,1,
1,92,4902,1,
1,92,4952,1,
1,97,2,1,
1,97,52,1,
1,97,102,1,
1,97,152,1,
1,97,202,1,
1,97,252,1,
1,97,302,1,
1,97,352,1,
1,97,402,1,
1,97,452,1,
1,97,502,1,
1,97,552,1,
1,97,602,1,
1,97,652,1,
1,97,702,1,
1,97,752,1,
1,97,802,1,
1,97,852,1,
1,97,902,1,
1,97,952,1,
1,97,1002,1,
1,97,1052,1,
1,97,1102,1,
1,97,1152,1,
1,97,1202,1,
1,97,1252,1,
1,97,1302,1,
1,97,1352,1,
1,97,1402,1,
1,97,1452,1,
1,97,1502,1,
1,97,1552,1,
1,97,1602,1,
1,97,1652,1,
1,97,1702,1,
1,97,1752,1,
1,97,1802,1,
1,97,1852,1,
1,97,1902,1,
1,97,1952,1,
1,97,2002,1,
1,97,2052,1,
1,97,2102,1,
1,97,2152,1,
1,97,2202,1,
1,97,2252,1,
1,97,2302,1,
1,97,2352,1,
1,97,2402,1,
1,97,2452,1,
1,97,2502,1,
1,97,2552,1,
1,97,2602,1,
1,97,2652,1,
1,97,2702,1,
1,97,2752,1,
1,97,2802,1,
1,97,2852,1,
1,97,2902,1,
1,97,2952,1,
1,97,3002,1,
1,97,3052,1,
1,97,3102,1,
1,97,3152,1,
1,97,3202,1,
1,97,3252,1,
1,97,3302,1,
1,97,3352,1,
1,97,3402,1,
1,97,3452,1,
1,97,3502,1,
1,97,3552,1,
1,97,3602,1,
1,97,3652,1,
1,97,3702,1,
1,97,3752,1,
1,97,3802,1,
1,97,3852,1,
1,97,3902,1,
1,97,3952,1,
1,97,4002,1,
1,97,4052,1,
1,97,4102,1,
1,97,4152,1,
1,97,4202,1,
1,97,4252,1,
1,97,4302,1,
1,97,4352,1,
1,97,4402,1,
1,97,4452,1,
1,97,4502,1,
1,97,4552,1,
1,97,4602,1,
1,97,4652,1,
1,97,4702,1,
1,97,4752,1,
1,97,4802,1,
1,97,4852,1,
1,97,4902,1,
1,97,4952,1,
1,102,2,1,
1,102,52,1,
1,102,102,1,
1,102,152,1,
1,102,202,1,
1,102,252,1,
1,102,302,1,
1,102,352,1,
1,102,402,1,
1,102,452,1,
1,102,502,1,
1,102,552,1,
1,102,602,1,
1,102,652,1,
1,102,702,1,
1,102,752,1,
1,102,802,1,
1,102,852,1,
1,102,902,1,
1,102,952,1,
1,102,1002,1,
1,102,1052,1,
1,102,1102,1,
1,102,1152,1,
1,102,1202,1,
1,102,1252,1,
1,102,1302,1,
1,102,1352,1,
1,102,1402,1,
1,102,1452,1,
1,102,1502,1,
1,102,1552,1,
1,102,1602,1,
1,102,1652,1,
1,102,1702,1,
1,102,1752,1,
1,102,1802,1,
1,102,1852,1,
1,102,1902,1,
1,102,1952,1,
1,102,2002,1,
1,102,2052,1,
1,102,2102,1,
1,102,2152,1,
1,102,2202,1,
1,102,2252,1,
1,102,2302,1,
1,102,2352,1,
1,102,2402,1,
1,102,2452,1,
1,102,2502,1,
1,102,2552,1,
1,102,2602,1,
1,102,2652,1,
1,102,2702,1,
1,102,2752,1,
1,102,2802,1,
1,102,2852,1,
1,102,2902,1,
1,102,2952,1,
1,102,3002,1,
1,102,3052,1,
1,102,3102,1,
1,102,3152,1,
1,102,3202,1,
1,102,3252,1,
1,102,3302,1,
1,102,3352,1,
1,102,3402,1,
1,102,3452,1,
1,102,3502,1,
1,102,3552,1,
1,102,3602,1,
1,102,3652,1,
1,102,3702,1,
1,102,3752,1,
1,102,3802,1,
1,102,3852,1,
1,102,3902,1,
1,102,3952,1,
1,102,4002,1,
1,102,4052,1,
1,102,4102,1,
1,102,4152,1,
1,102,4202,1,
1,102,4252,1,
1,102,4302,1,
1,102,4352,1,
1,102,4402,1,
1,102,4452,1,
1,102,4502,1,
1,102,4552,1,
1,102,4602,1,
1,102,4652,1,
1,102,4702,1,
1,102,4752,1,
1,102,4802,1,
1,102,4852,1,
1,102,4902,1,
1,102,4952,1,
1,107,2,1,
1,107,52,1,
1,107,102,1,
1,107,152,1,
1,107,202,1,
1,107,252,1,
1,107,302,1,
1,107,352,1,
1,107,402,1,
1,107,452,1,
1,107,502,1,
1,107,552,1,
1,107,602,1,
1,107,652,1,
1,107,702,1,
1,107,752,1,
1,107,802,1,
1,107,852,1,
1,107,902,1,
1,107,952,1,
1,107,1002,1,
1,107,1052,1,
1,107,1102,1,
1,107,1152,1,
1,107,1202,1,
1,107,1252,1,
1,107,1302,1,
1,107,1352,1,
1,107,1402,1,
1,107,1452,1,
1,107,1502,1,
1,107,1552,1,
1,107,1602,1,
1,107,1652,1,
1,107,1702,1,
1,107,1752,1,
1,107,1802,1,
1,107,1852,1,
1,107,1902,1,
1,107,1952,1,
1,107,2002,1,
1,107,2052,1,
1,107,2102,1,
1,107,2152,1,
1,107,2202,1,
1,107,2252,1,
1,107,2302,1,
1,107,2352,1,
1,107,2402,1,
1,107,2452,1,
1,107,2502,1,
1,107,2552,1,
1,107,2602,1,
1,107,2652,1,
1,107,2702,1,
1,107,2752,1,
1,107,2802,1,
1,107,2852,1,
1,107,2902,1,
1,107,2952,1,
1,107,3002,1,
1,107,3052,1,
1,107,3102,1,
1,107,3152,1,
1,107,3202,1,
1,107,3252,1,
1,107,3302,1,
1,107,3352,1,
1,107,3402,1,
1,107,3452,1,
1,107,3502,1,
1,107,3552,1,
1,107,3602,1,
1,107,3652,1,
1,107,3702,1,
1,107,3752,1,
1,107,3802,1,
1,107,3852,1,
1,107,3902,1,
1,107,3952,1,
1,107,4002,1,
1,107,4052,1,
1,107,4102,1,
1,107,4152,1,
1,107,4202,1,
1,107,4252,1,
1,107,4302,1,
1,107,4352,1,
1,107,4402,1,
1,107,4452,1,
1,107,4502,1,
1,107,4552,1,
1,107,4602,1,
1,107,4652,1,
1,107,4702,1,
1,107,4752,1,
1,107,4802,1,
1,107,4852,1,
1,107,4902,1,
1,107,4952,1,
1,112,2,1,
1,112,52,1,
1,112,102,1,
1,112,152,1,
1,112,202,1,
1,112,252,1,
1,112,302,1,
1,112,352,1,
1,112,402,1,
1,112,452,1,
1,112,502,1,
1,112,552,1,
1,112,602,1,
1,112,652,1,
1,112,702,1,
1,112,752,1,
1,112,802,1,
1,112,852,1,
1,112,902,1,
1,112,952,1,
1,112,1002,1,
1,112,1052,1,
1,112,1102,1,
1,112,1152,1,
1,112,1202,1,
1,112,1252,1,
1,112,1302,1,
1,112,1352,1,
1,112,1402,1,
1,112,1452,1,
1,112,1502,1,
1,112,1552,1,
1,112,1602,1,
1,112,1652,1,
1,112,1702,1,
1,112,1752,1,
1,112,1802,1,
1,112,1852,1,
1,112,1902,1,
1,112,1952,1,
1,112,2002,1,
1,112,2052,1,
1,112,2102,1,
1,112,2152,1,
1,112,2202,1,
1,112,2252,1,
1,112,2302,1,
1,112,2352,1,
1,112,2402,1,
1,112,2452,1,
1,112,2502,1,
1,112,2552,1,
1,112,2602,1,
1,112,2652,1,
1,112,2702,1,
1,112,2752,1,
1,112,2802,1,
1,112,2852,1,
1,112,2902,1,
1,112,2952,1,
1,112,3002,1,
1,112,3052,1,
1,112,3102,1,
1,112,3152,1,
1,112,3202,1,
1,112,3252,1,
1,112,3302,1,
1,112,3352,1,
1,112,3402,1,
1,112,3452,1,
1,112,3502,1,
1,112,3552,1,
1,112,3602,1,
1,112,3652,1,
1,112,3702,1,
1,112,3752,1,
1,112,3802,1,
1,112,3852,1,
1,112,3902,1,
1,112,3952,1,
1,112,4002,1,
1,112,4052,1,
1,112,4102,1,
1,112,4152,1,
1,112,4202,1,
1,112,4252,1,
1,112,4302,1,
1,112,4352,1,
1,112,4402,1,
1,112,4452,1,
1,112,4502,1,
1,112,4552,1,
1,112,4602,1,
1,112,4652,1,
1,112,4702,1,
1,112,4752,1,
1,112,4802,1,
1,112,4852,1,
1,112,4902,1,
1,112,4952,1,
1,117,2,1,
1,117,52,1,
1,117,102,1,
1,117,152,1,
1,117,202,1,
1,117,252,1,
1,117,302,1,
1,117,352,1,
1,117,402,1,
1,117,452,1,
1,117,502,1,
1,117,552,1,
1,117,602,1,
1,117,652,1,
1,117,702,1,
1,117,752,1,
1,117,802,1,
1,117,852,1,
1,117,902,1,
1,117,952,1,
1,117,1002,1,
1,117,1052,1,
1,117,1102,1,
1,117,1152,1,
1,117,1202,1,
1,117,1252,1,
1,117,1302,1,
1,117,1352,1,
1,117,1402,1,
1,117,1452,1,
1,117,1502,1,
1,117,1552,1,
1,117,1602,1,
1,117,1652,1,
1,117,1702,1,
1,117,1752,1,
1,117,1802,1,
1,117,1852,1,
1,117,1902,1,
1,117,1952,1,
1,117,2002,1,
1,117,2052,1,
1,117,2102,1,
1,117,2152,1,
1,117,2202,1,
1,117,2252,1,
1,117,2302,1,
1,117,2352,1,
1,117,2402,1,
1,117,2452,1,
1,117,2502,1,
1,117,2552,1,
1,117,2602,1,
1,117,2652,1,
1,117,2702,1,
1,117,2752,1,
1,117,2802,1,
1,117,2852,1,
1,117,2902,1,
1,117,2952,1,
1,117,3002,1,
1,117,3052,1,
1,117,3102,1,
1,117,3152,1,
1,117,3202,1,
1,117,3252,1,
1,117,3302,1,
1,117,3352,1,
1,117,3402,1,
1,117,3452,1,
1,117,3502,1,
1,117,3552,1,
1,117,3602,1,
1,117,3652,1,
1,117,3702,1,
1,117,3752,1,
1,117,3802,1,
1,117,3852,1,
1,117,3902,1,
1,117,3952,1,
1,117,4002,1,
1,117,4052,1,
1,117,4102,1,
1,117,4152,1,
1,117,4202,1,
1,117,4252,1,
1,117,4302,1,
1,117,4352,1,
1,117,4402,1,
1,117,4452,1,
1,117,4502,1,
1,117,4552,1,
1,117,4602,1,
1,117,4652,1,
1,117,4702,1,
1,117,4752,1,
1,117,4802,1,
1,117,4852,1,
1,117,4902,1,
1,117,4952,1,
1,122,2,1,
1,122,52,1,
1,122,102,1,
1,122,152,1,
1,122,202,1,
1,122,252,1,
1,122,302,1,
1,122,352,1,
1,122,402,1,
1,122,452,1,
1,122,502,1,
1,122,552,1,
1,122,602,1,
1,122,652,1,
1,122,702,1,
1,122,752,1,
1,122,802,1,
1,122,852,1,
1,122,902,1,
1,122,952,1,
1,122,1002,1,
1,122,1052,1,
1,122,1102,1,
1,122,1152,1,
1,122,1202,1,
1,122,1252,1,
1,122,1302,1,
1,122,1352,1,
1,122,1402,1,
1,122,1452,1,
1,122,1502,1,
1,122,1552,1,
1,122,1602,1,
1,122,1652,1,
1,122,1702,1,
1,122,1752,1,
1,122,1802,1,
1,122,1852,1,
1,122,1902,1,
1,122,1952,1,
1,122,2002,1,
1,122,2052,1,
1,122,2102,1,
1,122,2152,1,
1,122,2202,1,
1,122,2252,1,
1,122,2302,1,
1,122,2352,1,
1,122,2402,1,
1,122,2452,1,
1,122,2502,1,
1,122,2552,1,
1,122,2602,1,
1,122,2652,1,
1,122,2702,1,
1,122,2752,1,
1,122,2802,1,
1,122,2852,1,
1,122,2902,1,
1,122,2952,1,
1,122,3002,1,
1,122,3052,1,
1,122,3102,1,
1,122,3152,1,
1,122,3202,1,
1,122,3252,1,
1,122,3302,1,
1,122,3352,1,
1,122,3402,1,
1,122,3452,1,
1,122,3502,1,
1,122,3552,1,
1,122,3602,1,
1,122,3652,1,
1,122,3702,1,
1,122,3752,1,
1,122,3802,1,
1,122,3852,1,
1,122,3902,1,
1,122,3952,1,
1,122,4002,1,
1,122,4052,1,
1,122,4102,1,
1,122,4152,1,
1,122,4202,1,
1,122,4252,1,
1,122,4302,1,
1,122,4352,1,
1,122,4402,1,
1,122,4452,1,
1,122,4502,1,
1,122,4552,1,
1,122,4602,1,
1,122,4652,1,
1,122,4702,1,
1,122,4752,1,
1,122,4802,1,
1,122,4852,1,
1,122,4902,1,
1,122,4952,1,
1,127,2,1,
1,127,52,1,
1,127,102,1,
1,127,152,1,
1,127,202,1,
1,127,252,1,
1,127,302,1,
1,127,352,1,
1,127,402,1,
1,127,452,1,
1,127,502,1,
1,127,552,1,
1,127,602,1,
1,127,652,1,
1,127,702,1,
1,127,752,1,
1,127,802,1,
1,127,852,1,
1,127,902,1,
1,127,952,1,
1,127,1002,1,
1,127,1052,1,
1,127,1102,1,
1,127,1152,1,
1,127,1202,1,
1,127,1252,1,
1,127,1302,1,
1,127,1352,1,
1,127,1402,1,
1,127,1452,1,
1,127,1502,1,
1,127,1552,1,
1,127,1602,1,
1,127,1652,1,
1,127,1702,1,
1,127,1752,1,
1,127,1802,1,
1,127,1852,1,
1,127,1902,1,
1,127,1952,1,
1,127,2002,1,
1,127,2052,1,
1,127,2102,1,
1,127,2152,1,
1,127,2202,1,
1,127,2252,1,
1,127,2302,1,
1,127,2352,1,
1,127,2402,1,
1,127,2452,1,
1,127,2502,1,
1,127,2552,1,
1,127,2602,1,
1,127,2652,1,
1,127,2702,1,
1,127,2752,1,
1,127,2802,1,
1,127,2852,1,
1,127,2902,1,
1,127,2952,1,
1,127,3002,1,
1,127,3052,1,
1,127,3102,1,
1,127,3152,1,
1,127,3202,1,
1,127,3252,1,
1,127,3302,1,
1,127,3352,1,
1,127,3402,1,
1,127,3452,1,
1,127,3502,1,
1,127,3552,1,
1,127,3602,1,
1,127,3652,1,
1,127,3702,1,
1,127,3752,1,
1,127,3802,1,
1,127,3852,1,
1,127,3902,1,
1,127,3952,1,
1,127,4002,1,
1,127,4052,1,
1,127,4102,1,
1,127,4152,1,
1,127,4202,1,
1,127,4252,1,
1,127,4302,1,
1,127,4352,1,
1,127,4402,1,
1,127,4452,1,
1,127,4502,1,
1,127,4552,1,
1,127,4602,1,
1,127,4652,1,
1,127,4702,1,
1,127,4752,1,
1,127,4802,1,
1,127,4852,1,
1,127,4902,1,
1,127,4952,1,
1,132,2,1,
1,132,52,1,
1,132,102,1,
1,132,152,1,
1,132,202,1,
1,132,252,1,
1,132,302,1,
1,132,352,1,
1,132,402,1,
1,132,452,1,
1,132,502,1,
1,132,552,1,
1,132,602,1,
1,132,652,1,
1,132,702,1,
1,132,752,1,
1,132,802,1,
1,132,852,1,
1,132,902,1,
1,132,952,1,
1,132,1002,1,
1,132,1052,1,
1,132,1102,1,
1,132,1152,1,
1,132,1202,1,
1,132,1252,1,
1,132,1302,1,
1,132,1352,1,
1,132,1402,1,
1,132,1452,1,
1,132,1502,1,
1,132,1552,1,
1,132,1602,1,
1,132,1652,1,
1,132,1702,1,
1,132,1752,1,
1,132,1802,1,
1,132,1852,1,
1,132,1902,1,
1,132,1952,1,
1,132,2002,1,
1,132,2052,1,
1,132,2102,1,
1,132,2152,1,
1,132,2202,1,
1,132,2252,1,
1,132,2302,1,
1,132,2352,1,
1,132,2402,1,
1,132,2452,1,
1,132,2502,1,
1,132,2552,1,
1,132,2602,1,
1,132,2652,1,
1,132,2702,1,
1,132,2752,1,
1,132,2802,1,
1,132,2852,1,
1,132,2902,1,
1,132,2952,1,
1,132,3002,1,
1,132,3052,1,
1,132,3102,1,
1,132,3152,1,
1,132,3202,1,
1,132,3252,1,
1,132,3302,1,
1,132,3352,1,
1,132,3402,1,
1,132,3452,1,
1,132,3502,1,
1,132,3552,1,
1,132,3602,1,
1,132,3652,1,
1,132,3702,1,
1,132,3752,1,
1,132,3802,1,
1,132,3852,1,
1,132,3902,1,
1,132,3952,1,
1,132,4002,1,
1,132,4052,1,
1,132,4102,1,
1,132,4152,1,
1,132,4202,1,
1,132,4252,1,
1,132,4302,1,
1,132,4352,1,
1,132,4402,1,
1,132,4452,1,
1,132,4502,1,
1,132,4552,1,
1,132,4602,1,
1,132,4652,1,
1,132,4702,1,
1,132,4752,1,
1,132,4802,1,
1,132,4852,1,
1,132,4902,1,
1,132,4952,1,
1,137,2,1,
1,137,52,1,
1,137,102,1,
1,137,152,1,
1,137,202,1,
1,137,252,1,
1,137,302,1,
1,137,352,1,
1,137,402,1,
1,137,452,1,
1,137,502,1,
1,137,552,1,
1,137,602,1,
1,137,652,1,
1,137,702,1,
1,137,752,1,
1,137,802,1,
1,137,852,1,
1,137,902,1,
1,137,952,1,
1,137,1002,1,
1,137,1052,1,
1,137,1102,1,
1,137,1152,1,
1,137,1202,1,
1,137,1252,1,
1,137,1302,1,
1,137,1352,1,
1,137,1402,1,
1,137,1452,1,
1,137,1502,1,
1,137,1552,1,
1,137,1602,1,
1,137,1652,1,
1,137,1702,1,
1,137,1752,1,
1,137,1802,1,
1,137,1852,1,
1,137,1902,1,
1,137,1952,1,
1,137,2002,1,
1,137,2052,1,
1,137,2102,1,
1,137,2152,1,
1,137,2202,1,
1,137,2252,1,
1,137,2302,1,
1,137,2352,1,
1,137,2402,1,
1,137,2452,1,
1,137,2502,1,
1,137,2552,1,
1,137,2602,1,
1,137,2652,1,
1,137,2702,1,
1,137,2752,1,
1,137,2802,1,
1,137,2852,1,
1,137,2902,1,
1,137,2952,1,
1,137,3002,1,
1,137,3052,1,
1,137,3102,1,
1,137,3152,1,
1,137,3202,1,
1,137,3252,1,
1,137,3302,1,
1,137,3352,1,
1,137,3402,1,
1,137,3452,1,
1,137,3502,1,
1,137,3552,1,
1,137,3602,1,
1,137,3652,1,
1,137,3702,1,
1,137,3752,1,
1,137,3802,1,
1,137,3852,1,
1,137,3902,1,
1,137,3952,1,
1,137,4002,1,
1,137,4052,1,
1,137,4102,1,
1,137,4152,1,
1,137,4202,1,
1,137,4252,1,
1,137,4302,1,
1,137,4352,1,
1,137,4402,1,
1,137,4452,1,
1,137,4502,1,
1,137,4552,1,
1,137,4602,1,
1,137,4652,1,
1,137,4702,1,
1,137,4752,1,
1,137,4802,1,
1,137,4852,1,
1,137,4902,1,
1,137,4952,1,
1,142,2,1,
1,142,52,1,
1,142,102,1,
1,142,152,1,
1,142,202,1,
1,142,252,1,
1,142,302,1,
1,142,352,1,
1,142,402,1,
1,142,452,1,
1,142,502,1,
1,142,552,1,
1,142,602,1,
1,142,652,1,
1,142,702,1,
1,142,752,1,
1,142,802,1,
1,142,852,1,
1,142,902,1,
1,142,952,1,
1,142,1002,1,
1,142,1052,1,
1,142,1102,1,
1,142,1152,1,
1,142,1202,1,
1,142,1252,1,
1,142,1302,1,
1,142,1352,1,
1,142,1402,1,
1,142,1452,1,
1,142,1502,1,
1,142,1552,1,
1,142,1602,1,
1,142,1652,1,
1,142,1702,1,
1,142,1752,1,
1,142,1802,1,
1,142,1852,1,
1,142,1902,1,
1,142,1952,1,
1,142,2002,1,
1,142,2052,1,
1,142,2102,1,
1,142,2152,1,
1,142,2202,1,
1,142,2252,1,
1,142,2302,1,
1,142,2352,1,
1,142,2402,1,
1,142,2452,1,
1,142,2502,1,
1,142,2552,1,
1,142,2602,1,
1,142,2652,1,
1,142,2702,1,
1,142,2752,1,
1,142,2802,1,
1,142,2852,1,
1,142,2902,1,
1,142,2952,1,
1,142,3002,1,
1,142,3052,1,
1,142,3102,1,
1,142,3152,1,
1,142,3202,1,
1,142,3252,1,
1,142,3302,1,
1,142,3352,1,
1,142,3402,1,
1,142,3452,1,
1,142,3502,1,
1,142,3552,1,
1,142,3602,1,
1,142,3652,1,
1,142,3702,1,
1,142,3752,1,
1,142,3802,1,
1,142,3852,1,
1,142,3902,1,
1,142,3952,1,
1,142,4002,1,
1,142,4052,1,
1,142,4102,1,
1,142,4152,1,
1,142,4202,1,
1,142,4252,1,
1,142,4302,1,
1,142,4352,1,
1,142,4402,1,
1,142,4452,1,
1,142,4502,1,
1,142,4552,1,
1,142,4602,1,
1,142,4652,1,
1,142,4702,1,
1,142,4752,1,
1,142,4802,1,
1,142,4852,1,
1,142,4902,1,
1,142,4952,1,
1,147,2,1,
1,147,52,1,
1,147,102,1,
1,147,152,1,
1,147,202,1,
1,147,252,1,
1,147,302,1,
1,147,352,1,
1,147,402,1,
1,147,452,1,
1,147,502,1,
1,147,552,1,
1,147,602,1,
1,147,652,1,
1,147,702,1,
1,147,752,1,
1,147,802,1,
1,147,852,1,
1,147,902,1,
1,147,952,1,
1,147,1002,1,
1,147,1052,1,
1,147,1102,1,
1,147,1152,1,
1,147,1202,1,
1,147,1252,1,
1,147,1302,1,
1,147,1352,1,
1,147,1402,1,
1,147,1452,1,
1,147,1502,1,
1,147,1552,1,
1,147,1602,1,
1,147,1652,1,
1,147,1702,1,
1,147,1752,1,
1,147,1802,1,
1,147,1852,1,
1,147,1902,1,
1,147,1952,1,
1,147,2002,1,
1,147,2052,1,
1,147,2102,1,
1,147,2152,1,
1,147,2202,1,
1,147,2252,1,
1,147,2302,1,
1,147,2352,1,
1,147,2402,1,
1,147,2452,1,
1,147,2502,1,
1,147,2552,1,
1,147,2602,1,
1,147,2652,1,
1,147,2702,1,
1,147,2752,1,
1,147,2802,1,
1,147,2852,1,
1,147,2902,1,
1,147,2952,1,
1,147,3002,1,
1,147,3052,1,
1,147,3102,1,
1,147,3152,1,
1,147,3202,1,
1,147,3252,1,
1,147,3302,1,
1,147,3352,1,
1,147,3402,1,
1,147,3452,1,
1,147,3502,1,
1,147,3552,1,
1,147,3602,1,
1,147,3652,1,
1,147,3702,1,
1,147,3752,1,
1,147,3802,1,
1,147,3852,1,
1,147,3902,1,
1,147,3952,1,
1,147,4002,1,
1,147,4052,1,
1,147,4102,1,
1,147,4152,1,
1,147,4202,1,
1,147,4252,1,
1,147,4302,1,
1,147,4352,1,
1,147,4402,1,
1,147,4452,1,
1,147,4502,1,
1,147,4552,1,
1,147,4602,1,
1,147,4652,1,
1,147,4702,1,
1,147,4752,1,
1,147,4802,1,
1,147,4852,1,
1,147,4902,1,
1,147,4952,1,
1,152,2,1,
1,152,52,1,
1,152,102,1,
1,152,152,1,
1,152,202,1,
1,152,252,1,
1,152,302,1,
1,152,352,1,
1,152,402,1,
1,152,452,1,
1,152,502,1,
1,152,552,1,
1,152,602,1,
1,152,652,1,
1,152,702,1,
1,152,752,1,
1,152,802,1,
1,152,852,1,
1,152,902,1,
1,152,952,1,
1,152,1002,1,
1,152,1052,1,
1,152,1102,1,
1,152,1152,1,
1,152,1202,1,
1,152,1252,1,
1,152,1302,1,
1,152,1352,1,
1,152,1402,1,
1,152,1452,1,
1,152,1502,1,
1,152,1552,1,
1,152,1602,1,
1,152,1652,1,
1,152,1702,1,
1,152,1752,1,
1,152,1802,1,
1,152,1852,1,
1,152,1902,1,
1,152,1952,1,
1,152,2002,1,
1,152,2052,1,
1,152,2102,1,
1,152,2152,1,
1,152,2202,1,
1,152,2252,1,
1,152,2302,1,
1,152,2352,1,
1,152,2402,1,
1,152,2452,1,
1,152,2502,1,
1,152,2552,1,
1,152,2602,1,
1,152,2652,1,
1,152,2702,1,
1,152,2752,1,
1,152,2802,1,
1,152,2852,1,
1,152,2902,1,
1,152,2952,1,
1,152,3002,1,
1,152,3052,1,
1,152,3102,1,
1,152,3152,1,
1,152,3202,1,
1,152,3252,1,
1,152,3302,1,
1,152,3352,1,
1,152,3402,1,
1,152,3452,1,
1,152,3502,1,
1,152,3552,1,
1,152,3602,1,
1,152,3652,1,
1,152,3702,1,
1,152,3752,1,
1,152,3802,1,
1,152,3852,1,
1,152,3902,1,
1,152,3952,1,
1,152,4002,1,
1,152,4052,1,
1,152,4102,1,
1,152,4152,1,
1,152,4202,1,
1,152,4252,1,
1,152,4302,1,
1,152,4352,1,
1,152,4402,1,
1,152,4452,1,
1,152,4502,1,
1,152,4552,1,
1,152,4602,1,
1,152,4652,1,
1,152,4702,1,
1,152,4752,1,
1,152,4802,1,
1,152,4852,1,
1,152,4902,1,
1,152,4952,1,
1,157,2,1,
1,157,52,1,
1,157,102,1,
1,157,152,1,
1,157,202,1,
1,157,252,1,
1,157,302,1,
1,157,352,1,
1,157,402,1,
1,157,452,1,
1,157,502,1,
1,157,552,1,
1,157,602,1,
1,157,652,1,
1,157,702,1,
1,157,752,1,
1,157,802,1,
1,157,852,1,
1,157,902,1,
1,157,952,1,
1,157,1002,1,
1,157,1052,1,
1,157,1102,1,
1,157,1152,1,
1,157,1202,1,
1,157,1252,1,
1,157,1302,1,
1,157,1352,1,
1,157,1402,1,
1,157,1452,1,
1,157,1502,1,
1,157,1552,1,
1,157,1602,1,
1,157,1652,1,
1,157,1702,1,
1,157,1752,1,
1,157,1802,1,
1,157,1852,1,
1,157,1902,1,
1,157,1952,1,
1,157,2002,1,
1,157,2052,1,
1,157,2102,1,
1,157,2152,1,
1,157,2202,1,
1,157,2252,1,
1,157,2302,1,
1,157,2352,1,
1,157,2402,1,
1,157,2452,1,
1,157,2502,1,
1,157,2552,1,
1,157,2602,1,
1,157,2652,1,
1,157,2702,1,
1,157,2752,1,
1,157,2802,1,
1,157,2852,1,
1,157,2902,1,
1,157,2952,1,
1,157,3002,1,
1,157,3052,1,
1,157,3102,1,
1,157,3152,1,
1,157,3202,1,
1,157,3252,1,
1,157,3302,1,
1,157,3352,1,
1,157,3402,1,
1,157,3452,1,
1,157,3502,1,
1,157,3552,1,
1,157,3602,1,
1,157,3652,1,
1,157,3702,1,
1,157,3752,1,
1,157,3802,1,
1,157,3852,1,
1,157,3902,1,
1,157,3952,1,
1,157,4002,1,
1,157,4052,1,
1,157,4102,1,
1,157,4152,1,
1,157,4202,1,
1,157,4252,1,
1,157,4302,1,
1,157,4352,1,
1,157,4402,1,
1,157,4452,1,
1,157,4502,1,
1,157,4552,1,
1,157,4602,1,
1,157,4652,1,
1,157,4702,1,
1,157,4752,1,
1,157,4802,1,
1,157,4852,1,
1,157,4902,1,
1,157,4952,1,
1,162,2,1,
1,162,52,1,
1,162,102,1,
1,162,152,1,
1,162,202,1,
1,162,252,1,
1,162,302,1,
1,162,352,1,
1,162,402,1,
1,162,452,1,
1,162,502,1,
1,162,552,1,
1,162,602,1,
1,162,652,1,
1,162,702,1,
1,162,752,1,
1,162,802,1,
1,162,852,1,
1,162,902,1,
1,162,952,1,
1,162,1002,1,
1,162,1052,1,
1,162,1102,1,
1,162,1152,1,
1,162,1202,1,
1,162,1252,1,
1,162,1302,1,
1,162,1352,1,
1,162,1402,1,
1,162,1452,1,
1,162,1502,1,
1,162,1552,1,
1,162,1602,1,
1,162,1652,1,
1,162,1702,1,
1,162,1752,1,
1,162,1802,1,
1,162,1852,1,
1,162,1902,1,
1,162,1952,1,
1,162,2002,1,
1,162,2052,1,
1,162,2102,1,
1,162,2152,1,
1,162,2202,1,
1,162,2252,1,
1,162,2302,1,
1,162,2352,1,
1,162,2402,1,
1,162,2452,1,
1,162,2502,1,
1,162,2552,1,
1,162,2602,1,
1,162,2652,1,
1,162,2702,1,
1,162,2752,1,
1,162,2802,1,
1,162,2852,1,
1,162,2902,1,
1,162,2952,1,
1,162,3002,1,
1,162,3052,1,
1,162,3102,1,
1,162,3152,1,
1,162,3202,1,
1,162,3252,1,
1,162,3302,1,
1,162,3352,1,
1,162,3402,1,
1,162,3452,1,
1,162,3502,1,
1,162,3552,1,
1,162,3602,1,
1,162,3652,1,
1,162,3702,1,
1,162,3752,1,
1,162,3802,1,
1,162,3852,1,
1,162,3902,1,
1,162,3952,1,
1,162,4002,1,
1,162,4052,1,
1,162,4102,1,
1,162,4152,1,
1,162,4202,1,
1,162,4252,1,
1,162,4302,1,
1,162,4352,1,
1,162,4402,1,
1,162,4452,1,
1,162,4502,1,
1,162,4552,1,
1,162,4602,1,
1,162,4652,1,
1,162,4702,1,
1,162,4752,1,
1,162,4802,1,
1,162,4852,1,
1,162,4902,1,
1,162,4952,1,
1,167,2,1,
1,167,52,1,
1,167,102,1,
1,167,152,1,
1,167,202,1,
1,167,252,1,
1,167,302,1,
1,167,352,1,
1,167,402,1,
1,167,452,1,
1,167,502,1,
1,167,552,1,
1,167,602,1,
1,167,652,1,
1,167,702,1,
1,167,752,1,
1,167,802,1,
1,167,852,1,
1,167,902,1,
1,167,952,1,
1,167,1002,1,
1,167,1052,1,
1,167,1102,1,
1,167,1152,1,
1,167,1202,1,
1,167,1252,1,
1,167,1302,1,
1,167,1352,1,
1,167,1402,1,
1,167,1452,1,
1,167,1502,1,
1,167,1552,1,
1,167,1602,1,
1,167,1652,1,
1,167,1702,1,
1,167,1752,1,
1,167,1802,1,
1,167,1852,1,
1,167,1902,1,
1,167,1952,1,
1,167,2002,1,
1,167,2052,1,
1,167,2102,1,
1,167,2152,1,
1,167,2202,1,
1,167,2252,1,
1,167,2302,1,
1,167,2352,1,
1,167,2402,1,
1,167,2452,1,
1,167,2502,1,
1,167,2552,1,
1,167,2602,1,
1,167,2652,1,
1,167,2702,1,
1,167,2752,1,
1,167,2802,1,
1,167,2852,1,
1,167,2902,1,
1,167,2952,1,
1,167,3002,1,
1,167,3052,1,
1,167,3102,1,
1,167,3152,1,
1,167,3202,1,
1,167,3252,1,
1,167,3302,1,
1,167,3352,1,
1,167,3402,1,
1,167,3452,1,
1,167,3502,1,
1,167,3552,1,
1,167,3602,1,
1,167,3652,1,
1,167,3702,1,
1,167,3752,1,
1,167,3802,1,
1,167,3852,1,
1,167,3902,1,
1,167,3952,1,
1,167,4002,1,
1,167,4052,1,
1,167,4102,1,
1,167,4152,1,
1,167,4202,1,
1,167,4252,1,
1,167,4302,1,
1,167,4352,1,
1,167,4402,1,
1,167,4452,1,
1,167,4502,1,
1,167,4552,1,
1,167,4602,1,
1,167,4652,1,
1,167,4702,1,
1,167,4752,1,
1,167,4802,1,
1,167,4852,1,
1,167,4902,1,
1,167,4952,1,
1,172,2,1,
1,172,52,1,
1,172,102,1,
1,172,152,1,
1,172,202,1,
1,172,252,1,
1,172,302,1,
1,172,352,1,
1,172,402,1,
1,172,452,1,
1,172,502,1,
1,172,552,1,
1,172,602,1,
1,172,652,1,
1,172,702,1,
1,172,752,1,
1,172,802,1,
1,172,852,1,
1,172,902,1,
1,172,952,1,
1,172,1002,1,
1,172,1052,1,
1,172,1102,1,
1,172,1152,1,
1,172,1202,1,
1,172,1252,1,
1,172,1302,1,
1,172,1352,1,
1,172,1402,1,
1,172,1452,1,
1,172,1502,1,
1,172,1552,1,
1,172,1602,1,
1,172,1652,1,
1,172,1702,1,
1,172,1752,1,
1,172,1802,1,
1,172,1852,1,
1,172,1902,1,
1,172,1952,1,
1,172,2002,1,
1,172,2052,1,
1,172,2102,1,
1,172,2152,1,
1,172,2202,1,
1,172,2252,1,
1,172,2302,1,
1,172,2352,1,
1,172,2402,1,
1,172,2452,1,
1,172,2502,1,
1,172,2552,1,
1,172,2602,1,
1,172,2652,1,
1,172,2702,1,
1,172,2752,1,
1,172,2802,1,
1,172,2852,1,
1,172,2902,1,
1,172,2952,1,
1,172,3002,1,
1,172,3052,1,
1,172,3102,1,
1,172,3152,1,
1,172,3202,1,
1,172,3252,1,
1,172,3302,1,
1,172,3352,1,
1,172,3402,1,
1,172,3452,1,
1,172,3502,1,
1,172,3552,1,
1,172,3602,1,
1,172,3652,1,
1,172,3702,1,
1,172,3752,1,
1,172,3802,1,
1,172,3852,1,
1,172,3902,1,
1,172,3952,1,
1,172,4002,1,
1,172,4052,1,
1,172,4102,1,
1,172,4152,1,
1,172,4202,1,
1,172,4252,1,
1,172,4302,1,
1,172,4352,1,
1,172,4402,1,
1,172,4452,1,
1,172,4502,1,
1,172,4552,1,
1,172,4602,1,
1,172,4652,1,
1,172,4702,1,
1,172,4752,1,
1,172,4802,1,
1,172,4852,1,
1,172,4902,1,
1,172,4952,1,
1,177,2,1,
1,177,52,1,
1,177,102,1,
1,177,152,1,
1,177,202,1,
1,177,252,1,
1,177,302,1,
1,177,352,1,
1,177,402,1,
1,177,452,1,
1,177,502,1,
1,177,552,1,
1,177,602,1,
1,177,652,1,
1,177,702,1,
1,177,752,1,
1,177,802,1,
1,177,852,1,
1,177,902,1,
1,177,952,1,
1,177,1002,1,
1,177,1052,1,
1,177,1102,1,
1,177,1152,1,
1,177,1202,1,
1,177,1252,1,
1,177,1302,1,
1,177,1352,1,
1,177,1402,1,
1,177,1452,1,
1,177,1502,1,
1,177,1552,1,
1,177,1602,1,
1,177,1652,1,
1,177,1702,1,
1,177,1752,1,
1,177,1802,1,
1,177,1852,1,
1,177,1902,1,
1,177,1952,1,
1,177,2002,1,
1,177,2052,1,
1,177,2102,1,
1,177,2152,1,
1,177,2202,1,
1,177,2252,1,
1,177,2302,1,
1,177,2352,1,
1,177,2402,1,
1,177,2452,1,
1,177,2502,1,
1,177,2552,1,
1,177,2602,1,
1,177,2652,1,
1,177,2702,1,
1,177,2752,1,
1,177,2802,1,
1,177,2852,1,
1,177,2902,1,
1,177,2952,1,
1,177,3002,1,
1,177,3052,1,
1,177,3102,1,
1,177,3152,1,
1,177,3202,1,
1,177,3252,1,
1,177,3302,1,
1,177,3352,1,
1,177,3402,1,
1,177,3452,1,
1,177,3502,1,
1,177,3552,1,
1,177,3602,1,
1,177,3652,1,
1,177,3702,1,
1,177,3752,1,
1,177,3802,1,
1,177,3852,1,
1,177,3902,1,
1,177,3952,1,
1,177,4002,1,
1,177,4052,1,
1,177,4102,1,
1,177,4152,1,
1,177,4202,1,
1,177,4252,1,
1,177,4302,1,
1,177,4352,1,
1,177,4402,1,
1,177,4452,1,
1,177,4502,1,
1,177,4552,1,
1,177,4602,1,
1,177,4652,1,
1,177,4702,1,
1,177,4752,1,
1,177,4802,1,
1,177,4852,1,
1,177,4902,1,
1,177,4952,1,
1,182,2,1,
1,182,52,1,
1,182,102,1,
1,182,152,1,
1,182,202,1,
1,182,252,1,
1,182,302,1,
1,182,352,1,
1,182,402,1,
1,182,452,1,
1,182,502,1,
1,182,552,1,
1,182,602,1,
1,182,652,1,
1,182,702,1,
1,182,752,1,
1,182,802,1,
1,182,852,1,
1,182,902,1,
1,182,952,1,
1,182,1002,1,
1,182,1052,1,
1,182,1102,1,
1,182,1152,1,
1,182,1202,1,
1,182,1252,1,
1,182,1302,1,
1,182,1352,1,
1,182,1402,1,
1,182,1452,1,
1,182,1502,1,
1,182,1552,1,
1,182,1602,1,
1,182,1652,1,
1,182,1702,1,
1,182,1752,1,
1,182,1802,1,
1,182,1852,1,
1,182,1902,1,
1,182,1952,1,
1,182,2002,1,
1,182,2052,1,
1,182,2102,1,
1,182,2152,1,
1,182,2202,1,
1,182,2252,1,
1,182,2302,1,
1,182,2352,1,
1,182,2402,1,
1,182,2452,1,
1,182,2502,1,
1,182,2552,1,
1,182,2602,1,
1,182,2652,1,
1,182,2702,1,
1,182,2752,1,
1,182,2802,1,
1,182,2852,1,
1,182,2902,1,
1,182,2952,1,
1,182,3002,1,
1,182,3052,1,
1,182,3102,1,
1,182,3152,1,
1,182,3202,1,
1,182,3252,1,
1,182,3302,1,
1,182,3352,1,
1,182,3402,1,
1,182,3452,1,
1,182,3502,1,
1,182,3552,1,
1,182,3602,1,
1,182,3652,1,
1,182,3702,1,
1,182,3752,1,
1,182,3802,1,
1,182,3852,1,
1,182,3902,1,
1,182,3952,1,
1,182,4002,1,
1,182,4052,1,
1,182,4102,1,
1,182,4152,1,
1,182,4202,1,
1,182,4252,1,
1,182,4302,1,
1,182,4352,1,
1,182,4402,1,
1,182,4452,1,
1,182,4502,1,
1,182,4552,1,
1,182,4602,1,
1,182,4652,1,
1,182,4702,1,
1,182,4752,1,
1,182,4802,1,
1,182,4852,1,
1,182,4902,1,
1,182,4952,1,
1,187,2,1,
1,187,52,1,
1,187,102,1,
1,187,152,1,
1,187,202,1,
1,187,252,1,
1,187,302,1,
1,187,352,1,
1,187,402,1,
1,187,452,1,
1,187,502,1,
1,187,552,1,
1,187,602,1,
1,187,652,1,
1,187,702,1,
1,187,752,1,
1,187,802,1,
1,187,852,1,
1,187,902,1,
1,187,952,1,
1,187,1002,1,
1,187,1052,1,
1,187,1102,1,
1,187,1152,1,
1,187,1202,1,
1,187,1252,1,
1,187,1302,1,
1,187,1352,1,
1,187,1402,1,
1,187,1452,1,
1,187,1502,1,
1,187,1552,1,
1,187,1602,1,
1,187,1652,1,
1,187,1702,1,
1,187,1752,1,
1,187,1802,1,
1,187,1852,1,
1,187,1902,1,
1,187,1952,1,
1,187,2002,1,
1,187,2052,1,
1,187,2102,1,
1,187,2152,1,
1,187,2202,1,
1,187,2252,1,
1,187,2302,1,
1,187,2352,1,
1,187,2402,1,
1,187,2452,1,
1,187,2502,1,
1,187,2552,1,
1,187,2602,1,
1,187,2652,1,
1,187,2702,1,
1,187,2752,1,
1,187,2802,1,
1,187,2852,1,
1,187,2902,1,
1,187,2952,1,
1,187,3002,1,
1,187,3052,1,
1,187,3102,1,
1,187,3152,1,
1,187,3202,1,
1,187,3252,1,
1,187,3302,1,
1,187,3352,1,
1,187,3402,1,
1,187,3452,1,
1,187,3502,1,
1,187,3552,1,
1,187,3602,1,
1,187,3652,1,
1,187,3702,1,
1,187,3752,1,
1,187,3802,1,
1,187,3852,1,
1,187,3902,1,
1,187,3952,1,
1,187,4002,1,
1,187,4052,1,
1,187,4102,1,
1,187,4152,1,
1,187,4202,1,
1,187,4252,1,
1,187,4302,1,
1,187,4352,1,
1,187,4402,1,
1,187,4452,1,
1,187,4502,1,
1,187,4552,1,
1,187,4602,1,
1,187,4652,1,
1,187,4702,1,
1,187,4752,1,
1,187,4802,1,
1,187,4852,1,
1,187,4902,1,
1,187,4952,1,
1,192,2,1,
1,192,52,1,
1,192,102,1,
1,192,152,1,
1,192,202,1,
1,192,252,1,
1,192,302,1,
1,192,352,1,
1,192,402,1,
1,192,452,1,
1,192,502,1,
1,192,552,1,
1,192,602,1,
1,192,652,1,
1,192,702,1,
1,192,752,1,
1,192,802,1,
1,192,852,1,
1,192,902,1,
1,192,952,1,
1,192,1002,1,
1,192,1052,1,
1,192,1102,1,
1,192,1152,1,
1,192,1202,1,
1,192,1252,1,
1,192,1302,1,
1,192,1352,1,
1,192,1402,1,
1,192,1452,1,
1,192,1502,1,
1,192,1552,1,
1,192,1602,1,
1,192,1652,1,
1,192,1702,1,
1,192,1752,1,
1,192,1802,1,
1,192,1852,1,
1,192,1902,1,
1,192,1952,1,
1,192,2002,1,
1,192,2052,1,
1,192,2102,1,
1,192,2152,1,
1,192,2202,1,
1,192,2252,1,
1,192,2302,1,
1,192,2352,1,
1,192,2402,1,
1,192,2452,1,
1,192,2502,1,
1,192,2552,1,
1,192,2602,1,
1,192,2652,1,
1,192,2702,1,
1,192,2752,1,
1,192,2802,1,
1,192,2852,1,
1,192,2902,1,
1,192,2952,1,
1,192,3002,1,
1,192,3052,1,
1,192,3102,1,
1,192,3152,1,
1,192,3202,1,
1,192,3252,1,
1,192,3302,1,
1,192,3352,1,
1,192,3402,1,
1,192,3452,1,
1,192,3502,1,
1,192,3552,1,
1,192,3602,1,
1,192,3652,1,
1,192,3702,1,
1,192,3752,1,
1,192,3802,1,
1,192,3852,1,
1,192,3902,1,
1,192,3952,1,
1,192,4002,1,
1,192,4052,1,
1,192,4102,1,
1,192,4152,1,
1,192,4202,1,
1,192,4252,1,
1,192,4302,1,
1,192,4352,1,
1,192,4402,1,
1,192,4452,1,
1,192,4502,1,
1,192,4552,1,
1,192,4602,1,
1,192,4652,1,
1,192,4702,1,
1,192,4752,1,
1,192,4802,1,
1,192,4852,1,
1,192,4902,1,
1,192,4952,1,
1,197,2,1,
1,197,52,1,
1,197,102,1,
1,197,152,1,
1,197,202,1,
1,197,252,1,
1,197,302,1,
1,197,352,1,
1,197,402,1,
1,197,452,1,
1,197,502,1,
1,197,552,1,
1,197,602,1,
1,197,652,1,
1,197,702,1,
1,197,752,1,
1,197,802,1,
1,197,852,1,
1,197,902,1,
1,197,952,1,
1,197,1002,1,
1,197,1052,1,
1,197,1102,1,
1,197,1152,1,
1,197,1202,1,
1,197,1252,1,
1,197,1302,1,
1,197,1352,1,
1,197,1402,1,
1,197,1452,1,
1,197,1502,1,
1,197,1552,1,
1,197,1602,1,
1,197,1652,1,
1,197,1702,1,
1,197,1752,1,
1,197,1802,1,
1,197,1852,1,
1,197,1902,1,
1,197,1952,1,
1,197,2002,1,
1,197,2052,1,
1,197,2102,1,
1,197,2152,1,
1,197,2202,1,
1,197,2252,1,
1,197,2302,1,
1,197,2352,1,
1,197,2402,1,
1,197,2452,1,
1,197,2502,1,
1,197,2552,1,
1,197,2602,1,
1,197,2652,1,
1,197,2702,1,
1,197,2752,1,
1,197,2802,1,
1,197,2852,1,
1,197,2902,1,
1,197,2952,1,
1,197,3002,1,
1,197,3052,1,
1,197,3102,1,
1,197,3152,1,
1,197,3202,1,
1,197,3252,1,
1,197,3302,1,
1,197,3352,1,
1,197,3402,1,
1,197,3452,1,
1,197,3502,1,
1,197,3552,1,
1,197,3602,1,
1,197,3652,1,
1,197,3702,1,
1,197,3752,1,
1,197,3802,1,
1,197,3852,1,
1,197,3902,1,
1,197,3952,1,
1,197,4002,1,
1,197,4052,1,
1,197,4102,1,
1,197,4152,1,
1,197,4202,1,
1,197,4252,1,
1,197,4302,1,
1,197,4352,1,
1,197,4402,1,
1,197,4452,1,
1,197,4502,1,
1,197,4552,1,
1,197,4602,1,
1,197,4652,1,
1,197,4702,1,
1,197,4752,1,
1,197,4802,1,
1,197,4852,1,
1,197,4902,1,
1,197,4952,1,
2,2,2,1,
2,2,52,1,
2,2,102,1,
2,2,152,1,
2,2,202,1,
2,2,252,1,
2,2,302,1,
2,2,352,1,
2,2,402,1,
2,2,452,1,
2,2,502,1,
2,2,552,1,
2,2,602,1,
2,2,652,1,
2,2,702,1,
2,2,752,1,
2,2,802,1,
2,2,852,1,
2,2,902,1,
2,2,952,1,
2,2,1002,1,
2,2,1052,1,
2,2,1102,1,
2,2,1152,1,
2,2,1202,1,
2,2,1252,1,
2,2,1302,1,
2,2,1352,1,
2,2,1402,1,
2,2,1452,1,
2,2,1502,1,
2,2,1552,1,
2,2,1602,1,
2,2,1652,1,
2,2,1702,1,
2,2,1752,1,
2,2,1802,1,
2,2,1852,1,
2,2,1902,1,
2,2,1952,1,
2,2,2002,1,
2,2,2052,1,
2,2,2102,1,
2,2,2152,1,
2,2,2202,1,
2,2,2252,1,
2,2,2302,1,
2,2,2352,1,
2,2,2402,1,
2,2,2452,1,
2,2,2502,1,
2,2,2552,1,
2,2,2602,1,
2,2,2652,1,
2,2,2702,1,
2,2,2752,1,
2,2,2802,1,
2,2,2852,1,
2,2,2902,1,
2,2,2952,1,
2,2,3002,1,
2,2,3052,1,
2,2,3102,1,
2,2,3152,1,
2,2,3202,1,
2,2,3252,1,
2,2,3302,1,
2,2,3352,1,
2,2,3402,1,
2,2,3452,1,
2,2,3502,1,
2,2,3552,1,
2,2,3602,1,
2,2,3652,1,
2,2,3702,1,
2,2,3752,1,
2,2,3802,1,
2,2,3852,1,
2,2,3902,1,
2,2,3952,1,
2,2,4002,1,
2,2,4052,1,
2,2,4102,1,
2,2,4152,1,
2,2,4202,1,
2,2,4252,1,
2,2,4302,1,
2,2,4352,1,
2,2,4402,1,
2,2,4452,1,
2,2,4502,1,
2,2,4552,1,
2,2,4602,1,
2,2,4652,1,
2,2,4702,1,
2,2,4752,1,
2,2,4802,1,
2,2,4852,1,
2,2,4902,1,
2,2,4952,1,
2,7,2,1,
2,7,52,1,
2,7,102,1,
2,7,152,1,
2,7,202,1,
2,7,252,1,
2,7,302,1,
2,7,352,1,
2,7,402,1,
2,7,452,1,
2,7,502,1,
2,7,552,1,
2,7,602,1,
2,7,652,1,
2,7,702,1,
2,7,752,1,
2,7,802,1,
2,7,852,1,
2,7,902,1,
2,7,952,1,
2,7,1002,1,
2,7,1052,1,
2,7,1102,1,
2,7,1152,1,
2,7,1202,1,
2,7,1252,1,
2,7,1302,1,
2,7,1352,1,
2,7,1402,1,
2,7,1452,1,
2,7,1502,1,
2,7,1552,1,
2,7,1602,1,
2,7,1652,1,
2,7,1702,1,
2,7,1752,1,
2,7,1802,1,
2,7,1852,1,
2,7,1902,1,
2,7,1952,1,
2,7,2002,1,
2,7,2052,1,
2,7,2102,1,
2,7,2152,1,
2,7,2202,1,
2,7,2252,1,
2,7,2302,1,
2,7,2352,1,
2,7,2402,1,
2,7,2452,1,
2,7,2502,1,
2,7,2552,1,
2,7,2602,1,
2,7,2652,1,
2,7,2702,1,
2,7,2752,1,
2,7,2802,1,
2,7,2852,1,
2,7,2902,1,
2,7,2952,1,
2,7,3002,1,
2,7,3052,1,
2,7,3102,1,
2,7,3152,1,
2,7,3202,1,
2,7,3252,1,
2,7,3302,1,
2,7,3352,1,
2,7,3402,1,
2,7,3452,1,
2,7,3502,1,
2,7,3552,1,
2,7,3602,1,
2,7,3652,1,
2,7,3702,1,
2,7,3752,1,
2,7,3802,1,
2,7,3852,1,
2,7,3902,1,
2,7,3952,1,
2,7,4002,1,
2,7,4052,1,
2,7,4102,1,
2,7,4152,1,
2,7,4202,1,
2,7,4252,1,
2,7,4302,1,
2,7,4352,1,
2,7,4402,1,
2,7,4452,1,
2,7,4502,1,
2,7,4552,1,
2,7,4602,1,
2,7,4652,1,
2,7,4702,1,
2,7,4752,1,
2,7,4802,1,
2,7,4852,1,
2,7,4902,1,
2,7,4952,1,
2,12,2,1,
2,12,52,1,
2,12,102,1,
2,12,152,1,
2,12,202,1,
2,12,252,1,
2,12,302,1,
2,12,352,1,
2,12,402,1,
2,12,452,1,
2,12,502,1,
2,12,552,1,
2,12,602,1,
2,12,652,1,
2,12,702,1,
2,12,752,1,
2,12,802,1,
2,12,852,1,
2,12,902,1,
2,12,952,1,
2,12,1002,1,
2,12,1052,1,
2,12,1102,1,
2,12,1152,1,
2,12,1202,1,
2,12,1252,1,
2,12,1302,1,
2,12,1352,1,
2,12,1402,1,
2,12,1452,1,
2,12,1502,1,
2,12,1552,1,
2,12,1602,1,
2,12,1652,1,
2,12,1702,1,
2,12,1752,1,
2,12,1802,1,
2,12,1852,1,
2,12,1902,1,
2,12,1952,1,
2,12,2002,1,
2,12,2052,1,
2,12,2102,1,
2,12,2152,1,
2,12,2202,1,
2,12,2252,1,
2,12,2302,1,
2,12,2352,1,
2,12,2402,1,
2,12,2452,1,
2,12,2502,1,
2,12,2552,1,
2,12,2602,1,
2,12,2652,1,
2,12,2702,1,
2,12,2752,1,
2,12,2802,1,
2,12,2852,1,
2,12,2902,1,
2,12,2952,1,
2,12,3002,1,
2,12,3052,1,
2,12,3102,1,
2,12,3152,1,
2,12,3202,1,
2,12,3252,1,
2,12,3302,1,
2,12,3352,1,
2,12,3402,1,
2,12,3452,1,
2,12,3502,1,
2,12,3552,1,
2,12,3602,1,
2,12,3652,1,
2,12,3702,1,
2,12,3752,1,
2,12,3802,1,
2,12,3852,1,
2,12,3902,1,
2,12,3952,1,
2,12,4002,1,
2,12,4052,1,
2,12,4102,1,
2,12,4152,1,
2,12,4202,1,
2,12,4252,1,
2,12,4302,1,
2,12,4352,1,
2,12,4402,1,
2,12,4452,1,
2,12,4502,1,
2,12,4552,1,
2,12,4602,1,
2,12,4652,1,
2,12,4702,1,
2,12,4752,1,
2,12,4802,1,
2,12,4852,1,
2,12,4902,1,
2,12,4952,1,
2,17,2,1,
2,17,52,1,
2,17,102,1,
2,17,152,1,
2,17,202,1,
2,17,252,1,
2,17,302,1,
2,17,352,1,
2,17,402,1,
2,17,452,1,
2,17,502,1,
2,17,552,1,
2,17,602,1,
2,17,652,1,
2,17,702,1,
2,17,752,1,
2,17,802,1,
2,17,852,1,
2,17,902,1,
2,17,952,1,
2,17,1002,1,
2,17,1052,1,
2,17,1102,1,
2,17,1152,1,
2,17,1202,1,
2,17,1252,1,
2,17,1302,1,
2,17,1352,1,
2,17,1402,1,
2,17,1452,1,
2,17,1502,1,
2,17,1552,1,
2,17,1602,1,
2,17,1652,1,
2,17,1702,1,
2,17,1752,1,
2,17,1802,1,
2,17,1852,1,
2,17,1902,1,
2,17,1952,1,
2,17,2002,1,
2,17,2052,1,
2,17,2102,1,
2,17,2152,1,
2,17,2202,1,
2,17,2252,1,
2,17,2302,1,
2,17,2352,1,
2,17,2402,1,
2,17,2452,1,
2,17,2502,1,
2,17,2552,1,
2,17,2602,1,
2,17,2652,1,
2,17,2702,1,
2,17,2752,1,
2,17,2802,1,
2,17,2852,1,
2,17,2902,1,
2,17,2952,1,
2,17,3002,1,
2,17,3052,1,
2,17,3102,1,
2,17,3152,1,
2,17,3202,1,
2,17,3252,1,
2,17,3302,1,
2,17,3352,1,
2,17,3402,1,
2,17,3452,1,
2,17,3502,1,
2,17,3552,1,
2,17,3602,1,
2,17,3652,1,
2,17,3702,1,
2,17,3752,1,
2,17,3802,1,
2,17,3852,1,
2,17,3902,1,
2,17,3952,1,
2,17,4002,1,
2,17,4052,1,
2,17,4102,1,
2,17,4152,1,
2,17,4202,1,
2,17,4252,1,
2,17,4302,1,
2,17,4352,1,
2,17,4402,1,
2,17,4452,1,
2,17,4502,1,
2,17,4552,1,
2,17,4602,1,
2,17,4652,1,
2,17,4702,1,
2,17,4752,1,
2,17,4802,1,
2,17,4852,1,
2,17,4902,1,
2,17,4952,1,
2,22,2,1,
2,22,52,1,
2,22,102,1,
2,22,152,1,
2,22,202,1,
2,22,252,1,
2,22,302,1,
2,22,352,1,
2,22,402,1,
2,22,452,1,
2,22,502,1,
2,22,552,1,
2,22,602,1,
2,22,652,1,
2,22,702,1,
2,22,752,1,
2,22,802,1,
2,22,852,1,
2,22,902,1,
2,22,952,1,
2,22,1002,1,
2,22,1052,1,
2,22,1102,1,
2,22,1152,1,
2,22,1202,1,
2,22,1252,1,
2,22,1302,1,
2,22,1352,1,
2,22,1402,1,
2,22,1452,1,
2,22,1502,1,
2,22,1552,1,
2,22,1602,1,
2,22,1652,1,
2,22,1702,1,
2,22,1752,1,
2,22,1802,1,
2,22,1852,1,
2,22,1902,1,
2,22,1952,1,
2,22,2002,1,
2,22,2052,1,
2,22,2102,1,
2,22,2152,1,
2,22,2202,1,
2,22,2252,1,
2,22,2302,1,
2,22,2352,1,
2,22,2402,1,
2,22,2452,1,
2,22,2502,1,
2,22,2552,1,
2,22,2602,1,
2,22,2652,1,
2,22,2702,1,
2,22,2752,1,
2,22,2802,1,
2,22,2852,1,
2,22,2902,1,
2,22,2952,1,
2,22,3002,1,
2,22,3052,1,
2,22,3102,1,
2,22,3152,1,
2,22,3202,1,
2,22,3252,1,
2,22,3302,1,
2,22,3352,1,
2,22,3402,1,
2,22,3452,1,
2,22,3502,1,
2,22,3552,1,
2,22,3602,1,
2,22,3652,1,
2,22,3702,1,
2,22,3752,1,
2,22,3802,1,
2,22,3852,1,
2,22,3902,1,
2,22,3952,1,
2,22,4002,1,
2,22,4052,1,
2,22,4102,1,
2,22,4152,1,
2,22,4202,1,
2,22,4252,1,
2,22,4302,1,
2,22,4352,1,
2,22,4402,1,
2,22,4452,1,
2,22,4502,1,
2,22,4552,1,
2,22,4602,1,
2,22,4652,1,
2,22,4702,1,
2,22,4752,1,
2,22,4802,1,
2,22,4852,1,
2,22,4902,1,
2,22,4952,1,
2,27,2,1,
2,27,52,1,
2,27,102,1,
2,27,152,1,
2,27,202,1,
2,27,252,1,
2,27,302,1,
2,27,352,1,
2,27,402,1,
2,27,452,1,
2,27,502,1,
2,27,552,1,
2,27,602,1,
2,27,652,1,
2,27,702,1,
2,27,752,1,
2,27,802,1,
2,27,852,1,
2,27,902,1,
2,27,952,1,
2,27,1002,1,
2,27,1052,1,
2,27,1102,1,
2,27,1152,1,
2,27,1202,1,
2,27,1252,1,
2,27,1302,1,
2,27,1352,1,
2,27,1402,1,
2,27,1452,1,
2,27,1502,1,
2,27,1552,1,
2,27,1602,1,
2,27,1652,1,
2,27,1702,1,
2,27,1752,1,
2,27,1802,1,
2,27,1852,1,
2,27,1902,1,
2,27,1952,1,
2,27,2002,1,
2,27,2052,1,
2,27,2102,1,
2,27,2152,1,
2,27,2202,1,
2,27,2252,1,
2,27,2302,1,
2,27,2352,1,
2,27,2402,1,
2,27,2452,1,
2,27,2502,1,
2,27,2552,1,
2,27,2602,1,
2,27,2652,1,
2,27,2702,1,
2,27,2752,1,
2,27,2802,1,
2,27,2852,1,
2,27,2902,1,
2,27,2952,1,
2,27,3002,1,
2,27,3052,1,
2,27,3102,1,
2,27,3152,1,
2,27,3202,1,
2,27,3252,1,
2,27,3302,1,
2,27,3352,1,
2,27,3402,1,
2,27,3452,1,
2,27,3502,1,
2,27,3552,1,
2,27,3602,1,
2,27,3652,1,
2,27,3702,1,
2,27,3752,1,
2,27,3802,1,
2,27,3852,1,
2,27,3902,1,
2,27,3952,1,
2,27,4002,1,
2,27,4052,1,
2,27,4102,1,
2,27,4152,1,
2,27,4202,1,
2,27,4252,1,
2,27,4302,1,
2,27,4352,1,
2,27,4402,1,
2,27,4452,1,
2,27,4502,1,
2,27,4552,1,
2,27,4602,1,
2,27,4652,1,
2,27,4702,1,
2,27,4752,1,
2,27,4802,1,
2,27,4852,1,
2,27,4902,1,
2,27,4952,1,
2,32,2,1,
2,32,52,1,
2,32,102,1,
2,32,152,1,
2,32,202,1,
2,32,252,1,
2,32,302,1,
2,32,352,1,
2,32,402,1,
2,32,452,1,
2,32,502,1,
2,32,552,1,
2,32,602,1,
2,32,652,1,
2,32,702,1,
2,32,752,1,
2,32,802,1,
2,32,852,1,
2,32,902,1,
2,32,952,1,
2,32,1002,1,
2,32,1052,1,
2,32,1102,1,
2,32,1152,1,
2,32,1202,1,
2,32,1252,1,
2,32,1302,1,
2,32,1352,1,
2,32,1402,1,
2,32,1452,1,
2,32,1502,1,
2,32,1552,1,
2,32,1602,1,
2,32,1652,1,
2,32,1702,1,
2,32,1752,1,
2,32,1802,1,
2,32,1852,1,
2,32,1902,1,
2,32,1952,1,
2,32,2002,1,
2,32,2052,1,
2,32,2102,1,
2,32,2152,1,
2,32,2202,1,
2,32,2252,1,
2,32,2302,1,
2,32,2352,1,
2,32,2402,1,
2,32,2452,1,
2,32,2502,1,
2,32,2552,1,
2,32,2602,1,
2,32,2652,1,
2,32,2702,1,
2,32,2752,1,
2,32,2802,1,
2,32,2852,1,
2,32,2902,1,
2,32,2952,1,
2,32,3002,1,
2,32,3052,1,
2,32,3102,1,
2,32,3152,1,
2,32,3202,1,
2,32,3252,1,
2,32,3302,1,
2,32,3352,1,
2,32,3402,1,
2,32,3452,1,
2,32,3502,1,
2,32,3552,1,
2,32,3602,1,
2,32,3652,1,
2,32,3702,1,
2,32,3752,1,
2,32,3802,1,
2,32,3852,1,
2,32,3902,1,
2,32,3952,1,
2,32,4002,1,
2,32,4052,1,
2,32,4102,1,
2,32,4152,1,
2,32,4202,1,
2,32,4252,1,
2,32,4302,1,
2,32,4352,1,
2,32,4402,1,
2,32,4452,1,
2,32,4502,1,
2,32,4552,1,
2,32,4602,1,
2,32,4652,1,
2,32,4702,1,
2,32,4752,1,
2,32,4802,1,
2,32,4852,1,
2,32,4902,1,
2,32,4952,1,
2,37,2,1,
2,37,52,1,
2,37,102,1,
2,37,152,1,
2,37,202,1,
2,37,252,1,
2,37,302,1,
2,37,352,1,
2,37,402,1,
2,37,452,1,
2,37,502,1,
2,37,552,1,
2,37,602,1,
2,37,652,1,
2,37,702,1,
2,37,752,1,
2,37,802,1,
2,37,852,1,
2,37,902,1,
2,37,952,1,
2,37,1002,1,
2,37,1052,1,
2,37,1102,1,
2,37,1152,1,
2,37,1202,1,
2,37,1252,1,
2,37,1302,1,
2,37,1352,1,
2,37,1402,1,
2,37,1452,1,
2,37,1502,1,
2,37,1552,1,
2,37,1602,1,
2,37,1652,1,
2,37,1702,1,
2,37,1752,1,
2,37,1802,1,
2,37,1852,1,
2,37,1902,1,
2,37,1952,1,
2,37,2002,1,
2,37,2052,1,
2,37,2102,1,
2,37,2152,1,
2,37,2202,1,
2,37,2252,1,
2,37,2302,1,
2,37,2352,1,
2,37,2402,1,
2,37,2452,1,
2,37,2502,1,
2,37,2552,1,
2,37,2602,1,
2,37,2652,1,
2,37,2702,1,
2,37,2752,1,
2,37,2802,1,
2,37,2852,1,
2,37,2902,1,
2,37,2952,1,
2,37,3002,1,
2,37,3052,1,
2,37,3102,1,
2,37,3152,1,
2,37,3202,1,
2,37,3252,1,
2,37,3302,1,
2,37,3352,1,
2,37,3402,1,
2,37,3452,1,
2,37,3502,1,
2,37,3552,1,
2,37,3602,1,
2,37,3652,1,
2,37,3702,1,
2,37,3752,1,
2,37,3802,1,
2,37,3852,1,
2,37,3902,1,
2,37,3952,1,
2,37,4002,1,
2,37,4052,1,
2,37,4102,1,
2,37,4152,1,
2,37,4202,1,
2,37,4252,1,
2,37,4302,1,
2,37,4352,1,
2,37,4402,1,
2,37,4452,1,
2,37,4502,1,
2,37,4552,1,
2,37,4602,1,
2,37,4652,1,
2,37,4702,1,
2,37,4752,1,
2,37,4802,1,
2,37,4852,1,
2,37,4902,1,
2,37,4952,1,
2,42,2,1,
2,42,52,1,
2,42,102,1,
2,42,152,1,
2,42,202,1,
2,42,252,1,
2,42,302,1,
2,42,352,1,
2,42,402,1,
2,42,452,1,
2,42,502,1,
2,42,552,1,
2,42,602,1,
2,42,652,1,
2,42,702,1,
2,42,752,1,
2,42,802,1,
2,42,852,1,
2,42,902,1,
2,42,952,1,
2,42,1002,1,
2,42,1052,1,
2,42,1102,1,
2,42,1152,1,
2,42,1202,1,
2,42,1252,1,
2,42,1302,1,
2,42,1352,1,
2,42,1402,1,
2,42,1452,1,
2,42,1502,1,
2,42,1552,1,
2,42,1602,1,
2,42,1652,1,
2,42,1702,1,
2,42,1752,1,
2,42,1802,1,
2,42,1852,1,
2,42,1902,1,
2,42,1952,1,
2,42,2002,1,
2,42,2052,1,
2,42,2102,1,
2,42,2152,1,
2,42,2202,1,
2,42,2252,1,
2,42,2302,1,
2,42,2352,1,
2,42,2402,1,
2,42,2452,1,
2,42,2502,1,
2,42,2552,1,
2,42,2602,1,
2,42,2652,1,
2,42,2702,1,
2,42,2752,1,
2,42,2802,1,
2,42,2852,1,
2,42,2902,1,
2,42,2952,1,
2,42,3002,1,
2,42,3052,1,
2,42,3102,1,
2,42,3152,1,
2,42,3202,1,
2,42,3252,1,
2,42,3302,1,
2,42,3352,1,
2,42,3402,1,
2,42,3452,1,
2,42,3502,1,
2,42,3552,1,
2,42,3602,1,
2,42,3652,1,
2,42,3702,1,
2,42,3752,1,
2,42,3802,1,
2,42,3852,1,
2,42,3902,1,
2,42,3952,1,
2,42,4002,1,
2,42,4052,1,
2,42,4102,1,
2,42,4152,1,
2,42,4202,1,
2,42,4252,1,
2,42,4302,1,
2,42,4352,1,
2,42,4402,1,
2,42,4452,1,
2,42,4502,1,
2,42,4552,1,
2,42,4602,1,
2,42,4652,1,
2,42,4702,1,
2,42,4752,1,
2,42,4802,1,
2,42,4852,1,
2,42,4902,1,
2,42,4952,1,
2,47,2,1,
2,47,52,1,
2,47,102,1,
2,47,152,1,
2,47,202,1,
2,47,252,1,
2,47,302,1,
2,47,352,1,
2,47,402,1,
2,47,452,1,
2,47,502,1,
2,47,552,1,
2,47,602,1,
2,47,652,1,
2,47,702,1,
2,47,752,1,
2,47,802,1,
2,47,852,1,
2,47,902,1,
2,47,952,1,
2,47,1002,1,
2,47,1052,1,
2,47,1102,1,
2,47,1152,1,
2,47,1202,1,
2,47,1252,1,
2,47,1302,1,
2,47,1352,1,
2,47,1402,1,
2,47,1452,1,
2,47,1502,1,
2,47,1552,1,
2,47,1602,1,
2,47,1652,1,
2,47,1702,1,
2,47,1752,1,
2,47,1802,1,
2,47,1852,1,
2,47,1902,1,
2,47,1952,1,
2,47,2002,1,
2,47,2052,1,
2,47,2102,1,
2,47,2152,1,
2,47,2202,1,
2,47,2252,1,
2,47,2302,1,
2,47,2352,1,
2,47,2402,1,
2,47,2452,1,
2,47,2502,1,
2,47,2552,1,
2,47,2602,1,
2,47,2652,1,
2,47,2702,1,
2,47,2752,1,
2,47,2802,1,
2,47,2852,1,
2,47,2902,1,
2,47,2952,1,
2,47,3002,1,
2,47,3052,1,
2,47,3102,1,
2,47,3152,1,
2,47,3202,1,
2,47,3252,1,
2,47,3302,1,
2,47,3352,1,
2,47,3402,1,
2,47,3452,1,
2,47,3502,1,
2,47,3552,1,
2,47,3602,1,
2,47,3652,1,
2,47,3702,1,
2,47,3752,1,
2,47,3802,1,
2,47,3852,1,
2,47,3902,1,
2,47,3952,1,
2,47,4002,1,
2,47,4052,1,
2,47,4102,1,
2,47,4152,1,
2,47,4202,1,
2,47,4252,1,
2,47,4302,1,
2,47,4352,1,
2,47,4402,1,
2,47,4452,1,
2,47,4502,1,
2,47,4552,1,
2,47,4602,1,
2,47,4652,1,
2,47,4702,1,
2,47,4752,1,
2,47,4802,1,
2,47,4852,1,
2,47,4902,1,
2,47,4952,1,
2,52,2,1,
2,52,52,1,
2,52,102,1,
2,52,152,1,
2,52,202,1,
2,52,252,1,
2,52,302,1,
2,52,352,1,
2,52,402,1,
2,52,452,1,
2,52,502,1,
2,52,552,1,
2,52,602,1,
2,52,652,1,
2,52,702,1,
2,52,752,1,
2,52,802,1,
2,52,852,1,
2,52,902,1,
2,52,952,1,
2,52,1002,1,
2,52,1052,1,
2,52,1102,1,
2,52,1152,1,
2,52,1202,1,
2,52,1252,1,
2,52,1302,1,
2,52,1352,1,
2,52,1402,1,
2,52,1452,1,
2,52,1502,1,
2,52,1552,1,
2,52,1602,1,
2,52,1652,1,
2,52,1702,1,
2,52,1752,1,
2,52,1802,1,
2,52,1852,1,
2,52,1902,1,
2,52,1952,1,
2,52,2002,1,
2,52,2052,1,
2,52,2102,1,
2,52,2152,1,
2,52,2202,1,
2,52,2252,1,
2,52,2302,1,
2,52,2352,1,
2,52,2402,1,
2,52,2452,1,
2,52,2502,1,
2,52,2552,1,
2,52,2602,1,
2,52,2652,1,
2,52,2702,1,
2,52,2752,1,
2,52,2802,1,
2,52,2852,1,
2,52,2902,1,
2,52,2952,1,
2,52,3002,1,
2,52,3052,1,
2,52,3102,1,
2,52,3152,1,
2,52,3202,1,
2,52,3252,1,
2,52,3302,1,
2,52,3352,1,
2,52,3402,1,
2,52,3452,1,
2,52,3502,1,
2,52,3552,1,
2,52,3602,1,
2,52,3652,1,
2,52,3702,1,
2,52,3752,1,
2,52,3802,1,
2,52,3852,1,
2,52,3902,1,
2,52,3952,1,
2,52,4002,1,
2,52,4052,1,
2,52,4102,1,
2,52,4152,1,
2,52,4202,1,
2,52,4252,1,
2,52,4302,1,
2,52,4352,1,
2,52,4402,1,
2,52,4452,1,
2,52,4502,1,
2,52,4552,1,
2,52,4602,1,
2,52,4652,1,
2,52,4702,1,
2,52,4752,1,
2,52,4802,1,
2,52,4852,1,
2,52,4902,1,
2,52,4952,1,
2,57,2,1,
2,57,52,1,
2,57,102,1,
2,57,152,1,
2,57,202,1,
2,57,252,1,
2,57,302,1,
2,57,352,1,
2,57,402,1,
2,57,452,1,
2,57,502,1,
2,57,552,1,
2,57,602,1,
2,57,652,1,
2,57,702,1,
2,57,752,1,
2,57,802,1,
2,57,852,1,
2,57,902,1,
2,57,952,1,
2,57,1002,1,
2,57,1052,1,
2,57,1102,1,
2,57,1152,1,
2,57,1202,1,
2,57,1252,1,
2,57,1302,1,
2,57,1352,1,
2,57,1402,1,
2,57,1452,1,
2,57,1502,1,
2,57,1552,1,
2,57,1602,1,
2,57,1652,1,
2,57,1702,1,
2,57,1752,1,
2,57,1802,1,
2,57,1852,1,
2,57,1902,1,
2,57,1952,1,
2,57,2002,1,
2,57,2052,1,
2,57,2102,1,
2,57,2152,1,
2,57,2202,1,
2,57,2252,1,
2,57,2302,1,
2,57,2352,1,
2,57,2402,1,
2,57,2452,1,
2,57,2502,1,
2,57,2552,1,
2,57,2602,1,
2,57,2652,1,
2,57,2702,1,
2,57,2752,1,
2,57,2802,1,
2,57,2852,1,
2,57,2902,1,
2,57,2952,1,
2,57,3002,1,
2,57,3052,1,
2,57,3102,1,
2,57,3152,1,
2,57,3202,1,
2,57,3252,1,
2,57,3302,1,
2,57,3352,1,
2,57,3402,1,
2,57,3452,1,
2,57,3502,1,
2,57,3552,1,
2,57,3602,1,
2,57,3652,1,
2,57,3702,1,
2,57,3752,1,
2,57,3802,1,
2,57,3852,1,
2,57,3902,1,
2,57,3952,1,
2,57,4002,1,
2,57,4052,1,
2,57,4102,1,
2,57,4152,1,
2,57,4202,1,
2,57,4252,1,
2,57,4302,1,
2,57,4352,1,
2,57,4402,1,
2,57,4452,1,
2,57,4502,1,
2,57,4552,1,
2,57,4602,1,
2,57,4652,1,
2,57,4702,1,
2,57,4752,1,
2,57,4802,1,
2,57,4852,1,
2,57,4902,1,
2,57,4952,1,
2,62,2,1,
2,62,52,1,
2,62,102,1,
2,62,152,1,
2,62,202,1,
2,62,252,1,
2,62,302,1,
2,62,352,1,
2,62,402,1,
2,62,452,1,
2,62,502,1,
2,62,552,1,
2,62,602,1,
2,62,652,1,
2,62,702,1,
2,62,752,1,
2,62,802,1,
2,62,852,1,
2,62,902,1,
2,62,952,1,
2,62,1002,1,
2,62,1052,1,
2,62,1102,1,
2,62,1152,1,
2,62,1202,1,
2,62,1252,1,
2,62,1302,1,
2,62,1352,1,
2,62,1402,1,
2,62,1452,1,
2,62,1502,1,
2,62,1552,1,
2,62,1602,1,
2,62,1652,1,
2,62,1702,1,
2,62,1752,1,
2,62,1802,1,
2,62,1852,1,
2,62,1902,1,
2,62,1952,1,
2,62,2002,1,
2,62,2052,1,
2,62,2102,1,
2,62,2152,1,
2,62,2202,1,
2,62,2252,1,
2,62,2302,1,
2,62,2352,1,
2,62,2402,1,
2,62,2452,1,
2,62,2502,1,
2,62,2552,1,
2,62,2602,1,
2,62,2652,1,
2,62,2702,1,
2,62,2752,1,
2,62,2802,1,
2,62,2852,1,
2,62,2902,1,
2,62,2952,1,
2,62,3002,1,
2,62,3052,1,
2,62,3102,1,
2,62,3152,1,
2,62,3202,1,
2,62,3252,1,
2,62,3302,1,
2,62,3352,1,
2,62,3402,1,
2,62,3452,1,
2,62,3502,1,
2,62,3552,1,
2,62,3602,1,
2,62,3652,1,
2,62,3702,1,
2,62,3752,1,
2,62,3802,1,
2,62,3852,1,
2,62,3902,1,
2,62,3952,1,
2,62,4002,1,
2,62,4052,1,
2,62,4102,1,
2,62,4152,1,
2,62,4202,1,
2,62,4252,1,
2,62,4302,1,
2,62,4352,1,
2,62,4402,1,
2,62,4452,1,
2,62,4502,1,
2,62,4552,1,
2,62,4602,1,
2,62,4652,1,
2,62,4702,1,
2,62,4752,1,
2,62,4802,1,
2,62,4852,1,
2,62,4902,1,
2,62,4952,1,
2,67,2,1,
2,67,52,1,
2,67,102,1,
2,67,152,1,
2,67,202,1,
2,67,252,1,
2,67,302,1,
2,67,352,1,
2,67,402,1,
2,67,452,1,
2,67,502,1,
2,67,552,1,
2,67,602,1,
2,67,652,1,
2,67,702,1,
2,67,752,1,
2,67,802,1,
2,67,852,1,
2,67,902,1,
2,67,952,1,
2,67,1002,1,
2,67,1052,1,
2,67,1102,1,
2,67,1152,1,
2,67,1202,1,
2,67,1252,1,
2,67,1302,1,
2,67,1352,1,
2,67,1402,1,
2,67,1452,1,
2,67,1502,1,
2,67,1552,1,
2,67,1602,1,
2,67,1652,1,
2,67,1702,1,
2,67,1752,1,
2,67,1802,1,
2,67,1852,1,
2,67,1902,1,
2,67,1952,1,
2,67,2002,1,
2,67,2052,1,
2,67,2102,1,
2,67,2152,1,
2,67,2202,1,
2,67,2252,1,
2,67,2302,1,
2,67,2352,1,
2,67,2402,1,
2,67,2452,1,
2,67,2502,1,
2,67,2552,1,
2,67,2602,1,
2,67,2652,1,
2,67,2702,1,
2,67,2752,1,
2,67,2802,1,
2,67,2852,1,
2,67,2902,1,
2,67,2952,1,
2,67,3002,1,
2,67,3052,1,
2,67,3102,1,
2,67,3152,1,
2,67,3202,1,
2,67,3252,1,
2,67,3302,1,
2,67,3352,1,
2,67,3402,1,
2,67,3452,1,
2,67,3502,1,
2,67,3552,1,
2,67,3602,1,
2,67,3652,1,
2,67,3702,1,
2,67,3752,1,
2,67,3802,1,
2,67,3852,1,
2,67,3902,1,
2,67,3952,1,
2,67,4002,1,
2,67,4052,1,
2,67,4102,1,
2,67,4152,1,
2,67,4202,1,
2,67,4252,1,
2,67,4302,1,
2,67,4352,1,
2,67,4402,1,
2,67,4452,1,
2,67,4502,1,
2,67,4552,1,
2,67,4602,1,
2,67,4652,1,
2,67,4702,1,
2,67,4752,1,
2,67,4802,1,
2,67,4852,1,
2,67,4902,1,
2,67,4952,1,
2,72,2,1,
2,72,52,1,
2,72,102,1,
2,72,152,1,
2,72,202,1,
2,72,252,1,
2,72,302,1,
2,72,352,1,
2,72,402,1,
2,72,452,1,
2,72,502,1,
2,72,552,1,
2,72,602,1,
2,72,652,1,
2,72,702,1,
2,72,752,1,
2,72,802,1,
2,72,852,1,
2,72,902,1,
2,72,952,1,
2,72,1002,1,
2,72,1052,1,
2,72,1102,1,
2,72,1152,1,
2,72,1202,1,
2,72,1252,1,
2,72,1302,1,
2,72,1352,1,
2,72,1402,1,
2,72,1452,1,
2,72,1502,1,
2,72,1552,1,
2,72,1602,1,
2,72,1652,1,
2,72,1702,1,
2,72,1752,1,
2,72,1802,1,
2,72,1852,1,
2,72,1902,1,
2,72,1952,1,
2,72,2002,1,
2,72,2052,1,
2,72,2102,1,
2,72,2152,1,
2,72,2202,1,
2,72,2252,1,
2,72,2302,1,
2,72,2352,1,
2,72,2402,1,
2,72,2452,1,
2,72,2502,1,
2,72,2552,1,
2,72,2602,1,
2,72,2652,1,
2,72,2702,1,
2,72,2752,1,
2,72,2802,1,
2,72,2852,1,
2,72,2902,1,
2,72,2952,1,
2,72,3002,1,
2,72,3052,1,
2,72,3102,1,
2,72,3152,1,
2,72,3202,1,
2,72,3252,1,
2,72,3302,1,
2,72,3352,1,
2,72,3402,1,
2,72,3452,1,
2,72,3502,1,
2,72,3552,1,
2,72,3602,1,
2,72,3652,1,
2,72,3702,1,
2,72,3752,1,
2,72,3802,1,
2,72,3852,1,
2,72,3902,1,
2,72,3952,1,
2,72,4002,1,
2,72,4052,1,
2,72,4102,1,
2,72,4152,1,
2,72,4202,1,
2,72,4252,1,
2,72,4302,1,
2,72,4352,1,
2,72,4402,1,
2,72,4452,1,
2,72,4502,1,
2,72,4552,1,
2,72,4602,1,
2,72,4652,1,
2,72,4702,1,
2,72,4752,1,
2,72,4802,1,
2,72,4852,1,
2,72,4902,1,
2,72,4952,1,
2,77,2,1,
2,77,52,1,
2,77,102,1,
2,77,152,1,
2,77,202,1,
2,77,252,1,
2,77,302,1,
2,77,352,1,
2,77,402,1,
2,77,452,1,
2,77,502,1,
2,77,552,1,
2,77,602,1,
2,77,652,1,
2,77,702,1,
2,77,752,1,
2,77,802,1,
2,77,852,1,
2,77,902,1,
2,77,952,1,
2,77,1002,1,
2,77,1052,1,
2,77,1102,1,
2,77,1152,1,
2,77,1202,1,
2,77,1252,1,
2,77,1302,1,
2,77,1352,1,
2,77,1402,1,
2,77,1452,1,
2,77,1502,1,
2,77,1552,1,
2,77,1602,1,
2,77,1652,1,
2,77,1702,1,
2,77,1752,1,
2,77,1802,1,
2,77,1852,1,
2,77,1902,1,
2,77,1952,1,
2,77,2002,1,
2,77,2052,1,
2,77,2102,1,
2,77,2152,1,
2,77,2202,1,
2,77,2252,1,
2,77,2302,1,
2,77,2352,1,
2,77,2402,1,
2,77,2452,1,
2,77,2502,1,
2,77,2552,1,
2,77,2602,1,
2,77,2652,1,
2,77,2702,1,
2,77,2752,1,
2,77,2802,1,
2,77,2852,1,
2,77,2902,1,
2,77,2952,1,
2,77,3002,1,
2,77,3052,1,
2,77,3102,1,
2,77,3152,1,
2,77,3202,1,
2,77,3252,1,
2,77,3302,1,
2,77,3352,1,
2,77,3402,1,
2,77,3452,1,
2,77,3502,1,
2,77,3552,1,
2,77,3602,1,
2,77,3652,1,
2,77,3702,1,
2,77,3752,1,
2,77,3802,1,
2,77,3852,1,
2,77,3902,1,
2,77,3952,1,
2,77,4002,1,
2,77,4052,1,
2,77,4102,1,
2,77,4152,1,
2,77,4202,1,
2,77,4252,1,
2,77,4302,1,
2,77,4352,1,
2,77,4402,1,
2,77,4452,1,
2,77,4502,1,
2,77,4552,1,
2,77,4602,1,
2,77,4652,1,
2,77,4702,1,
2,77,4752,1,
2,77,4802,1,
2,77,4852,1,
2,77,4902,1,
2,77,4952,1,
2,82,2,1,
2,82,52,1,
2,82,102,1,
2,82,152,1,
2,82,202,1,
2,82,252,1,
2,82,302,1,
2,82,352,1,
2,82,402,1,
2,82,452,1,
2,82,502,1,
2,82,552,1,
2,82,602,1,
2,82,652,1,
2,82,702,1,
2,82,752,1,
2,82,802,1,
2,82,852,1,
2,82,902,1,
2,82,952,1,
2,82,1002,1,
2,82,1052,1,
2,82,1102,1,
2,82,1152,1,
2,82,1202,1,
2,82,1252,1,
2,82,1302,1,
2,82,1352,1,
2,82,1402,1,
2,82,1452,1,
2,82,1502,1,
2,82,1552,1,
2,82,1602,1,
2,82,1652,1,
2,82,1702,1,
2,82,1752,1,
2,82,1802,1,
2,82,1852,1,
2,82,1902,1,
2,82,1952,1,
2,82,2002,1,
2,82,2052,1,
2,82,2102,1,
2,82,2152,1,
2,82,2202,1,
2,82,2252,1,
2,82,2302,1,
2,82,2352,1,
2,82,2402,1,
2,82,2452,1,
2,82,2502,1,
2,82,2552,1,
2,82,2602,1,
2,82,2652,1,
2,82,2702,1,
2,82,2752,1,
2,82,2802,1,
2,82,2852,1,
2,82,2902,1,
2,82,2952,1,
2,82,3002,1,
2,82,3052,1,
2,82,3102,1,
2,82,3152,1,
2,82,3202,1,
2,82,3252,1,
2,82,3302,1,
2,82,3352,1,
2,82,3402,1,
2,82,3452,1,
2,82,3502,1,
2,82,3552,1,
2,82,3602,1,
2,82,3652,1,
2,82,3702,1,
2,82,3752,1,
2,82,3802,1,
2,82,3852,1,
2,82,3902,1,
2,82,3952,1,
2,82,4002,1,
2,82,4052,1,
2,82,4102,1,
2,82,4152,1,
2,82,4202,1,
2,82,4252,1,
2,82,4302,1,
2,82,4352,1,
2,82,4402,1,
2,82,4452,1,
2,82,4502,1,
2,82,4552,1,
2,82,4602,1,
2,82,4652,1,
2,82,4702,1,
2,82,4752,1,
2,82,4802,1,
2,82,4852,1,
2,82,4902,1,
2,82,4952,1,
2,87,2,1,
2,87,52,1,
2,87,102,1,
2,87,152,1,
2,87,202,1,
2,87,252,1,
2,87,302,1,
2,87,352,1,
2,87,402,1,
2,87,452,1,
2,87,502,1,
2,87,552,1,
2,87,602,1,
2,87,652,1,
2,87,702,1,
2,87,752,1,
2,87,802,1,
2,87,852,1,
2,87,902,1,
2,87,952,1,
2,87,1002,1,
2,87,1052,1,
2,87,1102,1,
2,87,1152,1,
2,87,1202,1,
2,87,1252,1,
2,87,1302,1,
2,87,1352,1,
2,87,1402,1,
2,87,1452,1,
2,87,1502,1,
2,87,1552,1,
2,87,1602,1,
2,87,1652,1,
2,87,1702,1,
2,87,1752,1,
2,87,1802,1,
2,87,1852,1,
2,87,1902,1,
2,87,1952,1,
2,87,2002,1,
2,87,2052,1,
2,87,2102,1,
2,87,2152,1,
2,87,2202,1,
2,87,2252,1,
2,87,2302,1,
2,87,2352,1,
2,87,2402,1,
2,87,2452,1,
2,87,2502,1,
2,87,2552,1,
2,87,2602,1,
2,87,2652,1,
2,87,2702,1,
2,87,2752,1,
2,87,2802,1,
2,87,2852,1,
2,87,2902,1,
2,87,2952,1,
2,87,3002,1,
2,87,3052,1,
2,87,3102,1,
2,87,3152,1,
2,87,3202,1,
2,87,3252,1,
2,87,3302,1,
2,87,3352,1,
2,87,3402,1,
2,87,3452,1,
2,87,3502,1,
2,87,3552,1,
2,87,3602,1,
2,87,3652,1,
2,87,3702,1,
2,87,3752,1,
2,87,3802,1,
2,87,3852,1,
2,87,3902,1,
2,87,3952,1,
2,87,4002,1,
2,87,4052,1,
2,87,4102,1,
2,87,4152,1,
2,87,4202,1,
2,87,4252,1,
2,87,4302,1,
2,87,4352,1,
2,87,4402,1,
2,87,4452,1,
2,87,4502,1,
2,87,4552,1,
2,87,4602,1,
2,87,4652,1,
2,87,4702,1,
2,87,4752,1,
2,87,4802,1,
2,87,4852,1,
2,87,4902,1,
2,87,4952,1,
2,92,2,1,
2,92,52,1,
2,92,102,1,
2,92,152,1,
2,92,202,1,
2,92,252,1,
2,92,302,1,
2,92,352,1,
2,92,402,1,
2,92,452,1,
2,92,502,1,
2,92,552,1,
2,92,602,1,
2,92,652,1,
2,92,702,1,
2,92,752,1,
2,92,802,1,
2,92,852,1,
2,92,902,1,
2,92,952,1,
2,92,1002,1,
2,92,1052,1,
2,92,1102,1,
2,92,1152,1,
2,92,1202,1,
2,92,1252,1,
2,92,1302,1,
2,92,1352,1,
2,92,1402,1,
2,92,1452,1,
2,92,1502,1,
2,92,1552,1,
2,92,1602,1,
2,92,1652,1,
2,92,1702,1,
2,92,1752,1,
2,92,1802,1,
2,92,1852,1,
2,92,1902,1,
2,92,1952,1,
2,92,2002,1,
2,92,2052,1,
2,92,2102,1,
2,92,2152,1,
2,92,2202,1,
2,92,2252,1,
2,92,2302,1,
2,92,2352,1,
2,92,2402,1,
2,92,2452,1,
2,92,2502,1,
2,92,2552,1,
2,92,2602,1,
2,92,2652,1,
2,92,2702,1,
2,92,2752,1,
2,92,2802,1,
2,92,2852,1,
2,92,2902,1,
2,92,2952,1,
2,92,3002,1,
2,92,3052,1,
2,92,3102,1,
2,92,3152,1,
2,92,3202,1,
2,92,3252,1,
2,92,3302,1,
2,92,3352,1,
2,92,3402,1,
2,92,3452,1,
2,92,3502,1,
2,92,3552,1,
2,92,3602,1,
2,92,3652,1,
2,92,3702,1,
2,92,3752,1,
2,92,3802,1,
2,92,3852,1,
2,92,3902,1,
2,92,3952,1,
2,92,4002,1,
2,92,4052,1,
2,92,4102,1,
2,92,4152,1,
2,92,4202,1,
2,92,4252,1,
2,92,4302,1,
2,92,4352,1,
2,92,4402,1,
2,92,4452,1,
2,92,4502,1,
2,92,4552,1,
2,92,4602,1,
2,92,4652,1,
2,92,4702,1,
2,92,4752,1,
2,92,4802,1,
2,92,4852,1,
2,92,4902,1,
2,92,4952,1,
2,97,2,1,
2,97,52,1,
2,97,102,1,
2,97,152,1,
2,97,202,1,
2,97,252,1,
2,97,302,1,
2,97,352,1,
2,97,402,1,
2,97,452,1,
2,97,502,1,
2,97,552,1,
2,97,602,1,
2,97,652,1,
2,97,702,1,
2,97,752,1,
2,97,802,1,
2,97,852,1,
2,97,902,1,
2,97,952,1,
2,97,1002,1,
2,97,1052,1,
2,97,1102,1,
2,97,1152,1,
2,97,1202,1,
2,97,1252,1,
2,97,1302,1,
2,97,1352,1,
2,97,1402,1,
2,97,1452,1,
2,97,1502,1,
2,97,1552,1,
2,97,1602,1,
2,97,1652,1,
2,97,1702,1,
2,97,1752,1,
2,97,1802,1,
2,97,1852,1,
2,97,1902,1,
2,97,1952,1,
2,97,2002,1,
2,97,2052,1,
2,97,2102,1,
2,97,2152,1,
2,97,2202,1,
2,97,2252,1,
2,97,2302,1,
2,97,2352,1,
2,97,2402,1,
2,97,2452,1,
2,97,2502,1,
2,97,2552,1,
2,97,2602,1,
2,97,2652,1,
2,97,2702,1,
2,97,2752,1,
2,97,2802,1,
2,97,2852,1,
2,97,2902,1,
2,97,2952,1,
2,97,3002,1,
2,97,3052,1,
2,97,3102,1,
2,97,3152,1,
2,97,3202,1,
2,97,3252,1,
2,97,3302,1,
2,97,3352,1,
2,97,3402,1,
2,97,3452,1,
2,97,3502,1,
2,97,3552,1,
2,97,3602,1,
2,97,3652,1,
2,97,3702,1,
2,97,3752,1,
2,97,3802,1,
2,97,3852,1,
2,97,3902,1,
2,97,3952,1,
2,97,4002,1,
2,97,4052,1,
2,97,4102,1,
2,97,4152,1,
2,97,4202,1,
2,97,4252,1,
2,97,4302,1,
2,97,4352,1,
2,97,4402,1,
2,97,4452,1,
2,97,4502,1,
2,97,4552,1,
2,97,4602,1,
2,97,4652,1,
2,97,4702,1,
2,97,4752,1,
2,97,4802,1,
2,97,4852,1,
2,97,4902,1,
2,97,4952,1,
2,102,2,1,
2,102,52,1,
2,102,102,1,
2,102,152,1,0.862010
2,102,202,1,0.945247
2,102,252,1,0.903570
2,102,302,1,1.040670
2,102,352,1,1.041680
2,102,402,1,0.886756
2,102,452,1,0.753061
2,102,502,1,1.348174
2,102,552,1,0.920625
2,102,602,1,0.943389
2,102,652,1,0.984303
2,102,702,1,0.757175
2,102,752,1,0.789743
2,102,802,1,1.208168
2,102,852,1,0.930367
2,102,902,1,0.736055
2,102,952,1,0.731699
2,102,1002,1,1.005610
2,102,1052,1,0.748707
2,102,1102,1,1.138633
2,102,1152,1,0.767388
2,102,1202,1,0.750955
2,102,1252,1,0.643468
2,102,1302,1,0.803240
2,102,1352,1,0.817718
2,102,1402,1,0.599289
2,102,1452,1,0.570033
2,102,1502,1,0.690160
2,102,1552,1,0.902880
2,102,1602,1,0.853990
2,102,1652,1,0.677270
2,102,1702,1,0.883492
2,102,1752,1,0.137070
2,102,1802,1,0.856566
2,102,1852,1,0.676429
2,102,1902,1,0.570132
2,102,1952,1,0.367239
2,102,2002,1,0.507628
2,102,2052,1,0.841908
2,102,2102,1,0.470990
2,102,2152,1,0.261801
2,102,2202,1,0.521783
2,102,2252,1,0.261054
2,102,2302,1,1.183013
2,102,2352,1,0.068289
2,102,2402,1,0.259582
2,102,2452,1,0.171349
2,102,2502,1,0.486134
2,102,2552,1,0.493650
2,102,2602,1,1.012348
2,102,2652,1,0.395176
2,102,2702,1,0.648189
2,102,2752,1,0.399485
2,102,2802,1,0.741313
2,102,2852,1,0.745626
2,102,2902,1,1.017255
2,102,2952,1,0.295516
2,102,3002,1,0.376584
2,102,3052,1,0.415653
2,102,3102,1,0.436143
2,102,3152,1,0.548699
2,102,3202,1,0.496715
2,102,3252,1,0.114256
2,102,3302,1,0.413283
2,102,3352,1,0.168420
2,102,3402,1,0.688197
2,102,3452,1,0.402941
2,102,3502,1,0.448143
2,102,3552,1,0.979139
2,102,3602,1,0.566568
2,102,3652,1,0.219750
2,102,3702,1,0.316536
2,102,3752,1,0.225116
2,102,3802,1,0.251105
2,102,3852,1,0.622007
2,102,3902,1,0.456453
2,102,3952,1,0.466447
2,102,4002,1,0.639959
2,102,4052,1,0.465937
2,102,4102,1,0.673021
2,102,4152,1,0.677408
2,102,4202,1,0.410843
2,102,4252,1,0.939421
2,102,4302,1,0.449739
2,102,4352,1,0.576811
2,102,4402,1,0.179032
2,102,4452,1,0.630650
2,102,4502,1,1.050222
2,102,4552,1,0.853986
2,102,4602,1,0.455048
2,102,4652,1,0.457877
2,102,4702,1,0.938652
2,102,4752,1,0.724375
2,102,4802,1,0.327282
2,102,4852,1,0.995155
2,102,4902,1,0.178679
2,102,4952,1,0.312164
2,107,2,1,1.299104
2,107,52,1,1.086688
2,107,102,1,1.345775
2,107,152,1,1.270357
2,107,202,1,1.086116
2,107,252,1,0.969075
2,107,302,1,0.913109
2,107,352,1,0.804424
2,107,402,1,0.828073
2,107,452,1,1.099033
2,107,502,1,0.953974
2,107,552,1,0.976387
2,107,602,1,0.611760
2,107,652,1,0.791592
2,107,702,1,1.062329
2,107,752,1,0.649501
2,107,802,1,0.831353
2,107,852,1,0.683709
2,107,902,1,0.710872
2,107,952,1,0.599109
2,107,1002,1,0.894008
2,107,1052,1,1.007264
2,107,1102,1,0.657650
2,107,1152,1,0.763965
2,107,1202,1,0.634676
2,107,1252,1,0.769733
2,107,1302,1,0.770038
2,107,1352,1,0.632674
2,107,1402,1,0.939242
2,107,1452,1,0.428562
2,107,1502,1,0.558370
2,107,1552,1,0.761707
2,107,1602,1,0.495029
2,107,1652,1,1.158299
2,107,1702,1,0.620407
2,107,1752,1,1.107693
2,107,1802,1,0.517873
2,107,1852,1,0.636369
2,107,1902,1,0.593629
2,107,1952,1,0.393535
2,107,2002,1,0.499772
2,107,2052,1,0.792063
2,107,2102,1,0.510506
2,107,2152,1,0.342205
2,107,2202,1,0.887615
2,107,2252,1,0.075460
2,107,2302,1,0.362693
2,107,2352,1,0.947042
2,107,2402,1,0.712712
2,107,2452,1,0.781836
2,107,2502,1,0.854085
2,107,2552,1,0.735121
2,107,2602,1,0.641514
2,107,2652,1,0.765902
2,107,2702,1,0.490417
2,107,2752,1,0.525988
2,107,2802,1,0.891627
2,107,2852,1,0.614551
2,107,2902,1,1.087365
2,107,2952,1,0.605933
2,107,3002,1,0.549664
2,107,3052,1,0.794465
2,107,3102,1,0.381315
2,107,3152,1,0.463623
2,107,3202,1,0.216421
2,107,3252,1,0.447185
2,107,3302,1,0.556185
2,107,3352,1,0.140375
2,107,3402,1,1.083016
2,107,3452,1,0.591639
2,107,3502,1,0.847401
2,107,3552,1,0.969151
2,107,3602,1,0.383684
2,107,3652,1,0.506009
2,107,3702,1,0.869541
2,107,3752,1,0.317465
2,107,3802,1,0.515891
2,107,3852,1,0.606739
2,107,3902,1,0.487920
2,107,3952,1,0.381818
2,107,4002,1,0.791817
2,107,4052,1,0.445060
2,107,4102,1,0.985804
2,107,4152,1,0.359350
2,107,4202,1,0.601340
2,107,4252,1,0.798199
2,107,4302,1,0.243032
2,107,4352,1,1.093520
2,107,4402,1,0.432544
2,107,4452,1,0.488070
2,107,4502,1,0.200602
2,107,4552,1,0.402790
2,107,4602,1,0.610789
2,107,4652,1,0.238620
2,107,4702,1,0.813269
2,107,4752,1,1.083527
2,107,4802,1,0.299319
2,107,4852,1,0.464118
2,107,4902,1,0.836782
2,107,4952,1,0.839757
2,112,2,1,1.251019
2,112,52,1,1.142367
2,112,102,1,1.254725
2,112,152,1,1.439407
2,112,202,1,1.136247
2,112,252,1,1.086187
2,112,302,1,1.042809
2,112,352,1,1.130400
2,112,402,1,0.854233
2,112,452,1,1.133390
2,112,502,1,1.342810
2,112,552,1,1.138059
2,112,602,1,0.786889
2,112,652,1,0.742177
2,112,702,1,0.846738
2,112,752,1,0.868388
2,112,802,1,0.689217
2,112,852,1,0.551323
2,112,902,1,0.885315
2,112,952,1,0.928468
2,112,1002,1,0.992290
2,112,1052,1,0.923280
2,112,1102,1,0.674357
2,112,1152,1,0.768837
2,112,1202,1,0.650204
2,112,1252,1,0.828978
2,112,1302,1,0.578681
2,112,1352,1,0.561615
2,112,1402,1,0.463915
2,112,1452,1,1.001012
2,112,1502,1,0.618659
2,112,1552,1,0.736307
2,112,1602,1,0.427979
2,112,1652,1,0.917666
2,112,1702,1,0.801490
2,112,1752,1,1.094907
2,112,1802,1,0.607526
2,112,1852,1,0.237078
2,112,1902,1,0.774659
2,112,1952,1,0.782241
2,112,2002,1,0.344337
2,112,2052,1,0.718705
2,112,2102,1,0.945206
2,112,2152,1,0.487518
2,112,2202,1,0.595714
2,112,2252,1,0.486903
2,112,2302,1,0.812809
2,112,2352,1,0.741880
2,112,2402,1,0.260242
2,112,2452,1,1.097882
2,112,2502,1,0.561402
2,112,2552,1,0.476143
2,112,2602,1,0.551392
2,112,2652,1,0.306178
2,112,2702,1,1.154026
2,112,2752,1,0.457483
2,112,2802,1,0.222053
2,112,2852,1,0.762995
2,112,2902,1,0.291230
2,112,2952,1,0.532876
2,112,3002,1,0.583331
2,112,3052,1,0.466526
2,112,3102,1,0.625085
2,112,3152,1,0.543690
2,112,3202,1,0.503281
2,112,3252,1,0.487165
2,112,3302,1,0.999727
2,112,3352,1,0.416085
2,112,3402,1,0.515414
2,112,3452,1,0.458541
2,112,3502,1,1.034867
2,112,3552,1,0.395149
2,112,3602,1,0.659306
2,112,3652,1,0.121950
2,112,3702,1,0.914944
2,112,3752,1,0.634451
2,112,3802,1,0.361993
2,112,3852,1,0.592853
2,112,3902,1,0.614213
2,112,3952,1,0.415634
2,112,4002,1,0.558237
2,112,4052,1,0.402415
2,112,4102,1,1.009296
2,112,4152,1,0.371352
2,112,4202,1,0.541973
2,112,4252,1,0.174585
2,112,4302,1,0.870965
2,112,4352,1,0.216440
2,112,4402,1,0.308323
2,112,4452,1,1.076314
2,112,4502,1,0.361430
2,112,4552,1,0.393700
2,112,4602,1,0.869146
2,112,4652,1,0.400173
2,112,4702,1,0.341820
2,112,4752,1,0.417952
2,112,4802,1,0.136201
2,112,4852,1,1.129270
2,112,4902,1,0.307292
2,112,4952,1,0.866827
2,117,2,1,1.252964
2,117,52,1,1.347399
2,117,102,1,0.978235
2,117,152,1,0.983826
2,117,202,1,1.255729
2,117,252,1,0.900946
2,117,302,1,1.255874
2,117,352,1,0.950106
2,117,402,1,1.043207
2,117,452,1,1.136481
2,117,502,1,1.234242
2,117,552,1,0.692725
2,117,602,1,0.981091
2,117,652,1,1.047764
2,117,702,1,0.830303
2,117,752,1,0.956555
2,117,802,1,1.204305
2,117,852,1,1.071732
2,117,902,1,0.946332
2,117,952,1,0.708259
2,117,1002,1,0.927216
2,117,1052,1,0.574891
2,117,1102,1,0.750580
2,117,1152,1,0.920950
2,117,1202,1,0.782178
2,117,1252,1,0.950049
2,117,1302,1,0.692414
2,117,1352,1,0.736603
2,117,1402,1,0.923180
2,117,1452,1,0.933521
2,117,1502,1,0.650892
2,117,1552,1,0.600410
2,117,1602,1,0.999380
2,117,1652,1,0.863870
2,117,1702,1,0.552932
2,117,1752,1,0.360583
2,117,1802,1,0.340003
2,117,1852,1,0.585538
2,117,1902,1,0.340679
2,117,1952,1,0.274187
2,117,2002,1,0.525473
2,117,2052,1,0.495300
2,117,2102,1,0.433752
2,117,2152,1,0.967425
2,117,2202,1,0.493873
2,117,2252,1,0.880679
2,117,2302,1,0.181586
2,117,2352,1,0.633985
2,117,2402,1,0.781840
2,117,2452,1,0.393384
2,117,2502,1,1.051971
2,117,2552,1,1.153376
2,117,2602,1,0.669818
2,117,2652,1,0.465327
2,117,2702,1,1.175579
2,117,2752,1,0.235767
2,117,2802,1,0.568823
2,117,2852,1,0.859367
2,117,2902,1,1.074879
2,117,2952,1,0.551049
2,117,3002,1,0.437822
2,117,3052,1,0.185317
2,117,3102,1,0.539834
2,117,3152,1,0.717830
2,117,3202,1,0.274614
2,117,3252,1,0.593309
2,117,3302,1,0.634360
2,117,3352,1,0.961731
2,117,3402,1,0.528303
2,117,3452,1,0.504176
2,117,3502,1,0.435807
2,117,3552,1,0.501986
2,117,3602,1,0.520229
2,117,3652,1,0.515652
2,117,3702,1,0.410443
2,117,3752,1,0.290956
2,117,3802,1,0.672159
2,117,3852,1,0.448154
2,117,3902,1,0.565963
2,117,3952,1,0.515409
2,117,4002,1,0.284351
2,117,4052,1,0.301746
2,117,4102,1,0.611708
2,117,4152,1,0.409421
2,117,4202,1,1.187495
2,117,4252,1,0.303472
2,117,4302,1,0.286011
2,117,4352,1,0.497727
2,117,4402,1,0.298848
2,117,4452,1,1.119868
2,117,4502,1,0.401516
2,117,4552,1,0.182457
2,117,4602,1,0.915652
2,117,4652,1,0.999536
2,117,4702,1,0.163548
2,117,4752,1,0.294520
2,117,4802,1,0.404942
2,117,4852,1,0.347786
2,117,4902,1,0.151249
2,117,4952,1,0.917482
2,122,2,1,1.254472
2,122,52,1,1.403801
2,122,102,1,0.910227
2,122,152,1,1.143038
2,122,202,1,1.253784
2,122,252,1,1.354224
2,122,302,1,0.976319
2,122,352,1,1.237008
2,122,402,1,1.041176
2,122,452,1,0.591480
2,122,502,1,0.839042
2,122,552,1,0.860352
2,122,602,1,1.054675
2,122,652,1,0.842848
2,122,702,1,0.851374
2,122,752,1,0.826545
2,122,802,1,0.979266
2,122,852,1,0.965540
2,122,902,1,0.654228
2,122,952,1,0.641138
2,122,1002,1,0.639708
2,122,1052,1,0.635867
2,122,1102,1,0.738819
2,122,1152,1,0.760615
2,122,1202,1,0.833502
2,122,1252,1,0.979991
2,122,1302,1,0.504122
2,122,1352,1,1.017688
2,122,1402,1,0.745901
2,122,1452,1,0.602954
2,122,1502,1,0.907598
2,122,1552,1,0.648386
2,122,1602,1,0.731990
2,122,1652,1,0.544177
2,122,1702,1,0.669868
2,122,1752,1,0.688989
2,122,1802,1,0.795377
2,122,1852,1,0.622152
2,122,1902,1,0.771384
2,122,1952,1,0.676444
2,122,2002,1,0.629301
2,122,2052,1,0.962619
2,122,2102,1,0.585218
2,122,2152,1,0.396735
2,122,2202,1,0.976265
2,122,2252,1,0.662653
2,122,2302,1,0.555636
2,122,2352,1,0.828520
2,122,2402,1,0.637019
2,122,2452,1,1.131749
2,122,2502,1,0.474156
2,122,2552,1,0.711138
2,122,2602,1,0.242991
2,122,2652,1,0.162594
2,122,2702,1,0.426023
2,122,2752,1,0.694916
2,122,2802,1,0.508104
2,122,2852,1,0.320761
2,122,2902,1,0.346228
2,122,2952,1,0.211433
2,122,3002,1,0.258367
2,122,3052,1,0.575400
2,122,3102,1,0.973915
2,122,3152,1,0.479616
2,122,3202,1,0.361799
2,122,3252,1,0.653153
2,122,3302,1,0.360459
2,122,3352,1,0.768772
2,122,3402,1,1.006751
2,122,3452,1,0.232560
2,122,3502,1,0.555496
2,122,3552,1,1.111657
2,122,3602,1,0.323529
2,122,3652,1,0.363568
2,122,3702,1,0.437257
2,122,3752,1,0.311207
2,122,3802,1,0.266783
2,122,3852,1,0.615866
2,122,3902,1,0.549426
2,122,3952,1,0.311386
2,122,4002,1,0.601454
2,122,4052,1,0.564283
2,122,4102,1,0.461818
2,122,4152,1,0.836977
2,122,4202,1,0.492454
2,122,4252,1,0.471360
2,122,4302,1,0.993027
2,122,4352,1,0.455444
2,122,4402,1,0.579498
2,122,4452,1,0.368899
2,122,4502,1,0.636196
2,122,4552,1,0.120776
2,122,4602,1,0.467962
2,122,4652,1,0.365184
2,122,4702,1,1.044555
2,122,4752,1,1.011658
2,122,4802,1,0.210355
2,122,4852,1,0.333952
2,122,4902,1,0.347348
2,122,4952,1,0.436846
2,127,2,1,1.138787
2,127,52,1,1.075370
2,127,102,1,1.141866
2,127,152,1,0.779754
2,127,202,1,1.041503
2,127,252,1,1.142722
2,127,302,1,0.975326
2,127,352,1,0.931247
2,127,402,1,1.045517
2,127,452,1,1.349700
2,127,502,1,0.704225
2,127,552,1,1.064641
2,127,602,1,0.824027
2,127,652,1,0.603621
2,127,702,1,0.455038
2,127,752,1,0.710298
2,127,802,1,0.930075
2,127,852,1,0.674404
2,127,902,1,0.629863
2,127,952,1,0.939678
2,127,1002,1,0.792847
2,127,1052,1,0.731826
2,127,1102,1,0.730146
2,127,1152,1,0.794458
2,127,1202,1,0.687169
2,127,1252,1,0.637881
2,127,1302,1,0.849005
2,127,1352,1,0.612954
2,127,1402,1,0.851711
2,127,1452,1,0.938849
2,127,1502,1,0.423069
2,127,1552,1,0.984273
2,127,1602,1,0.794960
2,127,1652,1,0.890350
2,127,1702,1,0.711873
2,127,1752,1,0.691740
2,127,1802,1,0.937996
2,127,1852,1,0.921366
2,127,1902,1,0.475185
2,127,1952,1,0.408696
2,127,2002,1,0.789821
2,127,2052,1,0.934498
2,127,2102,1,0.437328
2,127,2152,1,0.307236
2,127,2202,1,1.121232
2,127,2252,1,0.592363
2,127,2302,1,0.660539
2,127,2352,1,0.868059
2,127,2402,1,0.303472
2,127,2452,1,0.592092
2,127,2502,1,0.575465
2,127,2552,1,0.649269
2,127,2602,1,1.114566
2,127,2652,1,0.411130
2,127,2702,1,0.110787
2,127,2752,1,0.365574
2,127,2802,1,0.281353
2,127,2852,1,0.626351
2,127,2902,1,1.170170
2,127,2952,1,0.514957
2,127,3002,1,0.414195
2,127,3052,1,0.622997
2,127,3102,1,0.681428
2,127,3152,1,0.428090
2,127,3202,1,0.389330
2,127,3252,1,0.618903
2,127,3302,1,0.679643
2,127,3352,1,0.536026
2,127,3402,1,0.348490
2,127,3452,1,0.324636
2,127,3502,1,0.453405
2,127,3552,1,0.072740
2,127,3602,1,0.073218
2,127,3652,1,0.711198
2,127,3702,1,0.307355
2,127,3752,1,0.191052
2,127,3802,1,0.498713
2,127,3852,1,0.485551
2,127,3902,1,0.650005
2,127,3952,1,0.098340
2,127,4002,1,0.935558
2,127,4052,1,0.865085
2,127,4102,1,1.048814
2,127,4152,1,0.530033
2,127,4202,1,0.403219
2,127,4252,1,0.245803
2,127,4302,1,0.449221
2,127,4352,1,0.367409
2,127,4402,1,0.393331
2,127,4452,1,0.355311
2,127,4502,1,0.377469
2,127,4552,1,1.039954
2,127,4602,1,0.376574
2,127,4652,1,0.919272
2,127,4702,1,0.190417
2,127,4752,1,0.437331
2,127,4802,1,0.576079
2,127,4852,1,0.246753
2,127,4902,1,0.563398
2,127,4952,1,0.323852
2,132,2,1,1.333187
2,132,52,1,1.089538
2,132,102,1,1.041654
2,132,152,1,1.260304
2,132,202,1,1.260112
2,132,252,1,0.926304
2,132,302,1,1.237850
2,132,352,1,1.129488
2,132,402,1,1.087836
2,132,452,1,1.163257
2,132,502,1,1.043084
2,132,552,1,1.234678
2,132,602,1,0.871375
2,132,652,1,0.801987
2,132,702,1,0.846494
2,132,752,1,0.860529
2,132,802,1,0.647936
2,132,852,1,1.173976
2,132,902,1,0.841606
2,132,952,1,1.082575
2,132,1002,1,0.744038
2,132,1052,1,0.942564
2,132,1102,1,0.982572
2,132,1152,1,0.772171
2,132,1202,1,0.755345
2,132,1252,1,0.379646
2,132,1302,1,0.663515
2,132,1352,1,0.460491
2,132,1402,1,0.596009
2,132,1452,1,0.612740
2,132,1502,1,0.882179
2,132,1552,1,0.854535
2,132,1602,1,0.446768
2,132,1652,1,0.602504
2,132,1702,1,0.462318
2,132,1752,1,1.130470
2,132,1802,1,0.835408
2,132,1852,1,0.689920
2,132,1902,1,0.607846
2,132,1952,1,0.643698
2,132,2002,1,0.524636
2,132,2052,1,0.822694
2,132,2102,1,0.304495
2,132,2152,1,0.786456
2,132,2202,1,1.052704
2,132,2252,1,0.799997
2,132,2302,1,0.535459
2,132,2352,1,0.904579
2,132,2402,1,0.400461
2,132,2452,1,0.803970
2,132,2502,1,1.117101
2,132,2552,1,0.408188
2,132,2602,1,0.330663
2,132,2652,1,0.161495
2,132,2702,1,0.556048
2,132,2752,1,0.561462
2,132,2802,1,0.759771
2,132,2852,1,0.174881
2,132,2902,1,0.093184
2,132,2952,1,0.500871
2,132,3002,1,0.685708
2,132,3052,1,0.234418
2,132,3102,1,0.175173
2,132,3152,1,0.682062
2,132,3202,1,0.628740
2,132,3252,1,0.590959
2,132,3302,1,0.562268
2,132,3352,1,0.296698
2,132,3402,1,0.548099
2,132,3452,1,0.566084
2,132,3502,1,0.450576
2,132,3552,1,0.308734
2,132,3602,1,0.473968
2,132,3652,1,0.287265
2,132,3702,1,0.745731
2,132,3752,1,0.586047
2,132,3802,1,0.503381
2,132,3852,1,0.793691
2,132,3902,1,0.620020
2,132,3952,1,0.416525
2,132,4002,1,0.601473
2,132,4052,1,0.203965
2,132,4102,1,0.266117
2,132,4152,1,1.140771
2,132,4202,1,0.595499
2,132,4252,1,0.811271
2,132,4302,1,0.419415
2,132,4352,1,0.527562
2,132,4402,1,0.721749
2,132,4452,1,0.416977
2,132,4502,1,0.454046
2,132,4552,1,0.421533
2,132,4602,1,0.626692
2,132,4652,1,0.445229
2,132,4702,1,0.101752
2,132,4752,1,0.345380
2,132,4802,1,0.482204
2,132,4852,1,0.496823
2,132,4902,1,1.069862
2,132,4952,1,0.413312
2,137,2,1,1.257525
2,137,52,1,1.160977
2,137,102,1,1.097439
2,137,152,1,1.076972
2,137,202,1,1.212095
2,137,252,1,0.874985
2,137,302,1,0.868504
2,137,352,1,1.136663
2,137,402,1,1.129595
2,137,452,1,1.088442
2,137,502,1,0.778217
2,137,552,1,0.829009
2,137,602,1,0.867842
2,137,652,1,0.950382
2,137,702,1,0.826506
2,137,752,1,0.869744
2,137,802,1,0.980449
2,137,852,1,0.939251
2,137,902,1,0.557172
2,137,952,1,0.882972
2,137,1002,1,0.870291
2,137,1052,1,0.732054
2,137,1102,1,0.619568
2,137,1152,1,0.655323
2,137,1202,1,0.675035
2,137,1252,1,0.680431
2,137,1302,1,0.970340
2,137,1352,1,0.747285
2,137,1402,1,0.611292
2,137,1452,1,0.845132
2,137,1502,1,0.647214
2,137,1552,1,0.101590
2,137,1602,1,0.564670
2,137,1652,1,0.521678
2,137,1702,1,0.797144
2,137,1752,1,0.617866
2,137,1802,1,0.726276
2,137,1852,1,0.503440
2,137,1902,1,0.674736
2,137,1952,1,0.633174
2,137,2002,1,0.761344
2,137,2052,1,0.994058
2,137,2102,1,0.342315
2,137,2152,1,0.652635
2,137,2202,1,0.799147
2,137,2252,1,0.239313
2,137,2302,1,0.473758
2,137,2352,1,0.582191
2,137,2402,1,0.514986
2,137,2452,1,0.444659
2,137,2502,1,1.001625
2,137,2552,1,0.236756
2,137,2602,1,0.760664
2,137,2652,1,0.583699
2,137,2702,1,1.018269
2,137,2752,1,0.682783
2,137,2802,1,0.392844
2,137,2852,1,0.137374
2,137,2902,1,0.622742
2,137,2952,1,0.116335
2,137,3002,1,0.675812
2,137,3052,1,0.383639
2,137,3102,1,0.272248
2,137,3152,1,0.604450
2,137,3202,1,0.875757
2,137,3252,1,0.475747
2,137,3302,1,0.448751
2,137,3352,1,0.242407
2,137,3402,1,0.096994
2,137,3452,1,0.492983
2,137,3502,1,0.474162
2,137,3552,1,1.002107
2,137,3602,1,0.454198
2,137,3652,1,0.485739
2,137,3702,1,0.330895
2,137,3752,1,0.499965
2,137,3802,1,0.137910
2,137,3852,1,0.682172
2,137,3902,1,0.482080
2,137,3952,1,0.348729
2,137,4002,1,0.526475
2,137,4052,1,1.128860
2,137,4102,1,0.305108
2,137,4152,1,0.238039
2,137,4202,1,1.018817
2,137,4252,1,0.164135
2,137,4302,1,0.280098
2,137,4352,1,0.320027
2,137,4402,1,0.329335
2,137,4452,1,0.395049
2,137,4502,1,0.406868
2,137,4552,1,0.655098
2,137,4602,1,0.516859
2,137,4652,1,0.437700
2,137,4702,1,1.063165
2,137,4752,1,0.441144
2,137,4802,1,0.493286
2,137,4852,1,0.734494
2,137,4902,1,0.413158
2,137,4952,1,0.588353
2,142,2,1,1.303902
2,142,52,1,1.088704
2,142,102,1,1.141007
2,142,152,1,1.254830
2,142,202,1,1.089897
2,142,252,1,1.039720
2,142,302,1,0.777682
2,142,352,1,0.949944
2,142,402,1,0.820721
2,142,452,1,0.681223
2,142,502,1,0.680618
2,142,552,1,0.642520
2,142,602,1,0.711413
2,142,652,1,0.825054
2,142,702,1,0.796453
2,142,752,1,0.760137
2,142,802,1,0.642969
2,142,852,1,0.866659
2,142,902,1,0.891090
2,142,952,1,0.885705
2,142,1002,1,0.560734
2,142,1052,1,0.640631
2,142,1102,1,0.617285
2,142,1152,1,0.584632
2,142,1202,1,0.767487
2,142,1252,1,0.647719
2,142,1302,1,0.926368
2,142,1352,1,0.597022
2,142,1402,1,0.586331
2,142,1452,1,0.907101
2,142,1502,1,0.839420
2,142,1552,1,0.631246
2,142,1602,1,0.932825
2,142,1652,1,0.569604
2,142,1702,1,0.710128
2,142,1752,1,0.713591
2,142,1802,1,0.655879
2,142,1852,1,0.836391
2,142,1902,1,0.649578
2,142,1952,1,0.278733
2,142,2002,1,0.591533
2,142,2052,1,0.712414
2,142,2102,1,0.879744
2,142,2152,1,0.767488
2,142,2202,1,0.411121
2,142,2252,1,0.307948
2,142,2302,1,0.388963
2,142,2352,1,0.687658
2,142,2402,1,0.212072
2,142,2452,1,0.576230
2,142,2502,1,0.781450
2,142,2552,1,0.798437
2,142,2602,1,0.313897
2,142,2652,1,0.289813
2,142,2702,1,0.622000
2,142,2752,1,0.307714
2,142,2802,1,0.593113
2,142,2852,1,1.042275
2,142,2902,1,0.988326
2,142,2952,1,0.110422
2,142,3002,1,1.043779
2,142,3052,1,0.570974
2,142,3102,1,0.265778
2,142,3152,1,0.819426
2,142,3202,1,0.545325
2,142,3252,1,0.623455
2,142,3302,1,0.538762
2,142,3352,1,1.038682
2,142,3402,1,0.517587
2,142,3452,1,0.392166
2,142,3502,1,0.421378
2,142,3552,1,0.188702
2,142,3602,1,0.479368
2,142,3652,1,0.159299
2,142,3702,1,0.254032
2,142,3752,1,0.440745
2,142,3802,1,0.477097
2,142,3852,1,0.346925
2,142,3902,1,0.383183
2,142,3952,1,0.409254
2,142,4002,1,0.215840
2,142,4052,1,0.354262
2,142,4102,1,0.459677
2,142,4152,1,0.322428
2,142,4202,1,1.059585
2,142,4252,1,0.442023
2,142,4302,1,0.392226
2,142,4352,1,0.356048
2,142,4402,1,0.958584
2,142,4452,1,0.514415
2,142,4502,1,0.835657
2,142,4552,1,0.496310
2,142,4602,1,0.091291
2,142,4652,1,0.397343
2,142,4702,1,0.239017
2,142,4752,1,0.637303
2,142,4802,1,1.085115
2,142,4852,1,0.793985
2,142,4902,1,0.821568
2,142,4952,1,0.235136
2,147,2,1,1.041809
2,147,52,1,1.096590
2,147,102,1,1.041988
2,147,152,1,1.346566
2,147,202,1,1.047856
2,147,252,1,1.390963
2,147,302,1,0.836017
2,147,352,1,1.154802
2,147,402,1,0.928209
2,147,452,1,0.979827
2,147,502,1,0.598590
2,147,552,1,1.173222
2,147,602,1,1.006584
2,147,652,1,0.612938
2,147,702,1,0.857754
2,147,752,1,0.312891
2,147,802,1,0.543263
2,147,852,1,0.817356
2,147,902,1,0.640359
2,147,952,1,0.625944
2,147,1002,1,0.878026
2,147,1052,1,0.952036
2,147,1102,1,0.876957
2,147,1152,1,0.847343
2,147,1202,1,0.553289
2,147,1252,1,1.175762
2,147,1302,1,0.716073
2,147,1352,1,0.606644
2,147,1402,1,0.744452
2,147,1452,1,0.262144
2,147,1502,1,0.805620
2,147,1552,1,0.763807
2,147,1602,1,0.830901
2,147,1652,1,0.874589
2,147,1702,1,0.885696
2,147,1752,1,0.648537
2,147,1802,1,0.385167
2,147,1852,1,0.410107
2,147,1902,1,0.796872
2,147,1952,1,0.372404
2,147,2002,1,0.730398
2,147,2052,1,1.156013
2,147,2102,1,0.711008
2,147,2152,1,0.655863
2,147,2202,1,0.547986
2,147,2252,1,0.362582
2,147,2302,1,0.349145
2,147,2352,1,1.124040
2,147,2402,1,0.279371
2,147,2452,1,0.512646
2,147,2502,1,0.410599
2,147,2552,1,1.120490
2,147,2602,1,0.860721
2,147,2652,1,0.495161
2,147,2702,1,0.312410
2,147,2752,1,0.798380
2,147,2802,1,0.070531
2,147,2852,1,0.251554
2,147,2902,1,0.411694
2,147,2952,1,0.691314
2,147,3002,1,0.247771
2,147,3052,1,0.498561
2,147,3102,1,0.309935
2,147,3152,1,0.645052
2,147,3202,1,0.599956
2,147,3252,1,1.031337
2,147,3302,1,0.407133
2,147,3352,1,0.367236
2,147,3402,1,0.268324
2,147,3452,1,0.490890
2,147,3502,1,1.075753
2,147,3552,1,0.388210
2,147,3602,1,0.453257
2,147,3652,1,0.986698
2,147,3702,1,0.441972
2,147,3752,1,0.433004
2,147,3802,1,0.330417
2,147,3852,1,0.448791
2,147,3902,1,0.894026
2,147,3952,1,0.418729
2,147,4002,1,0.317965
2,147,4052,1,0.272865
2,147,4102,1,0.265754
2,147,4152,1,1.102067
2,147,4202,1,0.434774
2,147,4252,1,0.161898
2,147,4302,1,0.646027
2,147,4352,1,1.112518
2,147,4402,1,1.016335
2,147,4452,1,0.962870
2,147,4502,1,0.952741
2,147,4552,1,0.095172
2,147,4602,1,0.303941
2,147,4652,1,0.432579
2,147,4702,1,1.170610
2,147,4752,1,0.312700
2,147,4802,1,1.144299
2,147,4852,1,0.390480
2,147,4902,1,0.427754
2,147,4952,1,0.450393
2,152,2,1,1.125811
2,152,52,1,1.154508
2,152,102,1,1.263017
2,152,152,1,1.135164
2,152,202,1,1.093426
2,152,252,1,1.163604
2,152,302,1,0.858568
2,152,352,1,0.745876
2,152,402,1,0.943121
2,152,452,1,0.662494
2,152,502,1,0.734001
2,152,552,1,0.891615
2,152,602,1,0.992687
2,152,652,1,0.652145
2,152,702,1,0.910619
2,152,752,1,0.667236
2,152,802,1,0.827950
2,152,852,1,0.757873
2,152,902,1,0.695781
2,152,952,1,0.836063
2,152,1002,1,0.837036
2,152,1052,1,0.776673
2,152,1102,1,0.787368
2,152,1152,1,1.054750
2,152,1202,1,0.613641
2,152,1252,1,0.936624
2,152,1302,1,0.821667
2,152,1352,1,0.787842
2,152,1402,1,0.827696
2,152,1452,1,0.943676
2,152,1502,1,0.791156
2,152,1552,1,0.117095
2,152,1602,1,0.844560
2,152,1652,1,0.686769
2,152,1702,1,0.399105
2,152,1752,1,0.827811
2,152,1802,1,0.662298
2,152,1852,1,0.752964
2,152,1902,1,0.659257
2,152,1952,1,0.545981
2,152,2002,1,0.658750
2,152,2052,1,0.609047
2,152,2102,1,0.198625
2,152,2152,1,1.056349
2,152,2202,1,1.048522
2,152,2252,1,0.515442
2,152,2302,1,0.704083
2,152,2352,1,0.999338
2,152,2402,1,0.338325
2,152,2452,1,0.237307
2,152,2502,1,0.198987
2,152,2552,1,0.954033
2,152,2602,1,0.692191
2,152,2652,1,0.741178
2,152,2702,1,0.622382
2,152,2752,1,0.453072
2,152,2802,1,0.740058
2,152,2852,1,0.570288
2,152,2902,1,0.172809
2,152,2952,1,0.453876
2,152,3002,1,0.566782
2,152,3052,1,0.890318
2,152,3102,1,0.608381
2,152,3152,1,0.133390
2,152,3202,1,0.282747
2,152,3252,1,0.924492
2,152,3302,1,0.549793
2,152,3352,1,0.375874
2,152,3402,1,0.397423
2,152,3452,1,0.397451
2,152,3502,1,0.616954
2,152,3552,1,1.153062
2,152,3602,1,0.582029
2,152,3652,1,0.495404
2,152,3702,1,0.411326
2,152,3752,1,0.372251
2,152,3802,1,0.501325
2,152,3852,1,0.707016
2,152,3902,1,0.415847
2,152,3952,1,0.661777
2,152,4002,1,0.260750
2,152,4052,1,1.062748
2,152,4102,1,0.278258
2,152,4152,1,0.372715
2,152,4202,1,0.273497
2,152,4252,1,0.351897
2,152,4302,1,0.230168
2,152,4352,1,0.345438
2,152,4402,1,0.955835
2,152,4452,1,0.560126
2,152,4502,1,0.296569
2,152,4552,1,1.052183
2,152,4602,1,0.433789
2,152,4652,1,0.584652
2,152,4702,1,0.580670
2,152,4752,1,0.515910
2,152,4802,1,0.421530
2,152,4852,1,0.203058
2,152,4902,1,0.335153
2,152,4952,1,0.606815
2,157,2,1,1.302757
2,157,52,1,0.834184
2,157,102,1,1.122038
2,157,152,1,1.130330
2,157,202,1,1.253870
2,157,252,1,1.358422
2,157,302,1,1.356421
2,157,352,1,1.042806
2,157,402,1,0.861383
2,157,452,1,1.089596
2,157,502,1,0.618357
2,157,552,1,1.191047
2,157,602,1,1.097372
2,157,652,1,0.644125
2,157,702,1,0.978754
2,157,752,1,0.984232
2,157,802,1,0.646504
2,157,852,1,1.020016
2,157,902,1,0.774648
2,157,952,1,0.580363
2,157,1002,1,0.561909
2,157,1052,1,0.606670
2,157,1102,1,0.771835
2,157,1152,1,0.737111
2,157,1202,1,0.383668
2,157,1252,1,0.776206
2,157,1302,1,0.660692
2,157,1352,1,0.756679
2,157,1402,1,0.855223
2,157,1452,1,0.923650
2,157,1502,1,0.815216
2,157,1552,1,0.988731
2,157,1602,1,0.913921
2,157,1652,1,0.497025
2,157,1702,1,0.787861
2,157,1752,1,0.102432
2,157,1802,1,0.771481
2,157,1852,1,0.827299
2,157,1902,1,0.943973
2,157,1952,1,0.284892
2,157,2002,1,0.921202
2,157,2052,1,0.674218
2,157,2102,1,0.681538
2,157,2152,1,0.960106
2,157,2202,1,0.740954
2,157,2252,1,0.332601
2,157,2302,1,0.612968
2,157,2352,1,0.464082
2,157,2402,1,0.474924
2,157,2452,1,0.515798
2,157,2502,1,0.221389
2,157,2552,1,0.454896
2,157,2602,1,0.598805
2,157,2652,1,0.404188
2,157,2702,1,0.653986
2,157,2752,1,0.485872
2,157,2802,1,0.434612
2,157,2852,1,0.146121
2,157,2902,1,0.356614
2,157,2952,1,0.565512
2,157,3002,1,0.581325
2,157,3052,1,0.269781
2,157,3102,1,0.553200
2,157,3152,1,0.294042
2,157,3202,1,0.255013
2,157,3252,1,0.324217
2,157,3302,1,0.463725
2,157,3352,1,0.109761
2,157,3402,1,0.422921
2,157,3452,1,1.139883
2,157,3502,1,0.472507
2,157,3552,1,0.545864
2,157,3602,1,0.299191
2,157,3652,1,0.407990
2,157,3702,1,1.074680
2,157,3752,1,0.640057
2,157,3802,1,0.316974
2,157,3852,1,0.452989
2,157,3902,1,0.358837
2,157,3952,1,0.362558
2,157,4002,1,0.522028
2,157,4052,1,0.343263
2,157,4102,1,0.603854
2,157,4152,1,0.635629
2,157,4202,1,0.844593
2,157,4252,1,0.301140
2,157,4302,1,0.278584
2,157,4352,1,1.214870
2,157,4402,1,0.110490
2,157,4452,1,0.412314
2,157,4502,1,0.416223
2,157,4552,1,0.446058
2,157,4602,1,0.406751
2,157,4652,1,0.060292
2,157,4702,1,0.249267
2,157,4752,1,0.594175
2,157,4802,1,0.226203
2,157,4852,1,1.068367
2,157,4902,1,0.159535
2,157,4952,1,0.417463
2,162,2,1,1.252769
2,162,52,1,1.144021
2,162,102,1,1.212896
2,162,152,1,1.159989
2,162,202,1,1.043284
2,162,252,1,1.355712
2,162,302,1,0.747444
2,162,352,1,0.902739
2,162,402,1,1.129588
2,162,452,1,1.346342
2,162,502,1,0.890436
2,162,552,1,1.162310
2,162,602,1,0.908481
2,162,652,1,0.604146
2,162,702,1,0.836349
2,162,752,1,0.707624
2,162,802,1,0.934155
2,162,852,1,0.746793
2,162,902,1,1.079452
2,162,952,1,0.710813
2,162,1002,1,0.906153
2,162,1052,1,0.883626
2,162,1102,1,0.708783
2,162,1152,1,0.982454
2,162,1202,1,0.557315
2,162,1252,1,0.486585
2,162,1302,1,0.653313
2,162,1352,1,0.935960
2,162,1402,1,0.668637
2,162,1452,1,1.045711
2,162,1502,1,0.559197
2,162,1552,1,0.978515
2,162,1602,1,0.947752
2,162,1652,1,0.891795
2,162,1702,1,0.560642
2,162,1752,1,0.857126
2,162,1802,1,0.582520
2,162,1852,1,0.729532
2,162,1902,1,0.677162
2,162,1952,1,0.686041
2,162,2002,1,0.276619
2,162,2052,1,0.324216
2,162,2102,1,0.902280
2,162,2152,1,0.508388
2,162,2202,1,0.265040
2,162,2252,1,0.980744
2,162,2302,1,0.406274
2,162,2352,1,0.559510
2,162,2402,1,0.472370
2,162,2452,1,0.616647
2,162,2502,1,0.188169
2,162,2552,1,0.218542
2,162,2602,1,0.602969
2,162,2652,1,0.824845
2,162,2702,1,0.249346
2,162,2752,1,0.398100
2,162,2802,1,0.611924
2,162,2852,1,0.492002
2,162,2902,1,0.999559
2,162,2952,1,0.185210
2,162,3002,1,0.458284
2,162,3052,1,0.782669
2,162,3102,1,0.429469
2,162,3152,1,1.077998
2,162,3202,1,0.527585
2,162,3252,1,0.454634
2,162,3302,1,0.412024
2,162,3352,1,0.431190
2,162,3402,1,0.590477
2,162,3452,1,0.661300
2,162,3502,1,0.503154
2,162,3552,1,0.500703
2,162,3602,1,0.467450
2,162,3652,1,0.960369
2,162,3702,1,0.497644
2,162,3752,1,0.516618
2,162,3802,1,0.113240
2,162,3852,1,0.418105
2,162,3902,1,0.996410
2,162,3952,1,0.300655
2,162,4002,1,0.889296
2,162,4052,1,0.481036
2,162,4102,1,0.558933
2,162,4152,1,0.798994
2,162,4202,1,0.256723
2,162,4252,1,0.813801
2,162,4302,1,0.535845
2,162,4352,1,0.595858
2,162,4402,1,0.395681
2,162,4452,1,0.640820
2,162,4502,1,0.555260
2,162,4552,1,0.232710
2,162,4602,1,0.622020
2,162,4652,1,0.418581
2,162,4702,1,0.302767
2,162,4752,1,0.335561
2,162,4802,1,0.338827
2,162,4852,1,0.397662
2,162,4902,1,0.438067
2,162,4952,1,0.493182
2,167,2,1,1.312867
2,167,52,1,1.233463
2,167,102,1,1.327155
2,167,152,1,1.338008
2,167,202,1,1.096360
2,167,252,1,1.073495
2,167,302,1,0.825462
2,167,352,1,1.263840
2,167,402,1,1.231091
2,167,452,1,1.003546
2,167,502,1,1.163437
2,167,552,1,1.063520
2,167,602,1,0.926775
2,167,652,1,0.811988
2,167,702,1,0.882687
2,167,752,1,0.643468
2,167,802,1,0.738974
2,167,852,1,0.652905
2,167,902,1,0.858680
2,167,952,1,0.903040
2,167,1002,1,0.552619
2,167,1052,1,0.945341
2,167,1102,1,0.738216
2,167,1152,1,0.980612
2,167,1202,1,0.561574
2,167,1252,1,1.137617
2,167,1302,1,0.405034
2,167,1352,1,1.075304
2,167,1402,1,0.654036
2,167,1452,1,0.515563
2,167,1502,1,0.799149
2,167,1552,1,1.016866
2,167,1602,1,1.068374
2,167,1652,1,0.426255
2,167,1702,1,0.898182
2,167,1752,1,0.493616
2,167,1802,1,0.742784
2,167,1852,1,0.377221
2,167,1902,1,0.957579
2,167,1952,1,0.641771
2,167,2002,1,0.392614
2,167,2052,1,0.673600
2,167,2102,1,0.509206
2,167,2152,1,0.741030
2,167,2202,1,0.492623
2,167,2252,1,0.427426
2,167,2302,1,0.441853
2,167,2352,1,0.311294
2,167,2402,1,0.394440
2,167,2452,1,1.061546
2,167,2502,1,0.356467
2,167,2552,1,0.655678
2,167,2602,1,0.608261
2,167,2652,1,0.311607
2,167,2702,1,0.522484
2,167,2752,1,0.279118
2,167,2802,1,1.033180
2,167,2852,1,0.539879
2,167,2902,1,0.574676
2,167,2952,1,0.362427
2,167,3002,1,0.146086
2,167,3052,1,0.688138
2,167,3102,1,0.350669
2,167,3152,1,0.271254
2,167,3202,1,0.986526
2,167,3252,1,0.256703
2,167,3302,1,0.560415
2,167,3352,1,0.258644
2,167,3402,1,0.564016
2,167,3452,1,0.076038
2,167,3502,1,0.548114
2,167,3552,1,0.403236
2,167,3602,1,0.545473
2,167,3652,1,0.316069
2,167,3702,1,1.073232
2,167,3752,1,0.651231
2,167,3802,1,0.554014
2,167,3852,1,0.722094
2,167,3902,1,0.320728
2,167,3952,1,0.746602
2,167,4002,1,0.558304
2,167,4052,1,0.613719
2,167,4102,1,0.490727
2,167,4152,1,0.438423
2,167,4202,1,0.977948
2,167,4252,1,0.591720
2,167,4302,1,1.115260
2,167,4352,1,0.410736
2,167,4402,1,0.567707
2,167,4452,1,0.688582
2,167,4502,1,0.932014
2,167,4552,1,0.903436
2,167,4602,1,0.810561
2,167,4652,1,0.316595
2,167,4702,1,0.983162
2,167,4752,1,0.858456
2,167,4802,1,0.884824
2,167,4852,1,0.601872
2,167,4902,1,0.355351
2,167,4952,1,0.316967
2,172,2,1,1.278038
2,172,52,1,1.160087
2,172,102,1,1.141171
2,172,152,1,1.232005
2,172,202,1,1.093528
2,172,252,1,0.813130
2,172,302,1,0.733103
2,172,352,1,1.232875
2,172,402,1,1.041806
2,172,452,1,0.809357
2,172,502,1,0.775280
2,172,552,1,0.956913
2,172,602,1,1.138361
2,172,652,1,0.890585
2,172,702,1,0.879070
2,172,752,1,0.807770
2,172,802,1,1.247360
2,172,852,1,0.660456
2,172,902,1,0.818857
2,172,952,1,0.662533
2,172,1002,1,0.938823
2,172,1052,1,0.832242
2,172,1102,1,0.944649
2,172,1152,1,0.817912
2,172,1202,1,0.641769
2,172,1252,1,0.765781
2,172,1302,1,0.648183
2,172,1352,1,0.736965
2,172,1402,1,0.464739
2,172,1452,1,0.643552
2,172,1502,1,0.920304
2,172,1552,1,0.339468
2,172,1602,1,0.705078
2,172,1652,1,0.829965
2,172,1702,1,0.411326
2,172,1752,1,0.869570
2,172,1802,1,0.682410
2,172,1852,1,0.302809
2,172,1902,1,0.500329
2,172,1952,1,0.922143
2,172,2002,1,1.072942
2,172,2052,1,0.390555
2,172,2102,1,0.450171
2,172,2152,1,0.241357
2,172,2202,1,0.575327
2,172,2252,1,0.982077
2,172,2302,1,0.642031
2,172,2352,1,0.787362
2,172,2402,1,0.630531
2,172,2452,1,0.829315
2,172,2502,1,0.751001
2,172,2552,1,0.168925
2,172,2602,1,0.507668
2,172,2652,1,0.272738
2,172,2702,1,0.395867
2,172,2752,1,0.496423
2,172,2802,1,0.495947
2,172,2852,1,0.679806
2,172,2902,1,0.628413
2,172,2952,1,0.943849
2,172,3002,1,0.295855
2,172,3052,1,0.421433
2,172,3102,1,0.554083
2,172,3152,1,0.609053
2,172,3202,1,0.676004
2,172,3252,1,0.273195
2,172,3302,1,0.920091
2,172,3352,1,0.148513
2,172,3402,1,0.345346
2,172,3452,1,0.560105
2,172,3502,1,0.887898
2,172,3552,1,0.444506
2,172,3602,1,0.443278
2,172,3652,1,0.305583
2,172,3702,1,0.469580
2,172,3752,1,0.488337
2,172,3802,1,0.194222
2,172,3852,1,0.613310
2,172,3902,1,1.026964
2,172,3952,1,0.976112
2,172,4002,1,0.505736
2,172,4052,1,0.447310
2,172,4102,1,0.563181
2,172,4152,1,0.145661
2,172,4202,1,0.957551
2,172,4252,1,0.471700
2,172,4302,1,0.434014
2,172,4352,1,0.351916
2,172,4402,1,0.936735
2,172,4452,1,0.716630
2,172,4502,1,0.830655
2,172,4552,1,0.702644
2,172,4602,1,0.349653
2,172,4652,1,0.962069
2,172,4702,1,0.422127
2,172,4752,1,0.391823
2,172,4802,1,0.351285
2,172,4852,1,0.102360
2,172,4902,1,0.412440
2,172,4952,1,0.434336
2,177,2,1,1.323154
2,177,52,1,1.262329
2,177,102,1,1.218650
2,177,152,1,1.263792
2,177,202,1,1.089307
2,177,252,1,1.255278
2,177,302,1,0.594144
2,177,352,1,0.822700
2,177,402,1,0.982749
2,177,452,1,0.919137
2,177,502,1,1.053581
2,177,552,1,0.916140
2,177,602,1,0.984554
2,177,652,1,0.857217
2,177,702,1,0.856816
2,177,752,1,0.826835
2,177,802,1,0.763137
2,177,852,1,0.872540
2,177,902,1,0.893098
2,177,952,1,0.551280
2,177,1002,1,0.643385
2,177,1052,1,0.826781
2,177,1102,1,0.962653
2,177,1152,1,0.936359
2,177,1202,1,0.524010
2,177,1252,1,0.754849
2,177,1302,1,0.611173
2,177,1352,1,0.983701
2,177,1402,1,0.771491
2,177,1452,1,0.883247
2,177,1502,1,0.644039
2,177,1552,1,0.629787
2,177,1602,1,0.719478
2,177,1652,1,0.602175
2,177,1702,1,0.673904
2,177,1752,1,0.305512
2,177,1802,1,0.866433
2,177,1852,1,0.951551
2,177,1902,1,0.803425
2,177,1952,1,0.233754
2,177,2002,1,0.510171
2,177,2052,1,0.678702
2,177,2102,1,0.690375
2,177,2152,1,0.997650
2,177,2202,1,0.266869
2,177,2252,1,1.007423
2,177,2302,1,1.095906
2,177,2352,1,0.760860
2,177,2402,1,0.133796
2,177,2452,1,0.514287
2,177,2502,1,1.142359
2,177,2552,1,0.327654
2,177,2602,1,0.501628
2,177,2652,1,0.463920
2,177,2702,1,1.076423
2,177,2752,1,0.903936
2,177,2802,1,0.489748
2,177,2852,1,0.073667
2,177,2902,1,0.288423
2,177,2952,1,0.186164
2,177,3002,1,0.626844
2,177,3052,1,0.222158
2,177,3102,1,0.454534
2,177,3152,1,0.280611
2,177,3202,1,0.963316
2,177,3252,1,0.528902
2,177,3302,1,0.418994
2,177,3352,1,0.860307
2,177,3402,1,0.280122
2,177,3452,1,0.403206
2,177,3502,1,0.424385
2,177,3552,1,0.588066
2,177,3602,1,0.199481
2,177,3652,1,0.452445
2,177,3702,1,0.066470
2,177,3752,1,0.585780
2,177,3802,1,0.350158
2,177,3852,1,0.660574
2,177,3902,1,0.277021
2,177,3952,1,0.321649
2,177,4002,1,0.345122
2,177,4052,1,1.080108
2,177,4102,1,0.937400
2,177,4152,1,0.688092
2,177,4202,1,0.191339
2,177,4252,1,0.428404
2,177,4302,1,0.639391
2,177,4352,1,1.050751
2,177,4402,1,0.152910
2,177,4452,1,0.255636
2,177,4502,1,0.439380
2,177,4552,1,0.563864
2,177,4602,1,0.284354
2,177,4652,1,0.581764
2,177,4702,1,0.517567
2,177,4752,1,0.511119
2,177,4802,1,0.980247
2,177,4852,1,0.219569
2,177,4902,1,0.607358
2,177,4952,1,0.460889
2,182,2,1,1.269622
2,182,52,1,0.778551
2,182,102,1,1.321317
2,182,152,1,0.827709
2,182,202,1,0.769550
2,182,252,1,1.345830
2,182,302,1,1.104497
2,182,352,1,0.818733
2,182,402,1,0.808399
2,182,452,1,0.785256
2,182,502,1,0.824488
2,182,552,1,1.159905
2,182,602,1,0.859236
2,182,652,1,0.875069
2,182,702,1,0.856204
2,182,752,1,0.470967
2,182,802,1,0.674805
2,182,852,1,0.850264
2,182,902,1,0.799939
2,182,952,1,0.765862
2,182,1002,1,0.595223
2,182,1052,1,0.711610
2,182,1102,1,0.912540
2,182,1152,1,0.751920
2,182,1202,1,0.651932
2,182,1252,1,0.484291
2,182,1302,1,0.929336
2,182,1352,1,0.434689
2,182,1402,1,0.384137
2,182,1452,1,0.826268
2,182,1502,1,0.912681
2,182,1552,1,0.682958
2,182,1602,1,0.761355
2,182,1652,1,0.491925
2,182,1702,1,0.694464
2,182,1752,1,0.738177
2,182,1802,1,0.532017
2,182,1852,1,0.692230
2,182,1902,1,0.435051
2,182,1952,1,0.648150
2,182,2002,1,0.840011
2,182,2052,1,0.441098
2,182,2102,1,0.604457
2,182,2152,1,0.139677
2,182,2202,1,0.787762
2,182,2252,1,0.588076
2,182,2302,1,0.059028
2,182,2352,1,0.396367
2,182,2402,1,0.867121
2,182,2452,1,0.568827
2,182,2502,1,1.007001
2,182,2552,1,0.582863
2,182,2602,1,0.614974
2,182,2652,1,0.825873
2,182,2702,1,0.206410
2,182,2752,1,1.135136
2,182,2802,1,0.527818
2,182,2852,1,0.245062
2,182,2902,1,0.494729
2,182,2952,1,0.769107
2,182,3002,1,0.143671
2,182,3052,1,0.575996
2,182,3102,1,0.584338
2,182,3152,1,0.246230
2,182,3202,1,0.099827
2,182,3252,1,0.556522
2,182,3302,1,0.273801
2,182,3352,1,0.367466
2,182,3402,1,0.406839
2,182,3452,1,0.408367
2,182,3502,1,0.404008
2,182,3552,1,0.511568
2,182,3602,1,0.354003
2,182,3652,1,0.396315
2,182,3702,1,0.493467
2,182,3752,1,0.542019
2,182,3802,1,0.393452
2,182,3852,1,0.129889
2,182,3902,1,0.112060
2,182,3952,1,0.567932
2,182,4002,1,0.312373
2,182,4052,1,0.089085
2,182,4102,1,0.721933
2,182,4152,1,0.401153
2,182,4202,1,0.245918
2,182,4252,1,0.703491
2,182,4302,1,0.543780
2,182,4352,1,0.597533
2,182,4402,1,0.790973
2,182,4452,1,0.495858
2,182,4502,1,0.198293
2,182,4552,1,0.289931
2,182,4602,1,0.365549
2,182,4652,1,0.952141
2,182,4702,1,0.930101
2,182,4752,1,0.235161
2,182,4802,1,0.165330
2,182,4852,1,0.503999
2,182,4902,1,1.022074
2,182,4952,1,0.492237
2,187,2,1,1.131790
2,187,52,1,1.091771
2,187,102,1,1.137812
2,187,152,1,1.139826
2,187,202,1,1.135709
2,187,252,1,1.133314
2,187,302,1,0.872486
2,187,352,1,1.132599
2,187,402,1,0.711976
2,187,452,1,1.089333
2,187,502,1,0.766470
2,187,552,1,0.810161
2,187,602,1,0.829834
2,187,652,1,0.782021
2,187,702,1,0.674043
2,187,752,1,0.687783
2,187,802,1,0.836193
2,187,852,1,0.685812
2,187,902,1,0.961274
2,187,952,1,0.644846
2,187,1002,1,0.979219
2,187,1052,1,0.555596
2,187,1102,1,0.898754
2,187,1152,1,0.652844
2,187,1202,1,0.641911
2,187,1252,1,0.731405
2,187,1302,1,0.959003
2,187,1352,1,0.538886
2,187,1402,1,0.639075
2,187,1452,1,0.913039
2,187,1502,1,1.011363
2,187,1552,1,0.638457
2,187,1602,1,0.413812
2,187,1652,1,0.676185
2,187,1702,1,1.150246
2,187,1752,1,0.380848
2,187,1802,1,0.618951
2,187,1852,1,0.616904
2,187,1902,1,0.666702
2,187,1952,1,0.898987
2,187,2002,1,0.770958
2,187,2052,1,1.072770
2,187,2102,1,0.317407
2,187,2152,1,0.819834
2,187,2202,1,0.464160
2,187,2252,1,0.617314
2,187,2302,1,0.262729
2,187,2352,1,0.884976
2,187,2402,1,0.477064
2,187,2452,1,0.729579
2,187,2502,1,0.511076
2,187,2552,1,0.854393
2,187,2602,1,0.427092
2,187,2652,1,0.120335
2,187,2702,1,0.214519
2,187,2752,1,0.753738
2,187,2802,1,0.667474
2,187,2852,1,0.577648
2,187,2902,1,0.365945
2,187,2952,1,1.038126
2,187,3002,1,0.267961
2,187,3052,1,1.043407
2,187,3102,1,0.485357
2,187,3152,1,0.547564
2,187,3202,1,0.325571
2,187,3252,1,0.407196
2,187,3302,1,0.328676
2,187,3352,1,0.566773
2,187,3402,1,0.525592
2,187,3452,1,0.539824
2,187,3502,1,0.610626
2,187,3552,1,0.399296
2,187,3602,1,1.017811
2,187,3652,1,0.174610
2,187,3702,1,0.329951
2,187,3752,1,0.466282
2,187,3802,1,0.564532
2,187,3852,1,0.531169
2,187,3902,1,0.336254
2,187,3952,1,0.348959
2,187,4002,1,1.117285
2,187,4052,1,0.127048
2,187,4102,1,1.044371
2,187,4152,1,0.915677
2,187,4202,1,0.490694
2,187,4252,1,0.429519
2,187,4302,1,0.758007
2,187,4352,1,0.079962
2,187,4402,1,0.279048
2,187,4452,1,0.300451
2,187,4502,1,0.500234
2,187,4552,1,0.154839
2,187,4602,1,1.112118
2,187,4652,1,0.920674
2,187,4702,1,1.017301
2,187,4752,1,0.458674
2,187,4802,1,0.535576
2,187,4852,1,1.042350
2,187,4902,1,0.663726
2,187,4952,1,0.610133
2,192,2,1,1.087643
2,192,52,1,1.133580
2,192,102,1,1.241415
2,192,152,1,0.710978
2,192,202,1,1.134393
2,192,252,1,0.603972
2,192,302,1,1.159078
2,192,352,1,0.857826
2,192,402,1,1.238216
2,192,452,1,1.047863
2,192,502,1,0.835054
2,192,552,1,0.786867
2,192,602,1,1.173202
2,192,652,1,0.930085
2,192,702,1,0.759355
2,192,752,1,0.383309
2,192,802,1,1.253117
2,192,852,1,0.598238
2,192,902,1,0.880141
2,192,952,1,0.571362
2,192,1002,1,1.102444
2,192,1052,1,0.668969
2,192,1102,1,0.818533
2,192,1152,1,0.762887
2,192,1202,1,0.594185
2,192,1252,1,0.848656
2,192,1302,1,0.459638
2,192,1352,1,0.489432
2,192,1402,1,0.827137
2,192,1452,1,0.557484
2,192,1502,1,0.455412
2,192,1552,1,0.845741
2,192,1602,1,0.441545
2,192,1652,1,0.819965
2,192,1702,1,1.017627
2,192,1752,1,1.099034
2,192,1802,1,0.493042
2,192,1852,1,0.599516
2,192,1902,1,0.780761
2,192,1952,1,0.722748
2,192,2002,1,0.417525
2,192,2052,1,0.522962
2,192,2102,1,0.535528
2,192,2152,1,0.465307
2,192,2202,1,0.472112
2,192,2252,1,0.350530
2,192,2302,1,0.429810
2,192,2352,1,0.799008
2,192,2402,1,0.714960
2,192,2452,1,0.288953
2,192,2502,1,0.167329
2,192,2552,1,0.498965
2,192,2602,1,0.965780
2,192,2652,1,0.504005
2,192,2702,1,0.792155
2,192,2752,1,0.270867
2,192,2802,1,0.055212
2,192,2852,1,1.029766
2,192,2902,1,1.058395
2,192,2952,1,0.602820
2,192,3002,1,0.399065
2,192,3052,1,0.568863
2,192,3102,1,0.143168
2,192,3152,1,1.071991
2,192,3202,1,0.342718
2,192,3252,1,1.062766
2,192,3302,1,0.836554
2,192,3352,1,0.349749
2,192,3402,1,0.649251
2,192,3452,1,0.420244
2,192,3502,1,0.238772
2,192,3552,1,0.425789
2,192,3602,1,0.229174
2,192,3652,1,0.578518
2,192,3702,1,0.649623
2,192,3752,1,0.591262
2,192,3802,1,1.087162
2,192,3852,1,0.323682
2,192,3902,1,0.573255
2,192,3952,1,0.403075
2,192,4002,1,0.512609
2,192,4052,1,1.065917
2,192,4102,1,0.341722
2,192,4152,1,0.433884
2,192,4202,1,0.955368
2,192,4252,1,0.179702
2,192,4302,1,1.135009
2,192,4352,1,0.719155
2,192,4402,1,0.912553
2,192,4452,1,0.262661
2,192,4502,1,1.080013
2,192,4552,1,0.369777
2,192,4602,1,0.247287
2,192,4652,1,0.552973
2,192,4702,1,0.193992
2,192,4752,1,0.803182
2,192,4802,1,0.571262
2,192,4852,1,0.475509
2,192,4902,1,0.565037
2,192,4952,1,0.428419
2,197,2,1,1.306955
2,197,52,1,1.234211
2,197,102,1,0.932502
2,197,152,1,1.252478
2,197,202,1,1.340514
2,197,252,1,1.165949
2,197,302,1,1.139195
2,197,352,1,1.133985
2,197,402,1,0.949044
2,197,452,1,1.134636
2,197,502,1,0.733977
2,197,552,1,0.826982
2,197,602,1,0.838829
2,197,652,1,0.550714
2,197,702,1,0.696047
2,197,752,1,1.035863
2,197,802,1,0.996556
2,197,852,1,0.823962
2,197,902,1,1.100230
2,197,952,1,0.617804
2,197,1002,1,0.732186
2,197,1052,1,0.763530
2,197,1102,1,0.603397
2,197,1152,1,0.827538
2,197,1202,1,0.868541
2,197,1252,1,0.806336
2,197,1302,1,0.644578
2,197,1352,1,0.553458
2,197,1402,1,0.612400
2,197,1452,1,0.994008
2,197,1502,1,0.647529
2,197,1552,1,0.709517
2,197,1602,1,0.721033
2,197,1652,1,0.668564
2,197,1702,1,0.767675
2,197,1752,1,0.901297
2,197,1802,1,0.443904
2,197,1852,1,1.112044
2,197,1902,1,0.647320
2,197,1952,1,0.514015
2,197,2002,1,0.813170
2,197,2052,1,0.455467
2,197,2102,1,0.241005
2,197,2152,1,0.758087
2,197,2202,1,0.513435
2,197,2252,1,0.845916
2,197,2302,1,0.465089
2,197,2352,1,1.109243
2,197,2402,1,0.666468
2,197,2452,1,0.580009
2,197,2502,1,0.542211
2,197,2552,1,0.343181
2,197,2602,1,0.745067
2,197,2652,1,0.325670
2,197,2702,1,0.466286
2,197,2752,1,0.537560
2,197,2802,1,1.006743
2,197,2852,1,1.005257
2,197,2902,1,0.320107
2,197,2952,1,0.163140
2,197,3002,1,0.351101
2,197,3052,1,0.702545
2,197,3102,1,1.027746
2,197,3152,1,0.204270
2,197,3202,1,0.447882
2,197,3252,1,0.433696
2,197,3302,1,0.540735
2,197,3352,1,0.409060
2,197,3402,1,0.958036
2,197,3452,1,0.417403
2,197,3502,1,0.364865
2,197,3552,1,0.482282
2,197,3602,1,0.523732
2,197,3652,1,0.353968
2,197,3702,1,0.364248
2,197,3752,1,0.133022
2,197,3802,1,0.408688
2,197,3852,1,0.162363
2,197,3902,1,0.318165
2,197,3952,1,0.148006
2,197,4002,1,0.291706
2,197,4052,1,0.620809
2,197,4102,1,0.713362
2,197,4152,1,0.933090
2,197,4202,1,0.936167
2,197,4252,1,0.493407
2,197,4302,1,0.219579
2,197,4352,1,0.484519
2,197,4402,1,0.457651
2,197,4452,1,0.502665
2,197,4502,1,0.535155
2,197,4552,1,0.259171
2,197,4602,1,0.438488
2,197,4652,1,0.939183
2,197,4702,1,0.805718
2,197,4752,1,0.947101
2,197,4802,1,0.261561
2,197,4852,1,0.081916
2,197,4902,1,0.427350
2,197,4952,1,0.612994
4,2,2,1,1.248281
4,2,52,1,1.224744
4,2,102,1,1.041048
4,2,152,1,1.135756
4,2,202,1,1.224728
4,2,252,1,1.287564
4,2,302,1,1.233891
4,2,352,1,1.231147
4,2,402,1,1.234728
4,2,452,1,1.234239
4,2,502,1,1.145712
4,2,552,1,1.137037
4,2,602,1,1.239395
4,2,652,1,1.040968
4,2,702,1,1.234819
4,2,752,1,1.231468
4,2,802,1,1.142737
4,2,852,1,1.135723
4,2,902,1,1.287819
4,2,952,1,1.144962
4,2,1002,1,1.237986
4,2,1052,1,1.237580
4,2,1102,1,1.144908
4,2,1152,1,1.129033
4,2,1202,1,1.088509
4,2,1252,1,1.068090
4,2,1302,1,1.283154
4,2,1352,1,1.094172
4,2,1402,1,1.040434
4,2,1452,1,1.283208
4,2,1502,1,1.144696
4,2,1552,1,1.142229
4,2,1602,1,1.135258
4,2,1652,1,1.094189
4,2,1702,1,1.278590
4,2,1752,1,1.235814
4,2,1802,1,1.144275
4,2,1852,1,1.220997
4,2,1902,1,1.234780
4,2,1952,1,1.041320
4,2,2002,1,1.041276
4,2,2052,1,1.142703
4,2,2102,1,1.227791
4,2,2152,1,1.235088
4,2,2202,1,1.233544
4,2,2252,1,1.094451
4,2,2302,1,1.040953
4,2,2352,1,1.236127
4,2,2402,1,1.242218
4,2,2452,1,1.143998
4,2,2502,1,1.235257
4,2,2552,1,1.235590
4,2,2602,1,1.223439
4,2,2652,1,1.238432
4,2,2702,1,1.237828
4,2,2752,1,1.288209
4,2,2802,1,1.234349
4,2,2852,1,1.041144
4,2,2902,1,1.041235
4,2,2952,1,1.227580
4,2,3002,1,1.231941
4,2,3052,1,1.235264
4,2,3102,1,1.144487
4,2,3152,1,1.129970
4,2,3202,1,1.223340
4,2,3252,1,1.233559
4,2,3302,1,1.156788
4,2,3352,1,1.125190
4,2,3402,1,1.089780
4,2,3452,1,1.143891
4,2,3502,1,1.235211
4,2,3552,1,1.092997
4,2,3602,1,1.134155
4,2,3652,1,1.237569
4,2,3702,1,1.146118
4,2,3752,1,1.142473
4,2,3802,1,1.237915
4,2,3852,1,1.040782
4,2,3902,1,1.040196
4,2,3952,1,1.227771
4,2,4002,1,1.223851
4,2,4052,1,1.235738
4,2,4102,1,1.128040
4,2,4152,1,1.131293
4,2,4202,1,1.225185
4,2,4252,1,1.236384
4,2,4302,1,1.093460
4,2,4352,1,1.232366
4,2,4402,1,1.142007
4,2,4452,1,1.082409
4,2,4502,1,1.286956
4,2,4552,1,1.234619
4,2,4602,1,1.226330
4,2,4652,1,1.148243
4,2,4702,1,1.233210
4,2,4752,1,1.110573
4,2,4802,1,1.075185
4,2,4852,1,1.145230
4,2,4902,1,1.244309
4,2,4952,1,1.238187
4,7,2,1,1.133845
4,7,52,1,1.237409
4,7,102,1,1.246231
4,7,152,1,1.134877
4,7,202,1,1.233423
4,7,252,1,1.286945
4,7,302,1,1.230954
4,7,352,1,1.237517
4,7,402,1,1.144731
4,7,452,1,1.230348
4,7,502,1,1.225791
4,7,552,1,1.235910
4,7,602,1,1.130978
4,7,652,1,1.144103
4,7,702,1,1.135965
4,7,752,1,1.135990
4,7,802,1,1.232939
4,7,852,1,1.234751
4,7,902,1,1.285388
4,7,952,1,1.134525
4,7,1002,1,1.084006
4,7,1052,1,1.221454
4,7,1102,1,1.286185
4,7,1152,1,1.134132
4,7,1202,1,1.259672
4,7,1252,1,1.086660
4,7,1302,1,1.285129
4,7,1352,1,1.220662
4,7,1402,1,1.235942
4,7,1452,1,1.243239
4,7,1502,1,1.143883
4,7,1552,1,1.234584
4,7,1602,1,1.146192
4,7,1652,1,1.142936
4,7,1702,1,1.233251
4,7,1752,1,1.097701
4,7,1802,1,1.088026
4,7,1852,1,1.229067
4,7,1902,1,1.291219
4,7,1952,1,1.226243
4,7,2002,1,1.042352
4,7,2052,1,1.221184
4,7,2102,1,1.292893
4,7,2152,1,1.156444
4,7,2202,1,1.157256
4,7,2252,1,1.041698
4,7,2302,1,1.145673
4,7,2352,1,1.236926
4,7,2402,1,1.223739
4,7,2452,1,1.245657
4,7,2502,1,1.133917
4,7,2552,1,1.129426
4,7,2602,1,1.081225
4,7,2652,1,1.144578
4,7,2702,1,1.233404
4,7,2752,1,1.283525
4,7,2802,1,1.041071
4,7,2852,1,1.129001
4,7,2902,1,1.232273
4,7,2952,1,1.243724
4,7,3002,1,1.089263
4,7,3052,1,1.095053
4,7,3102,1,1.231011
4,7,3152,1,1.235422
4,7,3202,1,1.251266
4,7,3252,1,1.223984
4,7,3302,1,1.235966
4,7,3352,1,1.042268
4,7,3402,1,1.041553
4,7,3452,1,1.137077
4,7,3502,1,1.239637
4,7,3552,1,1.042704
4,7,3602,1,1.250477
4,7,3652,1,1.134969
4,7,3702,1,1.144275
4,7,3752,1,1.153178
4,7,3802,1,1.234874
4,7,3852,1,1.091068
4,7,3902,1,1.238574
4,7,3952,1,1.103933
4,7,4002,1,1.054213
4,7,4052,1,1.237970
4,7,4102,1,1.294997
4,7,4152,1,1.131955
4,7,4202,1,1.262797
4,7,4252,1,1.280605
4,7,4302,1,1.227851
4,7,4352,1,1.227913
4,7,4402,1,1.040958
4,7,4452,1,1.046604
4,7,4502,1,1.225046
4,7,4552,1,1.145028
4,7,4602,1,1.233494
4,7,4652,1,1.242789
4,7,4702,1,1.226739
4,7,4752,1,1.101367
4,7,4802,1,1.257962
4,7,4852,1,1.234256
4,7,4902,1,1.275278
4,7,4952,1,1.140473
4,12,2,1,1.135148
4,12,52,1,0.797034
4,12,102,1,0.940951
4,12,152,1,0.949327
4,12,202,1,0.985187
4,12,252,1,1.022215
4,12,302,1,0.972974
4,12,352,1,1.011509
4,12,402,1,1.107049
4,12,452,1,0.954203
4,12,502,1,1.012806
4,12,552,1,0.956202
4,12,602,1,1.135457
4,12,652,1,0.932475
4,12,702,1,0.982287
4,12,752,1,0.950529
4,12,802,1,1.025114
4,12,852,1,0.987690
4,12,902,1,0.926296
4,12,952,1,0.931608
4,12,1002,1,0.946745
4,12,1052,1,1.078252
4,12,1102,1,1.106774
4,12,1152,1,0.929701
4,12,1202,1,0.988092
4,12,1252,1,1.040474
4,12,1302,1,0.931027
4,12,1352,1,0.917774
4,12,1402,1,0.993024
4,12,1452,1,0.818231
4,12,1502,1,0.915027
4,12,1552,1,0.987270
4,12,1602,1,0.931860
4,12,1652,1,0.925982
4,12,1702,1,0.934739
4,12,1752,1,0.978324
4,12,1802,1,1.014206
4,12,1852,1,0.946754
4,12,1902,1,1.133644
4,12,1952,1,0.927052
4,12,2002,1,0.927150
4,12,2052,1,1.080887
4,12,2102,1,0.918009
4,12,2152,1,0.929819
4,12,2202,1,1.078557
4,12,2252,1,0.928294
4,12,2302,1,0.930947
4,12,2352,1,0.990523
4,12,2402,1,0.840878
4,12,2452,1,0.935613
4,12,2502,1,0.931111
4,12,2552,1,0.917473
4,12,2602,1,1.006532
4,12,2652,1,0.961654
4,12,2702,1,0.997209
4,12,2752,1,0.877835
4,12,2802,1,1.085409
4,12,2852,1,1.076269
4,12,2902,1,0.934215
4,12,2952,1,0.916019
4,12,3002,1,0.928424
4,12,3052,1,0.933955
4,12,3102,1,0.994671
4,12,3152,1,1.021551
4,12,3202,1,0.867497
4,12,3252,1,0.948337
4,12,3302,1,0.943791
4,12,3352,1,0.922905
4,12,3402,1,0.932835
4,12,3452,1,0.929784
4,12,3502,1,0.930486
4,12,3552,1,0.930734
4,12,3602,1,0.988656
4,12,3652,1,0.864421
4,12,3702,1,0.933757
4,12,3752,1,1.081802
4,12,3802,1,0.917171
4,12,3852,1,0.930215
4,12,3902,1,1.008008
4,12,3952,1,0.814111
4,12,4002,1,0.844006
4,12,4052,1,0.845069
4,12,4102,1,1.012268
4,12,4152,1,0.988732
4,12,4202,1,0.784183
4,12,4252,1,0.937944
4,12,4302,1,0.932968
4,12,4352,1,0.976138
4,12,4402,1,1.004946
4,12,4452,1,0.936426
4,12,4502,1,0.917022
4,12,4552,1,1.019969
4,12,4602,1,0.917524
4,12,4652,1,1.070244
4,12,4702,1,0.926215
4,12,4752,1,0.943004
4,12,4802,1,0.817157
4,12,4852,1,0.917262
4,12,4902,1,0.810610
4,12,4952,1,0.933083
4,17,2,1,1.239903
4,17,52,1,0.963668
4,17,102,1,1.081751
4,17,152,1,1.294506
4,17,202,1,1.005576
4,17,252,1,0.944866
4,17,302,1,0.942330
4,17,352,1,0.954128
4,17,402,1,0.920948
4,17,452,1,0.970961
4,17,502,1,0.918521
4,17,552,1,1.082791
4,17,602,1,0.915287
4,17,652,1,1.110243
4,17,702,1,0.931009
4,17,752,1,0.949859
4,17,802,1,1.110070
4,17,852,1,0.981642
4,17,902,1,1.067193
4,17,952,1,0.915096
4,17,1002,1,0.980878
4,17,1052,1,1.028534
4,17,1102,1,0.852711
4,17,1152,1,0.953777
4,17,1202,1,0.822994
4,17,1252,1,0.969490
4,17,1302,1,1.005062
4,17,1352,1,0.976542
4,17,1402,1,0.948505
4,17,1452,1,0.950167
4,17,1502,1,1.027522
4,17,1552,1,1.009390
4,17,1602,1,1.107204
4,17,1652,1,0.982327
4,17,1702,1,0.918258
4,17,1752,1,1.067731
4,17,1802,1,0.939521
4,17,1852,1,0.848347
4,17,1902,1,1.015403
4,17,1952,1,0.870552
4,17,2002,1,1.036019
4,17,2052,1,0.964242
4,17,2102,1,1.109256
4,17,2152,1,1.079332
4,17,2202,1,0.789826
4,17,2252,1,0.950605
4,17,2302,1,0.944529
4,17,2352,1,0.930757
4,17,2402,1,0.982471
4,17,2452,1,1.017957
4,17,2502,1,0.988789
4,17,2552,1,0.828868
4,17,2602,1,0.822165
4,17,2652,1,1.137799
4,17,2702,1,1.136813
4,17,2752,1,0.923723
4,17,2802,1,0.839665
4,17,2852,1,0.830686
4,17,2902,1,1.006234
4,17,2952,1,0.921916
4,17,3002,1,0.735529
4,17,3052,1,0.925540
4,17,3102,1,0.832473
4,17,3152,1,0.827577
4,17,3202,1,1.020089
4,17,3252,1,0.862224
4,17,3302,1,0.880385
4,17,3352,1,1.082764
4,17,3402,1,0.977866
4,17,3452,1,1.046410
4,17,3502,1,0.935269
4,17,3552,1,1.014494
4,17,3602,1,0.986037
4,17,3652,1,1.051412
4,17,3702,1,1.108530
4,17,3752,1,0.968547
4,17,3802,1,0.919721
4,17,3852,1,1.003461
4,17,3902,1,0.988279
4,17,3952,1,1.015842
4,17,4002,1,0.931795
4,17,4052,1,0.821297
4,17,4102,1,1.029099
4,17,4152,1,1.105455
4,17,4202,1,1.065693
4,17,4252,1,1.084791
4,17,4302,1,0.980731
4,17,4352,1,0.923994
4,17,4402,1,0.925133
4,17,4452,1,0.743709
4,17,4502,1,0.924210
4,17,4552,1,0.953411
4,17,4602,1,0.910392
4,17,4652,1,0.923214
4,17,4702,1,0.932366
4,17,4752,1,0.938970
4,17,4802,1,0.828117
4,17,4852,1,0.952420
4,17,4902,1,0.803302
4,17,4952,1,0.770958
4,22,2,1,1.104581
4,22,52,1,0.936287
4,22,102,1,1.074651
4,22,152,1,0.989874
4,22,202,1,1.012438
4,22,252,1,1.102194
4,22,302,1,0.936131
4,22,352,1,0.934207
4,22,402,1,0.871249
4,22,452,1,0.927851
4,22,502,1,0.822168
4,22,552,1,0.915435
4,22,602,1,0.954849
4,22,652,1,0.944883
4,22,702,1,0.831836
4,22,752,1,0.951010
4,22,802,1,0.757506
4,22,852,1,0.765776
4,22,902,1,0.888788
4,22,952,1,0.965079
4,22,1002,1,0.805726
4,22,1052,1,0.907834
4,22,1102,1,0.919730
4,22,1152,1,0.742134
4,22,1202,1,0.986115
4,22,1252,1,0.757158
4,22,1302,1,0.779251
4,22,1352,1,0.681231
4,22,1402,1,0.764749
4,22,1452,1,0.824096
4,22,1502,1,0.766934
4,22,1552,1,0.736920
4,22,1602,1,0.878230
4,22,1652,1,0.780372
4,22,1702,1,0.723795
4,22,1752,1,0.782697
4,22,1802,1,0.805265
4,22,1852,1,0.854024
4,22,1902,1,0.800008
4,22,1952,1,0.894032
4,22,2002,1,0.835581
4,22,2052,1,0.772733
4,22,2102,1,0.928041
4,22,2152,1,0.876002
4,22,2202,1,0.701629
4,22,2252,1,0.880867
4,22,2302,1,0.939413
4,22,2352,1,0.944214
4,22,2402,1,0.955770
4,22,2452,1,0.738483
4,22,2502,1,0.821607
4,22,2552,1,0.938176
4,22,2602,1,0.820743
4,22,2652,1,1.114960
4,22,2702,1,0.731275
4,22,2752,1,1.013482
4,22,2802,1,0.905403
4,22,2852,1,1.027043
4,22,2902,1,0.912812
4,22,2952,1,1.006880
4,22,3002,1,1.047271
4,22,3052,1,0.854371
4,22,3102,1,0.731231
4,22,3152,1,0.799879
4,22,3202,1,0.727571
4,22,3252,1,0.733032
4,22,3302,1,0.874194
4,22,3352,1,1.012163
4,22,3402,1,0.827390
4,22,3452,1,0.740000
4,22,3502,1,1.015652
4,22,3552,1,0.949155
4,22,3602,1,0.808798
4,22,3652,1,0.807406
4,22,3702,1,0.871729
4,22,3752,1,0.857931
4,22,3802,1,0.861117
4,22,3852,1,0.854727
4,22,3902,1,0.898198
4,22,3952,1,0.946306
4,22,4002,1,1.022874
4,22,4052,1,0.858583
4,22,4102,1,0.726824
4,22,4152,1,0.785560
4,22,4202,1,0.760547
4,22,4252,1,0.728771
4,22,4302,1,0.756588
4,22,4352,1,0.811472
4,22,4402,1,0.805659
4,22,4452,1,0.780274
4,22,4502,1,0.823451
4,22,4552,1,0.775913
4,22,4602,1,0.655221
4,22,4652,1,0.737875
4,22,4702,1,0.921909
4,22,4752,1,0.828385
4,22,4802,1,0.805740
4,22,4852,1,0.846986
4,22,4902,1,0.750267
4,22,4952,1,0.829478
4,27,2,1,1.275343
4,27,52,1,1.067633
4,27,102,1,0.919935
4,27,152,1,0.811192
4,27,202,1,0.790444
4,27,252,1,0.991355
4,27,302,1,0.932805
4,27,352,1,0.978886
4,27,402,1,0.846720
4,27,452,1,1.103576
4,27,502,1,0.852362
4,27,552,1,0.785336
4,27,602,1,0.746207
4,27,652,1,0.781713
4,27,702,1,0.924158
4,27,752,1,0.774853
4,27,802,1,0.996945
4,27,852,1,0.934467
4,27,902,1,0.891443
4,27,952,1,1.028893
4,27,1002,1,0.952993
4,27,1052,1,0.748603
4,27,1102,1,0.788698
4,27,1152,1,0.748602
4,27,1202,1,0.705988
4,27,1252,1,0.936238
4,27,1302,1,0.828210
4,27,1352,1,0.899546
4,27,1402,1,0.877469
4,27,1452,1,0.790861
4,27,1502,1,0.900936
4,27,1552,1,0.734433
4,27,1602,1,0.786469
4,27,1652,1,0.756356
4,27,1702,1,0.733987
4,27,1752,1,0.610734
4,27,1802,1,0.782476
4,27,1852,1,0.854900
4,27,1902,1,0.731676
4,27,1952,1,0.687621
4,27,2002,1,0.765713
4,27,2052,1,0.882654
4,27,2102,1,0.769144
4,27,2152,1,0.733348
4,27,2202,1,0.907361
4,27,2252,1,0.784576
4,27,2302,1,0.859396
4,27,2352,1,1.029981
4,27,2402,1,0.799541
4,27,2452,1,0.865896
4,27,2502,1,0.797854
4,27,2552,1,0.720652
4,27,2602,1,0.727852
4,27,2652,1,0.717143
4,27,2702,1,0.769714
4,27,2752,1,0.885771
4,27,2802,1,0.851385
4,27,2852,1,0.721375
4,27,2902,1,0.751936
4,27,2952,1,0.832920
4,27,3002,1,0.827074
4,27,3052,1,0.742157
4,27,3102,1,0.941535
4,27,3152,1,0.738263
4,27,3202,1,0.732652
4,27,3252,1,0.932745
4,27,3302,1,0.722478
4,27,3352,1,0.696038
4,27,3402,1,0.807437
4,27,3452,1,0.809312
4,27,3502,1,0.887476
4,27,3552,1,0.805838
4,27,3602,1,0.725186
4,27,3652,1,0.829465
4,27,3702,1,0.835228
4,27,3752,1,0.945514
4,27,3802,1,1.057030
4,27,3852,1,0.861468
4,27,3902,1,0.816519
4,27,3952,1,0.790198
4,27,4002,1,0.856401
4,27,4052,1,0.814043
4,27,4102,1,0.752970
4,27,4152,1,0.850990
4,27,4202,1,0.758479
4,27,4252,1,0.714092
4,27,4302,1,0.726613
4,27,4352,1,0.670146
4,27,4402,1,0.889995
4,27,4452,1,0.739212
4,27,4502,1,0.724545
4,27,4552,1,0.717200
4,27,4602,1,0.866467
4,27,4652,1,0.829222
4,27,4702,1,0.892587
4,27,4752,1,0.710340
4,27,4802,1,0.854510
4,27,4852,1,0.852996
4,27,4902,1,0.770563
4,27,4952,1,0.920992
4,32,2,1,1.285694
4,32,52,1,1.235437
4,32,102,1,0.916177
4,32,152,1,0.790644
4,32,202,1,1.196628
4,32,252,1,0.805227
4,32,302,1,1.074977
4,32,352,1,0.975782
4,32,402,1,0.917987
4,32,452,1,1.009600
4,32,502,1,0.934013
4,32,552,1,0.795431
4,32,602,1,0.936028
4,32,652,1,1.011667
4,32,702,1,0.931013
4,32,752,1,0.797721
4,32,802,1,0.729699
4,32,852,1,0.461274
4,32,902,1,0.710687
4,32,952,1,0.769291
4,32,1002,1,0.792527
4,32,1052,1,0.809356
4,32,1102,1,0.878414
4,32,1152,1,0.959630
4,32,1202,1,0.596211
4,32,1252,1,0.782726
4,32,1302,1,0.785738
4,32,1352,1,0.909782
4,32,1402,1,0.740477
4,32,1452,1,1.054575
4,32,1502,1,0.853137
4,32,1552,1,0.787341
4,32,1602,1,0.739884
4,32,1652,1,0.757615
4,32,1702,1,0.771048
4,32,1752,1,0.744484
4,32,1802,1,0.767371
4,32,1852,1,0.698463
4,32,1902,1,0.811751
4,32,1952,1,0.739666
4,32,2002,1,0.746356
4,32,2052,1,0.702151
4,32,2102,1,0.809843
4,32,2152,1,0.575760
4,32,2202,1,0.453063
4,32,2252,1,0.684299
4,32,2302,1,0.739791
4,32,2352,1,0.771386
4,32,2402,1,0.684420
4,32,2452,1,0.432177
4,32,2502,1,0.739727
4,32,2552,1,0.814567
4,32,2602,1,0.674391
4,32,2652,1,0.588808
4,32,2702,1,0.745143
4,32,2752,1,0.461364
4,32,2802,1,0.667244
4,32,2852,1,0.463115
4,32,2902,1,0.738933
4,32,2952,1,0.722547
4,32,3002,1,0.741964
4,32,3052,1,0.732090
4,32,3102,1,0.704098
4,32,3152,1,0.742072
4,32,3202,1,0.436829
4,32,3252,1,0.871295
4,32,3302,1,0.767787
4,32,3352,1,0.757521
4,32,3402,1,0.699492
4,32,3452,1,0.698837
4,32,3502,1,0.618412
4,32,3552,1,0.771567
4,32,3602,1,0.672131
4,32,3652,1,0.682819
4,32,3702,1,0.920167
4,32,3752,1,0.690589
4,32,3802,1,0.817281
4,32,3852,1,0.569952
4,32,3902,1,0.856440
4,32,3952,1,0.738976
4,32,4002,1,0.657620
4,32,4052,1,0.717421
4,32,4102,1,0.725514
4,32,4152,1,0.818567
4,32,4202,1,0.828362
4,32,4252,1,0.814888
4,32,4302,1,0.809569
4,32,4352,1,0.790260
4,32,4402,1,0.635925
4,32,4452,1,0.660840
4,32,4502,1,0.651198
4,32,4552,1,0.696322
4,32,4602,1,0.600348
4,32,4652,1,0.331041
4,32,4702,1,0.731318
4,32,4752,1,0.875246
4,32,4802,1,0.693531
4,32,4852,1,0.690786
4,32,4902,1,0.682573
4,32,4952,1,0.825087
4,37,2,1,1.228427
4,37,52,1,0.958047
4,37,102,1,0.993879
4,37,152,1,0.940619
4,37,202,1,0.999639
4,37,252,1,0.823695
4,37,302,1,1.075970
4,37,352,1,0.747523
4,37,402,1,0.688129
4,37,452,1,1.107504
4,37,502,1,1.113471
4,37,552,1,0.953322
4,37,602,1,0.951647
4,37,652,1,0.938610
4,37,702,1,0.595965
4,37,752,1,0.789070
4,37,802,1,0.806985
4,37,852,1,0.899388
4,37,902,1,0.823193
4,37,952,1,0.953737
4,37,1002,1,0.883823
4,37,1052,1,0.798251
4,37,1102,1,0.863584
4,37,1152,1,1.023638
4,37,1202,1,0.750420
4,37,1252,1,0.794349
4,37,1302,1,0.708062
4,37,1352,1,0.604041
4,37,1402,1,0.774127
4,37,1452,1,0.723322
4,37,1502,1,0.746462
4,37,1552,1,0.758550
4,37,1602,1,0.751413
4,37,1652,1,0.822075
4,37,1702,1,0.931964
4,37,1752,1,0.752121
4,37,1802,1,0.626309
4,37,1852,1,0.711293
4,37,1902,1,0.938521
4,37,1952,1,0.682100
4,37,2002,1,0.710874
4,37,2052,1,0.712990
4,37,2102,1,0.812153
4,37,2152,1,0.810381
4,37,2202,1,0.570151
4,37,2252,1,0.431608
4,37,2302,1,0.769226
4,37,2352,1,0.579578
4,37,2402,1,0.671732
4,37,2452,1,0.688405
4,37,2502,1,0.717584
4,37,2552,1,0.789528
4,37,2602,1,0.818134
4,37,2652,1,0.821915
4,37,2702,1,0.731190
4,37,2752,1,0.416118
4,37,2802,1,0.632560
4,37,2852,1,0.482651
4,37,2902,1,0.822793
4,37,2952,1,0.863839
4,37,3002,1,0.768114
4,37,3052,1,0.773726
4,37,3102,1,0.890698
4,37,3152,1,0.774377
4,37,3202,1,0.695989
4,37,3252,1,0.324928
4,37,3302,1,0.675383
4,37,3352,1,0.769888
4,37,3402,1,0.698243
4,37,3452,1,0.677336
4,37,3502,1,0.783168
4,37,3552,1,0.690682
4,37,3602,1,0.625057
4,37,3652,1,0.641130
4,37,3702,1,0.852039
4,37,3752,1,0.775602
4,37,3802,1,0.643258
4,37,3852,1,0.687346
4,37,3902,1,0.715240
4,37,3952,1,0.608456
4,37,4002,1,0.738450
4,37,4052,1,0.894136
4,37,4102,1,0.304357
4,37,4152,1,0.479402
4,37,4202,1,0.626592
4,37,4252,1,0.809041
4,37,4302,1,0.792770
4,37,4352,1,0.830166
4,37,4402,1,0.740380
4,37,4452,1,0.683615
4,37,4502,1,0.706099
4,37,4552,1,0.597445
4,37,4602,1,0.801475
4,37,4652,1,0.724098
4,37,4702,1,0.741419
4,37,4752,1,0.708274
4,37,4802,1,0.798592
4,37,4852,1,0.803024
4,37,4902,1,0.733770
4,37,4952,1,0.652292
4,42,2,1,1.114017
4,42,52,1,0.921776
4,42,102,1,0.851630
4,42,152,1,0.842779
4,42,202,1,0.950244
4,42,252,1,0.927568
4,42,302,1,0.751054
4,42,352,1,0.970916
4,42,402,1,0.804612
4,42,452,1,0.836821
4,42,502,1,0.735974
4,42,552,1,0.774786
4,42,602,1,0.941676
4,42,652,1,1.028503
4,42,702,1,1.086579
4,42,752,1,1.089366
4,42,802,1,0.966922
4,42,852,1,0.946544
4,42,902,1,0.783184
4,42,952,1,1.061701
4,42,1002,1,0.758928
4,42,1052,1,0.939993
4,42,1102,1,0.774617
4,42,1152,1,0.747213
4,42,1202,1,0.740479
4,42,1252,1,0.655191
4,42,1302,1,0.671603
4,42,1352,1,0.437317
4,42,1402,1,0.761020
4,42,1452,1,0.813769
4,42,1502,1,0.774465
4,42,1552,1,0.698276
4,42,1602,1,0.675537
4,42,1652,1,0.669953
4,42,1702,1,0.839264
4,42,1752,1,0.817441
4,42,1802,1,0.745995
4,42,1852,1,0.981500
4,42,1902,1,0.747451
4,42,1952,1,0.591917
4,42,2002,1,0.705501
4,42,2052,1,0.668225
4,42,2102,1,0.897060
4,42,2152,1,0.691819
4,42,2202,1,0.539555
4,42,2252,1,0.612671
4,42,2302,1,0.722601
4,42,2352,1,0.738606
4,42,2402,1,0.760404
4,42,2452,1,0.592341
4,42,2502,1,0.777700
4,42,2552,1,0.698022
4,42,2602,1,0.700191
4,42,2652,1,0.784678
4,42,2702,1,0.728417
4,42,2752,1,0.780213
4,42,2802,1,0.738962
4,42,2852,1,0.653237
4,42,2902,1,0.738568
4,42,2952,1,0.777812
4,42,3002,1,0.743518
4,42,3052,1,0.642088
4,42,3102,1,0.644696
4,42,3152,1,0.609408
4,42,3202,1,0.639019
4,42,3252,1,0.692196
4,42,3302,1,0.677957
4,42,3352,1,0.791425
4,42,3402,1,0.808711
4,42,3452,1,0.548653
4,42,3502,1,0.713009
4,42,3552,1,0.634241
4,42,3602,1,0.679993
4,42,3652,1,0.455078
4,42,3702,1,0.710813
4,42,3752,1,0.738960
4,42,3802,1,0.575538
4,42,3852,1,0.684847
4,42,3902,1,0.747299
4,42,3952,1,0.720222
4,42,4002,1,0.604742
4,42,4052,1,0.739548
4,42,4102,1,0.710838
4,42,4152,1,0.731022
4,42,4202,1,0.740691
4,42,4252,1,0.414898
4,42,4302,1,0.691719
4,42,4352,1,0.740889
4,42,4402,1,0.697111
4,42,4452,1,0.643808
4,42,4502,1,0.763774
4,42,4552,1,0.643566
4,42,4602,1,0.745576
4,42,4652,1,0.423645
4,42,4702,1,0.753598
4,42,4752,1,0.706634
4,42,4802,1,0.623324
4,42,4852,1,0.721603
4,42,4902,1,0.726534
4,42,4952,1,0.735339
4,47,2,1,1.243188
4,47,52,1,1.158363
4,47,102,1,0.932382
4,47,152,1,0.840164
4,47,202,1,0.837480
4,47,252,1,0.979811
4,47,302,1,0.984785
4,47,352,1,0.965928
4,47,402,1,0.938913
4,47,452,1,0.902387
4,47,502,1,0.981956
4,47,552,1,0.837644
4,47,602,1,0.843520
4,47,652,1,0.924691
4,47,702,1,0.947968
4,47,752,1,0.822769
4,47,802,1,0.930248
4,47,852,1,0.747921
4,47,902,1,0.752210
4,47,952,1,0.880065
4,47,1002,1,0.812540
4,47,1052,1,0.791889
4,47,1102,1,0.842824
4,47,1152,1,0.938153
4,47,1202,1,0.861676
4,47,1252,1,0.637227
4,47,1302,1,0.952840
4,47,1352,1,0.747075
4,47,1402,1,0.807637
4,47,1452,1,0.916251
4,47,1502,1,0.796038
4,47,1552,1,0.714853
4,47,1602,1,0.782630
4,47,1652,1,0.821768
4,47,1702,1,0.750722
4,47,1752,1,0.747880
4,47,1802,1,0.826849
4,47,1852,1,0.590882
4,47,1902,1,0.745879
4,47,1952,1,0.743431
4,47,2002,1,0.456521
4,47,2052,1,0.831821
4,47,2102,1,0.845735
4,47,2152,1,0.708687
4,47,2202,1,0.741712
4,47,2252,1,0.776046
4,47,2302,1,0.742786
4,47,2352,1,0.613291
4,47,2402,1,0.341474
4,47,2452,1,0.432633
4,47,2502,1,0.846113
4,47,2552,1,0.416675
4,47,2602,1,0.815998
4,47,2652,1,0.797933
4,47,2702,1,0.680275
4,47,2752,1,0.802621
4,47,2802,1,0.718397
4,47,2852,1,0.814277
4,47,2902,1,0.738203
4,47,2952,1,0.821055
4,47,3002,1,0.695555
4,47,3052,1,0.688208
4,47,3102,1,0.888544
4,47,3152,1,0.410958
4,47,3202,1,0.622373
4,47,3252,1,0.813721
4,47,3302,1,0.710237
4,47,3352,1,0.743717
4,47,3402,1,0.681584
4,47,3452,1,0.525979
4,47,3502,1,0.702004
4,47,3552,1,0.368504
4,47,3602,1,0.614240
4,47,3652,1,0.761988
4,47,3702,1,0.900536
4,47,3752,1,0.791582
4,47,3802,1,0.824410
4,47,3852,1,0.772132
4,47,3902,1,0.620094
4,47,3952,1,0.681869
4,47,4002,1,0.721213
4,47,4052,1,0.792995
4,47,4102,1,0.689704
4,47,4152,1,0.718096
4,47,4202,1,0.674797
4,47,4252,1,0.742248
4,47,4302,1,0.770866
4,47,4352,1,0.742216
4,47,4402,1,0.846388
4,47,4452,1,0.788102
4,47,4502,1,0.698621
4,47,4552,1,0.820526
4,47,4602,1,0.958280
4,47,4652,1,0.752512
4,47,4702,1,0.658075
4,47,4752,1,0.600776
4,47,4802,1,0.873765
4,47,4852,1,0.827846
4,47,4902,1,0.434248
4,47,4952,1,0.757663
4,52,2,1,1.287979
4,52,52,1,1.235339
4,52,102,1,0.928967
4,52,152,1,1.107739
4,52,202,1,0.915948
4,52,252,1,0.962246
4,52,302,1,1.083688
4,52,352,1,0.981708
4,52,402,1,0.741854
4,52,452,1,0.974132
4,52,502,1,0.846113
4,52,552,1,0.938505
4,52,602,1,0.739914
4,52,652,1,0.919851
4,52,702,1,0.556637
4,52,752,1,0.748520
4,52,802,1,0.820660
4,52,852,1,0.907988
4,52,902,1,0.971848
4,52,952,1,0.865731
4,52,1002,1,0.788300
4,52,1052,1,0.779206
4,52,1102,1,0.838167
4,52,1152,1,0.964180
4,52,1202,1,0.715745
4,52,1252,1,0.460338
4,52,1302,1,0.845750
4,52,1352,1,0.800365
4,52,1402,1,0.615053
4,52,1452,1,0.325439
4,52,1502,1,0.584963
4,52,1552,1,0.784275
4,52,1602,1,1.085845
4,52,1652,1,0.747636
4,52,1702,1,0.699760
4,52,1752,1,0.638553
4,52,1802,1,0.640228
4,52,1852,1,0.741441
4,52,1902,1,0.726259
4,52,1952,1,0.781051
4,52,2002,1,0.768069
4,52,2052,1,0.640367
4,52,2102,1,0.745114
4,52,2152,1,0.791691
4,52,2202,1,0.439357
4,52,2252,1,0.735194
4,52,2302,1,0.744880
4,52,2352,1,0.730065
4,52,2402,1,0.694427
4,52,2452,1,0.848019
4,52,2502,1,0.686303
4,52,2552,1,0.703022
4,52,2602,1,0.650739
4,52,2652,1,0.653705
4,52,2702,1,0.338394
4,52,2752,1,0.705865
4,52,2802,1,0.702305
4,52,2852,1,0.745960
4,52,2902,1,0.803370
4,52,2952,1,0.822117
4,52,3002,1,0.734532
4,52,3052,1,0.598759
4,52,3102,1,0.702068
4,52,3152,1,0.811669
4,52,3202,1,0.699772
4,52,3252,1,0.707872
4,52,3302,1,0.687865
4,52,3352,1,0.836367
4,52,3402,1,0.487556
4,52,3452,1,0.737809
4,52,3502,1,0.756702
4,52,3552,1,0.812423
4,52,3602,1,0.748819
4,52,3652,1,0.801281
4,52,3702,1,0.784979
4,52,3752,1,0.759709
4,52,3802,1,0.827899
4,52,3852,1,0.716396
4,52,3902,1,0.739195
4,52,3952,1,0.863812
4,52,4002,1,0.591993
4,52,4052,1,0.613125
4,52,4102,1,0.666227
4,52,4152,1,0.648864
4,52,4202,1,0.650042
4,52,4252,1,0.762275
4,52,4302,1,0.774213
4,52,4352,1,0.700685
4,52,4402,1,0.800638
4,52,4452,1,0.639399
4,52,4502,1,0.704013
4,52,4552,1,0.700568
4,52,4602,1,0.849528
4,52,4652,1,0.819640
4,52,4702,1,0.840185
4,52,4752,1,0.786180
4,52,4802,1,0.717648
4,52,4852,1,0.694775
4,52,4902,1,0.738784
4,52,4952,1,0.676120
4,57,2,1,1.222137
4,57,52,1,1.022608
4,57,102,1,1.012204
4,57,152,1,0.912727
4,57,202,1,1.293035
4,57,252,1,1.037256
4,57,302,1,0.846597
4,57,352,1,0.915858
4,57,402,1,0.986039
4,57,452,1,0.910424
4,57,502,1,0.800808
4,57,552,1,0.817878
4,57,602,1,0.932966
4,57,652,1,0.799782
4,57,702,1,0.828388
4,57,752,1,0.821400
4,57,802,1,1.042051
4,57,852,1,0.748830
4,57,902,1,0.759364
4,57,952,1,0.731327
4,57,1002,1,0.846868
4,57,1052,1,0.693180
4,57,1102,1,0.935357
4,57,1152,1,0.925396
4,57,1202,1,0.735702
4,57,1252,1,0.942130
4,57,1302,1,0.798544
4,57,1352,1,0.674401
4,57,1402,1,0.656654
4,57,1452,1,0.694015
4,57,1502,1,0.750176
4,57,1552,1,0.760612
4,57,1602,1,0.849945
4,57,1652,1,0.809005
4,57,1702,1,0.528354
4,57,1752,1,0.813313
4,57,1802,1,0.682641
4,57,1852,1,0.613990
4,57,1902,1,0.477280
4,57,1952,1,0.426742
4,57,2002,1,0.800216
4,57,2052,1,0.644958
4,57,2102,1,0.380006
4,57,2152,1,0.791091
4,57,2202,1,0.779985
4,57,2252,1,0.798583
4,57,2302,1,0.573450
4,57,2352,1,0.730808
4,57,2402,1,0.661769
4,57,2452,1,0.350808
4,57,2502,1,0.844862
4,57,2552,1,0.676531
4,57,2602,1,0.807186
4,57,2652,1,0.796759
4,57,2702,1,0.815483
4,57,2752,1,0.824803
4,57,2802,1,0.769966
4,57,2852,1,0.801485
4,57,2902,1,0.421858
4,57,2952,1,0.641327
4,57,3002,1,0.505418
4,57,3052,1,0.865403
4,57,3102,1,0.769729
4,57,3152,1,0.370074
4,57,3202,1,0.737529
4,57,3252,1,0.741568
4,57,3302,1,0.678229
4,57,3352,1,0.660670
4,57,3402,1,0.367060
4,57,3452,1,0.331603
4,57,3502,1,0.702705
4,57,3552,1,0.683042
4,57,3602,1,0.762239
4,57,3652,1,0.725266
4,57,3702,1,0.554997
4,57,3752,1,0.747848
4,57,3802,1,0.668385
4,57,3852,1,0.838960
4,57,3902,1,0.665407
4,57,3952,1,0.672048
4,57,4002,1,0.697147
4,57,4052,1,0.531125
4,57,4102,1,0.706355
4,57,4152,1,0.783453
4,57,4202,1,0.629731
4,57,4252,1,0.788290
4,57,4302,1,0.794182
4,57,4352,1,0.374401
4,57,4402,1,0.530164
4,57,4452,1,0.787010
4,57,4502,1,0.379150
4,57,4552,1,0.739865
4,57,4602,1,0.712672
4,57,4652,1,0.373675
4,57,4702,1,0.878946
4,57,4752,1,0.650733
4,57,4802,1,0.722356
4,57,4852,1,0.507318
4,57,4902,1,0.745736
4,57,4952,1,0.564162
4,62,2,1,1.292633
4,62,52,1,1.033858
4,62,102,1,1.084924
4,62,152,1,1.039547
4,62,202,1,0.935533
4,62,252,1,0.924948
4,62,302,1,0.768438
4,62,352,1,0.929661
4,62,402,1,0.810652
4,62,452,1,0.868336
4,62,502,1,0.837434
4,62,552,1,0.960182
4,62,602,1,0.706550
4,62,652,1,0.985050
4,62,702,1,0.621478
4,62,752,1,0.938013
4,62,802,1,0.756506
4,62,852,1,1.049573
4,62,902,1,1.086214
4,62,952,1,0.987396
4,62,1002,1,0.805364
4,62,1052,1,0.822162
4,62,1102,1,0.839252
4,62,1152,1,0.746896
4,62,1202,1,0.766245
4,62,1252,1,0.639064
4,62,1302,1,0.691033
4,62,1352,1,0.733367
4,62,1402,1,1.061605
4,62,1452,1,0.756204
4,62,1502,1,0.808112
4,62,1552,1,0.995714
4,62,1602,1,0.527533
4,62,1652,1,0.541106
4,62,1702,1,0.588351
4,62,1752,1,0.664574
4,62,1802,1,0.662069
4,62,1852,1,0.740574
4,62,1902,1,0.504708
4,62,1952,1,0.607638
4,62,2002,1,0.454109
4,62,2052,1,0.583812
4,62,2102,1,0.664349
4,62,2152,1,0.547872
4,62,2202,1,0.641698
4,62,2252,1,0.576567
4,62,2302,1,0.770557
4,62,2352,1,0.511364
4,62,2402,1,0.586209
4,62,2452,1,0.605695
4,62,2502,1,0.650208
4,62,2552,1,0.575171
4,62,2602,1,0.760743
4,62,2652,1,0.634903
4,62,2702,1,0.724457
4,62,2752,1,0.894517
4,62,2802,1,0.595652
4,62,2852,1,0.810274
4,62,2902,1,0.455380
4,62,2952,1,0.825557
4,62,3002,1,0.764589
4,62,3052,1,0.459022
4,62,3102,1,0.641566
4,62,3152,1,0.793739
4,62,3202,1,0.827059
4,62,3252,1,0.733665
4,62,3302,1,0.660327
4,62,3352,1,0.453331
4,62,3402,1,0.682605
4,62,3452,1,0.820290
4,62,3502,1,0.671731
4,62,3552,1,0.253767
4,62,3602,1,0.784405
4,62,3652,1,0.782342
4,62,3702,1,0.691441
4,62,3752,1,0.551380
4,62,3802,1,0.571160
4,62,3852,1,0.587098
4,62,3902,1,0.753406
4,62,3952,1,0.396714
4,62,4002,1,0.651442
4,62,4052,1,0.621445
4,62,4102,1,0.616214
4,62,4152,1,0.662117
4,62,4202,1,0.440505
4,62,4252,1,0.416658
4,62,4302,1,0.474061
4,62,4352,1,0.711751
4,62,4402,1,0.396390
4,62,4452,1,0.608944
4,62,4502,1,0.542474
4,62,4552,1,0.555810
4,62,4602,1,0.405011
4,62,4652,1,0.459559
4,62,4702,1,0.815460
4,62,4752,1,0.640148
4,62,4802,1,0.336747
4,62,4852,1,0.593247
4,62,4902,1,0.543705
4,62,4952,1,0.542987
4,67,2,1,1.289402
4,67,52,1,0.925375
4,67,102,1,0.819715
4,67,152,1,0.945385
4,67,202,1,1.011572
4,67,252,1,0.929716
4,67,302,1,0.747356
4,67,352,1,0.822885
4,67,402,1,0.816863
4,67,452,1,0.917278
4,67,502,1,0.803924
4,67,552,1,0.936702
4,67,602,1,0.806847
4,67,652,1,0.846361
4,67,702,1,0.716989
4,67,752,1,0.969476
4,67,802,1,0.849467
4,67,852,1,0.464209
4,67,902,1,0.816466
4,67,952,1,1.083032
4,67,1002,1,0.797933
4,67,1052,1,0.757435
4,67,1102,1,0.660934
4,67,1152,1,0.442563
4,67,1202,1,0.550792
4,67,1252,1,0.741028
4,67,1302,1,0.512893
4,67,1352,1,0.738763
4,67,1402,1,0.752410
4,67,1452,1,0.788596
4,67,1502,1,0.789580
4,67,1552,1,0.531300
4,67,1602,1,0.718556
4,67,1652,1,0.557154
4,67,1702,1,0.819641
4,67,1752,1,0.571124
4,67,1802,1,0.736062
4,67,1852,1,0.691367
4,67,1902,1,0.793946
4,67,1952,1,0.572384
4,67,2002,1,0.729507
4,67,2052,1,0.680598
4,67,2102,1,0.731230
4,67,2152,1,0.421776
4,67,2202,1,0.687868
4,67,2252,1,0.498561
4,67,2302,1,0.377072
4,67,2352,1,0.784945
4,67,2402,1,0.563893
4,67,2452,1,0.658153
4,67,2502,1,0.737981
4,67,2552,1,0.726198
4,67,2602,1,0.745896
4,67,2652,1,0.212565
4,67,2702,1,0.305298
4,67,2752,1,0.597164
4,67,2802,1,0.742242
4,67,2852,1,0.283465
4,67,2902,1,0.676294
4,67,2952,1,0.672555
4,67,3002,1,0.724516
4,67,3052,1,0.238866
4,67,3102,1,0.655442
4,67,3152,1,0.665745
4,67,3202,1,0.801598
4,67,3252,1,0.279439
4,67,3302,1,0.674758
4,67,3352,1,0.821290
4,67,3402,1,0.387363
4,67,3452,1,0.792925
4,67,3502,1,0.230572
4,67,3552,1,0.575095
4,67,3602,1,0.548434
4,67,3652,1,0.587623
4,67,3702,1,0.464348
4,67,3752,1,0.607437
4,67,3802,1,0.614460
4,67,3852,1,0.437149
4,67,3902,1,0.193071
4,67,3952,1,0.791840
4,67,4002,1,0.212312
4,67,4052,1,0.467528
4,67,4102,1,0.625933
4,67,4152,1,0.527624
4,67,4202,1,0.712625
4,67,4252,1,0.648231
4,67,4302,1,0.628050
4,67,4352,1,0.749961
4,67,4402,1,0.703363
4,67,4452,1,0.629607
4,67,4502,1,0.672766
4,67,4552,1,0.653803
4,67,4602,1,0.733837
4,67,4652,1,0.774702
4,67,4702,1,0.677708
4,67,4752,1,0.641365
4,67,4802,1,0.814269
4,67,4852,1,0.237365
4,67,4902,1,0.720821
4,67,4952,1,0.778228
4,72,2,1,1.104292
4,72,52,1,0.917551
4,72,102,1,0.935609
4,72,152,1,1.081148
4,72,202,1,0.932062
4,72,252,1,0.948521
4,72,302,1,0.784064
4,72,352,1,1.015390
4,72,402,1,0.795101
4,72,452,1,0.934148
4,72,502,1,0.792391
4,72,552,1,0.954553
4,72,602,1,0.934088
4,72,652,1,0.751062
4,72,702,1,0.820961
4,72,752,1,0.727712
4,72,802,1,0.748716
4,72,852,1,0.741737
4,72,902,1,0.658121
4,72,952,1,0.367017
4,72,1002,1,0.194518
4,72,1052,1,0.987401
4,72,1102,1,0.614335
4,72,1152,1,0.853280
4,72,1202,1,0.835313
4,72,1252,1,0.822122
4,72,1302,1,0.746285
4,72,1352,1,0.711514
4,72,1402,1,0.791391
4,72,1452,1,0.729759
4,72,1502,1,0.508661
4,72,1552,1,0.807953
4,72,1602,1,0.753043
4,72,1652,1,0.587402
4,72,1702,1,0.736555
4,72,1752,1,0.463948
4,72,1802,1,0.653660
4,72,1852,1,0.598166
4,72,1902,1,0.556094
4,72,1952,1,0.597933
4,72,2002,1,0.362284
4,72,2052,1,0.778937
4,72,2102,1,0.660246
4,72,2152,1,0.530258
4,72,2202,1,0.528558
4,72,2252,1,0.578199
4,72,2302,1,0.839640
4,72,2352,1,0.554954
4,72,2402,1,0.519643
4,72,2452,1,0.272676
4,72,2502,1,0.706807
4,72,2552,1,0.469796
4,72,2602,1,0.279407
4,72,2652,1,0.432119
4,72,2702,1,0.656280
4,72,2752,1,0.625808
4,72,2802,1,0.741787
4,72,2852,1,0.530490
4,72,2902,1,0.382356
4,72,2952,1,0.689403
4,72,3002,1,0.791172
4,72,3052,1,0.674558
4,72,3102,1,0.606698
4,72,3152,1,0.460197
4,72,3202,1,0.527912
4,72,3252,1,0.475683
4,72,3302,1,0.799147
4,72,3352,1,0.611372
4,72,3402,1,0.427494
4,72,3452,1,0.537433
4,72,3502,1,0.694424
4,72,3552,1,0.210527
4,72,3602,1,0.704001
4,72,3652,1,0.730295
4,72,3702,1,0.583946
4,72,3752,1,0.340463
4,72,3802,1,0.439242
4,72,3852,1,0.376297
4,72,3902,1,0.641672
4,72,3952,1,0.518351
4,72,4002,1,0.544976
4,72,4052,1,0.713167
4,72,4102,1,0.426011
4,72,4152,1,0.845953
4,72,4202,1,0.670470
4,72,4252,1,0.547118
4,72,4302,1,0.751053
4,72,4352,1,0.243648
4,72,4402,1,0.622407
4,72,4452,1,0.688199
4,72,4502,1,0.491185
4,72,4552,1,0.767103
4,72,4602,1,0.489033
4,72,4652,1,0.625698
4,72,4702,1,0.476074
4,72,4752,1,0.560892
4,72,4802,1,0.804606
4,72,4852,1,0.633366
4,72,4902,1,0.636961
4,72,4952,1,0.780858
4,77,2,1,1.114274
4,77,52,1,0.997993
4,77,102,1,1.108498
4,77,152,1,1.079793
4,77,202,1,0.931429
4,77,252,1,1.093906
4,77,302,1,0.754060
4,77,352,1,1.151324
4,77,402,1,0.845918
4,77,452,1,0.920959
4,77,502,1,1.096432
4,77,552,1,0.933594
4,77,602,1,0.460811
4,77,652,1,0.745992
4,77,702,1,1.105025
4,77,752,1,0.741382
4,77,802,1,0.917779
4,77,852,1,0.743717
4,77,902,1,0.563378
4,77,952,1,0.748815
4,77,1002,1,0.939738
4,77,1052,1,0.989691
4,77,1102,1,0.496172
4,77,1152,1,0.777500
4,77,1202,1,0.633771
4,77,1252,1,0.366806
4,77,1302,1,0.699535
4,77,1352,1,0.771292
4,77,1402,1,0.276308
4,77,1452,1,0.782625
4,77,1502,1,0.486548
4,77,1552,1,0.850538
4,77,1602,1,0.725608
4,77,1652,1,0.734479
4,77,1702,1,0.644961
4,77,1752,1,0.683640
4,77,1802,1,0.339491
4,77,1852,1,0.713036
4,77,1902,1,0.692517
4,77,1952,1,0.376559
4,77,2002,1,0.313297
4,77,2052,1,0.535183
4,77,2102,1,0.429585
4,77,2152,1,0.310334
4,77,2202,1,0.269544
4,77,2252,1,0.349060
4,77,2302,1,0.285372
4,77,2352,1,0.470589
4,77,2402,1,0.148627
4,77,2452,1,0.124349
4,77,2502,1,0.271051
4,77,2552,1,0.550295
4,77,2602,1,0.333082
4,77,2652,1,0.263236
4,77,2702,1,0.190970
4,77,2752,1,0.116291
4,77,2802,1,0.294604
4,77,2852,1,0.596885
4,77,2902,1,0.667775
4,77,2952,1,0.370790
4,77,3002,1,0.406755
4,77,3052,1,0.334326
4,77,3102,1,0.668888
4,77,3152,1,0.140833
4,77,3202,1,0.125943
4,77,3252,1,0.297132
4,77,3302,1,0.438167
4,77,3352,1,0.238144
4,77,3402,1,0.318013
4,77,3452,1,0.236206
4,77,3502,1,0.104574
4,77,3552,1,0.287040
4,77,3602,1,0.265916
4,77,3652,1,0.253293
4,77,3702,1,0.738547
4,77,3752,1,0.678055
4,77,3802,1,0.486918
4,77,3852,1,0.411840
4,77,3902,1,0.143431
4,77,3952,1,0.472010
4,77,4002,1,0.428202
4,77,4052,1,0.345328
4,77,4102,1,0.651748
4,77,4152,1,0.185246
4,77,4202,1,0.617956
4,77,4252,1,0.677331
4,77,4302,1,0.557840
4,77,4352,1,0.609006
4,77,4402,1,0.393596
4,77,4452,1,0.208206
4,77,4502,1,0.489056
4,77,4552,1,0.332466
4,77,4602,1,0.355129
4,77,4652,1,0.080181
4,77,4702,1,0.482620
4,77,4752,1,0.336680
4,77,4802,1,0.625652
4,77,4852,1,0.317115
4,77,4902,1,0.230211
4,77,4952,1,0.562454
4,82,2,1,1.043219
4,82,52,1,1.280219
4,82,102,1,1.403491
4,82,152,1,0.955740
4,82,202,1,0.739739
4,82,252,1,0.964581
4,82,302,1,0.991956
4,82,352,1,0.934874
4,82,402,1,0.955346
4,82,452,1,0.933376
4,82,502,1,0.922868
4,82,552,1,0.943365
4,82,602,1,0.821506
4,82,652,1,1.017796
4,82,702,1,1.137647
4,82,752,1,0.822545
4,82,802,1,0.938760
4,82,852,1,0.486917
4,82,902,1,0.142484
4,82,952,1,0.859301
4,82,1002,1,1.022773
4,82,1052,1,0.750776
4,82,1102,1,0.776648
4,82,1152,1,0.465170
4,82,1202,1,0.697517
4,82,1252,1,0.757969
4,82,1302,1,0.518089
4,82,1352,1,0.462434
4,82,1402,1,0.762503
4,82,1452,1,0.715742
4,82,1502,1,0.398213
4,82,1552,1,0.602041
4,82,1602,1,0.747444
4,82,1652,1,0.527095
4,82,1702,1,0.442030
4,82,1752,1,0.249693
4,82,1802,1,0.793682
4,82,1852,1,0.087985
4,82,1902,1,0.686154
4,82,1952,1,0.707110
4,82,2002,1,0.615650
4,82,2052,1,0.699064
4,82,2102,1,0.482582
4,82,2152,1,0.367187
4,82,2202,1,0.216652
4,82,2252,1,0.481770
4,82,2302,1,0.402012
4,82,2352,1,0.213307
4,82,2402,1,0.141689
4,82,2452,1,0.653824
4,82,2502,1,0.788631
4,82,2552,1,0.134273
4,82,2602,1,0.414315
4,82,2652,1,0.385390
4,82,2702,1,0.569788
4,82,2752,1,0.226404
4,82,2802,1,0.438520
4,82,2852,1,0.315965
4,82,2902,1,0.643750
4,82,2952,1,0.359674
4,82,3002,1,0.657068
4,82,3052,1,0.304644
4,82,3102,1,0.222920
4,82,3152,1,0.377834
4,82,3202,1,0.163170
4,82,3252,1,0.254558
4,82,3302,1,0.378519
4,82,3352,1,0.093321
4,82,3402,1,0.595632
4,82,3452,1,0.228342
4,82,3502,1,0.470629
4,82,3552,1,0.167237
4,82,3602,1,0.177389
4,82,3652,1,0.406173
4,82,3702,1,0.396401
4,82,3752,1,0.349977
4,82,3802,1,0.151748
4,82,3852,1,0.429727
4,82,3902,1,0.447326
4,82,3952,1,0.258601
4,82,4002,1,0.359608
4,82,4052,1,0.190277
4,82,4102,1,0.664124
4,82,4152,1,0.097002
4,82,4202,1,0.171212
4,82,4252,1,0.311800
4,82,4302,1,0.404486
4,82,4352,1,0.274945
4,82,4402,1,0.123002
4,82,4452,1,0.173245
4,82,4502,1,0.601732
4,82,4552,1,0.308762
4,82,4602,1,0.584104
4,82,4652,1,0.147361
4,82,4702,1,0.324277
4,82,4752,1,0.463612
4,82,4802,1,0.237276
4,82,4852,1,0.559037
4,82,4902,1,0.213915
4,82,4952,1,0.401467
4,87,2,1,1.041627
4,87,52,1,1.136806
4,87,102,1,0.949058
4,87,152,1,0.750122
4,87,202,1,0.778284
4,87,252,1,1.134475
4,87,302,1,1.080933
4,87,352,1,0.982392
4,87,402,1,0.829834
4,87,452,1,0.831583
4,87,502,1,0.848278
4,87,552,1,1.113139
4,87,602,1,0.929285
4,87,652,1,0.804711
4,87,702,1,0.758989
4,87,752,1,0.751913
4,87,802,1,0.747525
4,87,852,1,0.621135
4,87,902,1,0.488788
4,87,952,1,1.068833
4,87,1002,1,0.768485
4,87,1052,1,0.607798
4,87,1102,1,0.562243
4,87,1152,1,0.713274
4,87,1202,1,0.651257
4,87,1252,1,0.422474
4,87,1302,1,0.779786
4,87,1352,1,0.753208
4,87,1402,1,0.634862
4,87,1452,1,0.704325
4,87,1502,1,0.245233
4,87,1552,1,0.181543
4,87,1602,1,0.392559
4,87,1652,1,0.786748
4,87,1702,1,0.310538
4,87,1752,1,0.599262
4,87,1802,1,0.665279
4,87,1852,1,0.450496
4,87,1902,1,0.709399
4,87,1952,1,0.258160
4,87,2002,1,0.654169
4,87,2052,1,0.693645
4,87,2102,1,0.516613
4,87,2152,1,0.117791
4,87,2202,1,0.274069
4,87,2252,1,0.571818
4,87,2302,1,0.284285
4,87,2352,1,0.585968
4,87,2402,1,0.735361
4,87,2452,1,0.202896
4,87,2502,1,0.246257
4,87,2552,1,0.076584
4,87,2602,1,0.197609
4,87,2652,1,0.381465
4,87,2702,1,0.542301
4,87,2752,1,0.272539
4,87,2802,1,0.420865
4,87,2852,1,0.291489
4,87,2902,1,0.237921
4,87,2952,1,0.317009
4,87,3002,1,0.240759
4,87,3052,1,0.573844
4,87,3102,1,0.688615
4,87,3152,1,0.626177
4,87,3202,1,0.233643
4,87,3252,1,0.177113
4,87,3302,1,0.439830
4,87,3352,1,0.419131
4,87,3402,1,0.279517
4,87,3452,1,0.277480
4,87,3502,1,0.382326
4,87,3552,1,0.173478
4,87,3602,1,0.263913
4,87,3652,1,0.353689
4,87,3702,1,0.349661
4,87,3752,1,0.161203
4,87,3802,1,0.278754
4,87,3852,1,0.407365
4,87,3902,1,0.588602
4,87,3952,1,0.223315
4,87,4002,1,0.569263
4,87,4052,1,0.672153
4,87,4102,1,0.423651
4,87,4152,1,0.519614
4,87,4202,1,0.160895
4,87,4252,1,0.324178
4,87,4302,1,0.707276
4,87,4352,1,0.617188
4,87,4402,1,0.498170
4,87,4452,1,0.516817
4,87,4502,1,0.313183
4,87,4552,1,0.619578
4,87,4602,1,0.325356
4,87,4652,1,0.239750
4,87,4702,1,0.195740
4,87,4752,1,0.292461
4,87,4802,1,0.547816
4,87,4852,1,0.173896
4,87,4902,1,0.514210
4,87,4952,1,0.352935
4,92,2,1,1.121126
4,92,52,1,1.126199
4,92,102,1,0.929703
4,92,152,1,0.875581
4,92,202,1,0.786455
4,92,252,1,0.948588
4,92,302,1,0.978367
4,92,352,1,0.740984
4,92,402,1,0.918582
4,92,452,1,0.780057
4,92,502,1,1.051299
4,92,552,1,0.940256
4,92,602,1,0.760066
4,92,652,1,0.995242
4,92,702,1,0.993567
4,92,752,1,0.650256
4,92,802,1,0.874622
4,92,852,1,0.742779
4,92,902,1,0.792455
4,92,952,1,0.654670
4,92,1002,1,0.739352
4,92,1052,1,0.919519
4,92,1102,1,0.753340
4,92,1152,1,0.914893
4,92,1202,1,0.730908
4,92,1252,1,0.951373
4,92,1302,1,0.990488
4,92,1352,1,0.592743
4,92,1402,1,0.732816
4,92,1452,1,0.985803
4,92,1502,1,0.560038
4,92,1552,1,0.740065
4,92,1602,1,0.599594
4,92,1652,1,0.601444
4,92,1702,1,0.386606
4,92,1752,1,0.309592
4,92,1802,1,0.554477
4,92,1852,1,0.323840
4,92,1902,1,0.330986
4,92,1952,1,0.423187
4,92,2002,1,0.497531
4,92,2052,1,0.611016
4,92,2102,1,0.257899
4,92,2152,1,0.612999
4,92,2202,1,0.203919
4,92,2252,1,0.218994
4,92,2302,1,0.535043
4,92,2352,1,0.607238
4,92,2402,1,0.238633
4,92,2452,1,0.109664
4,92,2502,1,0.356887
4,92,2552,1,0.366214
4,92,2602,1,0.406135
4,92,2652,1,0.475555
4,92,2702,1,0.373087
4,92,2752,1,0.412934
4,92,2802,1,0.474473
4,92,2852,1,0.646794
4,92,2902,1,0.372933
4,92,2952,1,0.291380
4,92,3002,1,0.429473
4,92,3052,1,0.332123
4,92,3102,1,0.391611
4,92,3152,1,0.606873
4,92,3202,1,0.057582
4,92,3252,1,0.396581
4,92,3302,1,0.222164
4,92,3352,1,0.222808
4,92,3402,1,0.151060
4,92,3452,1,0.685752
4,92,3502,1,0.221158
4,92,3552,1,0.188194
4,92,3602,1,0.389831
4,92,3652,1,0.651175
4,92,3702,1,0.343341
4,92,3752,1,0.441446
4,92,3802,1,0.194422
4,92,3852,1,0.278418
4,92,3902,1,0.355341
4,92,3952,1,0.127283
4,92,4002,1,0.335750
4,92,4052,1,0.557333
4,92,4102,1,0.561640
4,92,4152,1,0.215292
4,92,4202,1,0.245644
4,92,4252,1,0.415996
4,92,4302,1,0.376437
4,92,4352,1,0.227633
4,92,4402,1,0.465422
4,92,4452,1,0.541266
4,92,4502,1,0.421669
4,92,4552,1,0.648587
4,92,4602,1,0.426657
4,92,4652,1,0.657250
4,92,4702,1,0.407109
4,92,4752,1,0.082534
4,92,4802,1,0.373286
4,92,4852,1,0.250170
4,92,4902,1,0.362355
4,92,4952,1,0.422878
4,97,2,1,1.040684
4,97,52,1,1.084308
4,97,102,1,1.097364
4,97,152,1,1.079301
4,97,202,1,0.824362
4,97,252,1,0.779570
4,97,302,1,0.820156
4,97,352,1,0.956015
4,97,402,1,0.821077
4,97,452,1,0.788582
4,97,502,1,0.806788
4,97,552,1,0.988068
4,97,602,1,0.737307
4,97,652,1,1.060179
4,97,702,1,1.109652
4,97,752,1,0.474782
4,97,802,1,0.932380
4,97,852,1,0.744758
4,97,902,1,1.083889
4,97,952,1,0.593930
4,97,1002,1,0.762802
4,97,1052,1,0.979487
4,97,1102,1,0.841380
4,97,1152,1,0.469048
4,97,1202,1,0.808418
4,97,1252,1,0.815565
4,97,1302,1,0.755689
4,97,1352,1,0.600840
4,97,1402,1,0.589703
4,97,1452,1,0.489792
4,97,1502,1,0.822129
4,97,1552,1,0.617052
4,97,1602,1,0.546283
4,97,1652,1,0.463893
4,97,1702,1,0.463284
4,97,1752,1,0.543298
4,97,1802,1,0.258784
4,97,1852,1,0.758843
4,97,1902,1,0.305549
4,97,1952,1,0.409903
4,97,2002,1,0.370086
4,97,2052,1,0.489814
4,97,2102,1,0.631971
4,97,2152,1,0.371202
4,97,2202,1,0.285702
4,97,2252,1,0.110973
4,97,2302,1,0.507750
4,97,2352,1,0.656394
4,97,2402,1,0.237288
4,97,2452,1,0.616424
4,97,2502,1,0.114575
4,97,2552,1,0.546008
4,97,2602,1,0.648300
4,97,2652,1,0.257788
4,97,2702,1,0.291854
4,97,2752,1,0.485340
4,97,2802,1,0.279681
4,97,2852,1,0.262027
4,97,2902,1,0.381579
4,97,2952,1,0.167827
4,97,3002,1,0.152014
4,97,3052,1,0.301145
4,97,3102,1,0.569922
4,97,3152,1,0.626907
4,97,3202,1,0.680467
4,97,3252,1,0.401525
4,97,3302,1,0.291530
4,97,3352,1,0.353378
4,97,3402,1,0.175531
4,97,3452,1,0.412407
4,97,3502,1,0.458656
4,97,3552,1,0.698459
4,97,3602,1,0.260036
4,97,3652,1,0.339707
4,97,3702,1,0.279775
4,97,3752,1,0.325886
4,97,3802,1,0.318976
4,97,3852,1,0.281008
4,97,3902,1,0.161064
4,97,3952,1,0.484603
4,97,4002,1,0.199089
4,97,4052,1,0.360396
4,97,4102,1,0.280734
4,97,4152,1,0.176945
4,97,4202,1,0.130520
4,97,4252,1,0.235253
4,97,4302,1,0.221967
4,97,4352,1,0.166250
4,97,4402,1,0.715201
4,97,4452,1,0.534187
4,97,4502,1,0.234755
4,97,4552,1,0.358373
4,97,4602,1,0.290651
4,97,4652,1,0.197866
4,97,4702,1,0.123699
4,97,4752,1,0.166875
4,97,4802,1,0.531538
4,97,4852,1,0.322953
4,97,4902,1,0.624660
4,97,4952,1,0.723600
4,102,2,1,1.292706
4,102,52,1,1.107787
4,102,102,1,0.913797
4,102,152,1,0.865619
4,102,202,1,0.721810
4,102,252,1,1.243491
4,102,302,1,0.953541
4,102,352,1,0.923392
4,102,402,1,0.937688
4,102,452,1,0.489233
4,102,502,1,0.821584
4,102,552,1,0.923238
4,102,602,1,0.956496
4,102,652,1,0.796402
4,102,702,1,0.718502
4,102,752,1,0.734300
4,102,802,1,0.800430
4,102,852,1,0.661346
4,102,902,1,0.609111
4,102,952,1,0.827855
4,102,1002,1,0.728234
4,102,1052,1,0.809093
4,102,1102,1,0.781168
4,102,1152,1,0.487972
4,102,1202,1,0.270578
4,102,1252,1,0.687885
4,102,1302,1,0.750101
4,102,1352,1,0.382226
4,102,1402,1,0.499506
4,102,1452,1,0.260036
4,102,1502,1,0.639588
4,102,1552,1,0.836424
4,102,1602,1,0.225075
4,102,1652,1,0.576719
4,102,1702,1,0.536129
4,102,1752,1,0.699047
4,102,1802,1,0.371699
4,102,1852,1,0.568884
4,102,1902,1,0.697144
4,102,1952,1,0.407703
4,102,2002,1,0.196788
4,102,2052,1,0.215349
4,102,2102,1,0.284280
4,102,2152,1,0.353748
4,102,2202,1,0.250152
4,102,2252,1,0.336265
4,102,2302,1,0.498857
4,102,2352,1,0.431216
4,102,2402,1,0.654272
4,102,2452,1,0.456467
4,102,2502,1,0.170227
4,102,2552,1,0.170963
4,102,2602,1,0.424226
4,102,2652,1,0.714480
4,102,2702,1,0.496465
4,102,2752,1,0.211650
4,102,2802,1,0.083165
4,102,2852,1,0.433408
4,102,2902,1,0.473240
4,102,2952,1,0.564711
4,102,3002,1,0.165736
4,102,3052,1,0.694733
4,102,3102,1,0.241915
4,102,3152,1,0.626316
4,102,3202,1,0.318518
4,102,3252,1,0.504735
4,102,3302,1,0.597427
4,102,3352,1,0.527599
4,102,3402,1,0.473563
4,102,3452,1,0.255133
4,102,3502,1,0.474665
4,102,3552,1,0.172980
4,102,3602,1,0.228568
4,102,3652,1,0.136126
4,102,3702,1,0.598221
4,102,3752,1,0.730571
4,102,3802,1,0.567448
4,102,3852,1,0.161194
4,102,3902,1,0.219128
4,102,3952,1,0.619448
4,102,4002,1,0.184003
4,102,4052,1,0.400654
4,102,4102,1,0.187842
4,102,4152,1,0.508686
4,102,4202,1,0.114729
4,102,4252,1,0.321379
4,102,4302,1,0.349994
4,102,4352,1,0.364404
4,102,4402,1,0.615005
4,102,4452,1,0.164201
4,102,4502,1,0.173121
4,102,4552,1,0.261891
4,102,4602,1,0.581383
4,102,4652,1,0.477593
4,102,4702,1,0.637466
4,102,4752,1,0.355694
4,102,4802,1,0.187922
4,102,4852,1,0.660692
4,102,4902,1,0.556427
4,102,4952,1,0.205208
4,107,2,1,1.241323
4,107,52,1,1.022287
4,107,102,1,0.919862
4,107,152,1,0.742010
4,107,202,1,0.773347
4,107,252,1,0.949194
4,107,302,1,0.931106
4,107,352,1,0.752646
4,107,402,1,0.844344
4,107,452,1,0.801163
4,107,502,1,0.701561
4,107,552,1,0.760047
4,107,602,1,0.986491
4,107,652,1,0.603742
4,107,702,1,0.804553
4,107,752,1,0.750961
4,107,802,1,0.819339
4,107,852,1,0.915267
4,107,902,1,0.468589
4,107,952,1,0.754098
4,107,1002,1,0.936429
4,107,1052,1,0.756618
4,107,1102,1,0.581598
4,107,1152,1,0.732495
4,107,1202,1,0.925747
4,107,1252,1,0.710245
4,107,1302,1,0.494879
4,107,1352,1,1.042039
4,107,1402,1,0.670191
4,107,1452,1,0.882886
4,107,1502,1,0.742786
4,107,1552,1,0.805551
4,107,1602,1,0.804257
4,107,1652,1,0.615540
4,107,1702,1,0.603617
4,107,1752,1,0.342243
4,107,1802,1,0.508398
4,107,1852,1,0.764523
4,107,1902,1,0.276516
4,107,1952,1,0.253501
4,107,2002,1,0.342292
4,107,2052,1,0.631258
4,107,2102,1,0.267268
4,107,2152,1,0.115210
4,107,2202,1,0.120038
4,107,2252,1,0.367341
4,107,2302,1,0.408838
4,107,2352,1,0.381227
4,107,2402,1,0.297277
4,107,2452,1,0.112439
4,107,2502,1,0.399244
4,107,2552,1,0.314494
4,107,2602,1,0.414200
4,107,2652,1,0.286514
4,107,2702,1,0.144013
4,107,2752,1,0.675103
4,107,2802,1,0.471501
4,107,2852,1,0.636915
4,107,2902,1,0.116631
4,107,2952,1,0.275536
4,107,3002,1,0.240647
4,107,3052,1,0.577570
4,107,3102,1,0.279177
4,107,3152,1,0.567556
4,107,3202,1,0.088228
4,107,3252,1,0.482061
4,107,3302,1,0.551875
4,107,3352,1,0.471438
4,107,3402,1,0.536298
4,107,3452,1,0.387484
4,107,3502,1,0.686302
4,107,3552,1,0.154305
4,107,3602,1,0.505858
4,107,3652,1,0.288427
4,107,3702,1,0.217344
4,107,3752,1,0.661063
4,107,3802,1,0.202756
4,107,3852,1,0.184391
4,107,3902,1,0.375623
4,107,3952,1,0.296054
4,107,4002,1,0.759495
4,107,4052,1,0.240144
4,107,4102,1,0.313113
4,107,4152,1,0.406898
4,107,4202,1,0.106484
4,107,4252,1,0.617658
4,107,4302,1,0.725504
4,107,4352,1,0.445498
4,107,4402,1,0.296298
4,107,4452,1,0.319118
4,107,4502,1,0.402423
4,107,4552,1,0.439980
4,107,4602,1,0.596084
4,107,4652,1,0.197075
4,107,4702,1,0.324498
4,107,4752,1,0.196397
4,107,4802,1,0.350110
4,107,4852,1,0.641478
4,107,4902,1,0.575109
4,107,4952,1,0.162816
4,112,2,1,1.263878
4,112,52,1,0.924972
4,112,102,1,1.011009
4,112,152,1,0.936656
4,112,202,1,1.139711
4,112,252,1,1.131981
4,112,302,1,0.745476
4,112,352,1,1.130830
4,112,402,1,0.819936
4,112,452,1,1.119736
4,112,502,1,0.754838
4,112,552,1,0.820269
4,112,602,1,1.005451
4,112,652,1,0.849562
4,112,702,1,0.823998
4,112,752,1,0.489732
4,112,802,1,0.762470
4,112,852,1,0.733507
4,112,902,1,0.795268
4,112,952,1,0.696959
4,112,1002,1,0.780350
4,112,1052,1,0.723782
4,112,1102,1,0.782800
4,112,1152,1,0.096745
4,112,1202,1,0.941428
4,112,1252,1,0.798541
4,112,1302,1,0.849921
4,112,1352,1,0.388720
4,112,1402,1,0.440156
4,112,1452,1,0.718502
4,112,1502,1,0.486499
4,112,1552,1,0.819324
4,112,1602,1,0.655646
4,112,1652,1,0.600562
4,112,1702,1,0.344061
4,112,1752,1,1.086234
4,112,1802,1,0.203229
4,112,1852,1,0.556860
4,112,1902,1,0.769223
4,112,1952,1,0.449165
4,112,2002,1,0.611478
4,112,2052,1,0.137796
4,112,2102,1,0.493773
4,112,2152,1,0.262715
4,112,2202,1,0.419324
4,112,2252,1,0.215927
4,112,2302,1,0.569493
4,112,2352,1,0.701221
4,112,2402,1,0.326724
4,112,2452,1,0.661053
4,112,2502,1,0.357196
4,112,2552,1,0.552606
4,112,2602,1,0.357288
4,112,2652,1,0.661147
4,112,2702,1,0.391139
4,112,2752,1,0.548158
4,112,2802,1,0.356948
4,112,2852,1,0.080868
4,112,2902,1,0.210516
4,112,2952,1,0.159576
4,112,3002,1,0.241773
4,112,3052,1,0.573755
4,112,3102,1,0.172094
4,112,3152,1,0.182521
4,112,3202,1,0.652299
4,112,3252,1,0.289750
4,112,3302,1,0.154229
4,112,3352,1,0.631189
4,112,3402,1,0.355670
4,112,3452,1,0.585521
4,112,3502,1,0.228726
4,112,3552,1,0.333563
4,112,3602,1,0.590139
4,112,3652,1,0.555495
4,112,3702,1,0.337986
4,112,3752,1,0.632150
4,112,3802,1,0.111488
4,112,3852,1,0.582927
4,112,3902,1,0.309284
4,112,3952,1,0.551344
4,112,4002,1,0.539521
4,112,4052,1,0.388644
4,112,4102,1,0.461293
4,112,4152,1,0.628347
4,112,4202,1,0.347922
4,112,4252,1,0.266628
4,112,4302,1,0.267534
4,112,4352,1,0.485115
4,112,4402,1,0.093823
4,112,4452,1,0.368398
4,112,4502,1,0.618754
4,112,4552,1,0.625834
4,112,4602,1,0.165560
4,112,4652,1,0.404325
4,112,4702,1,0.181851
4,112,4752,1,0.317712
4,112,4802,1,0.620409
4,112,4852,1,0.595471
4,112,4902,1,0.397242
4,112,4952,1,0.350781
4,117,2,1,1.038318
4,117,52,1,1.139198
4,117,102,1,1.045603
4,117,152,1,1.232749
4,117,202,1,1.020500
4,117,252,1,0.958086
4,117,302,1,0.982811
4,117,352,1,0.926145
4,117,402,1,0.563587
4,117,452,1,0.937789
4,117,502,1,0.931386
4,117,552,1,0.456286
4,117,602,1,1.008945
4,117,652,1,0.645931
4,117,702,1,0.953582
4,117,752,1,0.940366
4,117,802,1,1.066019
4,117,852,1,0.746727
4,117,902,1,0.408527
4,117,952,1,1.023136
4,117,1002,1,0.470167
4,117,1052,1,0.711903
4,117,1102,1,0.800496
4,117,1152,1,0.652934
4,117,1202,1,0.666536
4,117,1252,1,0.714737
4,117,1302,1,0.716647
4,117,1352,1,0.923034
4,117,1402,1,0.701617
4,117,1452,1,0.813909
4,117,1502,1,0.588719
4,117,1552,1,0.733578
4,117,1602,1,0.545583
4,117,1652,1,0.372784
4,117,1702,1,0.726214
4,117,1752,1,0.463842
4,117,1802,1,0.090735
4,117,1852,1,0.309521
4,117,1902,1,0.092355
4,117,1952,1,0.314199
4,117,2002,1,0.614578
4,117,2052,1,0.312622
4,117,2102,1,0.271741
4,117,2152,1,0.742501
4,117,2202,1,0.307344
4,117,2252,1,0.442721
4,117,2302,1,0.244992
4,117,2352,1,0.618811
4,117,2402,1,0.223692
4,117,2452,1,0.598851
4,117,2502,1,0.648475
4,117,2552,1,0.135682
4,117,2602,1,0.632101
4,117,2652,1,0.110425
4,117,2702,1,0.224299
4,117,2752,1,0.144762
4,117,2802,1,0.097231
4,117,2852,1,0.348342
4,117,2902,1,0.231885
4,117,2952,1,0.412580
4,117,3002,1,0.372722
4,117,3052,1,0.102890
4,117,3102,1,0.184914
4,117,3152,1,0.621374
4,117,3202,1,0.073830
4,117,3252,1,0.209054
4,117,3302,1,0.707349
4,117,3352,1,0.307178
4,117,3402,1,0.433678
4,117,3452,1,0.291434
4,117,3502,1,0.198731
4,117,3552,1,0.314858
4,117,3602,1,0.527554
4,117,3652,1,0.549144
4,117,3702,1,0.232085
4,117,3752,1,0.496620
4,117,3802,1,0.155368
4,117,3852,1,0.359786
4,117,3902,1,0.284673
4,117,3952,1,0.684978
4,117,4002,1,0.507337
4,117,4052,1,0.417513
4,117,4102,1,0.531626
4,117,4152,1,0.476227
4,117,4202,1,0.247183
4,117,4252,1,0.225540
4,117,4302,1,0.626257
4,117,4352,1,0.213482
4,117,4402,1,0.435563
4,117,4452,1,0.251105
4,117,4502,1,0.571452
4,117,4552,1,0.284208
4,117,4602,1,0.480782
4,117,4652,1,0.598356
4,117,4702,1,0.302112
4,117,4752,1,0.251091
4,117,4802,1,0.425570
4,117,4852,1,0.453167
4,117,4902,1,0.274264
4,117,4952,1,0.282131
4,122,2,1,1.235103
4,122,52,1,1.083644
4,122,102,1,0.876073
4,122,152,1,0.616083
4,122,202,1,0.805260
4,122,252,1,0.944078
4,122,302,1,1.225984
4,122,352,1,0.942899
4,122,402,1,0.953348
4,122,452,1,0.819605
4,122,502,1,0.744102
4,122,552,1,0.875825
4,122,602,1,0.937600
4,122,652,1,1.109791
4,122,702,1,0.799604
4,122,752,1,0.892045
4,122,802,1,0.642193
4,122,852,1,0.742214
4,122,902,1,0.522433
4,122,952,1,0.988181
4,122,1002,1,0.953674
4,122,1052,1,0.946503
4,122,1102,1,0.727301
4,122,1152,1,0.957962
4,122,1202,1,0.753004
4,122,1252,1,0.716792
4,122,1302,1,0.805923
4,122,1352,1,0.644739
4,122,1402,1,0.145104
4,122,1452,1,0.719973
4,122,1502,1,0.519333
4,122,1552,1,0.517641
4,122,1602,1,0.492036
4,122,1652,1,0.522647
4,122,1702,1,0.657060
4,122,1752,1,0.449332
4,122,1802,1,0.491243
4,122,1852,1,0.779543
4,122,1902,1,0.700011
4,122,1952,1,0.453669
4,122,2002,1,0.371308
4,122,2052,1,0.298680
4,122,2102,1,0.328214
4,122,2152,1,0.358619
4,122,2202,1,0.222232
4,122,2252,1,0.273321
4,122,2302,1,0.403618
4,122,2352,1,0.578921
4,122,2402,1,0.273566
4,122,2452,1,0.557921
4,122,2502,1,0.095148
4,122,2552,1,0.279094
4,122,2602,1,0.232885
4,122,2652,1,0.685457
4,122,2702,1,0.519940
4,122,2752,1,0.472939
4,122,2802,1,0.366924
4,122,2852,1,0.239184
4,122,2902,1,0.228652
4,122,2952,1,0.287002
4,122,3002,1,0.330655
4,122,3052,1,0.403248
4,122,3102,1,0.489512
4,122,3152,1,0.361626
4,122,3202,1,0.631539
4,122,3252,1,0.452143
4,122,3302,1,0.523283
4,122,3352,1,0.240402
4,122,3402,1,0.302856
4,122,3452,1,0.427700
4,122,3502,1,0.758920
4,122,3552,1,0.634551
4,122,3602,1,0.251720
4,122,3652,1,0.197248
4,122,3702,1,0.370355
4,122,3752,1,0.591695
4,122,3802,1,0.421789
4,122,3852,1,0.189278
4,122,3902,1,0.328787
4,122,3952,1,0.285875
4,122,4002,1,0.489836
4,122,4052,1,0.318344
4,122,4102,1,0.335888
4,122,4152,1,0.454556
4,122,4202,1,0.260376
4,122,4252,1,0.262295
4,122,4302,1,0.214086
4,122,4352,1,0.702080
4,122,4402,1,0.539261
4,122,4452,1,0.144948
4,122,4502,1,0.731469
4,122,4552,1,0.267265
4,122,4602,1,0.438423
4,122,4652,1,0.299205
4,122,4702,1,0.270548
4,122,4752,1,0.185811
4,122,4802,1,0.233457
4,122,4852,1,0.424852
4,122,4902,1,0.162855
4,122,4952,1,0.190158
4,127,2,1,1.327490
4,127,52,1,1.111380
4,127,102,1,0.922783
4,127,152,1,0.932423
4,127,202,1,1.013270
4,127,252,1,0.942123
4,127,302,1,0.942025
4,127,352,1,0.848449
4,127,402,1,1.072934
4,127,452,1,0.952265
4,127,502,1,0.746370
4,127,552,1,0.920871
4,127,602,1,0.859010
4,127,652,1,0.688981
4,127,702,1,0.983969
4,127,752,1,0.931527
4,127,802,1,0.494301
4,127,852,1,0.838671
4,127,902,1,0.797154
4,127,952,1,0.807645
4,127,1002,1,0.557951
4,127,1052,1,0.688297
4,127,1102,1,0.652956
4,127,1152,1,0.646547
4,127,1202,1,0.758214
4,127,1252,1,0.400802
4,127,1302,1,0.483205
4,127,1352,1,0.818394
4,127,1402,1,0.841293
4,127,1452,1,0.806114
4,127,1502,1,0.338760
4,127,1552,1,0.493227
4,127,1602,1,0.485467
4,127,1652,1,0.755967
4,127,1702,1,0.480302
4,127,1752,1,0.546114
4,127,1802,1,0.645286
4,127,1852,1,0.407772
4,127,1902,1,0.713124
4,127,1952,1,0.226028
4,127,2002,1,0.505952
4,127,2052,1,0.376495
4,127,2102,1,0.300397
4,127,2152,1,0.762290
4,127,2202,1,0.336083
4,127,2252,1,0.236196
4,127,2302,1,0.575061
4,127,2352,1,0.163146
4,127,2402,1,0.250657
4,127,2452,1,0.140694
4,127,2502,1,0.523422
4,127,2552,1,0.207858
4,127,2602,1,0.235486
4,127,2652,1,0.542163
4,127,2702,1,0.358108
4,127,2752,1,0.397610
4,127,2802,1,0.284073
4,127,2852,1,0.273064
4,127,2902,1,0.562986
4,127,2952,1,0.375498
4,127,3002,1,0.520350
4,127,3052,1,0.307678
4,127,3102,1,0.623946
4,127,3152,1,0.652372
4,127,3202,1,0.386460
4,127,3252,1,0.553948
4,127,3302,1,0.371737
4,127,3352,1,0.069140
4,127,3402,1,0.683715
4,127,3452,1,0.403640
4,127,3502,1,0.634974
4,127,3552,1,0.431967
4,127,3602,1,0.378522
4,127,3652,1,0.203665
4,127,3702,1,0.084146
4,127,3752,1,0.650709
4,127,3802,1,0.537118
4,127,3852,1,0.328332
4,127,3902,1,0.362193
4,127,3952,1,0.500229
4,127,4002,1,0.625814
4,127,4052,1,0.117041
4,127,4102,1,0.570840
4,127,4152,1,0.155238
4,127,4202,1,0.243117
4,127,4252,1,0.684636
4,127,4302,1,0.257812
4,127,4352,1,0.662130
4,127,4402,1,0.410078
4,127,4452,1,0.197073
4,127,4502,1,0.355137
4,127,4552,1,0.558961
4,127,4602,1,0.666367
4,127,4652,1,0.651555
4,127,4702,1,0.460272
4,127,4752,1,0.712410
4,127,4802,1,0.323147
4,127,4852,1,0.426715
4,127,4902,1,0.307552
4,127,4952,1,0.291518
4,132,2,1,1.051574
4,132,52,1,1.047616
4,132,102,1,0.914235
4,132,152,1,1.106291
4,132,202,1,0.944543
4,132,252,1,1.026547
4,132,302,1,0.934120
4,132,352,1,0.874621
4,132,402,1,0.942849
4,132,452,1,0.919780
4,132,502,1,0.990263
4,132,552,1,0.992938
4,132,602,1,0.758017
4,132,652,1,0.752729
4,132,702,1,0.481846
4,132,752,1,0.643822
4,132,802,1,0.637474
4,132,852,1,0.629636
4,132,902,1,0.659370
4,132,952,1,1.019158
4,132,1002,1,0.760700
4,132,1052,1,0.917758
4,132,1102,1,0.792545
4,132,1152,1,0.822855
4,132,1202,1,0.566081
4,132,1252,1,0.615704
4,132,1302,1,0.715602
4,132,1352,1,0.757531
4,132,1402,1,0.403648
4,132,1452,1,0.393179
4,132,1502,1,0.318451
4,132,1552,1,0.486320
4,132,1602,1,0.687549
4,132,1652,1,0.270027
4,132,1702,1,0.542821
4,132,1752,1,0.419097
4,132,1802,1,0.368142
4,132,1852,1,0.928302
4,132,1902,1,0.567790
4,132,1952,1,0.079348
4,132,2002,1,0.344361
4,132,2052,1,0.668150
4,132,2102,1,0.392151
4,132,2152,1,0.258381
4,132,2202,1,0.210469
4,132,2252,1,0.363792
4,132,2302,1,0.515031
4,132,2352,1,0.224990
4,132,2402,1,0.441249
4,132,2452,1,0.207815
4,132,2502,1,0.399453
4,132,2552,1,0.277525
4,132,2602,1,0.182596
4,132,2652,1,0.551064
4,132,2702,1,0.504669
4,132,2752,1,0.076960
4,132,2802,1,0.124798
4,132,2852,1,0.353863
4,132,2902,1,0.342197
4,132,2952,1,0.393176
4,132,3002,1,0.327592
4,132,3052,1,0.199369
4,132,3102,1,0.125677
4,132,3152,1,0.716927
4,132,3202,1,0.385577
4,132,3252,1,0.370314
4,132,3302,1,0.580839
4,132,3352,1,0.127384
4,132,3402,1,0.219915
4,132,3452,1,0.427547
4,132,3502,1,0.846540
4,132,3552,1,0.270720
4,132,3602,1,0.361759
4,132,3652,1,0.285899
4,132,3702,1,0.435890
4,132,3752,1,0.645087
4,132,3802,1,0.547562
4,132,3852,1,0.350462
4,132,3902,1,0.410439
4,132,3952,1,0.601807
4,132,4002,1,0.238902
4,132,4052,1,0.316649
4,132,4102,1,0.277675
4,132,4152,1,0.368500
4,132,4202,1,0.533345
4,132,4252,1,0.378706
4,132,4302,1,0.656489
4,132,4352,1,0.217949
4,132,4402,1,0.490774
4,132,4452,1,0.497811
4,132,4502,1,0.280288
4,132,4552,1,0.173009
4,132,4602,1,0.355886
4,132,4652,1,0.598137
4,132,4702,1,0.566250
4,132,4752,1,0.280549
4,132,4802,1,0.534704
4,132,4852,1,0.093230
4,132,4902,1,0.630989
4,132,4952,1,0.608546
4,137,2,1,1.262969
4,137,52,1,1.094471
4,137,102,1,0.831729
4,137,152,1,0.937339
4,137,202,1,0.953669
4,137,252,1,0.820621
4,137,302,1,1.106470
4,137,352,1,0.752298
4,137,402,1,0.815080
4,137,452,1,0.804233
4,137,502,1,0.988953
4,137,552,1,1.085734
4,137,602,1,0.716107
4,137,652,1,0.754330
4,137,702,1,0.796549
4,137,752,1,0.714941
4,137,802,1,0.805688
4,137,852,1,0.727126
4,137,902,1,0.928492
4,137,952,1,0.803197
4,137,1002,1,0.722583
4,137,1052,1,0.767594
4,137,1102,1,0.659051
4,137,1152,1,0.748967
4,137,1202,1,0.740346
4,137,1252,1,0.639600
4,137,1302,1,0.730624
4,137,1352,1,0.753913
4,137,1402,1,0.800381
4,137,1452,1,0.612243
4,137,1502,1,0.641404
4,137,1552,1,0.368439
4,137,1602,1,0.245275
4,137,1652,1,0.723203
4,137,1702,1,0.723179
4,137,1752,1,0.435083
4,137,1802,1,0.599009
4,137,1852,1,0.243251
4,137,1902,1,0.776721
4,137,1952,1,0.692134
4,137,2002,1,0.544344
4,137,2052,1,0.181582
4,137,2102,1,0.344371
4,137,2152,1,0.247125
4,137,2202,1,0.182599
4,137,2252,1,0.249881
4,137,2302,1,0.719127
4,137,2352,1,0.373492
4,137,2402,1,0.370836
4,137,2452,1,0.136036
4,137,2502,1,0.203823
4,137,2552,1,0.269948
4,137,2602,1,0.211595
4,137,2652,1,0.505901
4,137,2702,1,0.411289
4,137,2752,1,0.141119
4,137,2802,1,0.588960
4,137,2852,1,0.451286
4,137,2902,1,0.144493
4,137,2952,1,0.445576
4,137,3002,1,0.310122
4,137,3052,1,0.617510
4,137,3102,1,0.559856
4,137,3152,1,0.287273
4,137,3202,1,0.361766
4,137,3252,1,0.501179
4,137,3302,1,0.715312
4,137,3352,1,0.683217
4,137,3402,1,0.689922
4,137,3452,1,0.095752
4,137,3502,1,0.204440
4,137,3552,1,0.721989
4,137,3602,1,0.732517
4,137,3652,1,0.232635
4,137,3702,1,0.397872
4,137,3752,1,0.287189
4,137,3802,1,0.136118
4,137,3852,1,0.234724
4,137,3902,1,0.188365
4,137,3952,1,0.354303
4,137,4002,1,0.689023
4,137,4052,1,0.664109
4,137,4102,1,0.209179
4,137,4152,1,0.063792
4,137,4202,1,0.111750
4,137,4252,1,0.369113
4,137,4302,1,0.473872
4,137,4352,1,0.351252
4,137,4402,1,0.070502
4,137,4452,1,0.145205
4,137,4502,1,0.399299
4,137,4552,1,0.518932
4,137,4602,1,0.392174
4,137,4652,1,0.167453
4,137,4702,1,0.505806
4,137,4752,1,0.451651
4,137,4802,1,0.258611
4,137,4852,1,0.176547
4,137,4902,1,0.195127
4,137,4952,1,0.504737
4,142,2,1,1.271357
4,142,52,1,0.960855
4,142,102,1,1.097479
4,142,152,1,0.979737
4,142,202,1,0.833899
4,142,252,1,0.825764
4,142,302,1,0.927635
4,142,352,1,0.946736
4,142,402,1,0.834987
4,142,452,1,0.826290
4,142,502,1,0.888004
4,142,552,1,0.859842
4,142,602,1,0.918640
4,142,652,1,0.757560
4,142,702,1,0.745357
4,142,752,1,0.932472
4,142,802,1,0.696954
4,142,852,1,0.810389
4,142,902,1,0.619777
4,142,952,1,1.039465
4,142,1002,1,0.849967
4,142,1052,1,0.981670
4,142,1102,1,0.624340
4,142,1152,1,0.847893
4,142,1202,1,0.717329
4,142,1252,1,0.994818
4,142,1302,1,0.428069
4,142,1352,1,0.274524
4,142,1402,1,0.430272
4,142,1452,1,0.465123
4,142,1502,1,0.755495
4,142,1552,1,0.737624
4,142,1602,1,0.527314
4,142,1652,1,0.397517
4,142,1702,1,0.550713
4,142,1752,1,0.667940
4,142,1802,1,0.181313
4,142,1852,1,0.516188
4,142,1902,1,0.756393
4,142,1952,1,0.412432
4,142,2002,1,0.456342
4,142,2052,1,0.494956
4,142,2102,1,0.580407
4,142,2152,1,0.247832
4,142,2202,1,0.615913
4,142,2252,1,0.347617
4,142,2302,1,0.173642
4,142,2352,1,0.182078
4,142,2402,1,0.568517
4,142,2452,1,0.591516
4,142,2502,1,0.615092
4,142,2552,1,0.405296
4,142,2602,1,0.250998
4,142,2652,1,0.401609
4,142,2702,1,0.342342
4,142,2752,1,0.162516
4,142,2802,1,0.403581
4,142,2852,1,0.589925
4,142,2902,1,0.596987
4,142,2952,1,0.297999
4,142,3002,1,0.656557
4,142,3052,1,0.160800
4,142,3102,1,0.143029
4,142,3152,1,0.507457
4,142,3202,1,0.539854
4,142,3252,1,0.474643
4,142,3302,1,0.177115
4,142,3352,1,0.158098
4,142,3402,1,0.462596
4,142,3452,1,0.184786
4,142,3502,1,0.334733
4,142,3552,1,0.202609
4,142,3602,1,0.098961
4,142,3652,1,0.168119
4,142,3702,1,0.558912
4,142,3752,1,0.508401
4,142,3802,1,0.104267
4,142,3852,1,0.147628
4,142,3902,1,0.408631
4,142,3952,1,0.315923
4,142,4002,1,0.393543
4,142,4052,1,0.329439
4,142,4102,1,0.110841
4,142,4152,1,0.515952
4,142,4202,1,0.423815
4,142,4252,1,0.214862
4,142,4302,1,0.634542
4,142,4352,1,0.349134
4,142,4402,1,0.402016
4,142,4452,1,0.193398
4,142,4502,1,0.483625
4,142,4552,1,0.271768
4,142,4602,1,0.479804
4,142,4652,1,0.669667
4,142,4702,1,0.455166
4,142,4752,1,0.319289
4,142,4802,1,0.728868
4,142,4852,1,0.255376
4,142,4902,1,0.157075
4,142,4952,1,0.524020
4,147,2,1,1.124443
4,147,52,1,0.932667
4,147,102,1,0.952454
4,147,152,1,0.932967
4,147,202,1,1.015979
4,147,252,1,0.987358
4,147,302,1,0.948294
4,147,352,1,0.938170
4,147,402,1,0.949269
4,147,452,1,1.085010
4,147,502,1,0.805087
4,147,552,1,0.958321
4,147,602,1,0.995187
4,147,652,1,0.690549
4,147,702,1,0.505301
4,147,752,1,1.084901
4,147,802,1,0.819719
4,147,852,1,0.488019
4,147,902,1,0.740501
4,147,952,1,0.755939
4,147,1002,1,0.460081
4,147,1052,1,0.822120
4,147,1102,1,0.646600
4,147,1152,1,0.821350
4,147,1202,1,0.725048
4,147,1252,1,0.824751
4,147,1302,1,0.635917
4,147,1352,1,0.764365
4,147,1402,1,0.761298
4,147,1452,1,0.988406
4,147,1502,1,0.539288
4,147,1552,1,0.726761
4,147,1602,1,0.542978
4,147,1652,1,0.466007
4,147,1702,1,0.465886
4,147,1752,1,0.302931
4,147,1802,1,0.237780
4,147,1852,1,0.285718
4,147,1902,1,0.214717
4,147,1952,1,0.656998
4,147,2002,1,0.724339
4,147,2052,1,0.758406
4,147,2102,1,0.421212
4,147,2152,1,0.285566
4,147,2202,1,0.562843
4,147,2252,1,0.296498
4,147,2302,1,0.305958
4,147,2352,1,0.366813
4,147,2402,1,0.479905
4,147,2452,1,0.490185
4,147,2502,1,0.201567
4,147,2552,1,0.302246
4,147,2602,1,0.476959
4,147,2652,1,0.253536
4,147,2702,1,0.358858
4,147,2752,1,0.431476
4,147,2802,1,0.300870
4,147,2852,1,0.392066
4,147,2902,1,0.286436
4,147,2952,1,0.185505
4,147,3002,1,0.696781
4,147,3052,1,0.616580
4,147,3102,1,0.277784
4,147,3152,1,0.324540
4,147,3202,1,0.608997
4,147,3252,1,0.390383
4,147,3302,1,0.657507
4,147,3352,1,0.540199
4,147,3402,1,0.382225
4,147,3452,1,0.242168
4,147,3502,1,0.807551
4,147,3552,1,0.488082
4,147,3602,1,0.279176
4,147,3652,1,0.604537
4,147,3702,1,0.626265
4,147,3752,1,0.413498
4,147,3802,1,0.361868
4,147,3852,1,0.372038
4,147,3902,1,0.138735
4,147,3952,1,0.314960
4,147,4002,1,0.440226
4,147,4052,1,0.338946
4,147,4102,1,0.141995
4,147,4152,1,0.147894
4,147,4202,1,0.685258
4,147,4252,1,0.112721
4,147,4302,1,0.676080
4,147,4352,1,0.274487
4,147,4402,1,0.585968
4,147,4452,1,0.358420
4,147,4502,1,0.786057
4,147,4552,1,0.198052
4,147,4602,1,0.296314
4,147,4652,1,0.299294
4,147,4702,1,0.733409
4,147,4752,1,0.711890
4,147,4802,1,0.531665
4,147,4852,1,0.115016
4,147,4902,1,0.410682
4,147,4952,1,0.294202
4,152,2,1,1.282517
4,152,52,1,1.019766
4,152,102,1,0.948830
4,152,152,1,1.094331
4,152,202,1,0.877052
4,152,252,1,0.931257
4,152,302,1,0.921298
4,152,352,1,0.833266
4,152,402,1,0.753499
4,152,452,1,0.734208
4,152,502,1,0.990975
4,152,552,1,0.679818
4,152,602,1,0.895521
4,152,652,1,0.939942
4,152,702,1,0.913046
4,152,752,1,0.926344
4,152,802,1,1.048869
4,152,852,1,0.927925
4,152,902,1,0.947247
4,152,952,1,0.807278
4,152,1002,1,0.766000
4,152,1052,1,0.314146
4,152,1102,1,0.766562
4,152,1152,1,0.739361
4,152,1202,1,1.020324
4,152,1252,1,0.663207
4,152,1302,1,0.837467
4,152,1352,1,0.771296
4,152,1402,1,0.734511
4,152,1452,1,0.522287
4,152,1502,1,0.148434
4,152,1552,1,0.626115
4,152,1602,1,0.361933
4,152,1652,1,0.476532
4,152,1702,1,0.708606
4,152,1752,1,0.539586
4,152,1802,1,0.151829
4,152,1852,1,0.323746
4,152,1902,1,0.439369
4,152,1952,1,0.552174
4,152,2002,1,0.776793
4,152,2052,1,0.943599
4,152,2102,1,0.487923
4,152,2152,1,0.225943
4,152,2202,1,0.088819
4,152,2252,1,0.475269
4,152,2302,1,0.143589
4,152,2352,1,0.737387
4,152,2402,1,0.286329
4,152,2452,1,0.527972
4,152,2502,1,0.703903
4,152,2552,1,0.345980
4,152,2602,1,0.274564
4,152,2652,1,0.308609
4,152,2702,1,0.397039
4,152,2752,1,0.660655
4,152,2802,1,0.568947
4,152,2852,1,0.359462
4,152,2902,1,0.553168
4,152,2952,1,0.539321
4,152,3002,1,0.400612
4,152,3052,1,0.328767
4,152,3102,1,0.542398
4,152,3152,1,0.485324
4,152,3202,1,0.661999
4,152,3252,1,0.422066
4,152,3302,1,0.440052
4,152,3352,1,0.438527
4,152,3402,1,0.350275
4,152,3452,1,0.309760
4,152,3502,1,0.690719
4,152,3552,1,0.585399
4,152,3602,1,0.205378
4,152,3652,1,0.376230
4,152,3702,1,0.512196
4,152,3752,1,0.280802
4,152,3802,1,0.457651
4,152,3852,1,0.399813
4,152,3902,1,0.514133
4,152,3952,1,0.173178
4,152,4002,1,0.259293
4,152,4052,1,0.379148
4,152,4102,1,0.372726
4,152,4152,1,0.556219
4,152,4202,1,0.476306
4,152,4252,1,0.431159
4,152,4302,1,0.169500
4,152,4352,1,0.277171
4,152,4402,1,0.319286
4,152,4452,1,0.307092
4,152,4502,1,0.720678
4,152,4552,1,0.611241
4,152,4602,1,0.076664
4,152,4652,1,0.470440
4,152,4702,1,0.512018
4,152,4752,1,0.255419
4,152,4802,1,0.251597
4,152,4852,1,0.218798
4,152,4902,1,0.714959
4,152,4952,1,0.309520
4,157,2,1,1.304467
4,157,52,1,1.018527
4,157,102,1,1.108360
4,157,152,1,0.946814
4,157,202,1,0.945622
4,157,252,1,0.876847
4,157,302,1,1.011175
4,157,352,1,0.979577
4,157,402,1,0.837631
4,157,452,1,1.022606
4,157,502,1,0.872613
4,157,552,1,0.726930
4,157,602,1,0.856675
4,157,652,1,0.920153
4,157,702,1,0.822328
4,157,752,1,1.083369
4,157,802,1,0.756895
4,157,852,1,0.704542
4,157,902,1,0.802342
4,157,952,1,0.996201
4,157,1002,1,0.743135
4,157,1052,1,0.734181
4,157,1102,1,0.597009
4,157,1152,1,0.557921
4,157,1202,1,0.813179
4,157,1252,1,0.846966
4,157,1302,1,0.650868
4,157,1352,1,0.554148
4,157,1402,1,0.810498
4,157,1452,1,0.729543
4,157,1502,1,0.938192
4,157,1552,1,0.759052
4,157,1602,1,0.720054
4,157,1652,1,0.146293
4,157,1702,1,0.630172
4,157,1752,1,0.106386
4,157,1802,1,0.506116
4,157,1852,1,0.221387
4,157,1902,1,0.648026
4,157,1952,1,0.506765
4,157,2002,1,0.478817
4,157,2052,1,0.343948
4,157,2102,1,0.481728
4,157,2152,1,0.684135
4,157,2202,1,0.373627
4,157,2252,1,0.343839
4,157,2302,1,0.758904
4,157,2352,1,0.162784
4,157,2402,1,0.547868
4,157,2452,1,0.368095
4,157,2502,1,0.655965
4,157,2552,1,0.335847
4,157,2602,1,0.093647
4,157,2652,1,0.477661
4,157,2702,1,0.342953
4,157,2752,1,0.244291
4,157,2802,1,0.448163
4,157,2852,1,0.266767
4,157,2902,1,0.202765
4,157,2952,1,0.125624
4,157,3002,1,0.063770
4,157,3052,1,0.657332
4,157,3102,1,0.246383
4,157,3152,1,0.384915
4,157,3202,1,0.144152
4,157,3252,1,0.735314
4,157,3302,1,0.353006
4,157,3352,1,0.324201
4,157,3402,1,0.105534
4,157,3452,1,0.570069
4,157,3502,1,0.204545
4,157,3552,1,0.259310
4,157,3602,1,0.327450
4,157,3652,1,0.090881
4,157,3702,1,0.352899
4,157,3752,1,0.371837
4,157,3802,1,0.586002
4,157,3852,1,0.517696
4,157,3902,1,0.269826
4,157,3952,1,0.535111
4,157,4002,1,0.282771
4,157,4052,1,0.466407
4,157,4102,1,0.280642
4,157,4152,1,0.694763
4,157,4202,1,0.309213
4,157,4252,1,0.590447
4,157,4302,1,0.522464
4,157,4352,1,0.268498
4,157,4402,1,0.230407
4,157,4452,1,0.677596
4,157,4502,1,0.363578
4,157,4552,1,0.430705
4,157,4602,1,0.583511
4,157,4652,1,0.199822
4,157,4702,1,0.387533
4,157,4752,1,0.243434
4,157,4802,1,0.375376
4,157,4852,1,0.531080
4,157,4902,1,0.410944
4,157,4952,1,0.204231
4,162,2,1,1.345776
4,162,52,1,0.958583
4,162,102,1,0.969517
4,162,152,1,0.936699
4,162,202,1,0.921195
4,162,252,1,0.921504
4,162,302,1,0.781144
4,162,352,1,1.014154
4,162,402,1,0.963619
4,162,452,1,0.820068
4,162,502,1,0.799887
4,162,552,1,0.820052
4,162,602,1,0.756306
4,162,652,1,0.834175
4,162,702,1,0.743014
4,162,752,1,0.708659
4,162,802,1,0.873785
4,162,852,1,0.823188
4,162,902,1,0.818997
4,162,952,1,0.712907
4,162,1002,1,0.613868
4,162,1052,1,0.766448
4,162,1102,1,0.985258
4,162,1152,1,0.518814
4,162,1202,1,0.770238
4,162,1252,1,0.808895
4,162,1302,1,0.436962
4,162,1352,1,0.798759
4,162,1402,1,0.753909
4,162,1452,1,0.799670
4,162,1502,1,0.389829
4,162,1552,1,0.704066
4,162,1602,1,0.412625
4,162,1652,1,0.705440
4,162,1702,1,0.160003
4,162,1752,1,0.095476
4,162,1802,1,0.787123
4,162,1852,1,0.218770
4,162,1902,1,0.630730
4,162,1952,1,0.567188
4,162,2002,1,0.714575
4,162,2052,1,0.538156
4,162,2102,1,0.642381
4,162,2152,1,0.331205
4,162,2202,1,0.779090
4,162,2252,1,0.452582
4,162,2302,1,0.439624
4,162,2352,1,0.197149
4,162,2402,1,0.377556
4,162,2452,1,0.162130
4,162,2502,1,0.328141
4,162,2552,1,0.474364
4,162,2602,1,0.283379
4,162,2652,1,0.278154
4,162,2702,1,0.596168
4,162,2752,1,0.480934
4,162,2802,1,0.491680
4,162,2852,1,0.614610
4,162,2902,1,0.184573
4,162,2952,1,0.379798
4,162,3002,1,0.528347
4,162,3052,1,0.263445
4,162,3102,1,0.367951
4,162,3152,1,0.290553
4,162,3202,1,0.380362
4,162,3252,1,0.757051
4,162,3302,1,0.373677
4,162,3352,1,0.354364
4,162,3402,1,0.561612
4,162,3452,1,0.279726
4,162,3502,1,0.663545
4,162,3552,1,0.272414
4,162,3602,1,0.322718
4,162,3652,1,0.533938
4,162,3702,1,0.126758
4,162,3752,1,0.210982
4,162,3802,1,0.492877
4,162,3852,1,0.415879
4,162,3902,1,0.621598
4,162,3952,1,0.105400
4,162,4002,1,0.349775
4,162,4052,1,0.368597
4,162,4102,1,0.643401
4,162,4152,1,0.463752
4,162,4202,1,0.231623
4,162,4252,1,0.483254
4,162,4302,1,0.169704
4,162,4352,1,0.300165
4,162,4402,1,0.633464
4,162,4452,1,0.207022
4,162,4502,1,0.121814
4,162,4552,1,0.335586
4,162,4602,1,0.587070
4,162,4652,1,0.254763
4,162,4702,1,0.442873
4,162,4752,1,0.470073
4,162,4802,1,0.330616
4,162,4852,1,0.586916
4,162,4902,1,0.225625
4,162,4952,1,0.558195
4,167,2,1,1.121630
4,167,52,1,0.917028
4,167,102,1,0.813669
4,167,152,1,0.938694
4,167,202,1,1.102469
4,167,252,1,1.024362
4,167,302,1,0.831565
4,167,352,1,0.843845
4,167,402,1,0.888848
4,167,452,1,0.929608
4,167,502,1,0.748974
4,167,552,1,0.940583
4,167,602,1,0.763435
4,167,652,1,0.850125
4,167,702,1,0.805995
4,167,752,1,0.764800
4,167,802,1,0.831892
4,167,852,1,0.931822
4,167,902,1,0.824469
4,167,952,1,0.818552
4,167,1002,1,0.936297
4,167,1052,1,0.731009
4,167,1102,1,0.490265
4,167,1152,1,0.852015
4,167,1202,1,0.854909
4,167,1252,1,0.824449
4,167,1302,1,0.723619
4,167,1352,1,0.485184
4,167,1402,1,0.489877
4,167,1452,1,0.555068
4,167,1502,1,0.795629
4,167,1552,1,0.711220
4,167,1602,1,0.125736
4,167,1652,1,0.726366
4,167,1702,1,0.561810
4,167,1752,1,0.251557
4,167,1802,1,0.620532
4,167,1852,1,0.508506
4,167,1902,1,0.347979
4,167,1952,1,0.170149
4,167,2002,1,0.508602
4,167,2052,1,0.399732
4,167,2102,1,0.643383
4,167,2152,1,0.130615
4,167,2202,1,0.487820
4,167,2252,1,0.342880
4,167,2302,1,0.517967
4,167,2352,1,0.744834
4,167,2402,1,0.542331
4,167,2452,1,0.651219
4,167,2502,1,0.545050
4,167,2552,1,0.398196
4,167,2602,1,0.257692
4,167,2652,1,0.137381
4,167,2702,1,0.582823
4,167,2752,1,0.226551
4,167,2802,1,0.425556
4,167,2852,1,0.118636
4,167,2902,1,0.100521
4,167,2952,1,0.316287
4,167,3002,1,0.353494
4,167,3052,1,0.642549
4,167,3102,1,0.258523
4,167,3152,1,0.225952
4,167,3202,1,0.546196
4,167,3252,1,0.219564
4,167,3302,1,0.256430
4,167,3352,1,0.762098
4,167,3402,1,0.225711
4,167,3452,1,0.634053
4,167,3502,1,0.606330
4,167,3552,1,0.659575
4,167,3602,1,0.632376
4,167,3652,1,0.760099
4,167,3702,1,0.304203
4,167,3752,1,0.197645
4,167,3802,1,0.159160
4,167,3852,1,0.249279
4,167,3902,1,0.789137
4,167,3952,1,0.620947
4,167,4002,1,0.102681
4,167,4052,1,0.411936
4,167,4102,1,0.147363
4,167,4152,1,0.678107
4,167,4202,1,0.563228
4,167,4252,1,0.494947
4,167,4302,1,0.485219
4,167,4352,1,0.089773
4,167,4402,1,0.179229
4,167,4452,1,0.529291
4,167,4502,1,0.300715
4,167,4552,1,0.567214
4,167,4602,1,0.622443
4,167,4652,1,0.417895
4,167,4702,1,0.657832
4,167,4752,1,0.310887
4,167,4802,1,0.661445
4,167,4852,1,0.668657
4,167,4902,1,0.246750
4,167,4952,1,0.520558
4,172,2,1,1.267559
4,172,52,1,0.939535
4,172,102,1,0.936125
4,172,152,1,0.988708
4,172,202,1,0.974360
4,172,252,1,1.006590
4,172,302,1,1.079042
4,172,352,1,1.075168
4,172,402,1,0.821239
4,172,452,1,0.797368
4,172,502,1,1.060969
4,172,552,1,0.929539
4,172,602,1,1.105177
4,172,652,1,0.713258
4,172,702,1,0.959010
4,172,752,1,0.801378
4,172,802,1,0.749606
4,172,852,1,0.968971
4,172,902,1,0.816210
4,172,952,1,0.661273
4,172,1002,1,0.774200
4,172,1052,1,0.823966
4,172,1102,1,0.396776
4,172,1152,1,0.802160
4,172,1202,1,0.821648
4,172,1252,1,0.384193
4,172,1302,1,0.438148
4,172,1352,1,0.821083
4,172,1402,1,1.014986
4,172,1452,1,0.668316
4,172,1502,1,0.463263
4,172,1552,1,0.741409
4,172,1602,1,0.776569
4,172,1652,1,0.646272
4,172,1702,1,0.373228
4,172,1752,1,0.341655
4,172,1802,1,0.408152
4,172,1852,1,0.384964
4,172,1902,1,0.486851
4,172,1952,1,0.312803
4,172,2002,1,0.280593
4,172,2052,1,0.474464
4,172,2102,1,0.194401
4,172,2152,1,0.120750
4,172,2202,1,0.413060
4,172,2252,1,0.162463
4,172,2302,1,0.234363
4,172,2352,1,0.441441
4,172,2402,1,0.459966
4,172,2452,1,0.434435
4,172,2502,1,0.398735
4,172,2552,1,0.566425
4,172,2602,1,0.368652
4,172,2652,1,0.435304
4,172,2702,1,0.362983
4,172,2752,1,0.402113
4,172,2802,1,0.224607
4,172,2852,1,0.432163
4,172,2902,1,0.478251
4,172,2952,1,0.556603
4,172,3002,1,0.101091
4,172,3052,1,0.416515
4,172,3102,1,0.571461
4,172,3152,1,0.563617
4,172,3202,1,0.147595
4,172,3252,1,0.200026
4,172,3302,1,0.287395
4,172,3352,1,0.556598
4,172,3402,1,0.366690
4,172,3452,1,0.543336
4,172,3502,1,0.308732
4,172,3552,1,0.286374
4,172,3602,1,0.175690
4,172,3652,1,0.271514
4,172,3702,1,0.190841
4,172,3752,1,0.155038
4,172,3802,1,0.394029
4,172,3852,1,0.262865
4,172,3902,1,0.206061
4,172,3952,1,0.562789
4,172,4002,1,0.342936
4,172,4052,1,0.574258
4,172,4102,1,0.503855
4,172,4152,1,0.163682
4,172,4202,1,0.311397
4,172,4252,1,0.155263
4,172,4302,1,0.357126
4,172,4352,1,0.101835
4,172,4402,1,0.431335
4,172,4452,1,0.579101
4,172,4502,1,0.612959
4,172,4552,1,0.414936
4,172,4602,1,0.429554
4,172,4652,1,0.135062
4,172,4702,1,0.683040
4,172,4752,1,0.637776
4,172,4802,1,0.351728
4,172,4852,1,0.513461
4,172,4902,1,0.500240
4,172,4952,1,0.439376
4,177,2,1,1.319812
4,177,52,1,1.024999
4,177,102,1,0.933961
4,177,152,1,0.899454
4,177,202,1,0.984060
4,177,252,1,1.041777
4,177,302,1,0.805427
4,177,352,1,1.009254
4,177,402,1,1.105828
4,177,452,1,0.931663
4,177,502,1,0.925562
4,177,552,1,0.762256
4,177,602,1,0.764754
4,177,652,1,0.746480
4,177,702,1,0.736024
4,177,752,1,0.703168
4,177,802,1,0.615723
4,177,852,1,0.739739
4,177,902,1,0.488976
4,177,952,1,0.557485
4,177,1002,1,0.954856
4,177,1052,1,0.751085
4,177,1102,1,0.933693
4,177,1152,1,0.574030
4,177,1202,1,0.368403
4,177,1252,1,0.378735
4,177,1302,1,0.490141
4,177,1352,1,0.344235
4,177,1402,1,0.785462
4,177,1452,1,0.804855
4,177,1502,1,0.611695
4,177,1552,1,0.462838
4,177,1602,1,0.295375
4,177,1652,1,0.671952
4,177,1702,1,0.932415
4,177,1752,1,0.577810
4,177,1802,1,0.354737
4,177,1852,1,0.079696
4,177,1902,1,0.709463
4,177,1952,1,0.517457
4,177,2002,1,0.737765
4,177,2052,1,0.581596
4,177,2102,1,0.569172
4,177,2152,1,0.443559
4,177,2202,1,0.371924
4,177,2252,1,0.141915
4,177,2302,1,0.751703
4,177,2352,1,0.489404
4,177,2402,1,0.147462
4,177,2452,1,0.618869
4,177,2502,1,0.343003
4,177,2552,1,0.440673
4,177,2602,1,0.435048
4,177,2652,1,0.464907
4,177,2702,1,0.383246
4,177,2752,1,0.216574
4,177,2802,1,0.176020
4,177,2852,1,0.438865
4,177,2902,1,0.227176
4,177,2952,1,0.633804
4,177,3002,1,0.104141
4,177,3052,1,0.417166
4,177,3102,1,0.511341
4,177,3152,1,0.448400
4,177,3202,1,0.288761
4,177,3252,1,0.354115
4,177,3302,1,0.610695
4,177,3352,1,0.240967
4,177,3402,1,0.479796
4,177,3452,1,0.394224
4,177,3502,1,0.645431
4,177,3552,1,0.219799
4,177,3602,1,0.135570
4,177,3652,1,0.518541
4,177,3702,1,0.293311
4,177,3752,1,0.326182
4,177,3802,1,0.500980
4,177,3852,1,0.599053
4,177,3902,1,0.304935
4,177,3952,1,0.430651
4,177,4002,1,0.257510
4,177,4052,1,0.225550
4,177,4102,1,0.515290
4,177,4152,1,0.140863
4,177,4202,1,0.176068
4,177,4252,1,0.422062
4,177,4302,1,0.394725
4,177,4352,1,0.203702
4,177,4402,1,0.347985
4,177,4452,1,0.351289
4,177,4502,1,0.224960
4,177,4552,1,0.577887
4,177,4602,1,0.261821
4,177,4652,1,0.676884
4,177,4702,1,0.239623
4,177,4752,1,0.176393
4,177,4802,1,0.165564
4,177,4852,1,0.162773
4,177,4902,1,0.401102
4,177,4952,1,0.200396
4,182,2,1,1.295094
4,182,52,1,0.829016
4,182,102,1,0.816822
4,182,152,1,0.795488
4,182,202,1,0.791110
4,182,252,1,0.829507
4,182,302,1,0.965428
4,182,352,1,0.926390
4,182,402,1,0.933499
4,182,452,1,1.108869
4,182,502,1,0.750679
4,182,552,1,0.483116
4,182,602,1,0.994658
4,182,652,1,0.824982
4,182,702,1,0.713732
4,182,752,1,0.641596
4,182,802,1,0.642947
4,182,852,1,0.943948
4,182,902,1,0.744953
4,182,952,1,0.736772
4,182,1002,1,0.792552
4,182,1052,1,0.651505
4,182,1102,1,0.802037
4,182,1152,1,0.655658
4,182,1202,1,0.380016
4,182,1252,1,1.004756
4,182,1302,1,0.172235
4,182,1352,1,1.013320
4,182,1402,1,0.812388
4,182,1452,1,0.338630
4,182,1502,1,0.556611
4,182,1552,1,0.405283
4,182,1602,1,0.757907
4,182,1652,1,0.680114
4,182,1702,1,0.534009
4,182,1752,1,0.772480
4,182,1802,1,0.431239
4,182,1852,1,0.173912
4,182,1902,1,0.247706
4,182,1952,1,0.566095
4,182,2002,1,0.629975
4,182,2052,1,0.289608
4,182,2102,1,0.371024
4,182,2152,1,0.210417
4,182,2202,1,0.289826
4,182,2252,1,0.223188
4,182,2302,1,0.096436
4,182,2352,1,0.473124
4,182,2402,1,0.167830
4,182,2452,1,0.804826
4,182,2502,1,0.349987
4,182,2552,1,0.270360
4,182,2602,1,0.560392
4,182,2652,1,0.695066
4,182,2702,1,0.431236
4,182,2752,1,0.203347
4,182,2802,1,0.109770
4,182,2852,1,0.279928
4,182,2902,1,0.109454
4,182,2952,1,0.447261
4,182,3002,1,0.165646
4,182,3052,1,0.276113
4,182,3102,1,0.782069
4,182,3152,1,0.383312
4,182,3202,1,0.454149
4,182,3252,1,0.098418
4,182,3302,1,0.341140
4,182,3352,1,0.401480
4,182,3402,1,0.201880
4,182,3452,1,0.280882
4,182,3502,1,0.625071
4,182,3552,1,0.178251
4,182,3602,1,0.487590
4,182,3652,1,0.084262
4,182,3702,1,0.539975
4,182,3752,1,0.485747
4,182,3802,1,0.253595
4,182,3852,1,0.227041
4,182,3902,1,0.250051
4,182,3952,1,0.689276
4,182,4002,1,0.714832
4,182,4052,1,0.186836
4,182,4102,1,0.356252
4,182,4152,1,0.342180
4,182,4202,1,0.241911
4,182,4252,1,0.221178
4,182,4302,1,0.164106
4,182,4352,1,0.604075
4,182,4402,1,0.601820
4,182,4452,1,0.448819
4,182,4502,1,0.458678
4,182,4552,1,0.372817
4,182,4602,1,0.705552
4,182,4652,1,0.531267
4,182,4702,1,0.277142
4,182,4752,1,0.283574
4,182,4802,1,0.565525
4,182,4852,1,0.336331
4,182,4902,1,0.285731
4,182,4952,1,0.651617
4,187,2,1,1.115952
4,187,52,1,0.846566
4,187,102,1,1.051247
4,187,152,1,1.118234
4,187,202,1,0.917100
4,187,252,1,0.793389
4,187,302,1,0.927483
4,187,352,1,1.093086
4,187,402,1,0.759801
4,187,452,1,0.516664
4,187,502,1,1.124973
4,187,552,1,0.737730
4,187,602,1,0.653861
4,187,652,1,0.562234
4,187,702,1,0.820917
4,187,752,1,0.489937
4,187,802,1,0.939944
4,187,852,1,0.747589
4,187,902,1,0.779651
4,187,952,1,1.047601
4,187,1002,1,0.881167
4,187,1052,1,0.462761
4,187,1102,1,0.982117
4,187,1152,1,0.460135
4,187,1202,1,1.033835
4,187,1252,1,0.807085
4,187,1302,1,0.777092
4,187,1352,1,0.492490
4,187,1402,1,0.823652
4,187,1452,1,0.673318
4,187,1502,1,0.779938
4,187,1552,1,0.360612
4,187,1602,1,0.699591
4,187,1652,1,0.805277
4,187,1702,1,0.516850
4,187,1752,1,0.544200
4,187,1802,1,0.382959
4,187,1852,1,0.758305
4,187,1902,1,0.710049
4,187,1952,1,0.094543
4,187,2002,1,0.180522
4,187,2052,1,0.632496
4,187,2102,1,0.276566
4,187,2152,1,0.226278
4,187,2202,1,0.501522
4,187,2252,1,0.495928
4,187,2302,1,0.214733
4,187,2352,1,0.504522
4,187,2402,1,0.541345
4,187,2452,1,0.520426
4,187,2502,1,0.264640
4,187,2552,1,0.192986
4,187,2602,1,0.242561
4,187,2652,1,0.584192
4,187,2702,1,0.294024
4,187,2752,1,0.223055
4,187,2802,1,0.325910
4,187,2852,1,0.202439
4,187,2902,1,0.347391
4,187,2952,1,0.340559
4,187,3002,1,0.692615
4,187,3052,1,0.106949
4,187,3102,1,0.148538
4,187,3152,1,0.420014
4,187,3202,1,0.304244
4,187,3252,1,0.407680
4,187,3302,1,0.316411
4,187,3352,1,0.573768
4,187,3402,1,0.370749
4,187,3452,1,0.289824
4,187,3502,1,0.107551
4,187,3552,1,0.183647
4,187,3602,1,0.315027
4,187,3652,1,0.611785
4,187,3702,1,0.598261
4,187,3752,1,0.364693
4,187,3802,1,0.374373
4,187,3852,1,0.236565
4,187,3902,1,0.586085
4,187,3952,1,0.295850
4,187,4002,1,0.229044
4,187,4052,1,0.202850
4,187,4102,1,0.294787
4,187,4152,1,0.409400
4,187,4202,1,0.476026
4,187,4252,1,0.226700
4,187,4302,1,0.366161
4,187,4352,1,0.691827
4,187,4402,1,0.053529
4,187,4452,1,0.317632
4,187,4502,1,0.545535
4,187,4552,1,0.443938
4,187,4602,1,0.464803
4,187,4652,1,0.658952
4,187,4702,1,0.127713
4,187,4752,1,0.497646
4,187,4802,1,0.560306
4,187,4852,1,0.603653
4,187,4902,1,0.619709
4,187,4952,1,0.493620
4,192,2,1,1.240784
4,192,52,1,0.929239
4,192,102,1,0.820430
4,192,152,1,0.929849
4,192,202,1,0.938027
4,192,252,1,0.928416
4,192,302,1,0.937518
4,192,352,1,0.940041
4,192,402,1,0.737069
4,192,452,1,0.994411
4,192,502,1,0.955546
4,192,552,1,0.818485
4,192,602,1,0.739787
4,192,652,1,0.924276
4,192,702,1,1.011649
4,192,752,1,1.056097
4,192,802,1,0.749623
4,192,852,1,0.583620
4,192,902,1,0.712679
4,192,952,1,0.771828
4,192,1002,1,0.929723
4,192,1052,1,0.634456
4,192,1102,1,0.755440
4,192,1152,1,0.645741
4,192,1202,1,0.737809
4,192,1252,1,0.489701
4,192,1302,1,0.691813
4,192,1352,1,0.810864
4,192,1402,1,0.780335
4,192,1452,1,0.486985
4,192,1502,1,1.113198
4,192,1552,1,0.749057
4,192,1602,1,0.743604
4,192,1652,1,0.490258
4,192,1702,1,0.406243
4,192,1752,1,0.791394
4,192,1802,1,0.463029
4,192,1852,1,0.655314
4,192,1902,1,0.188296
4,192,1952,1,0.482251
4,192,2002,1,0.251129
4,192,2052,1,0.305474
4,192,2102,1,0.371685
4,192,2152,1,0.214549
4,192,2202,1,0.303289
4,192,2252,1,0.346474
4,192,2302,1,0.587893
4,192,2352,1,0.451114
4,192,2402,1,0.460347
4,192,2452,1,0.554794
4,192,2502,1,0.323050
4,192,2552,1,0.192172
4,192,2602,1,0.615197
4,192,2652,1,0.231631
4,192,2702,1,0.419498
4,192,2752,1,0.520357
4,192,2802,1,0.170783
4,192,2852,1,0.638900
4,192,2902,1,0.606960
4,192,2952,1,0.347846
4,192,3002,1,0.616842
4,192,3052,1,0.448315
4,192,3102,1,0.203920
4,192,3152,1,0.400890
4,192,3202,1,0.088985
4,192,3252,1,0.271537
4,192,3302,1,0.732858
4,192,3352,1,0.349354
4,192,3402,1,0.202238
4,192,3452,1,0.147282
4,192,3502,1,0.154359
4,192,3552,1,0.101950
4,192,3602,1,0.450636
4,192,3652,1,0.377223
4,192,3702,1,0.329091
4,192,3752,1,0.275183
4,192,3802,1,0.297286
4,192,3852,1,0.088195
4,192,3902,1,0.500610
4,192,3952,1,0.249514
4,192,4002,1,0.420861
4,192,4052,1,0.514148
4,192,4102,1,0.301021
4,192,4152,1,0.111049
4,192,4202,1,0.824353
4,192,4252,1,0.474676
4,192,4302,1,0.622694
4,192,4352,1,0.498894
4,192,4402,1,0.234460
4,192,4452,1,0.183611
4,192,4502,1,0.442964
4,192,4552,1,0.720228
4,192,4602,1,0.175189
4,192,4652,1,0.198799
4,192,4702,1,0.345653
4,192,4752,1,0.504257
4,192,4802,1,0.245791
4,192,4852,1,0.308502
4,192,4902,1,0.567392
4,192,4952,1,0.143750
4,197,2,1,1.258965
4,197,52,1,0.928011
4,197,102,1,0.908725
4,197,152,1,0.925175
4,197,202,1,0.959497
4,197,252,1,0.944385
4,197,302,1,1.134428
4,197,352,1,0.939128
4,197,402,1,1.028279
4,197,452,1,0.957174
4,197,502,1,0.936303
4,197,552,1,0.748439
4,197,602,1,0.454094
4,197,652,1,0.727352
4,197,702,1,0.753507
4,197,752,1,0.985205
4,197,802,1,0.956044
4,197,852,1,0.749665
4,197,902,1,0.135325
4,197,952,1,0.743779
4,197,1002,1,0.458054
4,197,1052,1,0.952984
4,197,1102,1,0.616248
4,197,1152,1,0.771859
4,197,1202,1,0.739052
4,197,1252,1,0.754181
4,197,1302,1,0.357438
4,197,1352,1,0.430636
4,197,1402,1,0.576814
4,197,1452,1,0.565683
4,197,1502,1,0.668667
4,197,1552,1,0.586243
4,197,1602,1,0.675142
4,197,1652,1,0.478663
4,197,1702,1,0.647191
4,197,1752,1,0.368620
4,197,1802,1,0.739229
4,197,1852,1,0.514764
4,197,1902,1,0.680988
4,197,1952,1,0.721062
4,197,2002,1,0.259680
4,197,2052,1,0.609588
4,197,2102,1,0.702904
4,197,2152,1,0.216867
4,197,2202,1,0.622807
4,197,2252,1,0.686672
4,197,2302,1,0.294937
4,197,2352,1,0.413484
4,197,2402,1,0.497115
4,197,2452,1,0.303272
4,197,2502,1,0.179749
4,197,2552,1,0.476617
4,197,2602,1,0.426495
4,197,2652,1,0.224170
4,197,2702,1,0.367331
4,197,2752,1,0.558194
4,197,2802,1,0.073976
4,197,2852,1,0.627596
4,197,2902,1,0.210346
4,197,2952,1,0.295260
4,197,3002,1,0.340935
4,197,3052,1,0.740043
4,197,3102,1,0.212036
4,197,3152,1,0.510139
4,197,3202,1,0.274714
4,197,3252,1,0.674353
4,197,3302,1,0.204443
4,197,3352,1,0.395505
4,197,3402,1,0.251144
4,197,3452,1,0.083423
4,197,3502,1,0.352263
4,197,3552,1,0.173656
4,197,3602,1,0.661848
4,197,3652,1,0.166616
4,197,3702,1,0.363925
4,197,3752,1,0.640372
4,197,3802,1,0.537543
4,197,3852,1,0.654221
4,197,3902,1,0.410926
4,197,3952,1,0.717396
4,197,4002,1,0.352579
4,197,4052,1,0.602658
4,197,4102,1,0.730777
4,197,4152,1,0.640962
4,197,4202,1,0.349310
4,197,4252,1,0.351632
4,197,4302,1,0.334191
4,197,4352,1,0.685674
4,197,4402,1,0.754968
4,197,4452,1,0.204654
4,197,4502,1,0.486990
4,197,4552,1,0.175153
4,197,4602,1,0.103376
4,197,4652,1,0.502998
4,197,4702,1,0.437055
4,197,4752,1,0.483641
4,197,4802,1,0.233241
4,197,4852,1,0.722767
4,197,4902,1,0.504089
4,197,4952,1,0.250134
8,2,2,1,1.283406
8,2,52,1,1.236084
8,2,102,1,1.229685
8,2,152,1,1.302029
8,2,202,1,1.091393
8,2,252,1,1.041941
8,2,302,1,1.093449
8,2,352,1,1.235939
8,2,402,1,1.235540
8,2,452,1,1.236856
8,2,502,1,1.137269
8,2,552,1,1.228735
8,2,602,1,1.226990
8,2,652,1,1.285617
8,2,702,1,1.239218
8,2,752,1,1.232603
8,2,802,1,1.085149
8,2,852,1,1.237187
8,2,902,1,1.044683
8,2,952,1,1.101344
8,2,1002,1,1.135723
8,2,1052,1,1.223607
8,2,1102,1,1.239155
8,2,1152,1,1.138233
8,2,1202,1,1.096507
8,2,1252,1,1.051219
8,2,1302,1,1.161550
8,2,1352,1,1.145816
8,2,1402,1,1.088152
8,2,1452,1,1.239666
8,2,1502,1,1.230700
8,2,1552,1,1.138754
8,2,1602,1,1.133201
8,2,1652,1,1.138449
8,2,1702,1,1.242648
8,2,1752,1,1.043113
8,2,1802,1,1.281323
8,2,1852,1,1.235549
8,2,1902,1,1.228500
8,2,1952,1,1.094776
8,2,2002,1,1.237530
8,2,2052,1,1.233296
8,2,2102,1,1.236183
8,2,2152,1,1.051313
8,2,2202,1,1.237867
8,2,2252,1,1.217047
8,2,2302,1,1.091211
8,2,2352,1,1.286153
8,2,2402,1,1.225533
8,2,2452,1,1.289158
8,2,2502,1,1.138101
8,2,2552,1,1.225601
8,2,2602,1,1.237394
8,2,2652,1,1.226109
8,2,2702,1,1.043763
8,2,2752,1,1.101880
8,2,2802,1,1.089124
8,2,2852,1,1.144535
8,2,2902,1,1.137833
8,2,2952,1,1.236838
8,2,3002,1,1.099889
8,2,3052,1,1.143476
8,2,3102,1,1.237007
8,2,3152,1,1.234040
8,2,3202,1,1.239765
8,2,3252,1,1.236605
8,2,3302,1,1.143826
8,2,3352,1,1.130228
8,2,3402,1,1.227215
8,2,3452,1,1.087383
8,2,3502,1,1.240941
8,2,3552,1,1.234873
8,2,3602,1,1.233750
8,2,3652,1,1.250750
8,2,3702,1,1.144525
8,2,3752,1,1.232535
8,2,3802,1,1.239061
8,2,3852,1,1.234857
8,2,3902,1,1.234580
8,2,3952,1,1.285407
8,2,4002,1,1.145396
8,2,4052,1,1.084477
8,2,4102,1,1.236213
8,2,4152,1,1.137899
8,2,4202,1,1.143939
8,2,4252,1,1.133387
8,2,4302,1,1.137444
8,2,4352,1,1.234632
8,2,4402,1,1.284603
8,2,4452,1,1.132940
8,2,4502,1,1.082429
8,2,4552,1,1.041512
8,2,4602,1,1.100518
8,2,4652,1,1.132708
8,2,4702,1,1.234369
8,2,4752,1,1.236237
8,2,4802,1,1.041771
8,2,4852,1,1.042126
8,2,4902,1,1.289335
8,2,4952,1,1.093493
8,7,2,1,1.096268
8,7,52,1,1.138200
8,7,102,1,1.260330
8,7,152,1,1.090705
8,7,202,1,1.229338
8,7,252,1,1.262870
8,7,302,1,1.241084
8,7,352,1,1.122602
8,7,402,1,1.096627
8,7,452,1,1.130153
8,7,502,1,1.167554
8,7,552,1,1.241932
8,7,602,1,1.289177
8,7,652,1,1.173211
8,7,702,1,1.235874
8,7,752,1,1.042041
8,7,802,1,1.223811
8,7,852,1,1.264107
8,7,902,1,1.051672
8,7,952,1,1.056318
8,7,1002,1,1.478036
8,7,1052,1,1.274724
8,7,1102,1,1.234494
8,7,1152,1,1.287098
8,7,1202,1,1.190639
8,7,1252,1,1.238348
8,7,1302,1,1.222263
8,7,1352,1,1.191044
8,7,1402,1,1.156867
8,7,1452,1,1.234317
8,7,1502,1,1.230892
8,7,1552,1,1.244459
8,7,1602,1,1.226667
8,7,1652,1,1.236037
8,7,1702,1,1.293333
8,7,1752,1,1.146814
8,7,1802,1,1.139800
8,7,1852,1,1.258340
8,7,1902,1,1.317438
8,7,1952,1,1.289564
8,7,2002,1,1.260648
8,7,2052,1,1.102345
8,7,2102,1,1.238963
8,7,2152,1,1.138822
8,7,2202,1,1.132035
8,7,2252,1,1.102495
8,7,2302,1,1.088160
8,7,2352,1,1.103694
8,7,2402,1,1.135131
8,7,2452,1,1.265957
8,7,2502,1,1.307691
8,7,2552,1,1.257394
8,7,2602,1,1.312150
8,7,2652,1,1.224365
8,7,2702,1,1.141658
8,7,2752,1,1.046448
8,7,2802,1,1.090844
8,7,2852,1,1.300744
8,7,2902,1,1.306536
8,7,2952,1,1.225301
8,7,3002,1,1.263914
8,7,3052,1,1.259679
8,7,3102,1,1.234278
8,7,3152,1,1.235233
8,7,3202,1,1.302504
8,7,3252,1,1.250722
8,7,3302,1,1.256553
8,7,3352,1,1.236530
8,7,3402,1,1.134300
8,7,3452,1,1.162132
8,7,3502,1,1.236573
8,7,3552,1,1.247531
8,7,3602,1,1.044244
8,7,3652,1,1.047716
8,7,3702,1,1.285903
8,7,3752,1,1.230996
8,7,3802,1,1.237216
8,7,3852,1,1.260275
8,7,3902,1,1.237923
8,7,3952,1,1.289575
8,7,4002,1,1.136042
8,7,4052,1,1.230621
8,7,4102,1,1.100519
8,7,4152,1,1.179638
8,7,4202,1,1.071846
8,7,4252,1,1.334091
8,7,4302,1,1.132003
8,7,4352,1,1.238619
8,7,4402,1,1.094618
8,7,4452,1,1.256061
8,7,4502,1,1.234873
8,7,4552,1,1.260120
8,7,4602,1,1.225507
8,7,4652,1,1.284174
8,7,4702,1,1.137929
8,7,4752,1,1.132417
8,7,4802,1,1.267454
8,7,4852,1,1.235494
8,7,4902,1,1.291596
8,7,4952,1,1.290067
8,12,2,1,1.238025
8,12,52,1,0.980471
8,12,102,1,0.930085
8,12,152,1,0.777571
8,12,202,1,0.768689
8,12,252,1,0.956146
8,12,302,1,0.952841
8,12,352,1,0.928276
8,12,402,1,0.927965
8,12,452,1,0.968990
8,12,502,1,0.940421
8,12,552,1,0.937747
8,12,602,1,0.944291
8,12,652,1,0.923164
8,12,702,1,0.799379
8,12,752,1,0.944689
8,12,802,1,1.003812
8,12,852,1,0.994692
8,12,902,1,0.932894
8,12,952,1,0.939675
8,12,1002,1,0.938884
8,12,1052,1,1.063727
8,12,1102,1,0.956837
8,12,1152,1,0.841299
8,12,1202,1,0.925790
8,12,1252,1,0.926802
8,12,1302,1,0.783753
8,12,1352,1,0.733903
8,12,1402,1,0.981093
8,12,1452,1,0.925805
8,12,1502,1,0.981393
8,12,1552,1,1.081041
8,12,1602,1,0.931764
8,12,1652,1,0.829913
8,12,1702,1,0.856877
8,12,1752,1,0.930764
8,12,1802,1,0.927235
8,12,1852,1,1.080889
8,12,1902,1,0.952426
8,12,1952,1,1.070796
8,12,2002,1,1.014443
8,12,2052,1,0.935832
8,12,2102,1,0.949245
8,12,2152,1,1.004818
8,12,2202,1,0.929661
8,12,2252,1,0.923149
8,12,2302,1,1.111836
8,12,2352,1,0.975380
8,12,2402,1,0.943619
8,12,2452,1,0.921938
8,12,2502,1,0.967364
8,12,2552,1,0.955561
8,12,2602,1,1.111433
8,12,2652,1,0.941710
8,12,2702,1,1.138121
8,12,2752,1,0.934045
8,12,2802,1,1.038154
8,12,2852,1,1.084236
8,12,2902,1,1.079149
8,12,2952,1,0.986592
8,12,3002,1,1.080354
8,12,3052,1,0.980472
8,12,3102,1,0.927732
8,12,3152,1,0.938177
8,12,3202,1,0.930618
8,12,3252,1,0.935589
8,12,3302,1,0.835406
8,12,3352,1,0.999870
8,12,3402,1,0.930444
8,12,3452,1,0.932010
8,12,3502,1,0.761195
8,12,3552,1,0.812351
8,12,3602,1,0.838632
8,12,3652,1,0.915754
8,12,3702,1,0.915085
8,12,3752,1,0.919274
8,12,3802,1,0.759027
8,12,3852,1,1.107095
8,12,3902,1,0.924797
8,12,3952,1,0.845304
8,12,4002,1,0.918848
8,12,4052,1,0.928427
8,12,4102,1,0.816874
8,12,4152,1,0.925580
8,12,4202,1,0.786299
8,12,4252,1,0.968515
8,12,4302,1,0.926880
8,12,4352,1,0.825087
8,12,4402,1,0.914994
8,12,4452,1,1.110168
8,12,4502,1,0.926942
8,12,4552,1,1.069375
8,12,4602,1,0.927015
8,12,4652,1,0.939456
8,12,4702,1,0.920999
8,12,4752,1,1.102457
8,12,4802,1,0.984111
8,12,4852,1,0.928735
8,12,4902,1,0.941833
8,12,4952,1,0.928288
8,17,2,1,1.243747
8,17,52,1,1.049519
8,17,102,1,1.101327
8,17,152,1,0.933079
8,17,202,1,1.136883
8,17,252,1,0.930245
8,17,302,1,0.942204
8,17,352,1,0.995317
8,17,402,1,0.956397
8,17,452,1,0.918307
8,17,502,1,1.082178
8,17,552,1,1.081693
8,17,602,1,0.953844
8,17,652,1,1.086576
8,17,702,1,0.942528
8,17,752,1,0.935859
8,17,802,1,0.944246
8,17,852,1,0.941809
8,17,902,1,0.784719
8,17,952,1,1.108789
8,17,1002,1,1.109155
8,17,1052,1,1.109929
8,17,1102,1,0.986839
8,17,1152,1,0.930311
8,17,1202,1,0.980281
8,17,1252,1,0.947015
8,17,1302,1,0.978083
8,17,1352,1,1.016939
8,17,1402,1,0.830464
8,17,1452,1,0.803315
8,17,1502,1,0.941964
8,17,1552,1,0.968918
8,17,1602,1,0.923885
8,17,1652,1,0.942413
8,17,1702,1,0.931402
8,17,1752,1,0.918735
8,17,1802,1,1.083567
8,17,1852,1,0.949571
8,17,1902,1,0.866090
8,17,1952,1,0.829661
8,17,2002,1,1.109250
8,17,2052,1,0.973597
8,17,2102,1,0.901535
8,17,2152,1,0.933571
8,17,2202,1,1.112570
8,17,2252,1,0.929648
8,17,2302,1,0.943250
8,17,2352,1,0.928774
8,17,2402,1,0.927197
8,17,2452,1,0.937287
8,17,2502,1,0.947610
8,17,2552,1,0.937809
8,17,2602,1,0.965654
8,17,2652,1,0.929662
8,17,2702,1,0.928520
8,17,2752,1,0.944098
8,17,2802,1,0.812026
8,17,2852,1,0.955516
8,17,2902,1,0.894015
8,17,2952,1,0.984494
8,17,3002,1,1.025488
8,17,3052,1,0.989379
8,17,3102,1,0.917431
8,17,3152,1,0.846371
8,17,3202,1,0.944247
8,17,3252,1,0.940148
8,17,3302,1,0.959135
8,17,3352,1,1.007060
8,17,3402,1,0.925692
8,17,3452,1,0.963634
8,17,3502,1,0.916108
8,17,3552,1,0.846989
8,17,3602,1,1.083301
8,17,3652,1,0.929050
8,17,3702,1,0.917185
8,17,3752,1,0.930925
8,17,3802,1,0.934730
8,17,3852,1,1.085017
8,17,3902,1,0.948526
8,17,3952,1,0.982769
8,17,4002,1,0.925331
8,17,4052,1,0.920831
8,17,4102,1,0.936107
8,17,4152,1,0.990401
8,17,4202,1,0.934940
8,17,4252,1,0.921817
8,17,4302,1,0.924062
8,17,4352,1,0.816774
8,17,4402,1,1.084664
8,17,4452,1,1.080985
8,17,4502,1,1.083170
8,17,4552,1,0.950820
8,17,4602,1,1.109460
8,17,4652,1,0.935000
8,17,4702,1,0.801891
8,17,4752,1,0.936795
8,17,4802,1,0.796200
8,17,4852,1,0.923325
8,17,4902,1,0.954791
8,17,4952,1,1.080758
8,22,2,1,1.303979
8,22,52,1,0.810106
8,22,102,1,1.062628
8,22,152,1,0.791335
8,22,202,1,0.707972
8,22,252,1,1.080727
8,22,302,1,0.886171
8,22,352,1,0.927978
8,22,402,1,0.950652
8,22,452,1,0.955942
8,22,502,1,0.938130
8,22,552,1,0.946762
8,22,602,1,0.801842
8,22,652,1,0.777228
8,22,702,1,0.766219
8,22,752,1,0.938310
8,22,802,1,0.939893
8,22,852,1,0.799417
8,22,902,1,0.927582
8,22,952,1,0.931626
8,22,1002,1,1.077178
8,22,1052,1,0.731287
8,22,1102,1,0.770324
8,22,1152,1,0.776099
8,22,1202,1,0.933340
8,22,1252,1,0.710764
8,22,1302,1,0.807286
8,22,1352,1,0.776778
8,22,1402,1,0.727884
8,22,1452,1,0.727256
8,22,1502,1,0.808430
8,22,1552,1,0.698771
8,22,1602,1,0.806734
8,22,1652,1,0.720391
8,22,1702,1,0.710159
8,22,1752,1,0.778676
8,22,1802,1,0.807458
8,22,1852,1,0.723146
8,22,1902,1,0.722058
8,22,1952,1,0.781275
8,22,2002,1,0.725559
8,22,2052,1,0.569720
8,22,2102,1,0.783921
8,22,2152,1,0.712437
8,22,2202,1,0.767781
8,22,2252,1,0.722261
8,22,2302,1,0.782856
8,22,2352,1,0.720463
8,22,2402,1,0.780433
8,22,2452,1,0.783816
8,22,2502,1,0.721287
8,22,2552,1,0.711179
8,22,2602,1,0.568205
8,22,2652,1,0.723227
8,22,2702,1,0.783094
8,22,2752,1,0.781728
8,22,2802,1,0.711465
8,22,2852,1,0.781353
8,22,2902,1,0.715821
8,22,2952,1,0.710803
8,22,3002,1,0.588629
8,22,3052,1,0.783262
8,22,3102,1,0.782219
8,22,3152,1,0.725268
8,22,3202,1,0.723471
8,22,3252,1,0.705572
8,22,3302,1,0.710782
8,22,3352,1,0.714486
8,22,3402,1,0.783042
8,22,3452,1,0.710692
8,22,3502,1,0.784223
8,22,3552,1,0.716658
8,22,3602,1,0.727277
8,22,3652,1,0.575874
8,22,3702,1,0.715245
8,22,3752,1,0.595446
8,22,3802,1,0.780338
8,22,3852,1,0.733994
8,22,3902,1,0.722112
8,22,3952,1,0.723674
8,22,4002,1,0.783534
8,22,4052,1,0.725148
8,22,4102,1,0.782375
8,22,4152,1,0.708802
8,22,4202,1,0.705920
8,22,4252,1,0.728830
8,22,4302,1,0.780471
8,22,4352,1,0.741453
8,22,4402,1,0.724628
8,22,4452,1,0.726306
8,22,4502,1,0.719494
8,22,4552,1,0.720385
8,22,4602,1,0.730253
8,22,4652,1,0.592933
8,22,4702,1,0.563990
8,22,4752,1,0.708651
8,22,4802,1,0.668479
8,22,4852,1,0.729461
8,22,4902,1,0.751366
8,22,4952,1,0.772088
8,27,2,1,1.237595
8,27,52,1,0.764179
8,27,102,1,1.081875
8,27,152,1,1.172693
8,27,202,1,0.939221
8,27,252,1,0.997285
8,27,302,1,1.024274
8,27,352,1,1.076856
8,27,402,1,0.946443
8,27,452,1,0.859756
8,27,502,1,0.806395
8,27,552,1,0.928188
8,27,602,1,0.945234
8,27,652,1,0.893663
8,27,702,1,1.136796
8,27,752,1,0.773244
8,27,802,1,0.756385
8,27,852,1,0.932850
8,27,902,1,0.758438
8,27,952,1,0.879678
8,27,1002,1,0.722278
8,27,1052,1,0.807075
8,27,1102,1,0.941389
8,27,1152,1,0.798426
8,27,1202,1,0.726410
8,27,1252,1,0.759792
8,27,1302,1,0.850312
8,27,1352,1,0.709942
8,27,1402,1,0.782992
8,27,1452,1,0.728195
8,27,1502,1,0.721000
8,27,1552,1,0.593788
8,27,1602,1,0.735307
8,27,1652,1,0.716118
8,27,1702,1,0.733190
8,27,1752,1,0.784433
8,27,1802,1,0.710643
8,27,1852,1,0.759735
8,27,1902,1,0.726762
8,27,1952,1,0.556437
8,27,2002,1,0.713235
8,27,2052,1,0.812708
8,27,2102,1,0.720279
8,27,2152,1,0.724394
8,27,2202,1,0.722385
8,27,2252,1,0.728507
8,27,2302,1,0.748845
8,27,2352,1,0.727950
8,27,2402,1,0.717337
8,27,2452,1,0.762476
8,27,2502,1,0.723989
8,27,2552,1,0.585423
8,27,2602,1,0.716179
8,27,2652,1,0.613236
8,27,2702,1,0.732115
8,27,2752,1,0.755705
8,27,2802,1,0.727175
8,27,2852,1,0.617656
8,27,2902,1,0.722462
8,27,2952,1,0.728325
8,27,3002,1,0.780464
8,27,3052,1,0.719253
8,27,3102,1,0.726355
8,27,3152,1,0.611966
8,27,3202,1,0.787609
8,27,3252,1,0.723776
8,27,3302,1,0.562438
8,27,3352,1,0.723313
8,27,3402,1,0.698830
8,27,3452,1,0.700357
8,27,3502,1,0.731108
8,27,3552,1,0.784021
8,27,3602,1,0.815249
8,27,3652,1,0.769392
8,27,3702,1,0.706283
8,27,3752,1,0.786064
8,27,3802,1,0.731442
8,27,3852,1,0.782204
8,27,3902,1,0.750579
8,27,3952,1,0.724177
8,27,4002,1,0.580517
8,27,4052,1,0.725877
8,27,4102,1,0.785329
8,27,4152,1,0.728785
8,27,4202,1,0.583436
8,27,4252,1,0.783355
8,27,4302,1,0.721756
8,27,4352,1,0.733133
8,27,4402,1,0.785949
8,27,4452,1,0.814224
8,27,4502,1,0.780487
8,27,4552,1,0.789737
8,27,4602,1,0.784625
8,27,4652,1,0.722914
8,27,4702,1,0.704809
8,27,4752,1,0.716508
8,27,4802,1,0.788689
8,27,4852,1,0.727721
8,27,4902,1,0.768684
8,27,4952,1,0.698546
8,32,2,1,1.061787
8,32,52,1,0.902351
8,32,102,1,0.934201
8,32,152,1,0.941891
8,32,202,1,0.748702
8,32,252,1,0.739036
8,32,302,1,1.070596
8,32,352,1,0.939010
8,32,402,1,1.025281
8,32,452,1,1.083997
8,32,502,1,0.706884
8,32,552,1,0.951476
8,32,602,1,1.109057
8,32,652,1,1.082179
8,32,702,1,0.935170
8,32,752,1,0.761300
8,32,802,1,0.952138
8,32,852,1,0.925695
8,32,902,1,0.599502
8,32,952,1,0.603648
8,32,1002,1,0.692325
8,32,1052,1,0.755921
8,32,1102,1,0.631647
8,32,1152,1,0.631261
8,32,1202,1,0.750654
8,32,1252,1,0.714124
8,32,1302,1,0.604182
8,32,1352,1,0.721147
8,32,1402,1,0.706055
8,32,1452,1,0.605526
8,32,1502,1,0.477307
8,32,1552,1,0.631136
8,32,1602,1,0.635069
8,32,1652,1,0.605831
8,32,1702,1,0.598206
8,32,1752,1,0.576470
8,32,1802,1,0.762284
8,32,1852,1,0.628828
8,32,1902,1,0.610551
8,32,1952,1,0.607761
8,32,2002,1,0.609382
8,32,2052,1,0.680197
8,32,2102,1,0.636123
8,32,2152,1,0.636957
8,32,2202,1,0.611938
8,32,2252,1,0.788997
8,32,2302,1,0.686247
8,32,2352,1,0.742639
8,32,2402,1,0.499880
8,32,2452,1,0.661261
8,32,2502,1,0.609952
8,32,2552,1,0.609806
8,32,2602,1,0.690049
8,32,2652,1,0.729620
8,32,2702,1,0.608195
8,32,2752,1,0.632497
8,32,2802,1,0.599063
8,32,2852,1,0.605387
8,32,2902,1,0.610301
8,32,2952,1,0.608315
8,32,3002,1,0.612223
8,32,3052,1,0.607611
8,32,3102,1,0.611197
8,32,3152,1,0.611334
8,32,3202,1,0.610364
8,32,3252,1,0.704176
8,32,3302,1,0.595983
8,32,3352,1,0.605359
8,32,3402,1,0.711346
8,32,3452,1,0.500421
8,32,3502,1,0.526679
8,32,3552,1,0.739832
8,32,3602,1,0.608346
8,32,3652,1,0.637995
8,32,3702,1,0.693219
8,32,3752,1,0.688039
8,32,3802,1,0.610859
8,32,3852,1,0.608893
8,32,3902,1,0.511929
8,32,3952,1,0.709124
8,32,4002,1,0.761666
8,32,4052,1,0.610056
8,32,4102,1,0.632121
8,32,4152,1,0.790562
8,32,4202,1,0.695465
8,32,4252,1,0.595308
8,32,4302,1,0.608572
8,32,4352,1,0.700669
8,32,4402,1,0.606943
8,32,4452,1,0.606085
8,32,4502,1,0.634064
8,32,4552,1,0.728747
8,32,4602,1,0.637069
8,32,4652,1,0.638085
8,32,4702,1,0.608395
8,32,4752,1,0.691062
8,32,4802,1,0.610366
8,32,4852,1,0.584915
8,32,4902,1,0.626178
8,32,4952,1,0.607624
8,37,2,1,1.278943
8,37,52,1,1.081475
8,37,102,1,1.088116
8,37,152,1,0.934796
8,37,202,1,0.826057
8,37,252,1,1.180841
8,37,302,1,0.937742
8,37,352,1,1.000574
8,37,402,1,0.742317
8,37,452,1,0.956788
8,37,502,1,0.748113
8,37,552,1,0.824679
8,37,602,1,0.755040
8,37,652,1,1.080400
8,37,702,1,1.083585
8,37,752,1,0.753526
8,37,802,1,0.750953
8,37,852,1,0.601375
8,37,902,1,0.940387
8,37,952,1,0.752610
8,37,1002,1,0.604686
8,37,1052,1,1.056159
8,37,1102,1,0.812121
8,37,1152,1,0.936952
8,37,1202,1,0.673373
8,37,1252,1,0.599229
8,37,1302,1,0.607597
8,37,1352,1,0.607558
8,37,1402,1,0.763813
8,37,1452,1,0.592542
8,37,1502,1,0.769193
8,37,1552,1,0.700297
8,37,1602,1,0.718204
8,37,1652,1,0.720622
8,37,1702,1,0.608827
8,37,1752,1,0.736922
8,37,1802,1,0.561202
8,37,1852,1,0.596391
8,37,1902,1,0.762072
8,37,1952,1,0.603149
8,37,2002,1,0.521042
8,37,2052,1,0.597585
8,37,2102,1,0.610436
8,37,2152,1,0.768292
8,37,2202,1,0.720713
8,37,2252,1,0.635861
8,37,2302,1,0.636201
8,37,2352,1,0.728940
8,37,2402,1,0.496679
8,37,2452,1,0.633593
8,37,2502,1,0.600461
8,37,2552,1,0.609556
8,37,2602,1,0.688122
8,37,2652,1,0.662757
8,37,2702,1,0.610334
8,37,2752,1,0.610477
8,37,2802,1,0.478723
8,37,2852,1,0.722415
8,37,2902,1,0.604948
8,37,2952,1,0.610149
8,37,3002,1,0.720099
8,37,3052,1,0.608277
8,37,3102,1,0.606842
8,37,3152,1,0.524500
8,37,3202,1,0.656801
8,37,3252,1,0.613271
8,37,3302,1,0.730872
8,37,3352,1,0.697384
8,37,3402,1,0.607374
8,37,3452,1,0.609315
8,37,3502,1,0.610157
8,37,3552,1,0.721885
8,37,3602,1,0.605373
8,37,3652,1,0.610108
8,37,3702,1,0.774936
8,37,3752,1,0.464128
8,37,3802,1,0.606049
8,37,3852,1,0.606136
8,37,3902,1,0.691751
8,37,3952,1,0.608612
8,37,4002,1,0.745077
8,37,4052,1,0.608684
8,37,4102,1,0.647210
8,37,4152,1,0.605039
8,37,4202,1,0.611327
8,37,4252,1,0.733928
8,37,4302,1,0.525396
8,37,4352,1,0.610184
8,37,4402,1,0.693901
8,37,4452,1,0.632692
8,37,4502,1,0.634865
8,37,4552,1,0.634478
8,37,4602,1,0.699338
8,37,4652,1,0.606409
8,37,4702,1,0.703213
8,37,4752,1,0.716644
8,37,4802,1,0.613378
8,37,4852,1,0.609794
8,37,4902,1,0.675447
8,37,4952,1,0.606282
8,42,2,1,1.249435
8,42,52,1,1.275675
8,42,102,1,1.081534
8,42,152,1,0.928224
8,42,202,1,1.034385
8,42,252,1,1.131340
8,42,302,1,0.887156
8,42,352,1,0.940220
8,42,402,1,1.038774
8,42,452,1,1.080412
8,42,502,1,1.111026
8,42,552,1,0.718004
8,42,602,1,0.939532
8,42,652,1,0.950570
8,42,702,1,0.876504
8,42,752,1,0.942843
8,42,802,1,1.083272
8,42,852,1,0.929143
8,42,902,1,1.141365
8,42,952,1,0.706169
8,42,1002,1,0.723742
8,42,1052,1,0.778678
8,42,1102,1,0.604138
8,42,1152,1,0.926785
8,42,1202,1,0.606028
8,42,1252,1,0.520949
8,42,1302,1,0.778205
8,42,1352,1,0.783918
8,42,1402,1,0.741394
8,42,1452,1,0.682933
8,42,1502,1,0.608562
8,42,1552,1,0.766211
8,42,1602,1,0.769493
8,42,1652,1,0.715371
8,42,1702,1,0.602621
8,42,1752,1,0.725928
8,42,1802,1,0.729072
8,42,1852,1,0.730814
8,42,1902,1,0.607142
8,42,1952,1,0.606977
8,42,2002,1,0.606372
8,42,2052,1,0.719487
8,42,2102,1,0.474506
8,42,2152,1,0.604825
8,42,2202,1,0.497422
8,42,2252,1,0.606606
8,42,2302,1,0.696115
8,42,2352,1,0.608472
8,42,2402,1,0.610115
8,42,2452,1,0.635921
8,42,2502,1,0.713022
8,42,2552,1,0.635119
8,42,2602,1,0.611668
8,42,2652,1,0.612334
8,42,2702,1,0.638424
8,42,2752,1,0.633298
8,42,2802,1,0.715566
8,42,2852,1,0.610103
8,42,2902,1,0.609451
8,42,2952,1,0.634309
8,42,3002,1,0.610858
8,42,3052,1,0.636238
8,42,3102,1,0.611147
8,42,3152,1,0.662907
8,42,3202,1,0.809381
8,42,3252,1,0.678151
8,42,3302,1,0.610535
8,42,3352,1,0.722341
8,42,3402,1,0.533084
8,42,3452,1,0.609156
8,42,3502,1,0.704592
8,42,3552,1,0.627046
8,42,3602,1,0.609319
8,42,3652,1,0.610233
8,42,3702,1,0.537993
8,42,3752,1,0.698237
8,42,3802,1,0.491157
8,42,3852,1,0.710984
8,42,3902,1,0.691982
8,42,3952,1,0.724830
8,42,4002,1,0.639490
8,42,4052,1,0.611039
8,42,4102,1,0.608742
8,42,4152,1,0.607944
8,42,4202,1,0.695232
8,42,4252,1,0.608438
8,42,4302,1,0.681211
8,42,4352,1,0.636724
8,42,4402,1,0.610081
8,42,4452,1,0.610695
8,42,4502,1,0.609889
8,42,4552,1,0.718774
8,42,4602,1,0.720137
8,42,4652,1,0.500745
8,42,4702,1,0.694416
8,42,4752,1,0.679282
8,42,4802,1,0.599986
8,42,4852,1,0.611289
8,42,4902,1,0.737441
8,42,4952,1,0.622327
8,47,2,1,1.311945
8,47,52,1,0.932912
8,47,102,1,1.082185
8,47,152,1,1.201299
8,47,202,1,0.938098
8,47,252,1,0.962492
8,47,302,1,0.946758
8,47,352,1,1.081245
8,47,402,1,1.067144
8,47,452,1,0.923772
8,47,502,1,0.849590
8,47,552,1,1.136809
8,47,602,1,0.602860
8,47,652,1,0.946036
8,47,702,1,0.721010
8,47,752,1,0.816026
8,47,802,1,0.936194
8,47,852,1,0.698020
8,47,902,1,0.602122
8,47,952,1,0.766824
8,47,1002,1,0.601888
8,47,1052,1,0.814470
8,47,1102,1,0.602812
8,47,1152,1,0.605959
8,47,1202,1,0.609087
8,47,1252,1,0.610070
8,47,1302,1,0.600456
8,47,1352,1,1.061883
8,47,1402,1,0.608300
8,47,1452,1,0.609017
8,47,1502,1,0.766410
8,47,1552,1,0.770244
8,47,1602,1,0.728588
8,47,1652,1,0.608078
8,47,1702,1,0.661007
8,47,1752,1,0.607097
8,47,1802,1,0.598918
8,47,1852,1,0.609106
8,47,1902,1,0.558365
8,47,1952,1,0.765148
8,47,2002,1,0.633799
8,47,2052,1,0.785345
8,47,2102,1,0.726544
8,47,2152,1,0.648031
8,47,2202,1,0.635225
8,47,2252,1,0.611498
8,47,2302,1,0.570498
8,47,2352,1,0.776878
8,47,2402,1,0.637154
8,47,2452,1,0.612051
8,47,2502,1,0.500671
8,47,2552,1,0.606696
8,47,2602,1,0.634496
8,47,2652,1,0.612499
8,47,2702,1,0.608472
8,47,2752,1,0.609770
8,47,2802,1,0.607855
8,47,2852,1,0.609842
8,47,2902,1,0.611221
8,47,2952,1,0.682357
8,47,3002,1,0.608862
8,47,3052,1,0.610610
8,47,3102,1,0.526492
8,47,3152,1,0.712795
8,47,3202,1,0.634479
8,47,3252,1,0.609245
8,47,3302,1,0.635469
8,47,3352,1,0.609671
8,47,3402,1,0.611492
8,47,3452,1,0.499700
8,47,3502,1,0.741224
8,47,3552,1,0.606454
8,47,3602,1,0.612406
8,47,3652,1,0.636125
8,47,3702,1,0.623590
8,47,3752,1,0.699894
8,47,3802,1,0.608230
8,47,3852,1,0.611033
8,47,3902,1,0.703463
8,47,3952,1,0.731138
8,47,4002,1,0.609463
8,47,4052,1,0.609646
8,47,4102,1,0.606719
8,47,4152,1,0.506821
8,47,4202,1,0.627850
8,47,4252,1,0.523507
8,47,4302,1,0.610984
8,47,4352,1,0.667782
8,47,4402,1,0.609739
8,47,4452,1,0.642552
8,47,4502,1,0.637654
8,47,4552,1,0.504072
8,47,4602,1,0.605874
8,47,4652,1,0.610663
8,47,4702,1,0.610899
8,47,4752,1,0.724186
8,47,4802,1,0.606075
8,47,4852,1,0.612574
8,47,4902,1,0.592009
8,47,4952,1,0.635072
8,52,2,1,1.296227
8,52,52,1,0.939418
8,52,102,1,1.047707
8,52,152,1,0.942747
8,52,202,1,0.809783
8,52,252,1,0.918882
8,52,302,1,0.792144
8,52,352,1,0.827110
8,52,402,1,0.760969
8,52,452,1,0.596895
8,52,502,1,0.774818
8,52,552,1,0.828944
8,52,602,1,1.112470
8,52,652,1,0.744269
8,52,702,1,0.709258
8,52,752,1,0.767464
8,52,802,1,0.591811
8,52,852,1,0.759458
8,52,902,1,0.601328
8,52,952,1,0.920996
8,52,1002,1,0.469805
8,52,1052,1,0.875137
8,52,1102,1,1.082856
8,52,1152,1,0.683274
8,52,1202,1,0.607019
8,52,1252,1,0.779810
8,52,1302,1,0.630528
8,52,1352,1,0.719807
8,52,1402,1,0.799732
8,52,1452,1,0.949772
8,52,1502,1,0.688866
8,52,1552,1,0.805585
8,52,1602,1,0.499086
8,52,1652,1,0.602146
8,52,1702,1,0.574254
8,52,1752,1,0.608822
8,52,1802,1,0.611730
8,52,1852,1,0.612737
8,52,1902,1,0.609133
8,52,1952,1,0.611938
8,52,2002,1,0.568369
8,52,2052,1,0.612171
8,52,2102,1,0.610834
8,52,2152,1,0.609744
8,52,2202,1,0.691683
8,52,2252,1,0.719977
8,52,2302,1,0.565591
8,52,2352,1,0.736750
8,52,2402,1,0.612191
8,52,2452,1,0.608555
8,52,2502,1,0.744955
8,52,2552,1,0.611462
8,52,2602,1,0.700943
8,52,2652,1,0.609862
8,52,2702,1,0.608852
8,52,2752,1,0.697851
8,52,2802,1,0.609550
8,52,2852,1,0.502866
8,52,2902,1,0.635438
8,52,2952,1,0.612094
8,52,3002,1,0.611418
8,52,3052,1,0.611471
8,52,3102,1,0.610710
8,52,3152,1,0.604097
8,52,3202,1,0.791549
8,52,3252,1,0.611645
8,52,3302,1,0.612444
8,52,3352,1,0.610702
8,52,3402,1,0.682491
8,52,3452,1,0.566316
8,52,3502,1,0.611481
8,52,3552,1,0.610243
8,52,3602,1,0.665314
8,52,3652,1,0.705105
8,52,3702,1,0.607199
8,52,3752,1,0.637097
8,52,3802,1,0.679511
8,52,3852,1,0.605390
8,52,3902,1,0.598017
8,52,3952,1,0.734303
8,52,4002,1,0.609427
8,52,4052,1,0.610206
8,52,4102,1,0.621022
8,52,4152,1,0.611545
8,52,4202,1,0.576691
8,52,4252,1,0.611188
8,52,4302,1,0.706133
8,52,4352,1,0.609662
8,52,4402,1,0.665598
8,52,4452,1,0.641233
8,52,4502,1,0.666401
8,52,4552,1,0.610129
8,52,4602,1,0.611523
8,52,4652,1,0.608113
8,52,4702,1,0.560913
8,52,4752,1,0.691435
8,52,4802,1,0.595415
8,52,4852,1,0.611106
8,52,4902,1,0.611426
8,52,4952,1,0.634047
8,57,2,1,1.249491
8,57,52,1,1.276699
8,57,102,1,0.940066
8,57,152,1,0.947964
8,57,202,1,1.081715
8,57,252,1,0.802174
8,57,302,1,0.950942
8,57,352,1,1.069440
8,57,402,1,0.837693
8,57,452,1,0.940879
8,57,502,1,1.113432
8,57,552,1,0.923398
8,57,602,1,0.754038
8,57,652,1,0.958950
8,57,702,1,0.765193
8,57,752,1,0.486910
8,57,802,1,0.492167
8,57,852,1,0.462611
8,57,902,1,0.673045
8,57,952,1,0.846264
8,57,1002,1,0.775345
8,57,1052,1,0.759273
8,57,1102,1,0.490802
8,57,1152,1,0.462580
8,57,1202,1,0.989620
8,57,1252,1,0.709612
8,57,1302,1,0.462887
8,57,1352,1,0.313123
8,57,1402,1,0.790689
8,57,1452,1,0.501135
8,57,1502,1,0.578761
8,57,1552,1,0.524550
8,57,1602,1,0.494167
8,57,1652,1,0.440310
8,57,1702,1,0.474635
8,57,1752,1,0.320335
8,57,1802,1,0.373061
8,57,1852,1,0.503344
8,57,1902,1,0.372090
8,57,1952,1,0.556411
8,57,2002,1,0.395354
8,57,2052,1,0.498697
8,57,2102,1,0.450784
8,57,2152,1,0.316507
8,57,2202,1,0.370738
8,57,2252,1,0.559566
8,57,2302,1,0.451198
8,57,2352,1,0.502852
8,57,2402,1,0.554776
8,57,2452,1,0.504312
8,57,2502,1,0.505232
8,57,2552,1,0.505438
8,57,2602,1,0.344320
8,57,2652,1,0.504162
8,57,2702,1,0.556322
8,57,2752,1,0.395218
8,57,2802,1,0.502050
8,57,2852,1,0.502997
8,57,2902,1,0.406231
8,57,2952,1,0.404854
8,57,3002,1,0.391941
8,57,3052,1,0.395979
8,57,3102,1,0.502837
8,57,3152,1,0.554201
8,57,3202,1,0.318821
8,57,3252,1,0.230350
8,57,3302,1,0.470224
8,57,3352,1,0.503351
8,57,3402,1,0.549742
8,57,3452,1,0.455755
8,57,3502,1,0.316140
8,57,3552,1,0.580826
8,57,3602,1,0.451033
8,57,3652,1,0.376600
8,57,3702,1,0.526554
8,57,3752,1,0.394654
8,57,3802,1,0.388819
8,57,3852,1,0.342017
8,57,3902,1,0.404672
8,57,3952,1,0.376497
8,57,4002,1,0.428512
8,57,4052,1,0.527678
8,57,4102,1,0.370411
8,57,4152,1,0.373004
8,57,4202,1,0.505993
8,57,4252,1,0.318711
8,57,4302,1,0.385434
8,57,4352,1,0.471654
8,57,4402,1,0.467647
8,57,4452,1,0.441165
8,57,4502,1,0.501810
8,57,4552,1,0.501586
8,57,4602,1,0.507119
8,57,4652,1,0.503594
8,57,4702,1,0.470057
8,57,4752,1,0.576185
8,57,4802,1,0.376095
8,57,4852,1,0.400106
8,57,4902,1,0.561559
8,57,4952,1,0.528743
8,62,2,1,1.307476
8,62,52,1,1.096415
8,62,102,1,0.943948
8,62,152,1,0.923291
8,62,202,1,0.946566
8,62,252,1,1.177719
8,62,302,1,0.831743
8,62,352,1,0.950351
8,62,402,1,1.107769
8,62,452,1,0.817849
8,62,502,1,0.749558
8,62,552,1,0.749341
8,62,602,1,0.546917
8,62,652,1,0.824806
8,62,702,1,0.986334
8,62,752,1,0.946053
8,62,802,1,0.940197
8,62,852,1,0.750239
8,62,902,1,0.317570
8,62,952,1,0.779755
8,62,1002,1,0.463066
8,62,1052,1,0.472264
8,62,1102,1,0.522480
8,62,1152,1,0.760669
8,62,1202,1,1.030546
8,62,1252,1,0.761559
8,62,1302,1,0.548145
8,62,1352,1,0.317341
8,62,1402,1,1.000236
8,62,1452,1,0.753812
8,62,1502,1,0.366745
8,62,1552,1,0.463510
8,62,1602,1,0.428067
8,62,1652,1,0.401108
8,62,1702,1,0.320829
8,62,1752,1,0.551911
8,62,1802,1,0.581775
8,62,1852,1,0.558574
8,62,1902,1,0.480398
8,62,1952,1,0.492906
8,62,2002,1,0.486943
8,62,2052,1,0.464405
8,62,2102,1,0.446081
8,62,2152,1,0.372690
8,62,2202,1,0.429342
8,62,2252,1,0.536312
8,62,2302,1,0.451041
8,62,2352,1,0.528236
8,62,2402,1,0.535856
8,62,2452,1,0.321872
8,62,2502,1,0.481710
8,62,2552,1,0.471773
8,62,2602,1,0.416645
8,62,2652,1,0.504016
8,62,2702,1,0.504472
8,62,2752,1,0.397824
8,62,2802,1,0.439324
8,62,2852,1,0.395920
8,62,2902,1,0.446552
8,62,2952,1,0.393746
8,62,3002,1,0.381804
8,62,3052,1,0.473799
8,62,3102,1,0.372955
8,62,3152,1,0.448012
8,62,3202,1,0.528498
8,62,3252,1,0.320239
8,62,3302,1,0.320958
8,62,3352,1,0.447461
8,62,3402,1,0.502829
8,62,3452,1,0.322763
8,62,3502,1,0.506294
8,62,3552,1,0.505048
8,62,3602,1,0.503320
8,62,3652,1,0.451943
8,62,3702,1,0.319874
8,62,3752,1,0.490704
8,62,3802,1,0.529032
8,62,3852,1,0.596441
8,62,3902,1,0.560881
8,62,3952,1,0.352928
8,62,4002,1,0.417392
8,62,4052,1,0.321032
8,62,4102,1,0.371191
8,62,4152,1,0.440972
8,62,4202,1,0.451686
8,62,4252,1,0.579717
8,62,4302,1,0.450356
8,62,4352,1,0.457290
8,62,4402,1,0.450200
8,62,4452,1,0.426590
8,62,4502,1,0.500315
8,62,4552,1,0.318392
8,62,4602,1,0.581302
8,62,4652,1,0.372379
8,62,4702,1,0.338325
8,62,4752,1,0.327627
8,62,4802,1,0.441568
8,62,4852,1,0.558087
8,62,4902,1,0.451536
8,62,4952,1,0.345153
8,67,2,1,1.330674
8,67,52,1,1.098246
8,67,102,1,0.945881
8,67,152,1,0.628061
8,67,202,1,0.748691
8,67,252,1,0.910150
8,67,302,1,0.965306
8,67,352,1,0.919038
8,67,402,1,1.134217
8,67,452,1,0.918791
8,67,502,1,0.459127
8,67,552,1,0.914067
8,67,602,1,0.648915
8,67,652,1,0.931641
8,67,702,1,0.937122
8,67,752,1,0.935904
8,67,802,1,0.797099
8,67,852,1,0.751322
8,67,902,1,0.846211
8,67,952,1,0.464382
8,67,1002,1,0.825946
8,67,1052,1,0.759158
8,67,1102,1,0.996556
8,67,1152,1,0.764444
8,67,1202,1,0.802478
8,67,1252,1,0.464764
8,67,1302,1,0.819815
8,67,1352,1,0.533225
8,67,1402,1,0.824068
8,67,1452,1,0.930073
8,67,1502,1,0.752880
8,67,1552,1,0.343950
8,67,1602,1,0.463554
8,67,1652,1,0.638079
8,67,1702,1,0.463622
8,67,1752,1,0.532111
8,67,1802,1,0.468056
8,67,1852,1,0.543560
8,67,1902,1,0.373375
8,67,1952,1,0.344746
8,67,2002,1,0.467056
8,67,2052,1,0.513169
8,67,2102,1,0.491660
8,67,2152,1,0.334637
8,67,2202,1,0.425719
8,67,2252,1,0.495724
8,67,2302,1,0.392582
8,67,2352,1,0.494651
8,67,2402,1,0.397831
8,67,2452,1,0.401279
8,67,2502,1,0.506649
8,67,2552,1,0.299517
8,67,2602,1,0.475161
8,67,2652,1,0.487316
8,67,2702,1,0.140426
8,67,2752,1,0.440778
8,67,2802,1,0.326365
8,67,2852,1,0.478158
8,67,2902,1,0.350681
8,67,2952,1,0.505840
8,67,3002,1,0.348816
8,67,3052,1,0.381878
8,67,3102,1,0.407081
8,67,3152,1,0.469640
8,67,3202,1,0.460438
8,67,3252,1,0.341675
8,67,3302,1,0.503365
8,67,3352,1,0.395538
8,67,3402,1,0.444899
8,67,3452,1,0.409910
8,67,3502,1,0.417886
8,67,3552,1,0.426598
8,67,3602,1,0.461090
8,67,3652,1,0.332351
8,67,3702,1,0.425656
8,67,3752,1,0.484347
8,67,3802,1,0.447284
8,67,3852,1,0.326459
8,67,3902,1,0.152787
8,67,3952,1,0.489447
8,67,4002,1,0.425132
8,67,4052,1,0.499867
8,67,4102,1,0.463990
8,67,4152,1,0.216656
8,67,4202,1,0.345043
8,67,4252,1,0.511664
8,67,4302,1,0.364603
8,67,4352,1,0.448607
8,67,4402,1,0.306838
8,67,4452,1,0.280245
8,67,4502,1,0.563053
8,67,4552,1,0.113854
8,67,4602,1,0.333867
8,67,4652,1,0.437771
8,67,4702,1,0.307491
8,67,4752,1,0.550418
8,67,4802,1,0.306376
8,67,4852,1,0.407460
8,67,4902,1,0.555381
8,67,4952,1,0.152476
8,72,2,1,1.275761
8,72,52,1,0.984701
8,72,102,1,0.946075
8,72,152,1,0.930437
8,72,202,1,0.753802
8,72,252,1,1.022797
8,72,302,1,0.921690
8,72,352,1,0.944993
8,72,402,1,0.547227
8,72,452,1,0.961090
8,72,502,1,0.939989
8,72,552,1,0.482439
8,72,602,1,1.083607
8,72,652,1,0.847576
8,72,702,1,0.922682
8,72,752,1,0.937350
8,72,802,1,0.750386
8,72,852,1,0.754783
8,72,902,1,0.776922
8,72,952,1,0.462938
8,72,1002,1,0.766188
8,72,1052,1,0.832529
8,72,1102,1,0.458394
8,72,1152,1,0.638092
8,72,1202,1,0.933026
8,72,1252,1,1.001829
8,72,1302,1,0.756946
8,72,1352,1,0.776790
8,72,1402,1,0.507194
8,72,1452,1,0.381398
8,72,1502,1,0.470683
8,72,1552,1,0.806815
8,72,1602,1,0.461963
8,72,1652,1,0.705956
8,72,1702,1,0.461040
8,72,1752,1,0.528897
8,72,1802,1,0.727779
8,72,1852,1,0.344944
8,72,1902,1,0.411815
8,72,1952,1,0.400528
8,72,2002,1,0.521290
8,72,2052,1,0.533617
8,72,2102,1,0.449777
8,72,2152,1,0.390682
8,72,2202,1,0.413059
8,72,2252,1,0.539113
8,72,2302,1,0.506254
8,72,2352,1,0.273375
8,72,2402,1,0.410996
8,72,2452,1,0.282218
8,72,2502,1,0.279644
8,72,2552,1,0.377291
8,72,2602,1,0.319733
8,72,2652,1,0.491630
8,72,2702,1,0.374335
8,72,2752,1,0.403770
8,72,2802,1,0.346106
8,72,2852,1,0.528720
8,72,2902,1,0.281596
8,72,2952,1,0.468740
8,72,3002,1,0.446991
8,72,3052,1,0.370121
8,72,3102,1,0.442319
8,72,3152,1,0.376438
8,72,3202,1,0.560074
8,72,3252,1,0.306795
8,72,3302,1,0.572847
8,72,3352,1,0.318868
8,72,3402,1,0.424266
8,72,3452,1,0.368524
8,72,3502,1,0.450401
8,72,3552,1,0.374737
8,72,3602,1,0.141732
8,72,3652,1,0.383330
8,72,3702,1,0.437181
8,72,3752,1,0.372370
8,72,3802,1,0.511156
8,72,3852,1,0.283711
8,72,3902,1,0.281846
8,72,3952,1,0.400126
8,72,4002,1,0.090638
8,72,4052,1,0.466871
8,72,4102,1,0.528995
8,72,4152,1,0.479528
8,72,4202,1,0.529762
8,72,4252,1,0.373173
8,72,4302,1,0.335205
8,72,4352,1,0.365796
8,72,4402,1,0.431033
8,72,4452,1,0.374791
8,72,4502,1,0.306013
8,72,4552,1,0.277225
8,72,4602,1,0.508972
8,72,4652,1,0.363050
8,72,4702,1,0.302256
8,72,4752,1,0.459979
8,72,4802,1,0.352285
8,72,4852,1,0.521196
8,72,4902,1,0.557875
8,72,4952,1,0.279974
8,77,2,1,1.307186
8,77,52,1,1.048778
8,77,102,1,0.846353
8,77,152,1,0.986776
8,77,202,1,1.049974
8,77,252,1,0.917271
8,77,302,1,1.081947
8,77,352,1,0.478805
8,77,402,1,0.813322
8,77,452,1,0.752482
8,77,502,1,0.754704
8,77,552,1,0.932556
8,77,602,1,0.940850
8,77,652,1,1.071650
8,77,702,1,0.932906
8,77,752,1,1.104326
8,77,802,1,0.756090
8,77,852,1,0.630095
8,77,902,1,0.934345
8,77,952,1,0.711245
8,77,1002,1,0.765946
8,77,1052,1,0.748173
8,77,1102,1,0.870488
8,77,1152,1,1.107151
8,77,1202,1,0.343675
8,77,1252,1,0.668632
8,77,1302,1,0.463277
8,77,1352,1,1.046574
8,77,1402,1,0.848465
8,77,1452,1,0.795140
8,77,1502,1,0.749467
8,77,1552,1,0.532151
8,77,1602,1,0.329263
8,77,1652,1,0.342770
8,77,1702,1,0.458478
8,77,1752,1,0.068075
8,77,1802,1,0.287790
8,77,1852,1,0.379035
8,77,1902,1,0.735737
8,77,1952,1,0.402358
8,77,2002,1,0.248117
8,77,2052,1,0.084611
8,77,2102,1,0.317412
8,77,2152,1,0.161443
8,77,2202,1,0.360313
8,77,2252,1,0.186576
8,77,2302,1,0.155975
8,77,2352,1,0.306586
8,77,2402,1,0.197449
8,77,2452,1,0.441418
8,77,2502,1,0.385269
8,77,2552,1,0.443262
8,77,2602,1,0.419517
8,77,2652,1,0.232082
8,77,2702,1,0.259622
8,77,2752,1,0.457320
8,77,2802,1,0.358416
8,77,2852,1,0.280882
8,77,2902,1,0.109572
8,77,2952,1,0.159933
8,77,3002,1,0.282562
8,77,3052,1,0.185996
8,77,3102,1,0.299971
8,77,3152,1,0.208577
8,77,3202,1,0.123457
8,77,3252,1,0.378500
8,77,3302,1,0.143112
8,77,3352,1,0.420829
8,77,3402,1,0.128646
8,77,3452,1,0.124555
8,77,3502,1,0.228478
8,77,3552,1,0.446912
8,77,3602,1,0.442072
8,77,3652,1,0.367011
8,77,3702,1,0.304492
8,77,3752,1,0.135752
8,77,3802,1,0.287021
8,77,3852,1,0.397890
8,77,3902,1,0.431665
8,77,3952,1,0.247244
8,77,4002,1,0.248991
8,77,4052,1,0.392586
8,77,4102,1,0.419169
8,77,4152,1,0.420358
8,77,4202,1,0.310872
8,77,4252,1,0.407731
8,77,4302,1,0.209492
8,77,4352,1,0.086461
8,77,4402,1,0.192451
8,77,4452,1,0.373383
8,77,4502,1,0.305726
8,77,4552,1,0.321156
8,77,4602,1,0.356468
8,77,4652,1,0.374297
8,77,4702,1,0.288744
8,77,4752,1,0.440509
8,77,4802,1,0.447299
8,77,4852,1,0.307141
8,77,4902,1,0.140845
8,77,4952,1,0.233636
8,82,2,1,1.314368
8,82,52,1,0.837116
8,82,102,1,0.940202
8,82,152,1,1.083496
8,82,202,1,1.008341
8,82,252,1,0.990367
8,82,302,1,1.073861
8,82,352,1,0.745169
8,82,402,1,1.075025
8,82,452,1,0.758044
8,82,502,1,0.818352
8,82,552,1,0.736674
8,82,602,1,0.928584
8,82,652,1,0.819433
8,82,702,1,1.100742
8,82,752,1,0.848705
8,82,802,1,0.754716
8,82,852,1,1.049260
8,82,902,1,0.936347
8,82,952,1,0.713244
8,82,1002,1,0.573870
8,82,1052,1,0.937664
8,82,1102,1,0.744067
8,82,1152,1,0.332008
8,82,1202,1,0.464586
8,82,1252,1,0.491332
8,82,1302,1,0.722196
8,82,1352,1,0.143983
8,82,1402,1,0.276543
8,82,1452,1,0.286702
8,82,1502,1,0.463989
8,82,1552,1,0.491182
8,82,1602,1,0.719612
8,82,1652,1,0.395388
8,82,1702,1,0.947390
8,82,1752,1,0.367518
8,82,1802,1,0.436647
8,82,1852,1,0.250290
8,82,1902,1,0.333559
8,82,1952,1,0.439432
8,82,2002,1,0.256540
8,82,2052,1,0.161177
8,82,2102,1,0.342293
8,82,2152,1,0.369057
8,82,2202,1,0.250407
8,82,2252,1,0.207212
8,82,2302,1,0.308687
8,82,2352,1,0.388431
8,82,2402,1,0.310789
8,82,2452,1,0.251114
8,82,2502,1,0.202780
8,82,2552,1,0.156578
8,82,2602,1,0.371195
8,82,2652,1,0.308335
8,82,2702,1,0.297504
8,82,2752,1,0.178203
8,82,2802,1,0.093644
8,82,2852,1,0.137874
8,82,2902,1,0.092120
8,82,2952,1,0.241569
8,82,3002,1,0.400139
8,82,3052,1,0.360287
8,82,3102,1,0.378207
8,82,3152,1,0.252064
8,82,3202,1,0.405225
8,82,3252,1,0.212545
8,82,3302,1,0.378358
8,82,3352,1,0.110630
8,82,3402,1,0.169002
8,82,3452,1,0.381979
8,82,3502,1,0.245245
8,82,3552,1,0.288561
8,82,3602,1,0.245845
8,82,3652,1,0.360274
8,82,3702,1,0.392277
8,82,3752,1,0.404974
8,82,3802,1,0.402945
8,82,3852,1,0.300710
8,82,3902,1,0.201229
8,82,3952,1,0.162022
8,82,4002,1,0.311952
8,82,4052,1,0.303886
8,82,4102,1,0.083107
8,82,4152,1,0.324503
8,82,4202,1,0.315167
8,82,4252,1,0.145379
8,82,4302,1,0.296965
8,82,4352,1,0.395120
8,82,4402,1,0.126441
8,82,4452,1,0.405744
8,82,4502,1,0.334625
8,82,4552,1,0.424052
8,82,4602,1,0.258828
8,82,4652,1,0.116784
8,82,4702,1,0.124571
8,82,4752,1,0.169926
8,82,4802,1,0.165898
8,82,4852,1,0.266866
8,82,4902,1,0.230142
8,82,4952,1,0.489154
8,87,2,1,1.292316
8,87,52,1,1.079780
8,87,102,1,0.916357
8,87,152,1,0.936277
8,87,202,1,1.245510
8,87,252,1,0.890428
8,87,302,1,0.935641
8,87,352,1,0.606566
8,87,402,1,0.937407
8,87,452,1,0.760363
8,87,502,1,0.946606
8,87,552,1,0.788761
8,87,602,1,0.461829
8,87,652,1,0.512556
8,87,702,1,0.937558
8,87,752,1,0.501128
8,87,802,1,0.772604
8,87,852,1,0.762387
8,87,902,1,0.804979
8,87,952,1,0.818782
8,87,1002,1,1.012238
8,87,1052,1,0.940049
8,87,1102,1,0.751925
8,87,1152,1,1.019103
8,87,1202,1,0.766865
8,87,1252,1,0.714590
8,87,1302,1,0.760995
8,87,1352,1,0.367134
8,87,1402,1,0.190239
8,87,1452,1,0.801991
8,87,1502,1,0.766384
8,87,1552,1,0.533723
8,87,1602,1,0.927609
8,87,1652,1,0.489575
8,87,1702,1,0.126930
8,87,1752,1,0.416353
8,87,1802,1,0.320395
8,87,1852,1,0.487226
8,87,1902,1,0.223681
8,87,1952,1,0.337379
8,87,2002,1,0.155586
8,87,2052,1,0.085531
8,87,2102,1,0.347782
8,87,2152,1,0.388376
8,87,2202,1,0.167768
8,87,2252,1,0.372476
8,87,2302,1,0.407403
8,87,2352,1,0.371133
8,87,2402,1,0.291634
8,87,2452,1,0.345870
8,87,2502,1,0.348753
8,87,2552,1,0.459772
8,87,2602,1,0.424604
8,87,2652,1,0.329310
8,87,2702,1,0.164455
8,87,2752,1,0.335230
8,87,2802,1,0.138213
8,87,2852,1,0.383182
8,87,2902,1,0.277755
8,87,2952,1,0.362575
8,87,3002,1,0.118201
8,87,3052,1,0.210179
8,87,3102,1,0.325395
8,87,3152,1,0.416212
8,87,3202,1,0.195427
8,87,3252,1,0.206223
8,87,3302,1,0.291519
8,87,3352,1,0.526318
8,87,3402,1,0.333421
8,87,3452,1,0.190987
8,87,3502,1,0.340581
8,87,3552,1,0.317073
8,87,3602,1,0.454162
8,87,3652,1,0.304623
8,87,3702,1,0.341965
8,87,3752,1,0.404629
8,87,3802,1,0.323960
8,87,3852,1,0.318601
8,87,3902,1,0.213180
8,87,3952,1,0.142367
8,87,4002,1,0.390193
8,87,4052,1,0.070176
8,87,4102,1,0.202010
8,87,4152,1,0.452685
8,87,4202,1,0.155757
8,87,4252,1,0.206146
8,87,4302,1,0.324748
8,87,4352,1,0.176920
8,87,4402,1,0.309037
8,87,4452,1,0.363179
8,87,4502,1,0.277129
8,87,4552,1,0.155218
8,87,4602,1,0.108249
8,87,4652,1,0.175370
8,87,4702,1,0.186329
8,87,4752,1,0.317453
8,87,4802,1,0.234241
8,87,4852,1,0.370500
8,87,4902,1,0.440186
8,87,4952,1,0.218739
8,92,2,1,1.250705
8,92,52,1,0.895237
8,92,102,1,0.925428
8,92,152,1,0.928269
8,92,202,1,1.083320
8,92,252,1,1.210725
8,92,302,1,0.910897
8,92,352,1,0.928460
8,92,402,1,1.102241
8,92,452,1,0.912369
8,92,502,1,0.945214
8,92,552,1,0.779371
8,92,602,1,0.947198
8,92,652,1,0.484206
8,92,702,1,0.773485
8,92,752,1,0.951278
8,92,802,1,0.455841
8,92,852,1,0.488492
8,92,902,1,0.950314
8,92,952,1,0.924102
8,92,1002,1,1.068645
8,92,1052,1,0.756976
8,92,1102,1,0.758068
8,92,1152,1,0.753854
8,92,1202,1,0.489439
8,92,1252,1,0.463775
8,92,1302,1,0.300511
8,92,1352,1,0.808609
8,92,1402,1,0.266262
8,92,1452,1,0.823164
8,92,1502,1,0.149627
8,92,1552,1,0.437478
8,92,1602,1,0.599518
8,92,1652,1,0.367208
8,92,1702,1,0.384108
8,92,1752,1,0.764067
8,92,1802,1,0.215664
8,92,1852,1,0.378654
8,92,1902,1,0.493257
8,92,1952,1,0.824064
8,92,2002,1,0.300767
8,92,2052,1,0.400733
8,92,2102,1,0.373085
8,92,2152,1,0.285568
8,92,2202,1,0.164530
8,92,2252,1,0.414544
8,92,2302,1,0.327268
8,92,2352,1,0.137172
8,92,2402,1,0.289978
8,92,2452,1,0.397579
8,92,2502,1,0.425345
8,92,2552,1,0.139551
8,92,2602,1,0.208859
8,92,2652,1,0.174953
8,92,2702,1,0.417049
8,92,2752,1,0.347965
8,92,2802,1,0.173807
8,92,2852,1,0.275398
8,92,2902,1,0.301385
8,92,2952,1,0.363805
8,92,3002,1,0.162226
8,92,3052,1,0.308942
8,92,3102,1,0.255182
8,92,3152,1,0.402286
8,92,3202,1,0.446938
8,92,3252,1,0.354194
8,92,3302,1,0.172384
8,92,3352,1,0.328084
8,92,3402,1,0.151601
8,92,3452,1,0.370501
8,92,3502,1,0.118535
8,92,3552,1,0.354921
8,92,3602,1,0.158716
8,92,3652,1,0.201670
8,92,3702,1,0.366144
8,92,3752,1,0.334369
8,92,3802,1,0.153232
8,92,3852,1,0.286496
8,92,3902,1,0.335918
8,92,3952,1,0.429895
8,92,4002,1,0.382351
8,92,4052,1,0.287513
8,92,4102,1,0.129417
8,92,4152,1,0.425330
8,92,4202,1,0.430337
8,92,4252,1,0.549354
8,92,4302,1,0.247991
8,92,4352,1,0.136674
8,92,4402,1,0.358020
8,92,4452,1,0.432920
8,92,4502,1,0.137452
8,92,4552,1,0.282049
8,92,4602,1,0.304839
8,92,4652,1,0.107212
8,92,4702,1,0.106616
8,92,4752,1,0.339418
8,92,4802,1,0.462401
8,92,4852,1,0.283387
8,92,4902,1,0.207277
8,92,4952,1,0.130581
8,97,2,1,1.095592
8,97,52,1,1.055249
8,97,102,1,1.277491
8,97,152,1,1.493862
8,97,202,1,0.918091
8,97,252,1,0.776889
8,97,302,1,0.953097
8,97,352,1,0.764877
8,97,402,1,0.987624
8,97,452,1,0.922824
8,97,502,1,0.765661
8,97,552,1,0.943213
8,97,602,1,0.850380
8,97,652,1,0.929789
8,97,702,1,0.929359
8,97,752,1,0.758972
8,97,802,1,0.821700
8,97,852,1,0.774098
8,97,902,1,0.747210
8,97,952,1,0.770894
8,97,1002,1,0.766237
8,97,1052,1,0.509193
8,97,1102,1,0.930591
8,97,1152,1,0.343288
8,97,1202,1,0.956794
8,97,1252,1,0.933844
8,97,1302,1,0.759711
8,97,1352,1,0.283216
8,97,1402,1,0.508567
8,97,1452,1,0.841353
8,97,1502,1,0.462386
8,97,1552,1,0.381773
8,97,1602,1,0.801415
8,97,1652,1,0.127059
8,97,1702,1,0.476211
8,97,1752,1,0.340423
8,97,1802,1,0.787783
8,97,1852,1,0.210010
8,97,1902,1,0.425320
8,97,1952,1,0.261827
8,97,2002,1,0.056456
8,97,2052,1,0.473180
8,97,2102,1,0.504678
8,97,2152,1,0.062860
8,97,2202,1,0.273243
8,97,2252,1,0.299464
8,97,2302,1,0.372513
8,97,2352,1,0.301661
8,97,2402,1,0.363397
8,97,2452,1,0.094291
8,97,2502,1,0.446568
8,97,2552,1,0.290983
8,97,2602,1,0.243618
8,97,2652,1,0.130530
8,97,2702,1,0.380111
8,97,2752,1,0.459262
8,97,2802,1,0.413142
8,97,2852,1,0.247739
8,97,2902,1,0.381356
8,97,2952,1,0.187773
8,97,3002,1,0.162601
8,97,3052,1,0.061153
8,97,3102,1,0.321205
8,97,3152,1,0.181915
8,97,3202,1,0.130106
8,97,3252,1,0.170269
8,97,3302,1,0.362368
8,97,3352,1,0.409177
8,97,3402,1,0.236575
8,97,3452,1,0.245702
8,97,3502,1,0.396818
8,97,3552,1,0.343778
8,97,3602,1,0.305010
8,97,3652,1,0.358109
8,97,3702,1,0.399912
8,97,3752,1,0.462346
8,97,3802,1,0.272336
8,97,3852,1,0.440279
8,97,3902,1,0.109054
8,97,3952,1,0.159136
8,97,4002,1,0.253993
8,97,4052,1,0.217299
8,97,4102,1,0.252909
8,97,4152,1,0.293969
8,97,4202,1,0.119050
8,97,4252,1,0.289342
8,97,4302,1,0.384614
8,97,4352,1,0.125051
8,97,4402,1,0.229899
8,97,4452,1,0.373230
8,97,4502,1,0.176288
8,97,4552,1,0.201186
8,97,4602,1,0.381492
8,97,4652,1,0.292833
8,97,4702,1,0.313216
8,97,4752,1,0.219357
8,97,4802,1,0.303572
8,97,4852,1,0.481824
8,97,4902,1,0.233302
8,97,4952,1,0.221935
8,102,2,1,1.195049
8,102,52,1,0.644425
8,102,102,1,0.933813
8,102,152,1,0.934428
8,102,202,1,0.930652
8,102,252,1,0.954539
8,102,302,1,0.939576
8,102,352,1,0.967351
8,102,402,1,1.051683
8,102,452,1,1.085934
8,102,502,1,0.487805
8,102,552,1,0.830743
8,102,602,1,1.205422
8,102,652,1,0.738827
8,102,702,1,1.067807
8,102,752,1,0.757813
8,102,802,1,0.934240
8,102,852,1,0.681813
8,102,902,1,0.818117
8,102,952,1,0.473393
8,102,1002,1,0.823765
8,102,1052,1,0.462487
8,102,1102,1,0.784437
8,102,1152,1,0.751670
8,102,1202,1,0.134047
8,102,1252,1,0.744677
8,102,1302,1,0.777849
8,102,1352,1,0.428619
8,102,1402,1,0.774933
8,102,1452,1,0.367047
8,102,1502,1,0.271824
8,102,1552,1,1.051292
8,102,1602,1,0.402440
8,102,1652,1,0.681643
8,102,1702,1,0.459506
8,102,1752,1,0.365847
8,102,1802,1,0.490573
8,102,1852,1,0.161103
8,102,1902,1,0.805451
8,102,1952,1,0.249156
8,102,2002,1,0.627445
8,102,2052,1,0.287563
8,102,2102,1,0.384218
8,102,2152,1,0.375390
8,102,2202,1,0.345854
8,102,2252,1,0.326197
8,102,2302,1,0.360586
8,102,2352,1,0.139329
8,102,2402,1,0.131931
8,102,2452,1,0.416521
8,102,2502,1,0.383987
8,102,2552,1,0.162935
8,102,2602,1,0.244939
8,102,2652,1,0.240007
8,102,2702,1,0.390235
8,102,2752,1,0.416600
8,102,2802,1,0.329915
8,102,2852,1,0.410660
8,102,2902,1,0.319327
8,102,2952,1,0.296035
8,102,3002,1,0.179608
8,102,3052,1,0.248369
8,102,3102,1,0.332106
8,102,3152,1,0.346101
8,102,3202,1,0.428898
8,102,3252,1,0.195870
8,102,3302,1,0.161092
8,102,3352,1,0.180430
8,102,3402,1,0.338351
8,102,3452,1,0.109335
8,102,3502,1,0.344215
8,102,3552,1,0.088377
8,102,3602,1,0.285543
8,102,3652,1,0.283028
8,102,3702,1,0.122613
8,102,3752,1,0.304544
8,102,3802,1,0.167332
8,102,3852,1,0.275030
8,102,3902,1,0.298927
8,102,3952,1,0.105317
8,102,4002,1,0.323747
8,102,4052,1,0.109435
8,102,4102,1,0.453316
8,102,4152,1,0.374192
8,102,4202,1,0.408771
8,102,4252,1,0.313329
8,102,4302,1,0.124665
8,102,4352,1,0.118573
8,102,4402,1,0.349352
8,102,4452,1,0.227074
8,102,4502,1,0.279984
8,102,4552,1,0.256151
8,102,4602,1,0.163540
8,102,4652,1,0.135893
8,102,4702,1,0.405531
8,102,4752,1,0.417420
8,102,4802,1,0.465472
8,102,4852,1,0.388599
8,102,4902,1,0.318601
8,102,4952,1,0.399410
8,107,2,1,1.283410
8,107,52,1,1.163225
8,107,102,1,1.158338
8,107,152,1,0.939111
8,107,202,1,1.141446
8,107,252,1,0.930179
8,107,302,1,0.821640
8,107,352,1,0.797937
8,107,402,1,0.513558
8,107,452,1,1.020101
8,107,502,1,0.965426
8,107,552,1,0.876263
8,107,602,1,1.108510
8,107,652,1,0.961411
8,107,702,1,0.747908
8,107,752,1,0.969378
8,107,802,1,1.016150
8,107,852,1,0.709176
8,107,902,1,0.822424
8,107,952,1,0.926487
8,107,1002,1,0.343951
8,107,1052,1,0.348018
8,107,1102,1,0.784422
8,107,1152,1,0.623728
8,107,1202,1,0.459929
8,107,1252,1,0.773537
8,107,1302,1,0.356142
8,107,1352,1,1.039874
8,107,1402,1,0.348100
8,107,1452,1,0.248785
8,107,1502,1,1.086967
8,107,1552,1,0.753420
8,107,1602,1,0.721614
8,107,1652,1,0.766748
8,107,1702,1,0.939915
8,107,1752,1,0.398944
8,107,1802,1,0.284907
8,107,1852,1,0.493211
8,107,1902,1,0.170149
8,107,1952,1,0.245964
8,107,2002,1,0.318005
8,107,2052,1,0.545817
8,107,2102,1,0.288525
8,107,2152,1,0.156317
8,107,2202,1,0.390092
8,107,2252,1,0.186416
8,107,2302,1,0.359154
8,107,2352,1,0.408213
8,107,2402,1,0.291946
8,107,2452,1,0.480418
8,107,2502,1,0.412556
8,107,2552,1,0.181785
8,107,2602,1,0.331087
8,107,2652,1,0.321031
8,107,2702,1,0.232814
8,107,2752,1,0.383640
8,107,2802,1,0.412653
8,107,2852,1,0.183579
8,107,2902,1,0.272713
8,107,2952,1,0.153972
8,107,3002,1,0.186686
8,107,3052,1,0.399250
8,107,3102,1,0.349707
8,107,3152,1,0.399286
8,107,3202,1,0.072001
8,107,3252,1,0.158496
8,107,3302,1,0.141562
8,107,3352,1,0.169668
8,107,3402,1,0.327044
8,107,3452,1,0.199597
8,107,3502,1,0.164974
8,107,3552,1,0.412151
8,107,3602,1,0.268864
8,107,3652,1,0.167043
8,107,3702,1,0.165303
8,107,3752,1,0.348637
8,107,3802,1,0.387735
8,107,3852,1,0.411794
8,107,3902,1,0.306787
8,107,3952,1,0.199903
8,107,4002,1,0.132913
8,107,4052,1,0.155634
8,107,4102,1,0.212792
8,107,4152,1,0.322870
8,107,4202,1,0.207098
8,107,4252,1,0.172168
8,107,4302,1,0.139166
8,107,4352,1,0.071411
8,107,4402,1,0.235047
8,107,4452,1,0.136069
8,107,4502,1,0.378060
8,107,4552,1,0.343050
8,107,4602,1,0.159431
8,107,4652,1,0.333124
8,107,4702,1,0.261550
8,107,4752,1,0.309213
8,107,4802,1,0.315883
8,107,4852,1,0.394310
8,107,4902,1,0.374459
8,107,4952,1,0.373307
8,112,2,1,1.313872
8,112,52,1,0.843921
8,112,102,1,0.999570
8,112,152,1,0.934067
8,112,202,1,0.983905
8,112,252,1,1.253203
8,112,302,1,0.962509
8,112,352,1,0.929664
8,112,402,1,1.055692
8,112,452,1,0.843642
8,112,502,1,0.929133
8,112,552,1,0.761277
8,112,602,1,0.801330
8,112,652,1,1.044356
8,112,702,1,0.919656
8,112,752,1,0.779873
8,112,802,1,0.768545
8,112,852,1,0.825616
8,112,902,1,0.765577
8,112,952,1,1.029145
8,112,1002,1,0.247390
8,112,1052,1,0.515723
8,112,1102,1,0.458133
8,112,1152,1,0.822653
8,112,1202,1,0.763888
8,112,1252,1,0.712566
8,112,1302,1,0.270280
8,112,1352,1,0.391874
8,112,1402,1,0.459640
8,112,1452,1,0.650539
8,112,1502,1,0.465833
8,112,1552,1,0.232295
8,112,1602,1,0.696091
8,112,1652,1,0.458639
8,112,1702,1,0.488496
8,112,1752,1,0.294937
8,112,1802,1,0.199553
8,112,1852,1,0.325536
8,112,1902,1,0.344612
8,112,1952,1,0.150127
8,112,2002,1,0.441406
8,112,2052,1,0.261811
8,112,2102,1,0.401362
8,112,2152,1,0.305929
8,112,2202,1,0.488037
8,112,2252,1,0.387080
8,112,2302,1,0.284511
8,112,2352,1,0.394499
8,112,2402,1,0.245211
8,112,2452,1,0.371111
8,112,2502,1,0.101842
8,112,2552,1,0.274886
8,112,2602,1,0.361750
8,112,2652,1,0.351713
8,112,2702,1,0.442605
8,112,2752,1,0.255000
8,112,2802,1,0.435405
8,112,2852,1,0.350713
8,112,2902,1,0.280080
8,112,2952,1,0.169426
8,112,3002,1,0.322805
8,112,3052,1,0.178674
8,112,3102,1,0.135858
8,112,3152,1,0.166784
8,112,3202,1,0.443232
8,112,3252,1,0.251783
8,112,3302,1,0.371193
8,112,3352,1,0.173005
8,112,3402,1,0.377713
8,112,3452,1,0.245886
8,112,3502,1,0.315145
8,112,3552,1,0.465966
8,112,3602,1,0.280699
8,112,3652,1,0.291110
8,112,3702,1,0.388494
8,112,3752,1,0.253532
8,112,3802,1,0.158178
8,112,3852,1,0.108626
8,112,3902,1,0.105987
8,112,3952,1,0.126519
8,112,4002,1,0.389307
8,112,4052,1,0.315980
8,112,4102,1,0.315061
8,112,4152,1,0.316174
8,112,4202,1,0.301000
8,112,4252,1,0.330941
8,112,4302,1,0.384183
8,112,4352,1,0.186697
8,112,4402,1,0.172212
8,112,4452,1,0.429963
8,112,4502,1,0.156385
8,112,4552,1,0.261714
8,112,4602,1,0.267220
8,112,4652,1,0.324732
8,112,4702,1,0.240292
8,112,4752,1,0.151486
8,112,4802,1,0.077552
8,112,4852,1,0.374692
8,112,4902,1,0.344965
8,112,4952,1,0.534300
8,117,2,1,1.085647
8,117,52,1,0.927317
8,117,102,1,1.093680
8,117,152,1,0.947064
8,117,202,1,0.808616
8,117,252,1,0.957056
8,117,302,1,0.811010
8,117,352,1,0.818628
8,117,402,1,1.002992
8,117,452,1,1.097492
8,117,502,1,0.935710
8,117,552,1,1.018083
8,117,602,1,0.922269
8,117,652,1,1.085662
8,117,702,1,0.935753
8,117,752,1,0.461332
8,117,802,1,0.817711
8,117,852,1,0.776516
8,117,902,1,0.769784
8,117,952,1,0.796087
8,117,1002,1,0.637084
8,117,1052,1,0.244675
8,117,1102,1,0.770026
8,117,1152,1,0.577509
8,117,1202,1,0.460282
8,117,1252,1,0.789870
8,117,1302,1,1.031059
8,117,1352,1,0.322013
8,117,1402,1,0.302505
8,117,1452,1,0.365479
8,117,1502,1,0.954283
8,117,1552,1,0.367807
8,117,1602,1,1.013303
8,117,1652,1,0.392422
8,117,1702,1,0.157717
8,117,1752,1,0.285285
8,117,1802,1,0.110570
8,117,1852,1,0.127203
8,117,1902,1,0.396487
8,117,1952,1,0.491823
8,117,2002,1,0.441815
8,117,2052,1,0.201932
8,117,2102,1,0.378569
8,117,2152,1,0.332711
8,117,2202,1,0.223306
8,117,2252,1,0.113422
8,117,2302,1,0.291449
8,117,2352,1,0.255504
8,117,2402,1,0.346454
8,117,2452,1,0.337727
8,117,2502,1,0.148164
8,117,2552,1,0.376554
8,117,2602,1,0.224947
8,117,2652,1,0.502047
8,117,2702,1,0.297776
8,117,2752,1,0.230339
8,117,2802,1,0.175842
8,117,2852,1,0.078859
8,117,2902,1,0.177401
8,117,2952,1,0.347993
8,117,3002,1,0.199407
8,117,3052,1,0.074693
8,117,3102,1,0.315860
8,117,3152,1,0.196177
8,117,3202,1,0.237737
8,117,3252,1,0.281727
8,117,3302,1,0.168289
8,117,3352,1,0.246973
8,117,3402,1,0.170344
8,117,3452,1,0.215427
8,117,3502,1,0.320004
8,117,3552,1,0.247731
8,117,3602,1,0.078952
8,117,3652,1,0.294929
8,117,3702,1,0.145321
8,117,3752,1,0.305159
8,117,3802,1,0.343594
8,117,3852,1,0.322730
8,117,3902,1,0.172116
8,117,3952,1,0.280895
8,117,4002,1,0.238265
8,117,4052,1,0.417861
8,117,4102,1,0.405937
8,117,4152,1,0.500983
8,117,4202,1,0.405337
8,117,4252,1,0.422333
8,117,4302,1,0.421683
8,117,4352,1,0.359175
8,117,4402,1,0.367606
8,117,4452,1,0.372332
8,117,4502,1,0.334311
8,117,4552,1,0.201320
8,117,4602,1,0.454817
8,117,4652,1,0.145158
8,117,4702,1,0.308101
8,117,4752,1,0.192366
8,117,4802,1,0.344463
8,117,4852,1,0.314669
8,117,4902,1,0.175162
8,117,4952,1,0.348449
8,122,2,1,1.359119
8,122,52,1,1.126088
8,122,102,1,1.080541
8,122,152,1,0.914971
8,122,202,1,0.939683
8,122,252,1,0.977112
8,122,302,1,0.950076
8,122,352,1,0.755828
8,122,402,1,0.838401
8,122,452,1,0.819417
8,122,502,1,0.775290
8,122,552,1,0.816215
8,122,602,1,0.941872
8,122,652,1,0.758614
8,122,702,1,0.482449
8,122,752,1,0.757388
8,122,802,1,0.830872
8,122,852,1,0.306047
8,122,902,1,1.085717
8,122,952,1,1.084485
8,122,1002,1,0.332187
8,122,1052,1,0.460252
8,122,1102,1,0.782136
8,122,1152,1,1.071708
8,122,1202,1,0.751559
8,122,1252,1,0.460246
8,122,1302,1,0.455995
8,122,1352,1,0.783301
8,122,1402,1,0.276796
8,122,1452,1,0.955244
8,122,1502,1,0.106853
8,122,1552,1,0.432641
8,122,1602,1,0.096260
8,122,1652,1,0.367346
8,122,1702,1,0.237774
8,122,1752,1,0.755588
8,122,1802,1,0.463682
8,122,1852,1,0.494855
8,122,1902,1,0.386216
8,122,1952,1,0.492606
8,122,2002,1,0.377639
8,122,2052,1,0.351938
8,122,2102,1,0.248720
8,122,2152,1,0.605801
8,122,2202,1,0.217402
8,122,2252,1,0.179898
8,122,2302,1,0.265498
8,122,2352,1,0.429349
8,122,2402,1,0.096664
8,122,2452,1,0.251507
8,122,2502,1,0.372435
8,122,2552,1,0.125572
8,122,2602,1,0.150537
8,122,2652,1,0.390637
8,122,2702,1,0.087528
8,122,2752,1,0.122232
8,122,2802,1,0.369964
8,122,2852,1,0.121830
8,122,2902,1,0.131745
8,122,2952,1,0.086750
8,122,3002,1,0.293304
8,122,3052,1,0.181668
8,122,3102,1,0.262222
8,122,3152,1,0.311893
8,122,3202,1,0.190401
8,122,3252,1,0.370707
8,122,3302,1,0.460880
8,122,3352,1,0.355984
8,122,3402,1,0.415421
8,122,3452,1,0.099830
8,122,3502,1,0.135074
8,122,3552,1,0.389083
8,122,3602,1,0.193569
8,122,3652,1,0.402693
8,122,3702,1,0.239474
8,122,3752,1,0.175967
8,122,3802,1,0.421110
8,122,3852,1,0.393417
8,122,3902,1,0.141572
8,122,3952,1,0.180902
8,122,4002,1,0.361699
8,122,4052,1,0.096442
8,122,4102,1,0.187859
8,122,4152,1,0.407574
8,122,4202,1,0.176975
8,122,4252,1,0.363638
8,122,4302,1,0.296084
8,122,4352,1,0.214480
8,122,4402,1,0.179880
8,122,4452,1,0.130900
8,122,4502,1,0.229954
8,122,4552,1,0.335671
8,122,4602,1,0.229158
8,122,4652,1,0.164052
8,122,4702,1,0.401996
8,122,4752,1,0.291307
8,122,4802,1,0.210721
8,122,4852,1,0.387476
8,122,4902,1,0.483619
8,122,4952,1,0.388854
8,127,2,1,1.284769
8,127,52,1,1.311125
8,127,102,1,1.007838
8,127,152,1,0.968085
8,127,202,1,0.745701
8,127,252,1,1.100811
8,127,302,1,1.079209
8,127,352,1,0.917476
8,127,402,1,0.779271
8,127,452,1,0.734075
8,127,502,1,0.828196
8,127,552,1,0.593466
8,127,602,1,0.769638
8,127,652,1,0.910866
8,127,702,1,0.662121
8,127,752,1,0.749563
8,127,802,1,0.924136
8,127,852,1,0.980114
8,127,902,1,0.808901
8,127,952,1,0.534341
8,127,1002,1,0.714715
8,127,1052,1,0.750768
8,127,1102,1,0.706197
8,127,1152,1,0.754012
8,127,1202,1,0.157746
8,127,1252,1,0.759251
8,127,1302,1,0.720274
8,127,1352,1,0.764116
8,127,1402,1,0.462658
8,127,1452,1,0.466174
8,127,1502,1,0.732669
8,127,1552,1,0.302355
8,127,1602,1,0.381105
8,127,1652,1,0.064741
8,127,1702,1,0.137448
8,127,1752,1,0.160065
8,127,1802,1,0.302938
8,127,1852,1,0.350085
8,127,1902,1,0.412532
8,127,1952,1,0.432434
8,127,2002,1,0.264064
8,127,2052,1,0.250260
8,127,2102,1,0.326642
8,127,2152,1,0.298998
8,127,2202,1,0.126792
8,127,2252,1,0.151573
8,127,2302,1,0.408594
8,127,2352,1,0.128687
8,127,2402,1,0.450061
8,127,2452,1,0.216285
8,127,2502,1,0.209916
8,127,2552,1,0.376585
8,127,2602,1,0.405872
8,127,2652,1,0.358795
8,127,2702,1,0.240346
8,127,2752,1,0.241579
8,127,2802,1,0.251646
8,127,2852,1,0.370451
8,127,2902,1,0.073088
8,127,2952,1,0.402233
8,127,3002,1,0.130549
8,127,3052,1,0.157733
8,127,3102,1,0.194109
8,127,3152,1,0.235798
8,127,3202,1,0.391754
8,127,3252,1,0.100797
8,127,3302,1,0.362649
8,127,3352,1,0.401462
8,127,3402,1,0.203031
8,127,3452,1,0.392548
8,127,3502,1,0.270701
8,127,3552,1,0.409975
8,127,3602,1,0.115558
8,127,3652,1,0.312718
8,127,3702,1,0.167663
8,127,3752,1,0.315303
8,127,3802,1,0.143553
8,127,3852,1,0.207552
8,127,3902,1,0.241713
8,127,3952,1,0.348207
8,127,4002,1,0.227363
8,127,4052,1,0.277945
8,127,4102,1,0.340675
8,127,4152,1,0.315234
8,127,4202,1,0.338250
8,127,4252,1,0.281173
8,127,4302,1,0.157678
8,127,4352,1,0.354962
8,127,4402,1,0.145975
8,127,4452,1,0.188903
8,127,4502,1,0.319997
8,127,4552,1,0.151294
8,127,4602,1,0.186467
8,127,4652,1,0.123922
8,127,4702,1,0.195813
8,127,4752,1,0.437626
8,127,4802,1,0.392238
8,127,4852,1,0.327039
8,127,4902,1,0.384126
8,127,4952,1,0.361356
8,132,2,1,1.336332
8,132,52,1,0.947542
8,132,102,1,0.932660
8,132,152,1,0.939538
8,132,202,1,0.923306
8,132,252,1,0.924090
8,132,302,1,1.111968
8,132,352,1,1.050324
8,132,402,1,0.925489
8,132,452,1,0.943469
8,132,502,1,1.054203
8,132,552,1,0.988820
8,132,602,1,0.759569
8,132,652,1,0.939126
8,132,702,1,0.941371
8,132,752,1,0.779498
8,132,802,1,1.082570
8,132,852,1,0.931564
8,132,902,1,0.758915
8,132,952,1,0.994719
8,132,1002,1,0.245006
8,132,1052,1,0.461165
8,132,1102,1,0.990521
8,132,1152,1,0.474022
8,132,1202,1,0.341804
8,132,1252,1,0.340776
8,132,1302,1,0.419487
8,132,1352,1,0.299436
8,132,1402,1,0.977619
8,132,1452,1,0.282629
8,132,1502,1,0.249218
8,132,1552,1,0.779588
8,132,1602,1,0.148364
8,132,1652,1,0.492634
8,132,1702,1,0.310930
8,132,1752,1,0.265836
8,132,1802,1,0.373351
8,132,1852,1,0.259964
8,132,1902,1,0.461812
8,132,1952,1,0.164820
8,132,2002,1,0.493171
8,132,2052,1,0.411045
8,132,2102,1,0.144212
8,132,2152,1,0.249037
8,132,2202,1,0.195071
8,132,2252,1,0.420685
8,132,2302,1,0.104851
8,132,2352,1,0.145668
8,132,2402,1,0.289429
8,132,2452,1,0.266801
8,132,2502,1,0.441735
8,132,2552,1,0.390637
8,132,2602,1,0.152047
8,132,2652,1,0.348206
8,132,2702,1,0.239189
8,132,2752,1,0.250497
8,132,2802,1,0.290151
8,132,2852,1,0.221670
8,132,2902,1,0.114714
8,132,2952,1,0.385869
8,132,3002,1,0.335992
8,132,3052,1,0.127121
8,132,3102,1,0.279630
8,132,3152,1,0.220046
8,132,3202,1,0.225100
8,132,3252,1,0.287051
8,132,3302,1,0.157694
8,132,3352,1,0.333126
8,132,3402,1,0.338564
8,132,3452,1,0.301472
8,132,3502,1,0.159215
8,132,3552,1,0.114978
8,132,3602,1,0.116102
8,132,3652,1,0.276625
8,132,3702,1,0.370068
8,132,3752,1,0.361392
8,132,3802,1,0.282356
8,132,3852,1,0.147125
8,132,3902,1,0.198485
8,132,3952,1,0.180420
8,132,4002,1,0.309768
8,132,4052,1,0.170430
8,132,4102,1,0.340019
8,132,4152,1,0.138300
8,132,4202,1,0.152156
8,132,4252,1,0.314192
8,132,4302,1,0.345960
8,132,4352,1,0.459911
8,132,4402,1,0.330921
8,132,4452,1,0.364964
8,132,4502,1,0.359778
8,132,4552,1,0.138066
8,132,4602,1,0.346826
8,132,4652,1,0.246254
8,132,4702,1,0.250563
8,132,4752,1,0.129148
8,132,4802,1,0.145570
8,132,4852,1,0.098508
8,132,4902,1,0.154873
8,132,4952,1,0.378584
8,137,2,1,1.328236
8,137,52,1,1.236838
8,137,102,1,1.231068
8,137,152,1,0.915924
8,137,202,1,0.938844
8,137,252,1,1.108457
8,137,302,1,1.079892
8,137,352,1,0.928058
8,137,402,1,0.982429
8,137,452,1,0.931603
8,137,502,1,0.959388
8,137,552,1,0.695372
8,137,602,1,0.762097
8,137,652,1,0.814714
8,137,702,1,1.072909
8,137,752,1,0.932949
8,137,802,1,0.821972
8,137,852,1,0.941796
8,137,902,1,0.978834
8,137,952,1,0.751040
8,137,1002,1,0.646718
8,137,1052,1,0.758540
8,137,1102,1,0.761760
8,137,1152,1,0.721881
8,137,1202,1,0.244723
8,137,1252,1,0.490773
8,137,1302,1,0.420364
8,137,1352,1,0.338025
8,137,1402,1,0.781909
8,137,1452,1,0.773518
8,137,1502,1,0.462706
8,137,1552,1,1.002700
8,137,1602,1,0.230328
8,137,1652,1,0.348175
8,137,1702,1,0.236445
8,137,1752,1,0.449237
8,137,1802,1,0.220718
8,137,1852,1,0.363226
8,137,1902,1,0.293304
8,137,1952,1,0.562942
8,137,2002,1,0.213783
8,137,2052,1,0.440506
8,137,2102,1,0.180787
8,137,2152,1,0.346649
8,137,2202,1,0.328000
8,137,2252,1,0.220474
8,137,2302,1,0.161653
8,137,2352,1,0.131028
8,137,2402,1,0.347640
8,137,2452,1,0.126893
8,137,2502,1,0.224594
8,137,2552,1,0.128048
8,137,2602,1,0.124449
8,137,2652,1,0.322406
8,137,2702,1,0.135249
8,137,2752,1,0.120019
8,137,2802,1,0.293956
8,137,2852,1,0.235273
8,137,2902,1,0.179680
8,137,2952,1,0.131243
8,137,3002,1,0.417347
8,137,3052,1,0.375263
8,137,3102,1,0.288312
8,137,3152,1,0.215157
8,137,3202,1,0.255503
8,137,3252,1,0.223207
8,137,3302,1,0.220729
8,137,3352,1,0.284324
8,137,3402,1,0.394544
8,137,3452,1,0.251154
8,137,3502,1,0.169266
8,137,3552,1,0.322869
8,137,3602,1,0.382371
8,137,3652,1,0.373136
8,137,3702,1,0.302191
8,137,3752,1,0.390653
8,137,3802,1,0.188396
8,137,3852,1,0.094628
8,137,3902,1,0.248576
8,137,3952,1,0.132126
8,137,4002,1,0.267261
8,137,4052,1,0.119133
8,137,4102,1,0.106553
8,137,4152,1,0.266533
8,137,4202,1,0.116821
8,137,4252,1,0.347022
8,137,4302,1,0.155551
8,137,4352,1,0.330951
8,137,4402,1,0.215740
8,137,4452,1,0.477748
8,137,4502,1,0.336161
8,137,4552,1,0.363881
8,137,4602,1,0.250778
8,137,4652,1,0.204951
8,137,4702,1,0.397527
8,137,4752,1,0.362960
8,137,4802,1,0.293244
8,137,4852,1,0.149003
8,137,4902,1,0.256471
8,137,4952,1,0.349899
8,142,2,1,1.320989
8,142,52,1,1.140247
8,142,102,1,1.099268
8,142,152,1,1.272449
8,142,202,1,0.982239
8,142,252,1,0.733325
8,142,302,1,1.059339
8,142,352,1,0.744639
8,142,402,1,0.926915
8,142,452,1,0.948495
8,142,502,1,0.945523
8,142,552,1,0.722070
8,142,602,1,0.756499
8,142,652,1,0.802760
8,142,702,1,1.048955
8,142,752,1,0.488319
8,142,802,1,0.798631
8,142,852,1,1.085696
8,142,902,1,0.708920
8,142,952,1,0.767218
8,142,1002,1,0.948631
8,142,1052,1,0.759813
8,142,1102,1,1.008323
8,142,1152,1,1.014629
8,142,1202,1,0.757259
8,142,1252,1,0.489307
8,142,1302,1,0.147661
8,142,1352,1,0.752296
8,142,1402,1,0.421247
8,142,1452,1,0.151157
8,142,1502,1,0.462871
8,142,1552,1,0.464342
8,142,1602,1,1.042995
8,142,1652,1,0.755621
8,142,1702,1,0.362119
8,142,1752,1,0.332399
8,142,1802,1,0.963075
8,142,1852,1,0.277535
8,142,1902,1,0.481499
8,142,1952,1,0.286404
8,142,2002,1,0.239519
8,142,2052,1,0.761626
8,142,2102,1,0.396914
8,142,2152,1,0.345972
8,142,2202,1,0.122103
8,142,2252,1,0.451804
8,142,2302,1,0.394048
8,142,2352,1,0.156755
8,142,2402,1,0.367851
8,142,2452,1,0.233576
8,142,2502,1,0.231585
8,142,2552,1,0.160420
8,142,2602,1,0.287991
8,142,2652,1,0.295195
8,142,2702,1,0.305104
8,142,2752,1,0.299725
8,142,2802,1,0.143764
8,142,2852,1,0.295161
8,142,2902,1,0.361450
8,142,2952,1,0.386606
8,142,3002,1,0.313554
8,142,3052,1,0.440446
8,142,3102,1,0.313694
8,142,3152,1,0.409482
8,142,3202,1,0.185245
8,142,3252,1,0.316975
8,142,3302,1,0.424589
8,142,3352,1,0.197512
8,142,3402,1,0.251531
8,142,3452,1,0.350777
8,142,3502,1,0.224220
8,142,3552,1,0.373002
8,142,3602,1,0.241463
8,142,3652,1,0.409831
8,142,3702,1,0.137853
8,142,3752,1,0.441640
8,142,3802,1,0.421453
8,142,3852,1,0.293309
8,142,3902,1,0.454683
8,142,3952,1,0.385154
8,142,4002,1,0.137389
8,142,4052,1,0.232205
8,142,4102,1,0.298176
8,142,4152,1,0.208432
8,142,4202,1,0.199480
8,142,4252,1,0.381884
8,142,4302,1,0.193274
8,142,4352,1,0.356465
8,142,4402,1,0.265647
8,142,4452,1,0.262410
8,142,4502,1,0.244281
8,142,4552,1,0.126136
8,142,4602,1,0.105654
8,142,4652,1,0.459129
8,142,4702,1,0.305160
8,142,4752,1,0.301341
8,142,4802,1,0.144571
8,142,4852,1,0.307649
8,142,4902,1,0.324820
8,142,4952,1,0.331580
8,147,2,1,1.275638
8,147,52,1,0.945478
8,147,102,1,0.827627
8,147,152,1,0.980765
8,147,202,1,0.932136
8,147,252,1,0.946481
8,147,302,1,0.790553
8,147,352,1,0.971218
8,147,402,1,0.954061
8,147,452,1,0.718759
8,147,502,1,0.736755
8,147,552,1,1.034026
8,147,602,1,0.739297
8,147,652,1,0.754863
8,147,702,1,0.458370
8,147,752,1,0.463536
8,147,802,1,0.954418
8,147,852,1,1.100540
8,147,902,1,0.459517
8,147,952,1,0.759208
8,147,1002,1,0.760172
8,147,1052,1,0.803264
8,147,1102,1,0.379172
8,147,1152,1,0.960851
8,147,1202,1,0.702050
8,147,1252,1,0.489756
8,147,1302,1,0.275711
8,147,1352,1,0.422137
8,147,1402,1,0.806554
8,147,1452,1,0.711518
8,147,1502,1,0.394221
8,147,1552,1,0.391971
8,147,1602,1,0.504003
8,147,1652,1,0.439991
8,147,1702,1,0.310640
8,147,1752,1,0.318236
8,147,1802,1,0.327522
8,147,1852,1,0.492595
8,147,1902,1,0.380780
8,147,1952,1,0.325990
8,147,2002,1,0.322206
8,147,2052,1,0.292249
8,147,2102,1,0.277596
8,147,2152,1,0.325282
8,147,2202,1,0.141903
8,147,2252,1,0.350220
8,147,2302,1,0.135338
8,147,2352,1,0.449795
8,147,2402,1,0.162382
8,147,2452,1,0.370962
8,147,2502,1,0.359675
8,147,2552,1,0.227697
8,147,2602,1,0.417138
8,147,2652,1,0.203293
8,147,2702,1,0.341107
8,147,2752,1,0.309347
8,147,2802,1,0.355537
8,147,2852,1,0.334485
8,147,2902,1,0.378220
8,147,2952,1,0.370177
8,147,3002,1,0.387268
8,147,3052,1,0.164080
8,147,3102,1,0.135583
8,147,3152,1,0.383218
8,147,3202,1,0.419575
8,147,3252,1,0.166653
8,147,3302,1,0.316265
8,147,3352,1,0.393163
8,147,3402,1,0.151522
8,147,3452,1,0.109689
8,147,3502,1,0.144833
8,147,3552,1,0.399871
8,147,3602,1,0.196993
8,147,3652,1,0.352206
8,147,3702,1,0.165754
8,147,3752,1,0.360740
8,147,3802,1,0.289204
8,147,3852,1,0.427008
8,147,3902,1,0.143656
8,147,3952,1,0.359835
8,147,4002,1,0.368662
8,147,4052,1,0.376109
8,147,4102,1,0.220524
8,147,4152,1,0.290274
8,147,4202,1,0.336032
8,147,4252,1,0.343644
8,147,4302,1,0.291242
8,147,4352,1,0.128541
8,147,4402,1,0.096608
8,147,4452,1,0.246006
8,147,4502,1,0.211759
8,147,4552,1,0.342397
8,147,4602,1,0.228398
8,147,4652,1,0.256978
8,147,4702,1,0.263497
8,147,4752,1,0.305583
8,147,4802,1,0.211428
8,147,4852,1,0.315835
8,147,4902,1,0.161182
8,147,4952,1,0.202955
8,152,2,1,1.284655
8,152,52,1,1.228802
8,152,102,1,1.036919
8,152,152,1,1.071368
8,152,202,1,0.958140
8,152,252,1,0.728756
8,152,302,1,0.954282
8,152,352,1,0.966786
8,152,402,1,0.820013
8,152,452,1,0.923676
8,152,502,1,0.770473
8,152,552,1,1.100318
8,152,602,1,0.376755
8,152,652,1,0.950030
8,152,702,1,0.817265
8,152,752,1,0.484271
8,152,802,1,0.819265
8,152,852,1,0.918777
8,152,902,1,0.921923
8,152,952,1,0.797933
8,152,1002,1,0.930141
8,152,1052,1,0.707349
8,152,1102,1,0.458962
8,152,1152,1,0.568884
8,152,1202,1,0.737733
8,152,1252,1,0.707794
8,152,1302,1,0.943604
8,152,1352,1,0.591884
8,152,1402,1,0.929906
8,152,1452,1,0.286656
8,152,1502,1,0.192372
8,152,1552,1,0.499695
8,152,1602,1,0.203844
8,152,1652,1,0.980274
8,152,1702,1,0.192985
8,152,1752,1,0.206033
8,152,1802,1,0.823157
8,152,1852,1,0.181973
8,152,1902,1,0.253607
8,152,1952,1,0.655142
8,152,2002,1,0.198203
8,152,2052,1,0.318743
8,152,2102,1,0.347579
8,152,2152,1,0.140373
8,152,2202,1,0.307683
8,152,2252,1,0.240175
8,152,2302,1,0.351843
8,152,2352,1,0.303637
8,152,2402,1,0.378870
8,152,2452,1,0.490660
8,152,2502,1,0.113556
8,152,2552,1,0.166809
8,152,2602,1,0.160747
8,152,2652,1,0.262812
8,152,2702,1,0.366241
8,152,2752,1,0.324628
8,152,2802,1,0.271413
8,152,2852,1,0.419314
8,152,2902,1,0.403068
8,152,2952,1,0.081430
8,152,3002,1,0.278087
8,152,3052,1,0.328852
8,152,3102,1,0.334368
8,152,3152,1,0.316142
8,152,3202,1,0.213575
8,152,3252,1,0.153084
8,152,3302,1,0.182471
8,152,3352,1,0.294689
8,152,3402,1,0.125967
8,152,3452,1,0.187146
8,152,3502,1,0.180136
8,152,3552,1,0.506211
8,152,3602,1,0.288361
8,152,3652,1,0.076841
8,152,3702,1,0.118110
8,152,3752,1,0.245083
8,152,3802,1,0.359657
8,152,3852,1,0.199983
8,152,3902,1,0.145413
8,152,3952,1,0.321178
8,152,4002,1,0.331738
8,152,4052,1,0.366805
8,152,4102,1,0.293994
8,152,4152,1,0.292293
8,152,4202,1,0.281631
8,152,4252,1,0.262497
8,152,4302,1,0.140492
8,152,4352,1,0.310562
8,152,4402,1,0.190856
8,152,4452,1,0.160559
8,152,4502,1,0.377429
8,152,4552,1,0.132587
8,152,4602,1,0.427868
8,152,4652,1,0.217999
8,152,4702,1,0.311287
8,152,4752,1,0.452637
8,152,4802,1,0.167070
8,152,4852,1,0.209121
8,152,4902,1,0.313730
8,152,4952,1,0.328672
8,157,2,1,1.178674
8,157,52,1,0.807856
8,157,102,1,0.758145
8,157,152,1,0.934989
8,157,202,1,1.085762
8,157,252,1,0.749173
8,157,302,1,0.938825
8,157,352,1,0.787868
8,157,402,1,0.938099
8,157,452,1,1.071498
8,157,502,1,0.909267
8,157,552,1,0.751869
8,157,602,1,0.755113
8,157,652,1,1.100975
8,157,702,1,1.107471
8,157,752,1,0.925172
8,157,802,1,0.380189
8,157,852,1,0.459526
8,157,902,1,0.767843
8,157,952,1,0.754125
8,157,1002,1,0.848359
8,157,1052,1,0.675112
8,157,1102,1,0.750704
8,157,1152,1,0.753722
8,157,1202,1,0.248760
8,157,1252,1,1.038323
8,157,1302,1,0.781136
8,157,1352,1,0.370706
8,157,1402,1,0.741505
8,157,1452,1,0.177713
8,157,1502,1,0.705520
8,157,1552,1,0.755641
8,157,1602,1,0.332520
8,157,1652,1,0.248933
8,157,1702,1,0.105011
8,157,1752,1,0.299609
8,157,1802,1,0.116768
8,157,1852,1,0.164950
8,157,1902,1,0.407695
8,157,1952,1,0.256605
8,157,2002,1,0.200278
8,157,2052,1,0.371333
8,157,2102,1,0.397677
8,157,2152,1,0.160141
8,157,2202,1,0.252512
8,157,2252,1,0.191776
8,157,2302,1,0.482456
8,157,2352,1,0.453701
8,157,2402,1,0.099375
8,157,2452,1,0.257982
8,157,2502,1,0.124507
8,157,2552,1,0.344891
8,157,2602,1,0.080609
8,157,2652,1,0.264932
8,157,2702,1,0.395427
8,157,2752,1,0.344356
8,157,2802,1,0.349287
8,157,2852,1,0.333441
8,157,2902,1,0.373538
8,157,2952,1,0.352615
8,157,3002,1,0.375242
8,157,3052,1,0.459773
8,157,3102,1,0.113328
8,157,3152,1,0.394576
8,157,3202,1,0.182819
8,157,3252,1,0.292756
8,157,3302,1,0.309088
8,157,3352,1,0.242713
8,157,3402,1,0.291323
8,157,3452,1,0.354253
8,157,3502,1,0.445167
8,157,3552,1,0.129741
8,157,3602,1,0.314938
8,157,3652,1,0.137633
8,157,3702,1,0.073076
8,157,3752,1,0.374749
8,157,3802,1,0.169462
8,157,3852,1,0.301096
8,157,3902,1,0.541246
8,157,3952,1,0.336895
8,157,4002,1,0.298411
8,157,4052,1,0.500458
8,157,4102,1,0.285491
8,157,4152,1,0.126613
8,157,4202,1,0.380782
8,157,4252,1,0.289123
8,157,4302,1,0.318099
8,157,4352,1,0.225055
8,157,4402,1,0.425614
8,157,4452,1,0.169558
8,157,4502,1,0.371981
8,157,4552,1,0.176718
8,157,4602,1,0.206799
8,157,4652,1,0.292516
8,157,4702,1,0.409496
8,157,4752,1,0.309580
8,157,4802,1,0.333949
8,157,4852,1,0.190504
8,157,4902,1,0.083186
8,157,4952,1,0.159889
8,162,2,1,1.256567
8,162,52,1,0.916489
8,162,102,1,1.241134
8,162,152,1,1.202699
8,162,202,1,0.923143
8,162,252,1,0.894871
8,162,302,1,1.042531
8,162,352,1,1.087355
8,162,402,1,0.918939
8,162,452,1,0.750005
8,162,502,1,0.934975
8,162,552,1,0.511523
8,162,602,1,0.765114
8,162,652,1,0.934633
8,162,702,1,0.950476
8,162,752,1,0.928035
8,162,802,1,0.930228
8,162,852,1,0.827300
8,162,902,1,0.822905
8,162,952,1,1.134609
8,162,1002,1,1.001352
8,162,1052,1,0.826593
8,162,1102,1,0.950476
8,162,1152,1,0.749539
8,162,1202,1,0.751354
8,162,1252,1,0.246785
8,162,1302,1,0.354207
8,162,1352,1,0.491050
8,162,1402,1,0.488432
8,162,1452,1,0.486315
8,162,1502,1,0.463210
8,162,1552,1,0.284570
8,162,1602,1,0.487878
8,162,1652,1,0.359820
8,162,1702,1,0.409049
8,162,1752,1,0.247522
8,162,1802,1,0.437617
8,162,1852,1,0.639248
8,162,1902,1,0.355583
8,162,1952,1,0.157798
8,162,2002,1,0.207908
8,162,2052,1,0.466060
8,162,2102,1,0.273671
8,162,2152,1,0.338022
8,162,2202,1,0.432016
8,162,2252,1,0.135835
8,162,2302,1,0.196041
8,162,2352,1,0.372382
8,162,2402,1,0.253566
8,162,2452,1,0.203743
8,162,2502,1,0.346001
8,162,2552,1,0.267000
8,162,2602,1,0.288716
8,162,2652,1,0.328874
8,162,2702,1,0.108193
8,162,2752,1,0.104581
8,162,2802,1,0.329006
8,162,2852,1,0.217873
8,162,2902,1,0.326298
8,162,2952,1,0.354573
8,162,3002,1,0.363002
8,162,3052,1,0.381741
8,162,3102,1,0.095796
8,162,3152,1,0.255079
8,162,3202,1,0.220891
8,162,3252,1,0.389920
8,162,3302,1,0.318139
8,162,3352,1,0.262230
8,162,3402,1,0.372682
8,162,3452,1,0.427683
8,162,3502,1,0.181236
8,162,3552,1,0.316754
8,162,3602,1,0.130026
8,162,3652,1,0.176930
8,162,3702,1,0.206328
8,162,3752,1,0.091901
8,162,3802,1,0.544563
8,162,3852,1,0.094894
8,162,3902,1,0.197439
8,162,3952,1,0.144509
8,162,4002,1,0.361962
8,162,4052,1,0.256741
8,162,4102,1,0.206462
8,162,4152,1,0.313372
8,162,4202,1,0.149777
8,162,4252,1,0.304455
8,162,4302,1,0.105965
8,162,4352,1,0.393757
8,162,4402,1,0.303627
8,162,4452,1,0.160590
8,162,4502,1,0.199390
8,162,4552,1,0.103850
8,162,4602,1,0.332343
8,162,4652,1,0.323883
8,162,4702,1,0.213407
8,162,4752,1,0.327458
8,162,4802,1,0.192196
8,162,4852,1,0.374795
8,162,4902,1,0.286577
8,162,4952,1,0.318516
8,167,2,1,1.224032
8,167,52,1,0.974692
8,167,102,1,0.978436
8,167,152,1,0.940025
8,167,202,1,0.947567
8,167,252,1,1.082989
8,167,302,1,0.950556
8,167,352,1,0.921960
8,167,402,1,0.930581
8,167,452,1,0.936554
8,167,502,1,1.076074
8,167,552,1,0.847321
8,167,602,1,0.721082
8,167,652,1,0.459044
8,167,702,1,0.960700
8,167,752,1,0.802620
8,167,802,1,0.745305
8,167,852,1,0.931725
8,167,902,1,0.782666
8,167,952,1,0.460888
8,167,1002,1,0.758854
8,167,1052,1,0.761771
8,167,1102,1,0.820095
8,167,1152,1,1.000605
8,167,1202,1,0.718372
8,167,1252,1,0.488968
8,167,1302,1,1.073611
8,167,1352,1,0.460405
8,167,1402,1,0.764207
8,167,1452,1,0.816238
8,167,1502,1,0.247793
8,167,1552,1,0.783487
8,167,1602,1,0.453223
8,167,1652,1,0.333386
8,167,1702,1,0.463753
8,167,1752,1,0.246887
8,167,1802,1,0.351600
8,167,1852,1,0.421207
8,167,1902,1,0.163729
8,167,1952,1,0.464787
8,167,2002,1,0.279604
8,167,2052,1,0.253622
8,167,2102,1,0.124519
8,167,2152,1,0.176489
8,167,2202,1,0.214396
8,167,2252,1,0.240827
8,167,2302,1,0.325555
8,167,2352,1,0.338183
8,167,2402,1,0.399693
8,167,2452,1,0.143709
8,167,2502,1,0.416359
8,167,2552,1,0.225633
8,167,2602,1,0.295538
8,167,2652,1,0.370215
8,167,2702,1,0.153849
8,167,2752,1,0.236497
8,167,2802,1,0.114658
8,167,2852,1,0.072349
8,167,2902,1,0.132092
8,167,2952,1,0.312303
8,167,3002,1,0.335127
8,167,3052,1,0.346168
8,167,3102,1,0.312515
8,167,3152,1,0.262414
8,167,3202,1,0.226595
8,167,3252,1,0.367071
8,167,3302,1,0.245772
8,167,3352,1,0.248051
8,167,3402,1,0.231658
8,167,3452,1,0.455587
8,167,3502,1,0.299098
8,167,3552,1,0.328005
8,167,3602,1,0.364505
8,167,3652,1,0.190594
8,167,3702,1,0.359889
8,167,3752,1,0.395485
8,167,3802,1,0.182495
8,167,3852,1,0.252382
8,167,3902,1,0.321229
8,167,3952,1,0.085981
8,167,4002,1,0.154439
8,167,4052,1,0.356284
8,167,4102,1,0.196590
8,167,4152,1,0.319437
8,167,4202,1,0.285668
8,167,4252,1,0.373008
8,167,4302,1,0.146256
8,167,4352,1,0.290436
8,167,4402,1,0.266420
8,167,4452,1,0.167723
8,167,4502,1,0.111633
8,167,4552,1,0.340851
8,167,4602,1,0.326569
8,167,4652,1,0.246527
8,167,4702,1,0.438963
8,167,4752,1,0.378159
8,167,4802,1,0.548133
8,167,4852,1,0.393513
8,167,4902,1,0.495342
8,167,4952,1,0.229551
8,172,2,1,1.303396
8,172,52,1,1.226592
8,172,102,1,0.928682
8,172,152,1,0.922723
8,172,202,1,0.940026
8,172,252,1,0.983782
8,172,302,1,0.925273
8,172,352,1,1.072867
8,172,402,1,0.947268
8,172,452,1,0.749870
8,172,502,1,0.922411
8,172,552,1,0.750688
8,172,602,1,0.762063
8,172,652,1,0.763169
8,172,702,1,0.935434
8,172,752,1,0.458371
8,172,802,1,1.110955
8,172,852,1,0.646944
8,172,902,1,0.593485
8,172,952,1,0.746950
8,172,1002,1,0.314350
8,172,1052,1,0.366490
8,172,1102,1,0.460719
8,172,1152,1,0.764578
8,172,1202,1,0.756854
8,172,1252,1,0.714183
8,172,1302,1,0.706464
8,172,1352,1,0.608781
8,172,1402,1,0.814145
8,172,1452,1,0.837765
8,172,1502,1,0.772916
8,172,1552,1,0.343299
8,172,1602,1,0.309671
8,172,1652,1,0.135420
8,172,1702,1,0.261640
8,172,1752,1,0.147537
8,172,1802,1,0.788548
8,172,1852,1,0.251335
8,172,1902,1,0.139997
8,172,1952,1,0.399454
8,172,2002,1,0.489446
8,172,2052,1,0.233342
8,172,2102,1,0.434898
8,172,2152,1,0.136162
8,172,2202,1,0.130966
8,172,2252,1,0.384153
8,172,2302,1,0.231527
8,172,2352,1,0.294873
8,172,2402,1,0.086199
8,172,2452,1,0.086338
8,172,2502,1,0.125475
8,172,2552,1,0.337771
8,172,2602,1,0.322731
8,172,2652,1,0.222367
8,172,2702,1,0.398771
8,172,2752,1,0.387415
8,172,2802,1,0.294344
8,172,2852,1,0.405887
8,172,2902,1,0.223371
8,172,2952,1,0.210993
8,172,3002,1,0.346058
8,172,3052,1,0.134225
8,172,3102,1,0.289827
8,172,3152,1,0.140049
8,172,3202,1,0.311544
8,172,3252,1,0.252925
8,172,3302,1,0.423423
8,172,3352,1,0.392394
8,172,3402,1,0.154730
8,172,3452,1,0.118580
8,172,3502,1,0.328993
8,172,3552,1,0.291336
8,172,3602,1,0.289181
8,172,3652,1,0.318636
8,172,3702,1,0.316365
8,172,3752,1,0.297690
8,172,3802,1,0.164157
8,172,3852,1,0.087499
8,172,3902,1,0.088885
8,172,3952,1,0.290225
8,172,4002,1,0.172193
8,172,4052,1,0.230028
8,172,4102,1,0.248682
8,172,4152,1,0.435388
8,172,4202,1,0.362655
8,172,4252,1,0.319936
8,172,4302,1,0.144923
8,172,4352,1,0.301365
8,172,4402,1,0.216937
8,172,4452,1,0.258075
8,172,4502,1,0.350621
8,172,4552,1,0.317885
8,172,4602,1,0.383282
8,172,4652,1,0.375936
8,172,4702,1,0.280221
8,172,4752,1,0.286255
8,172,4802,1,0.213846
8,172,4852,1,0.314215
8,172,4902,1,0.231359
8,172,4952,1,0.253611
8,177,2,1,1.295166
8,177,52,1,1.234353
8,177,102,1,0.753206
8,177,152,1,1.114028
8,177,202,1,1.062958
8,177,252,1,1.001480
8,177,302,1,0.934897
8,177,352,1,0.370751
8,177,402,1,1.105462
8,177,452,1,0.515136
8,177,502,1,0.749630
8,177,552,1,0.483816
8,177,602,1,1.002520
8,177,652,1,0.920650
8,177,702,1,0.747548
8,177,752,1,1.089147
8,177,802,1,0.753757
8,177,852,1,0.964469
8,177,902,1,0.434776
8,177,952,1,0.951244
8,177,1002,1,0.746054
8,177,1052,1,0.715205
8,177,1102,1,0.378276
8,177,1152,1,0.457629
8,177,1202,1,0.761962
8,177,1252,1,0.756573
8,177,1302,1,0.245400
8,177,1352,1,1.054060
8,177,1402,1,0.402102
8,177,1452,1,0.405094
8,177,1502,1,0.319207
8,177,1552,1,0.779145
8,177,1602,1,0.279017
8,177,1652,1,0.749191
8,177,1702,1,0.809094
8,177,1752,1,0.773819
8,177,1802,1,0.323103
8,177,1852,1,0.329127
8,177,1902,1,0.232346
8,177,1952,1,0.371086
8,177,2002,1,0.363364
8,177,2052,1,0.205714
8,177,2102,1,0.416784
8,177,2152,1,0.334953
8,177,2202,1,0.425710
8,177,2252,1,0.491730
8,177,2302,1,0.320810
8,177,2352,1,0.396596
8,177,2402,1,0.398297
8,177,2452,1,0.301984
8,177,2502,1,0.235020
8,177,2552,1,0.196073
8,177,2602,1,0.315300
8,177,2652,1,0.203392
8,177,2702,1,0.341046
8,177,2752,1,0.450670
8,177,2802,1,0.130017
8,177,2852,1,0.213742
8,177,2902,1,0.293685
8,177,2952,1,0.231689
8,177,3002,1,0.212508
8,177,3052,1,0.394409
8,177,3102,1,0.424179
8,177,3152,1,0.277317
8,177,3202,1,0.241155
8,177,3252,1,0.339103
8,177,3302,1,0.304138
8,177,3352,1,0.136327
8,177,3402,1,0.395506
8,177,3452,1,0.450019
8,177,3502,1,0.223148
8,177,3552,1,0.353538
8,177,3602,1,0.327691
8,177,3652,1,0.356624
8,177,3702,1,0.319016
8,177,3752,1,0.369527
8,177,3802,1,0.292512
8,177,3852,1,0.288450
8,177,3902,1,0.136530
8,177,3952,1,0.207290
8,177,4002,1,0.176746
8,177,4052,1,0.389602
8,177,4102,1,0.384727
8,177,4152,1,0.327833
8,177,4202,1,0.345779
8,177,4252,1,0.279779
8,177,4302,1,0.161472
8,177,4352,1,0.440300
8,177,4402,1,0.356502
8,177,4452,1,0.377620
8,177,4502,1,0.153709
8,177,4552,1,0.376022
8,177,4602,1,0.374442
8,177,4652,1,0.274111
8,177,4702,1,0.233068
8,177,4752,1,0.110889
8,177,4802,1,0.124286
8,177,4852,1,0.140259
8,177,4902,1,0.363897
8,177,4952,1,0.228652
8,182,2,1,1.237803
8,182,52,1,1.086228
8,182,102,1,1.110863
8,182,152,1,1.120327
8,182,202,1,0.935793
8,182,252,1,1.053595
8,182,302,1,1.179604
8,182,352,1,0.944025
8,182,402,1,0.924645
8,182,452,1,1.111689
8,182,502,1,0.927676
8,182,552,1,1.027961
8,182,602,1,1.028252
8,182,652,1,0.936067
8,182,702,1,0.771762
8,182,752,1,0.819935
8,182,802,1,0.751988
8,182,852,1,1.039523
8,182,902,1,0.945659
8,182,952,1,0.763527
8,182,1002,1,0.827419
8,182,1052,1,0.850814
8,182,1102,1,0.740351
8,182,1152,1,0.936195
8,182,1202,1,0.818690
8,182,1252,1,0.460575
8,182,1302,1,0.463096
8,182,1352,1,0.463199
8,182,1402,1,0.928657
8,182,1452,1,0.305830
8,182,1502,1,0.133702
8,182,1552,1,0.721539
8,182,1602,1,0.403093
8,182,1652,1,0.466259
8,182,1702,1,0.780840
8,182,1752,1,0.492809
8,182,1802,1,0.237407
8,182,1852,1,0.418321
8,182,1902,1,0.178232
8,182,1952,1,0.400356
8,182,2002,1,0.126789
8,182,2052,1,0.133499
8,182,2102,1,0.328998
8,182,2152,1,0.141761
8,182,2202,1,0.382453
8,182,2252,1,0.143840
8,182,2302,1,0.236758
8,182,2352,1,0.188952
8,182,2402,1,0.297221
8,182,2452,1,0.384311
8,182,2502,1,0.085405
8,182,2552,1,0.281332
8,182,2602,1,0.237548
8,182,2652,1,0.285342
8,182,2702,1,0.210661
8,182,2752,1,0.412805
8,182,2802,1,0.337754
8,182,2852,1,0.299889
8,182,2902,1,0.354340
8,182,2952,1,0.284737
8,182,3002,1,0.267677
8,182,3052,1,0.304130
8,182,3102,1,0.368406
8,182,3152,1,0.209729
8,182,3202,1,0.196435
8,182,3252,1,0.360648
8,182,3302,1,0.157371
8,182,3352,1,0.377483
8,182,3402,1,0.192549
8,182,3452,1,0.204824
8,182,3502,1,0.125886
8,182,3552,1,0.259457
8,182,3602,1,0.382661
8,182,3652,1,0.450736
8,182,3702,1,0.360332
8,182,3752,1,0.139806
8,182,3802,1,0.230384
8,182,3852,1,0.369924
8,182,3902,1,0.411967
8,182,3952,1,0.294422
8,182,4002,1,0.295020
8,182,4052,1,0.245458
8,182,4102,1,0.394025
8,182,4152,1,0.136316
8,182,4202,1,0.264129
8,182,4252,1,0.182992
8,182,4302,1,0.314060
8,182,4352,1,0.296834
8,182,4402,1,0.414870
8,182,4452,1,0.220743
8,182,4502,1,0.268483
8,182,4552,1,0.172708
8,182,4602,1,0.397113
8,182,4652,1,0.393510
8,182,4702,1,0.337922
8,182,4752,1,0.237629
8,182,4802,1,0.303252
8,182,4852,1,0.409679
8,182,4902,1,0.211120
8,182,4952,1,0.155351
8,187,2,1,1.200511
8,187,52,1,1.138632
8,187,102,1,1.192996
8,187,152,1,1.232853
8,187,202,1,1.093005
8,187,252,1,1.081048
8,187,302,1,0.944823
8,187,352,1,0.457004
8,187,402,1,0.945869
8,187,452,1,0.925555
8,187,502,1,0.776586
8,187,552,1,0.943668
8,187,602,1,1.189931
8,187,652,1,0.750416
8,187,702,1,0.817975
8,187,752,1,0.907901
8,187,802,1,0.934701
8,187,852,1,0.983918
8,187,902,1,0.765970
8,187,952,1,0.503426
8,187,1002,1,0.760171
8,187,1052,1,0.603809
8,187,1102,1,0.512597
8,187,1152,1,0.759463
8,187,1202,1,0.336709
8,187,1252,1,0.463045
8,187,1302,1,0.781115
8,187,1352,1,0.463310
8,187,1402,1,0.462880
8,187,1452,1,0.783473
8,187,1502,1,0.460379
8,187,1552,1,0.209188
8,187,1602,1,0.207673
8,187,1652,1,0.395294
8,187,1702,1,0.338483
8,187,1752,1,0.397498
8,187,1802,1,0.362997
8,187,1852,1,0.499092
8,187,1902,1,0.399895
8,187,1952,1,0.212483
8,187,2002,1,0.403590
8,187,2052,1,0.521792
8,187,2102,1,0.402382
8,187,2152,1,0.351099
8,187,2202,1,0.317107
8,187,2252,1,0.336285
8,187,2302,1,0.394579
8,187,2352,1,0.313190
8,187,2402,1,0.318362
8,187,2452,1,0.180541
8,187,2502,1,0.221058
8,187,2552,1,0.413990
8,187,2602,1,0.217279
8,187,2652,1,0.128518
8,187,2702,1,0.229822
8,187,2752,1,0.118552
8,187,2802,1,0.129978
8,187,2852,1,0.147884
8,187,2902,1,0.123690
8,187,2952,1,0.142712
8,187,3002,1,0.195276
8,187,3052,1,0.206043
8,187,3102,1,0.317437
8,187,3152,1,0.368090
8,187,3202,1,0.156062
8,187,3252,1,0.377378
8,187,3302,1,0.377670
8,187,3352,1,0.267578
8,187,3402,1,0.066992
8,187,3452,1,0.332453
8,187,3502,1,0.351108
8,187,3552,1,0.109678
8,187,3602,1,0.253223
8,187,3652,1,0.311456
8,187,3702,1,0.312586
8,187,3752,1,0.314858
8,187,3802,1,0.405085
8,187,3852,1,0.112022
8,187,3902,1,0.196979
8,187,3952,1,0.328646
8,187,4002,1,0.462290
8,187,4052,1,0.210941
8,187,4102,1,0.271488
8,187,4152,1,0.404878
8,187,4202,1,0.223189
8,187,4252,1,0.254924
8,187,4302,1,0.266752
8,187,4352,1,0.233566
8,187,4402,1,0.364292
8,187,4452,1,0.170212
8,187,4502,1,0.518260
8,187,4552,1,0.420951
8,187,4602,1,0.417962
8,187,4652,1,0.188435
8,187,4702,1,0.221654
8,187,4752,1,0.110533
8,187,4802,1,0.365207
8,187,4852,1,0.242899
8,187,4902,1,0.424700
8,187,4952,1,0.252211
8,192,2,1,1.267379
8,192,52,1,1.233991
8,192,102,1,1.134224
8,192,152,1,0.989540
8,192,202,1,1.054012
8,192,252,1,1.208299
8,192,302,1,1.052973
8,192,352,1,0.796803
8,192,402,1,0.907327
8,192,452,1,0.946780
8,192,502,1,1.013743
8,192,552,1,0.711862
8,192,602,1,0.759918
8,192,652,1,0.752258
8,192,702,1,0.749265
8,192,752,1,0.925971
8,192,802,1,0.757236
8,192,852,1,0.755818
8,192,902,1,0.655229
8,192,952,1,0.777599
8,192,1002,1,0.926467
8,192,1052,1,0.746406
8,192,1102,1,0.363195
8,192,1152,1,0.796057
8,192,1202,1,0.117925
8,192,1252,1,0.942103
8,192,1302,1,0.229584
8,192,1352,1,0.247856
8,192,1402,1,0.164756
8,192,1452,1,0.806992
8,192,1502,1,0.350862
8,192,1552,1,0.658239
8,192,1602,1,0.261975
8,192,1652,1,0.776482
8,192,1702,1,0.745781
8,192,1752,1,0.428617
8,192,1802,1,0.285588
8,192,1852,1,0.221774
8,192,1902,1,0.282411
8,192,1952,1,0.439602
8,192,2002,1,0.247557
8,192,2052,1,0.252360
8,192,2102,1,0.383532
8,192,2152,1,0.283214
8,192,2202,1,0.441753
8,192,2252,1,0.373588
8,192,2302,1,0.517441
8,192,2352,1,0.314016
8,192,2402,1,0.319636
8,192,2452,1,0.180870
8,192,2502,1,0.260674
8,192,2552,1,0.138306
8,192,2602,1,0.347360
8,192,2652,1,0.229512
8,192,2702,1,0.255069
8,192,2752,1,0.128605
8,192,2802,1,0.362072
8,192,2852,1,0.343155
8,192,2902,1,0.387792
8,192,2952,1,0.442225
8,192,3002,1,0.253987
8,192,3052,1,0.368433
8,192,3102,1,0.311811
8,192,3152,1,0.125454
8,192,3202,1,0.398674
8,192,3252,1,0.384822
8,192,3302,1,0.364156
8,192,3352,1,0.341287
8,192,3402,1,0.151658
8,192,3452,1,0.180505
8,192,3502,1,0.147995
8,192,3552,1,0.360960
8,192,3602,1,0.245319
8,192,3652,1,0.310511
8,192,3702,1,0.294094
8,192,3752,1,0.333417
8,192,3802,1,0.105597
8,192,3852,1,0.330780
8,192,3902,1,0.375603
8,192,3952,1,0.271557
8,192,4002,1,0.275574
8,192,4052,1,0.311941
8,192,4102,1,0.314643
8,192,4152,1,0.148129
8,192,4202,1,0.372543
8,192,4252,1,0.352818
8,192,4302,1,0.297331
8,192,4352,1,0.092265
8,192,4402,1,0.242914
8,192,4452,1,0.088524
8,192,4502,1,0.172526
8,192,4552,1,0.149999
8,192,4602,1,0.210724
8,192,4652,1,0.098214
8,192,4702,1,0.332366
8,192,4752,1,0.109942
8,192,4802,1,0.471776
8,192,4852,1,0.478964
8,192,4902,1,0.314177
8,192,4952,1,0.102467
8,197,2,1,1.198780
8,197,52,1,1.094148
8,197,102,1,0.978967
8,197,152,1,0.737848
8,197,202,1,1.145235
8,197,252,1,0.937747
8,197,302,1,0.928101
8,197,352,1,1.107034
8,197,402,1,0.923484
8,197,452,1,0.940248
8,197,502,1,0.822147
8,197,552,1,0.921189
8,197,602,1,0.752833
8,197,652,1,0.510347
8,197,702,1,0.950868
8,197,752,1,0.851846
8,197,802,1,0.457635
8,197,852,1,0.822827
8,197,902,1,0.701194
8,197,952,1,0.751124
8,197,1002,1,0.756397
8,197,1052,1,0.536994
8,197,1102,1,1.113335
8,197,1152,1,0.710872
8,197,1202,1,0.933017
8,197,1252,1,0.935740
8,197,1302,1,0.459421
8,197,1352,1,0.957333
8,197,1402,1,0.758427
8,197,1452,1,0.709059
8,197,1502,1,0.331586
8,197,1552,1,0.431112
8,197,1602,1,0.395284
8,197,1652,1,0.238381
8,197,1702,1,0.154185
8,197,1752,1,0.324854
8,197,1802,1,0.995006
8,197,1852,1,0.209110
8,197,1902,1,0.091408
8,197,1952,1,0.371763
8,197,2002,1,0.338444
8,197,2052,1,0.343630
8,197,2102,1,0.094142
8,197,2152,1,0.331988
8,197,2202,1,0.077155
8,197,2252,1,0.251126
8,197,2302,1,0.254220
8,197,2352,1,0.143275
8,197,2402,1,0.185955
8,197,2452,1,0.160738
8,197,2502,1,0.252401
8,197,2552,1,0.129201
8,197,2602,1,0.096517
8,197,2652,1,0.306594
8,197,2702,1,0.414615
8,197,2752,1,0.109711
8,197,2802,1,0.331913
8,197,2852,1,0.145489
8,197,2902,1,0.207117
8,197,2952,1,0.192595
8,197,3002,1,0.377219
8,197,3052,1,0.164847
8,197,3102,1,0.280072
8,197,3152,1,0.136666
8,197,3202,1,0.425793
8,197,3252,1,0.105466
8,197,3302,1,0.130428
8,197,3352,1,0.208676
8,197,3402,1,0.481984
8,197,3452,1,0.089689
8,197,3502,1,0.135306
8,197,3552,1,0.360066
8,197,3602,1,0.276035
8,197,3652,1,0.190366
8,197,3702,1,0.352707
8,197,3752,1,0.317107
8,197,3802,1,0.354274
8,197,3852,1,0.268173
8,197,3902,1,0.391205
8,197,3952,1,0.308299
8,197,4002,1,0.377081
8,197,4052,1,0.191321
8,197,4102,1,0.208884
8,197,4152,1,0.153093
8,197,4202,1,0.213088
8,197,4252,1,0.261519
8,197,4302,1,0.157272
8,197,4352,1,0.352702
8,197,4402,1,0.411103
8,197,4452,1,0.141047
8,197,4502,1,0.398061
8,197,4552,1,0.347096
8,197,4602,1,0.439415
8,197,4652,1,0.141904
8,197,4702,1,0.160886
8,197,4752,1,0.370781
8,197,4802,1,0.290950
8,197,4852,1,0.336690
8,197,4902,1,0.223919
8,197,4952,1,0.401443
16,2,2,1,1.139957
16,2,52,1,1.082364
16,2,102,1,1.245811
16,2,152,1,1.086672
16,2,202,1,1.239260
16,2,252,1,1.098048
16,2,302,1,1.075322
16,2,352,1,1.040877
16,2,402,1,1.087972
16,2,452,1,1.086402
16,2,502,1,1.236786
16,2,552,1,1.222260
16,2,602,1,1.229991
16,2,652,1,1.288095
16,2,702,1,1.041436
16,2,752,1,1.225157
16,2,802,1,1.289266
16,2,852,1,1.256159
16,2,902,1,1.235819
16,2,952,1,1.236533
16,2,1002,1,1.289220
16,2,1052,1,1.233473
16,2,1102,1,1.238122
16,2,1152,1,1.226116
16,2,1202,1,1.228366
16,2,1252,1,1.224545
16,2,1302,1,1.231345
16,2,1352,1,1.084621
16,2,1402,1,1.228416
16,2,1452,1,1.231457
16,2,1502,1,1.139653
16,2,1552,1,1.234724
16,2,1602,1,1.041883
16,2,1652,1,1.238003
16,2,1702,1,1.233100
16,2,1752,1,1.099885
16,2,1802,1,1.143263
16,2,1852,1,1.146501
16,2,1902,1,1.236722
16,2,1952,1,1.237166
16,2,2002,1,1.301890
16,2,2052,1,1.132646
16,2,2102,1,1.139140
16,2,2152,1,1.232443
16,2,2202,1,1.088395
16,2,2252,1,1.084816
16,2,2302,1,1.088497
16,2,2352,1,1.234895
16,2,2402,1,1.146040
16,2,2452,1,1.232770
16,2,2502,1,1.289354
16,2,2552,1,1.042418
16,2,2602,1,1.221555
16,2,2652,1,1.090587
16,2,2702,1,1.041799
16,2,2752,1,1.086126
16,2,2802,1,1.087537
16,2,2852,1,1.232123
16,2,2902,1,1.332399
16,2,2952,1,1.237758
16,2,3002,1,1.044872
16,2,3052,1,1.095955
16,2,3102,1,1.072257
16,2,3152,1,1.237758
16,2,3202,1,1.225966
16,2,3252,1,1.148067
16,2,3302,1,1.227858
16,2,3352,1,1.238178
16,2,3402,1,1.227298
16,2,3452,1,1.083738
16,2,3502,1,1.041915
16,2,3552,1,1.099957
16,2,3602,1,1.137138
16,2,3652,1,1.234895
16,2,3702,1,1.234368
16,2,3752,1,1.303428
16,2,3802,1,1.090799
16,2,3852,1,1.234394
16,2,3902,1,1.134215
16,2,3952,1,1.135792
16,2,4002,1,1.227255
16,2,4052,1,1.099312
16,2,4102,1,1.233640
16,2,4152,1,1.233717
16,2,4202,1,1.090098
16,2,4252,1,1.238507
16,2,4302,1,1.234288
16,2,4352,1,1.085245
16,2,4402,1,1.288662
16,2,4452,1,1.233726
16,2,4502,1,1.083259
16,2,4552,1,1.106855
16,2,4602,1,1.223024
16,2,4652,1,1.040181
16,2,4702,1,1.079128
16,2,4752,1,1.237570
16,2,4802,1,1.052995
16,2,4852,1,1.144549
16,2,4902,1,1.136999
16,2,4952,1,1.138426
16,7,2,1,1.244495
16,7,52,1,1.214918
16,7,102,1,1.250367
16,7,152,1,1.295598
16,7,202,1,1.138622
16,7,252,1,1.260409
16,7,302,1,1.100396
16,7,352,1,1.120359
16,7,402,1,1.253454
16,7,452,1,1.299535
16,7,502,1,1.095431
16,7,552,1,1.251748
16,7,602,1,1.104294
16,7,652,1,1.290766
16,7,702,1,1.259460
16,7,752,1,1.226484
16,7,802,1,1.222670
16,7,852,1,1.239502
16,7,902,1,1.145870
16,7,952,1,1.138455
16,7,1002,1,1.233520
16,7,1052,1,1.263979
16,7,1102,1,1.230960
16,7,1152,1,1.237329
16,7,1202,1,1.149107
16,7,1252,1,1.130903
16,7,1302,1,1.089667
16,7,1352,1,1.228396
16,7,1402,1,1.238233
16,7,1452,1,1.225050
16,7,1502,1,1.092581
16,7,1552,1,1.096012
16,7,1602,1,1.242048
16,7,1652,1,1.138427
16,7,1702,1,1.234439
16,7,1752,1,1.144921
16,7,1802,1,1.237934
16,7,1852,1,1.233379
16,7,1902,1,1.228477
16,7,1952,1,1.302492
16,7,2002,1,1.096791
16,7,2052,1,1.232499
16,7,2102,1,1.306318
16,7,2152,1,1.238906
16,7,2202,1,1.157511
16,7,2252,1,1.233167
16,7,2302,1,1.227084
16,7,2352,1,1.238267
16,7,2402,1,1.228312
16,7,2452,1,1.290239
16,7,2502,1,1.225667
16,7,2552,1,1.258900
16,7,2602,1,1.247905
16,7,2652,1,1.139124
16,7,2702,1,1.274456
16,7,2752,1,1.292156
16,7,2802,1,1.088402
16,7,2852,1,1.237183
16,7,2902,1,1.228768
16,7,2952,1,1.322420
16,7,3002,1,1.234891
16,7,3052,1,1.248063
16,7,3102,1,1.286375
16,7,3152,1,1.289628
16,7,3202,1,1.294018
16,7,3252,1,1.267050
16,7,3302,1,1.144047
16,7,3352,1,1.227815
16,7,3402,1,1.260606
16,7,3452,1,1.120806
16,7,3502,1,1.260228
16,7,3552,1,1.041699
16,7,3602,1,1.040541
16,7,3652,1,1.236751
16,7,3702,1,1.148078
16,7,3752,1,1.148909
16,7,3802,1,1.236652
16,7,3852,1,1.137626
16,7,3902,1,1.235954
16,7,3952,1,1.082362
16,7,4002,1,1.084896
16,7,4052,1,1.272432
16,7,4102,1,1.160214
16,7,4152,1,1.132036
16,7,4202,1,1.322273
16,7,4252,1,1.225598
16,7,4302,1,1.250811
16,7,4352,1,1.240385
16,7,4402,1,1.230096
16,7,4452,1,1.097398
16,7,4502,1,1.223199
16,7,4552,1,1.167500
16,7,4602,1,1.224513
16,7,4652,1,1.232169
16,7,4702,1,1.228509
16,7,4752,1,1.041509
16,7,4802,1,1.290717
16,7,4852,1,1.228732
16,7,4902,1,1.235866
16,7,4952,1,1.224939
16,12,2,1,1.089173
16,12,52,1,0.929635
16,12,102,1,0.938373
16,12,152,1,0.985669
16,12,202,1,0.944672
16,12,252,1,0.930257
16,12,302,1,0.939858
16,12,352,1,0.823785
16,12,402,1,0.981119
16,12,452,1,0.931684
16,12,502,1,0.938052
16,12,552,1,0.857426
16,12,602,1,0.936857
16,12,652,1,0.941265
16,12,702,1,0.927685
16,12,752,1,0.942098
16,12,802,1,0.936905
16,12,852,1,0.919640
16,12,902,1,1.082517
16,12,952,1,0.918770
16,12,1002,1,1.111677
16,12,1052,1,1.083237
16,12,1102,1,0.896321
16,12,1152,1,1.106529
16,12,1202,1,0.928011
16,12,1252,1,0.921589
16,12,1302,1,0.923386
16,12,1352,1,0.919512
16,12,1402,1,0.926988
16,12,1452,1,0.966471
16,12,1502,1,0.904853
16,12,1552,1,1.083694
16,12,1602,1,0.930585
16,12,1652,1,0.989944
16,12,1702,1,0.832989
16,12,1752,1,0.968830
16,12,1802,1,1.133965
16,12,1852,1,0.929116
16,12,1902,1,0.909382
16,12,1952,1,0.982970
16,12,2002,1,1.101250
16,12,2052,1,0.921207
16,12,2102,1,0.798187
16,12,2152,1,0.928117
16,12,2202,1,0.812272
16,12,2252,1,0.928877
16,12,2302,1,0.924274
16,12,2352,1,0.802501
16,12,2402,1,0.936011
16,12,2452,1,0.927286
16,12,2502,1,1.085160
16,12,2552,1,0.928361
16,12,2602,1,0.917950
16,12,2652,1,0.989162
16,12,2702,1,0.926639
16,12,2752,1,0.917328
16,12,2802,1,1.078553
16,12,2852,1,0.915415
16,12,2902,1,0.930879
16,12,2952,1,0.976768
16,12,3002,1,0.839524
16,12,3052,1,0.928996
16,12,3102,1,0.930148
16,12,3152,1,0.927738
16,12,3202,1,0.916218
16,12,3252,1,0.920823
16,12,3302,1,1.084283
16,12,3352,1,1.106957
16,12,3402,1,0.943208
16,12,3452,1,0.800860
16,12,3502,1,1.110874
16,12,3552,1,0.935253
16,12,3602,1,0.917966
16,12,3652,1,0.933752
16,12,3702,1,0.937876
16,12,3752,1,0.941734
16,12,3802,1,1.006313
16,12,3852,1,0.934792
16,12,3902,1,0.771155
16,12,3952,1,0.942280
16,12,4002,1,0.931262
16,12,4052,1,0.983073
16,12,4102,1,0.930330
16,12,4152,1,0.937558
16,12,4202,1,0.940204
16,12,4252,1,0.925983
16,12,4302,1,0.937866
16,12,4352,1,0.918742
16,12,4402,1,0.918133
16,12,4452,1,0.940365
16,12,4502,1,0.926480
16,12,4552,1,0.922522
16,12,4602,1,0.930753
16,12,4652,1,0.920060
16,12,4702,1,0.924872
16,12,4752,1,1.083597
16,12,4802,1,0.934877
16,12,4852,1,1.096024
16,12,4902,1,0.921728
16,12,4952,1,0.926806
16,17,2,1,1.284151
16,17,52,1,1.006914
16,17,102,1,0.929788
16,17,152,1,0.916037
16,17,202,1,0.941466
16,17,252,1,1.040240
16,17,302,1,0.939134
16,17,352,1,0.940091
16,17,402,1,1.077922
16,17,452,1,1.080863
16,17,502,1,0.857018
16,17,552,1,0.945400
16,17,602,1,1.076965
16,17,652,1,0.941485
16,17,702,1,0.960466
16,17,752,1,0.954094
16,17,802,1,0.954228
16,17,852,1,0.935909
16,17,902,1,0.967498
16,17,952,1,0.980976
16,17,1002,1,1.012481
16,17,1052,1,0.940723
16,17,1102,1,0.967558
16,17,1152,1,0.922469
16,17,1202,1,0.958473
16,17,1252,1,0.933823
16,17,1302,1,0.932985
16,17,1352,1,1.081731
16,17,1402,1,1.081273
16,17,1452,1,0.956767
16,17,1502,1,1.076517
16,17,1552,1,0.928362
16,17,1602,1,0.976605
16,17,1652,1,1.084509
16,17,1702,1,1.069283
16,17,1752,1,1.136311
16,17,1802,1,0.940104
16,17,1852,1,0.946114
16,17,1902,1,0.933754
16,17,1952,1,0.926145
16,17,2002,1,0.870246
16,17,2052,1,0.847723
16,17,2102,1,0.957614
16,17,2152,1,0.961014
16,17,2202,1,0.848564
16,17,2252,1,1.088709
16,17,2302,1,1.081619
16,17,2352,1,1.081171
16,17,2402,1,1.068618
16,17,2452,1,0.983439
16,17,2502,1,0.895171
16,17,2552,1,0.878273
16,17,2602,1,0.946592
16,17,2652,1,0.946807
16,17,2702,1,0.969984
16,17,2752,1,0.967828
16,17,2802,1,0.944114
16,17,2852,1,0.938514
16,17,2902,1,0.953222
16,17,2952,1,0.946284
16,17,3002,1,0.931990
16,17,3052,1,0.941791
16,17,3102,1,0.870704
16,17,3152,1,0.939329
16,17,3202,1,0.937167
16,17,3252,1,0.964273
16,17,3302,1,0.951747
16,17,3352,1,0.883028
16,17,3402,1,0.942519
16,17,3452,1,1.072835
16,17,3502,1,0.933756
16,17,3552,1,0.867000
16,17,3602,1,0.952896
16,17,3652,1,0.957795
16,17,3702,1,0.981943
16,17,3752,1,0.934016
16,17,3802,1,0.959839
16,17,3852,1,0.955635
16,17,3902,1,0.942073
16,17,3952,1,0.919431
16,17,4002,1,0.982376
16,17,4052,1,0.935935
16,17,4102,1,0.875586
16,17,4152,1,0.958582
16,17,4202,1,0.922643
16,17,4252,1,1.086120
16,17,4302,1,0.929138
16,17,4352,1,0.896342
16,17,4402,1,0.956981
16,17,4452,1,0.939601
16,17,4502,1,0.942658
16,17,4552,1,0.940411
16,17,4602,1,1.030961
16,17,4652,1,0.990251
16,17,4702,1,1.123733
16,17,4752,1,1.009234
16,17,4802,1,1.080176
16,17,4852,1,0.987374
16,17,4902,1,0.958872
16,17,4952,1,0.985509
16,22,2,1,1.244917
16,22,52,1,0.955960
16,22,102,1,0.950922
16,22,152,1,0.941860
16,22,202,1,0.940307
16,22,252,1,1.047703
16,22,302,1,0.913477
16,22,352,1,0.952009
16,22,402,1,0.997319
16,22,452,1,0.970326
16,22,502,1,0.974630
16,22,552,1,0.988446
16,22,602,1,0.922950
16,22,652,1,1.076302
16,22,702,1,0.819316
16,22,752,1,0.760988
16,22,802,1,0.940295
16,22,852,1,0.711408
16,22,902,1,0.807614
16,22,952,1,0.702239
16,22,1002,1,0.967848
16,22,1052,1,0.918175
16,22,1102,1,0.711342
16,22,1152,1,0.720716
16,22,1202,1,0.779112
16,22,1252,1,0.755482
16,22,1302,1,0.601491
16,22,1352,1,0.713104
16,22,1402,1,0.713639
16,22,1452,1,0.712280
16,22,1502,1,0.736768
16,22,1552,1,0.706075
16,22,1602,1,0.778868
16,22,1652,1,0.722961
16,22,1702,1,0.719739
16,22,1752,1,0.713398
16,22,1802,1,0.780632
16,22,1852,1,0.711997
16,22,1902,1,0.712343
16,22,1952,1,0.713520
16,22,2002,1,0.774500
16,22,2052,1,0.706279
16,22,2102,1,0.715813
16,22,2152,1,0.804009
16,22,2202,1,0.694982
16,22,2252,1,0.714844
16,22,2302,1,0.714940
16,22,2352,1,0.735560
16,22,2402,1,0.699973
16,22,2452,1,0.715453
16,22,2502,1,0.767412
16,22,2552,1,0.704516
16,22,2602,1,0.708558
16,22,2652,1,0.705504
16,22,2702,1,0.730681
16,22,2752,1,0.715164
16,22,2802,1,0.725132
16,22,2852,1,0.613834
16,22,2902,1,0.702594
16,22,2952,1,0.717469
16,22,3002,1,0.724559
16,22,3052,1,0.805263
16,22,3102,1,0.714346
16,22,3152,1,0.720196
16,22,3202,1,0.804004
16,22,3252,1,0.778791
16,22,3302,1,0.712063
16,22,3352,1,0.728001
16,22,3402,1,0.704941
16,22,3452,1,0.777266
16,22,3502,1,0.727762
16,22,3552,1,0.719946
16,22,3602,1,0.783020
16,22,3652,1,0.721678
16,22,3702,1,0.713879
16,22,3752,1,0.714537
16,22,3802,1,0.704947
16,22,3852,1,0.716268
16,22,3902,1,0.724671
16,22,3952,1,0.719455
16,22,4002,1,0.724155
16,22,4052,1,0.619507
16,22,4102,1,0.705795
16,22,4152,1,0.774367
16,22,4202,1,0.716146
16,22,4252,1,0.707491
16,22,4302,1,0.779887
16,22,4352,1,0.777580
16,22,4402,1,0.712699
16,22,4452,1,0.712371
16,22,4502,1,0.711517
16,22,4552,1,0.808156
16,22,4602,1,0.701620
16,22,4652,1,0.716607
16,22,4702,1,0.762859
16,22,4752,1,0.712396
16,22,4802,1,0.779476
16,22,4852,1,0.631505
16,22,4902,1,0.712933
16,22,4952,1,0.714692
16,27,2,1,1.287650
16,27,52,1,0.924341
16,27,102,1,1.253935
16,27,152,1,0.956939
16,27,202,1,0.929242
16,27,252,1,0.797180
16,27,302,1,0.936727
16,27,352,1,0.930755
16,27,402,1,1.073691
16,27,452,1,0.964856
16,27,502,1,0.940094
16,27,552,1,0.771058
16,27,602,1,0.796083
16,27,652,1,0.845872
16,27,702,1,1.000348
16,27,752,1,0.865585
16,27,802,1,0.820394
16,27,852,1,0.702745
16,27,902,1,0.874665
16,27,952,1,0.790904
16,27,1002,1,0.937929
16,27,1052,1,0.820552
16,27,1102,1,0.759587
16,27,1152,1,0.706974
16,27,1202,1,0.931019
16,27,1252,1,0.703743
16,27,1302,1,0.717078
16,27,1352,1,0.809803
16,27,1402,1,0.713618
16,27,1452,1,0.717373
16,27,1502,1,0.717287
16,27,1552,1,0.720076
16,27,1602,1,0.724085
16,27,1652,1,0.720834
16,27,1702,1,0.717327
16,27,1752,1,0.731897
16,27,1802,1,0.717403
16,27,1852,1,0.715910
16,27,1902,1,0.721516
16,27,1952,1,0.727237
16,27,2002,1,0.728661
16,27,2052,1,0.721339
16,27,2102,1,0.814116
16,27,2152,1,0.788987
16,27,2202,1,0.712464
16,27,2252,1,0.721874
16,27,2302,1,0.787433
16,27,2352,1,0.720380
16,27,2402,1,0.730047
16,27,2452,1,0.718816
16,27,2502,1,0.707578
16,27,2552,1,0.842368
16,27,2602,1,0.719129
16,27,2652,1,0.708295
16,27,2702,1,0.703159
16,27,2752,1,0.720154
16,27,2802,1,0.779612
16,27,2852,1,0.718505
16,27,2902,1,0.722259
16,27,2952,1,0.621576
16,27,3002,1,0.742553
16,27,3052,1,0.714658
16,27,3102,1,0.730753
16,27,3152,1,0.715709
16,27,3202,1,0.707463
16,27,3252,1,0.716230
16,27,3302,1,0.769174
16,27,3352,1,0.713985
16,27,3402,1,0.721793
16,27,3452,1,0.710740
16,27,3502,1,0.731092
16,27,3552,1,0.644472
16,27,3602,1,0.732303
16,27,3652,1,0.712428
16,27,3702,1,0.718437
16,27,3752,1,0.718961
16,27,3802,1,0.722143
16,27,3852,1,0.719531
16,27,3902,1,0.709160
16,27,3952,1,0.626262
16,27,4002,1,0.722037
16,27,4052,1,0.717695
16,27,4102,1,0.719201
16,27,4152,1,0.712167
16,27,4202,1,0.724503
16,27,4252,1,0.779215
16,27,4302,1,0.713777
16,27,4352,1,0.717508
16,27,4402,1,0.739508
16,27,4452,1,0.718503
16,27,4502,1,0.721699
16,27,4552,1,0.707925
16,27,4602,1,0.784367
16,27,4652,1,0.759386
16,27,4702,1,0.730425
16,27,4752,1,0.713387
16,27,4802,1,0.788359
16,27,4852,1,0.706717
16,27,4902,1,0.721145
16,27,4952,1,0.713684
16,32,2,1,1.226051
16,32,52,1,1.043686
16,32,102,1,1.104502
16,32,152,1,1.051691
16,32,202,1,0.950253
16,32,252,1,1.226571
16,32,302,1,0.947128
16,32,352,1,0.952114
16,32,402,1,0.600683
16,32,452,1,0.821064
16,32,502,1,0.944461
16,32,552,1,0.963439
16,32,602,1,0.766555
16,32,652,1,1.092225
16,32,702,1,0.600338
16,32,752,1,0.778300
16,32,802,1,0.757267
16,32,852,1,0.762310
16,32,902,1,0.803245
16,32,952,1,1.110505
16,32,1002,1,0.965267
16,32,1052,1,0.936577
16,32,1102,1,0.495033
16,32,1152,1,0.603586
16,32,1202,1,0.607337
16,32,1252,1,0.606070
16,32,1302,1,0.657133
16,32,1352,1,0.606622
16,32,1402,1,0.950506
16,32,1452,1,0.630970
16,32,1502,1,0.638523
16,32,1552,1,0.774773
16,32,1602,1,0.630694
16,32,1652,1,0.609719
16,32,1702,1,0.608847
16,32,1752,1,0.634456
16,32,1802,1,0.606683
16,32,1852,1,0.609810
16,32,1902,1,0.606959
16,32,1952,1,0.604005
16,32,2002,1,0.609385
16,32,2052,1,0.609167
16,32,2102,1,0.605180
16,32,2152,1,0.608651
16,32,2202,1,0.634519
16,32,2252,1,0.610803
16,32,2302,1,0.605965
16,32,2352,1,0.608327
16,32,2402,1,0.610190
16,32,2452,1,0.632105
16,32,2502,1,0.636690
16,32,2552,1,0.608939
16,32,2602,1,0.610477
16,32,2652,1,0.664811
16,32,2702,1,0.610898
16,32,2752,1,0.609336
16,32,2802,1,0.610805
16,32,2852,1,0.609394
16,32,2902,1,0.605431
16,32,2952,1,0.609010
16,32,3002,1,0.609861
16,32,3052,1,0.607195
16,32,3102,1,0.609488
16,32,3152,1,0.610513
16,32,3202,1,0.635764
16,32,3252,1,0.605596
16,32,3302,1,0.610810
16,32,3352,1,0.610724
16,32,3402,1,0.526419
16,32,3452,1,0.610037
16,32,3502,1,0.610050
16,32,3552,1,0.608499
16,32,3602,1,0.636277
16,32,3652,1,0.604399
16,32,3702,1,0.610820
16,32,3752,1,0.634212
16,32,3802,1,0.611674
16,32,3852,1,0.610981
16,32,3902,1,0.629433
16,32,3952,1,0.610647
16,32,4002,1,0.607543
16,32,4052,1,0.608483
16,32,4102,1,0.610050
16,32,4152,1,0.608729
16,32,4202,1,0.610071
16,32,4252,1,0.499818
16,32,4302,1,0.603724
16,32,4352,1,0.510684
16,32,4402,1,0.608753
16,32,4452,1,0.606592
16,32,4502,1,0.637645
16,32,4552,1,0.609656
16,32,4602,1,0.606579
16,32,4652,1,0.608532
16,32,4702,1,0.609222
16,32,4752,1,0.635711
16,32,4802,1,0.638761
16,32,4852,1,0.637140
16,32,4902,1,0.610052
16,32,4952,1,0.611051
16,37,2,1,1.245972
16,37,52,1,0.983176
16,37,102,1,0.951223
16,37,152,1,1.083082
16,37,202,1,0.923270
16,37,252,1,1.072530
16,37,302,1,1.079989
16,37,352,1,1.038674
16,37,402,1,0.733058
16,37,452,1,0.931593
16,37,502,1,0.628484
16,37,552,1,0.938264
16,37,602,1,0.777131
16,37,652,1,0.773177
16,37,702,1,0.927067
16,37,752,1,0.761529
16,37,802,1,0.931580
16,37,852,1,0.755905
16,37,902,1,0.765556
16,37,952,1,0.913423
16,37,1002,1,0.720704
16,37,1052,1,0.605903
16,37,1102,1,0.778250
16,37,1152,1,0.603059
16,37,1202,1,0.787639
16,37,1252,1,0.923695
16,37,1302,1,0.750606
16,37,1352,1,0.769170
16,37,1402,1,0.602944
16,37,1452,1,0.629632
16,37,1502,1,0.606283
16,37,1552,1,0.610141
16,37,1602,1,0.607399
16,37,1652,1,0.608979
16,37,1702,1,0.503370
16,37,1752,1,0.608665
16,37,1802,1,0.937790
16,37,1852,1,0.502069
16,37,1902,1,0.586854
16,37,1952,1,0.609407
16,37,2002,1,0.607433
16,37,2052,1,0.608995
16,37,2102,1,0.609935
16,37,2152,1,0.609845
16,37,2202,1,0.636033
16,37,2252,1,0.609843
16,37,2302,1,0.505464
16,37,2352,1,0.607378
16,37,2402,1,0.610198
16,37,2452,1,0.610941
16,37,2502,1,0.611538
16,37,2552,1,0.506014
16,37,2602,1,0.611072
16,37,2652,1,0.610432
16,37,2702,1,0.605116
16,37,2752,1,0.608476
16,37,2802,1,0.595851
16,37,2852,1,0.607697
16,37,2902,1,0.610653
16,37,2952,1,0.507675
16,37,3002,1,0.608669
16,37,3052,1,0.607439
16,37,3102,1,0.610265
16,37,3152,1,0.608050
16,37,3202,1,0.605321
16,37,3252,1,0.633390
16,37,3302,1,0.610500
16,37,3352,1,0.633025
16,37,3402,1,0.612154
16,37,3452,1,0.610016
16,37,3502,1,0.609453
16,37,3552,1,0.635838
16,37,3602,1,0.610992
16,37,3652,1,0.610795
16,37,3702,1,0.507602
16,37,3752,1,0.609135
16,37,3802,1,0.609248
16,37,3852,1,0.635961
16,37,3902,1,0.611897
16,37,3952,1,0.607044
16,37,4002,1,0.634854
16,37,4052,1,0.610786
16,37,4102,1,0.637719
16,37,4152,1,0.610288
16,37,4202,1,0.505694
16,37,4252,1,0.608523
16,37,4302,1,0.509033
16,37,4352,1,0.610923
16,37,4402,1,0.632169
16,37,4452,1,0.612043
16,37,4502,1,0.612606
16,37,4552,1,0.599516
16,37,4602,1,0.634585
16,37,4652,1,0.610798
16,37,4702,1,0.608026
16,37,4752,1,0.610701
16,37,4802,1,0.610072
16,37,4852,1,0.610447
16,37,4902,1,0.509540
16,37,4952,1,0.633185
16,42,2,1,1.251791
16,42,52,1,1.200668
16,42,102,1,1.065206
16,42,152,1,1.071319
16,42,202,1,0.922845
16,42,252,1,0.985132
16,42,302,1,1.072969
16,42,352,1,1.107868
16,42,402,1,0.822027
16,42,452,1,0.915983
16,42,502,1,0.789119
16,42,552,1,0.751544
16,42,602,1,1.086031
16,42,652,1,1.086101
16,42,702,1,0.629612
16,42,752,1,0.763610
16,42,802,1,0.819631
16,42,852,1,0.698165
16,42,902,1,0.711268
16,42,952,1,0.821512
16,42,1002,1,0.764758
16,42,1052,1,0.596800
16,42,1102,1,0.607801
16,42,1152,1,0.952039
16,42,1202,1,0.940542
16,42,1252,1,0.608458
16,42,1302,1,0.635593
16,42,1352,1,0.607260
16,42,1402,1,0.635142
16,42,1452,1,0.605560
16,42,1502,1,0.610356
16,42,1552,1,0.775603
16,42,1602,1,0.604897
16,42,1652,1,0.610692
16,42,1702,1,0.607739
16,42,1752,1,0.610433
16,42,1802,1,0.610528
16,42,1852,1,0.768711
16,42,1902,1,0.714611
16,42,1952,1,0.635123
16,42,2002,1,0.618707
16,42,2052,1,0.611146
16,42,2102,1,0.512017
16,42,2152,1,0.609997
16,42,2202,1,0.637601
16,42,2252,1,0.600488
16,42,2302,1,0.610860
16,42,2352,1,0.612668
16,42,2402,1,0.666142
16,42,2452,1,0.613521
16,42,2502,1,0.610547
16,42,2552,1,0.610670
16,42,2602,1,0.608411
16,42,2652,1,0.607899
16,42,2702,1,0.610521
16,42,2752,1,0.610101
16,42,2802,1,0.634359
16,42,2852,1,0.637659
16,42,2902,1,0.638970
16,42,2952,1,0.609097
16,42,3002,1,0.611527
16,42,3052,1,0.639309
16,42,3102,1,0.611253
16,42,3152,1,0.609967
16,42,3202,1,0.612168
16,42,3252,1,0.637275
16,42,3302,1,0.607888
16,42,3352,1,0.611373
16,42,3402,1,0.612104
16,42,3452,1,0.608365
16,42,3502,1,0.612195
16,42,3552,1,0.510171
16,42,3602,1,0.610375
16,42,3652,1,0.658008
16,42,3702,1,0.613137
16,42,3752,1,0.609581
16,42,3802,1,0.613036
16,42,3852,1,0.505797
16,42,3902,1,0.635105
16,42,3952,1,0.642277
16,42,4002,1,0.610936
16,42,4052,1,0.635991
16,42,4102,1,0.665327
16,42,4152,1,0.608613
16,42,4202,1,0.610889
16,42,4252,1,0.640660
16,42,4302,1,0.630295
16,42,4352,1,0.608885
16,42,4402,1,0.609493
16,42,4452,1,0.637250
16,42,4502,1,0.611551
16,42,4552,1,0.611353
16,42,4602,1,0.633893
16,42,4652,1,0.612507
16,42,4702,1,0.610398
16,42,4752,1,0.634232
16,42,4802,1,0.642052
16,42,4852,1,0.611133
16,42,4902,1,0.610212
16,42,4952,1,0.610577
16,47,2,1,1.258831
16,47,52,1,0.966809
16,47,102,1,1.108610
16,47,152,1,0.939057
16,47,202,1,1.072570
16,47,252,1,0.992987
16,47,302,1,0.871357
16,47,352,1,0.760656
16,47,402,1,0.996945
16,47,452,1,0.928547
16,47,502,1,0.929442
16,47,552,1,1.041698
16,47,602,1,0.763989
16,47,652,1,0.952762
16,47,702,1,0.741427
16,47,752,1,0.600300
16,47,802,1,0.606522
16,47,852,1,0.965575
16,47,902,1,0.958453
16,47,952,1,0.721258
16,47,1002,1,0.606228
16,47,1052,1,0.776918
16,47,1102,1,0.772668
16,47,1152,1,0.501561
16,47,1202,1,0.826575
16,47,1252,1,0.606357
16,47,1302,1,0.850037
16,47,1352,1,0.598799
16,47,1402,1,0.823272
16,47,1452,1,0.603245
16,47,1502,1,0.609957
16,47,1552,1,0.611210
16,47,1602,1,0.609337
16,47,1652,1,0.610172
16,47,1702,1,0.611670
16,47,1752,1,0.610927
16,47,1802,1,0.608292
16,47,1852,1,0.634806
16,47,1902,1,0.609685
16,47,1952,1,0.612427
16,47,2002,1,0.638991
16,47,2052,1,0.605583
16,47,2102,1,0.612124
16,47,2152,1,0.637193
16,47,2202,1,0.609844
16,47,2252,1,0.663380
16,47,2302,1,0.638745
16,47,2352,1,0.637164
16,47,2402,1,0.611795
16,47,2452,1,0.608804
16,47,2502,1,0.605715
16,47,2552,1,0.612251
16,47,2602,1,0.610038
16,47,2652,1,0.610451
16,47,2702,1,0.610821
16,47,2752,1,0.492934
16,47,2802,1,0.585993
16,47,2852,1,0.608027
16,47,2902,1,0.638195
16,47,2952,1,0.613693
16,47,3002,1,0.505826
16,47,3052,1,0.634993
16,47,3102,1,0.611291
16,47,3152,1,0.638298
16,47,3202,1,0.638477
16,47,3252,1,0.637645
16,47,3302,1,0.611611
16,47,3352,1,0.638405
16,47,3402,1,0.611755
16,47,3452,1,0.609043
16,47,3502,1,0.631062
16,47,3552,1,0.612034
16,47,3602,1,0.608923
16,47,3652,1,0.613158
16,47,3702,1,0.612443
16,47,3752,1,0.608648
16,47,3802,1,0.505700
16,47,3852,1,0.636986
16,47,3902,1,0.612835
16,47,3952,1,0.509785
16,47,4002,1,0.611497
16,47,4052,1,0.612263
16,47,4102,1,0.510011
16,47,4152,1,0.638835
16,47,4202,1,0.608957
16,47,4252,1,0.611783
16,47,4302,1,0.610923
16,47,4352,1,0.620027
16,47,4402,1,0.610825
16,47,4452,1,0.612083
16,47,4502,1,0.613100
16,47,4552,1,0.612576
16,47,4602,1,0.501042
16,47,4652,1,0.636976
16,47,4702,1,0.609816
16,47,4752,1,0.631456
16,47,4802,1,0.641208
16,47,4852,1,0.612541
16,47,4902,1,0.613706
16,47,4952,1,0.608245
16,52,2,1,1.098876
16,52,52,1,1.226131
16,52,102,1,1.049449
16,52,152,1,1.134121
16,52,202,1,0.919193
16,52,252,1,1.102300
16,52,302,1,0.947771
16,52,352,1,0.929526
16,52,402,1,0.955800
16,52,452,1,0.928957
16,52,502,1,0.942516
16,52,552,1,0.974854
16,52,602,1,0.773180
16,52,652,1,0.747618
16,52,702,1,1.003810
16,52,752,1,0.750622
16,52,802,1,0.930608
16,52,852,1,0.930266
16,52,902,1,0.603088
16,52,952,1,0.596592
16,52,1002,1,0.946439
16,52,1052,1,0.825870
16,52,1102,1,0.608740
16,52,1152,1,1.047450
16,52,1202,1,0.604899
16,52,1252,1,0.949234
16,52,1302,1,0.720091
16,52,1352,1,0.751887
16,52,1402,1,0.610913
16,52,1452,1,0.607908
16,52,1502,1,0.632252
16,52,1552,1,0.721242
16,52,1602,1,0.630106
16,52,1652,1,0.639850
16,52,1702,1,0.609956
16,52,1752,1,0.611637
16,52,1802,1,0.497186
16,52,1852,1,0.645486
16,52,1902,1,0.666391
16,52,1952,1,0.612175
16,52,2002,1,0.614039
16,52,2052,1,0.611704
16,52,2102,1,0.613699
16,52,2152,1,0.612027
16,52,2202,1,0.784932
16,52,2252,1,0.612423
16,52,2302,1,0.613028
16,52,2352,1,0.613860
16,52,2402,1,0.645190
16,52,2452,1,0.614907
16,52,2502,1,0.637128
16,52,2552,1,0.638960
16,52,2602,1,0.614548
16,52,2652,1,0.610381
16,52,2702,1,0.611997
16,52,2752,1,0.507323
16,52,2802,1,0.609613
16,52,2852,1,0.635952
16,52,2902,1,0.631799
16,52,2952,1,0.612641
16,52,3002,1,0.613201
16,52,3052,1,0.613429
16,52,3102,1,0.612529
16,52,3152,1,0.613158
16,52,3202,1,0.609447
16,52,3252,1,0.603553
16,52,3302,1,0.608058
16,52,3352,1,0.609765
16,52,3402,1,0.613842
16,52,3452,1,0.612379
16,52,3502,1,0.607893
16,52,3552,1,0.611321
16,52,3602,1,0.613974
16,52,3652,1,0.612676
16,52,3702,1,0.639209
16,52,3752,1,0.639444
16,52,3802,1,0.640710
16,52,3852,1,0.612682
16,52,3902,1,0.609474
16,52,3952,1,0.608958
16,52,4002,1,0.605074
16,52,4052,1,0.608725
16,52,4102,1,0.614755
16,52,4152,1,0.501848
16,52,4202,1,0.611198
16,52,4252,1,0.611016
16,52,4302,1,0.638344
16,52,4352,1,0.613101
16,52,4402,1,0.510503
16,52,4452,1,0.636076
16,52,4502,1,0.542862
16,52,4552,1,0.610527
16,52,4602,1,0.639153
16,52,4652,1,0.612579
16,52,4702,1,0.610054
16,52,4752,1,0.508352
16,52,4802,1,0.610057
16,52,4852,1,0.614134
16,52,4902,1,0.612254
16,52,4952,1,0.612065
16,57,2,1,1.256969
16,57,52,1,1.292331
16,57,102,1,0.936924
16,57,152,1,1.085591
16,57,202,1,0.904894
16,57,252,1,0.944954
16,57,302,1,0.940275
16,57,352,1,0.751120
16,57,402,1,0.949266
16,57,452,1,0.920106
16,57,502,1,0.780780
16,57,552,1,0.981930
16,57,602,1,1.134173
16,57,652,1,0.930931
16,57,702,1,0.739249
16,57,752,1,0.921835
16,57,802,1,0.918272
16,57,852,1,0.946659
16,57,902,1,0.822504
16,57,952,1,0.929076
16,57,1002,1,0.411836
16,57,1052,1,0.776514
16,57,1102,1,0.490951
16,57,1152,1,0.780972
16,57,1202,1,0.776883
16,57,1252,1,0.461130
16,57,1302,1,0.737796
16,57,1352,1,0.460587
16,57,1402,1,0.487113
16,57,1452,1,0.462095
16,57,1502,1,0.714647
16,57,1552,1,0.391363
16,57,1602,1,0.395087
16,57,1652,1,0.375749
16,57,1702,1,0.373506
16,57,1752,1,1.089356
16,57,1802,1,0.374697
16,57,1852,1,0.373364
16,57,1902,1,0.369683
16,57,1952,1,0.394236
16,57,2002,1,0.320347
16,57,2052,1,0.374063
16,57,2102,1,0.426091
16,57,2152,1,0.377164
16,57,2202,1,0.320457
16,57,2252,1,0.374074
16,57,2302,1,0.322081
16,57,2352,1,0.426282
16,57,2402,1,0.373601
16,57,2452,1,0.396494
16,57,2502,1,0.322485
16,57,2552,1,0.386239
16,57,2602,1,0.346887
16,57,2652,1,0.353471
16,57,2702,1,0.366545
16,57,2752,1,0.374134
16,57,2802,1,0.382225
16,57,2852,1,0.398739
16,57,2902,1,0.271839
16,57,2952,1,0.319075
16,57,3002,1,0.397890
16,57,3052,1,0.316331
16,57,3102,1,0.372658
16,57,3152,1,0.397563
16,57,3202,1,0.397244
16,57,3252,1,0.401700
16,57,3302,1,0.403103
16,57,3352,1,0.319847
16,57,3402,1,0.376042
16,57,3452,1,0.318086
16,57,3502,1,0.320417
16,57,3552,1,0.423589
16,57,3602,1,0.351662
16,57,3652,1,0.395806
16,57,3702,1,0.374366
16,57,3752,1,0.320094
16,57,3802,1,0.373822
16,57,3852,1,0.405260
16,57,3902,1,0.400574
16,57,3952,1,0.375875
16,57,4002,1,0.318262
16,57,4052,1,0.372942
16,57,4102,1,0.445228
16,57,4152,1,0.374642
16,57,4202,1,0.320289
16,57,4252,1,0.323094
16,57,4302,1,0.395294
16,57,4352,1,0.402772
16,57,4402,1,0.416250
16,57,4452,1,0.398613
16,57,4502,1,0.354689
16,57,4552,1,0.342964
16,57,4602,1,0.374152
16,57,4652,1,0.319264
16,57,4702,1,0.348725
16,57,4752,1,0.396840
16,57,4802,1,0.319238
16,57,4852,1,0.321864
16,57,4902,1,0.426351
16,57,4952,1,0.400078
16,62,2,1,1.267459
16,62,52,1,1.239391
16,62,102,1,1.104031
16,62,152,1,1.036234
16,62,202,1,0.935036
16,62,252,1,1.043077
16,62,302,1,0.916898
16,62,352,1,0.928237
16,62,402,1,1.003751
16,62,452,1,1.070634
16,62,502,1,0.770777
16,62,552,1,1.109309
16,62,602,1,0.761854
16,62,652,1,0.763734
16,62,702,1,0.713623
16,62,752,1,0.958089
16,62,802,1,0.772002
16,62,852,1,0.509875
16,62,902,1,0.769657
16,62,952,1,0.485502
16,62,1002,1,1.084161
16,62,1052,1,0.960729
16,62,1102,1,0.391948
16,62,1152,1,0.493143
16,62,1202,1,0.775646
16,62,1252,1,0.460098
16,62,1302,1,0.360274
16,62,1352,1,0.373573
16,62,1402,1,0.395826
16,62,1452,1,0.317917
16,62,1502,1,0.755266
16,62,1552,1,0.372205
16,62,1602,1,0.320983
16,62,1652,1,0.398980
16,62,1702,1,0.319856
16,62,1752,1,0.374877
16,62,1802,1,0.427715
16,62,1852,1,0.320329
16,62,1902,1,0.376201
16,62,1952,1,0.381213
16,62,2002,1,0.317108
16,62,2052,1,0.340959
16,62,2102,1,0.374585
16,62,2152,1,0.396004
16,62,2202,1,0.369621
16,62,2252,1,0.373806
16,62,2302,1,0.376577
16,62,2352,1,0.373724
16,62,2402,1,0.376039
16,62,2452,1,0.374859
16,62,2502,1,0.427440
16,62,2552,1,0.323996
16,62,2602,1,0.372060
16,62,2652,1,0.401684
16,62,2702,1,0.422561
16,62,2752,1,0.420698
16,62,2802,1,0.357612
16,62,2852,1,0.376648
16,62,2902,1,0.388239
16,62,2952,1,0.400456
16,62,3002,1,0.427214
16,62,3052,1,0.321340
16,62,3102,1,0.430521
16,62,3152,1,0.350250
16,62,3202,1,0.397165
16,62,3252,1,0.320141
16,62,3302,1,0.375888
16,62,3352,1,0.397671
16,62,3402,1,0.374665
16,62,3452,1,0.375500
16,62,3502,1,0.408572
16,62,3552,1,0.404169
16,62,3602,1,0.321098
16,62,3652,1,0.379309
16,62,3702,1,0.321759
16,62,3752,1,0.323502
16,62,3802,1,0.321189
16,62,3852,1,0.365826
16,62,3902,1,0.323576
16,62,3952,1,0.378163
16,62,4002,1,0.376765
16,62,4052,1,0.420542
16,62,4102,1,0.358762
16,62,4152,1,0.402671
16,62,4202,1,0.373266
16,62,4252,1,0.317980
16,62,4302,1,0.394842
16,62,4352,1,0.128237
16,62,4402,1,0.324085
16,62,4452,1,0.374757
16,62,4502,1,0.374861
16,62,4552,1,0.415995
16,62,4602,1,0.376882
16,62,4652,1,0.422379
16,62,4702,1,0.447822
16,62,4752,1,0.322765
16,62,4802,1,0.321844
16,62,4852,1,0.374480
16,62,4902,1,0.373713
16,62,4952,1,0.323051
16,67,2,1,1.280383
16,67,52,1,1.134806
16,67,102,1,0.953873
16,67,152,1,1.267579
16,67,202,1,0.771344
16,67,252,1,1.146847
16,67,302,1,0.931685
16,67,352,1,0.929309
16,67,402,1,1.007050
16,67,452,1,0.776205
16,67,502,1,0.919493
16,67,552,1,0.822365
16,67,602,1,0.845744
16,67,652,1,0.757566
16,67,702,1,0.956234
16,67,752,1,0.848799
16,67,802,1,0.749849
16,67,852,1,0.721615
16,67,902,1,0.783936
16,67,952,1,0.483494
16,67,1002,1,0.458828
16,67,1052,1,0.782057
16,67,1102,1,0.774145
16,67,1152,1,0.326728
16,67,1202,1,0.338344
16,67,1252,1,1.073729
16,67,1302,1,0.358492
16,67,1352,1,0.494401
16,67,1402,1,0.397794
16,67,1452,1,0.401431
16,67,1502,1,0.376677
16,67,1552,1,0.384349
16,67,1602,1,0.367141
16,67,1652,1,0.493162
16,67,1702,1,0.338698
16,67,1752,1,0.331031
16,67,1802,1,0.752440
16,67,1852,1,0.381371
16,67,1902,1,0.367906
16,67,1952,1,0.389923
16,67,2002,1,0.779648
16,67,2052,1,0.375188
16,67,2102,1,0.372893
16,67,2152,1,0.345805
16,67,2202,1,0.348691
16,67,2252,1,0.391579
16,67,2302,1,0.346858
16,67,2352,1,0.358296
16,67,2402,1,0.322693
16,67,2452,1,0.401540
16,67,2502,1,0.372502
16,67,2552,1,0.355756
16,67,2602,1,0.308954
16,67,2652,1,0.352452
16,67,2702,1,0.384318
16,67,2752,1,0.370723
16,67,2802,1,0.377705
16,67,2852,1,0.330988
16,67,2902,1,0.367462
16,67,2952,1,0.375071
16,67,3002,1,0.379849
16,67,3052,1,0.372607
16,67,3102,1,0.402476
16,67,3152,1,0.328233
16,67,3202,1,0.358739
16,67,3252,1,0.382820
16,67,3302,1,0.271173
16,67,3352,1,0.283084
16,67,3402,1,0.371607
16,67,3452,1,0.320876
16,67,3502,1,0.301248
16,67,3552,1,0.282704
16,67,3602,1,0.310600
16,67,3652,1,0.368338
16,67,3702,1,0.333161
16,67,3752,1,0.317041
16,67,3802,1,0.281331
16,67,3852,1,0.283877
16,67,3902,1,0.430296
16,67,3952,1,0.313969
16,67,4002,1,0.388338
16,67,4052,1,0.328977
16,67,4102,1,0.397804
16,67,4152,1,0.400903
16,67,4202,1,0.347797
16,67,4252,1,0.306508
16,67,4302,1,0.368816
16,67,4352,1,0.398340
16,67,4402,1,0.359052
16,67,4452,1,0.375243
16,67,4502,1,0.345309
16,67,4552,1,0.308539
16,67,4602,1,0.363190
16,67,4652,1,0.386562
16,67,4702,1,0.404081
16,67,4752,1,0.282607
16,67,4802,1,0.396025
16,67,4852,1,0.346877
16,67,4902,1,0.390506
16,67,4952,1,0.355638
16,72,2,1,1.351730
16,72,52,1,1.031799
16,72,102,1,0.942663
16,72,152,1,1.192821
16,72,202,1,1.126223
16,72,252,1,0.941190
16,72,302,1,0.818247
16,72,352,1,0.816295
16,72,402,1,0.816190
16,72,452,1,0.930271
16,72,502,1,0.966225
16,72,552,1,1.031254
16,72,602,1,0.930772
16,72,652,1,0.810137
16,72,702,1,0.761473
16,72,752,1,0.751717
16,72,802,1,0.957380
16,72,852,1,0.822536
16,72,902,1,1.006896
16,72,952,1,0.714219
16,72,1002,1,0.780434
16,72,1052,1,0.357204
16,72,1102,1,0.463391
16,72,1152,1,0.798330
16,72,1202,1,0.846424
16,72,1252,1,0.805484
16,72,1302,1,0.793204
16,72,1352,1,0.340421
16,72,1402,1,0.779496
16,72,1452,1,0.816639
16,72,1502,1,0.757385
16,72,1552,1,0.782603
16,72,1602,1,0.380131
16,72,1652,1,0.789996
16,72,1702,1,0.768284
16,72,1752,1,0.714967
16,72,1802,1,0.386705
16,72,1852,1,0.328442
16,72,1902,1,0.332346
16,72,1952,1,0.316177
16,72,2002,1,0.366783
16,72,2052,1,0.301053
16,72,2102,1,0.402524
16,72,2152,1,0.348805
16,72,2202,1,0.358296
16,72,2252,1,0.357278
16,72,2302,1,0.344310
16,72,2352,1,0.347938
16,72,2402,1,0.348386
16,72,2452,1,0.351365
16,72,2502,1,0.307281
16,72,2552,1,0.376380
16,72,2602,1,0.302003
16,72,2652,1,0.372452
16,72,2702,1,0.301089
16,72,2752,1,0.283194
16,72,2802,1,0.387856
16,72,2852,1,0.361647
16,72,2902,1,0.387400
16,72,2952,1,0.330532
16,72,3002,1,0.308525
16,72,3052,1,0.311559
16,72,3102,1,0.375150
16,72,3152,1,0.349828
16,72,3202,1,0.309178
16,72,3252,1,0.372821
16,72,3302,1,0.382482
16,72,3352,1,0.401657
16,72,3402,1,0.283176
16,72,3452,1,0.353292
16,72,3502,1,0.243487
16,72,3552,1,0.395664
16,72,3602,1,0.338030
16,72,3652,1,0.413730
16,72,3702,1,0.342026
16,72,3752,1,0.338072
16,72,3802,1,0.291899
16,72,3852,1,0.377571
16,72,3902,1,0.358260
16,72,3952,1,0.283207
16,72,4002,1,0.373439
16,72,4052,1,0.279548
16,72,4102,1,0.329938
16,72,4152,1,0.282243
16,72,4202,1,0.282956
16,72,4252,1,0.360367
16,72,4302,1,0.310075
16,72,4352,1,0.351953
16,72,4402,1,0.363282
16,72,4452,1,0.304642
16,72,4502,1,0.398707
16,72,4552,1,0.300290
16,72,4602,1,0.310379
16,72,4652,1,0.370476
16,72,4702,1,0.392589
16,72,4752,1,0.332036
16,72,4802,1,0.345335
16,72,4852,1,0.362324
16,72,4902,1,0.366680
16,72,4952,1,0.399109
16,77,2,1,1.281149
16,77,52,1,0.802325
16,77,102,1,1.049069
16,77,152,1,1.079798
16,77,202,1,0.944737
16,77,252,1,0.943393
16,77,302,1,0.770790
16,77,352,1,0.765653
16,77,402,1,0.765600
16,77,452,1,0.916424
16,77,502,1,0.776160
16,77,552,1,0.777787
16,77,602,1,0.933614
16,77,652,1,0.776380
16,77,702,1,1.134768
16,77,752,1,0.771797
16,77,802,1,0.821437
16,77,852,1,0.950946
16,77,902,1,0.340285
16,77,952,1,0.775352
16,77,1002,1,0.931190
16,77,1052,1,0.820436
16,77,1102,1,0.344759
16,77,1152,1,0.772079
16,77,1202,1,0.771420
16,77,1252,1,0.967507
16,77,1302,1,0.821968
16,77,1352,1,0.709422
16,77,1402,1,0.296664
16,77,1452,1,0.748360
16,77,1502,1,0.938561
16,77,1552,1,0.784478
16,77,1602,1,0.773298
16,77,1652,1,0.158306
16,77,1702,1,0.285133
16,77,1752,1,0.351103
16,77,1802,1,0.328957
16,77,1852,1,0.491345
16,77,1902,1,0.373776
16,77,1952,1,0.311215
16,77,2002,1,0.224365
16,77,2052,1,0.284761
16,77,2102,1,0.303748
16,77,2152,1,0.238581
16,77,2202,1,0.293423
16,77,2252,1,0.261166
16,77,2302,1,0.174375
16,77,2352,1,0.164244
16,77,2402,1,0.197769
16,77,2452,1,0.337935
16,77,2502,1,0.260343
16,77,2552,1,0.151319
16,77,2602,1,0.127694
16,77,2652,1,0.082347
16,77,2702,1,0.237842
16,77,2752,1,0.155084
16,77,2802,1,0.300038
16,77,2852,1,0.155180
16,77,2902,1,0.090741
16,77,2952,1,0.224976
16,77,3002,1,0.195906
16,77,3052,1,0.077924
16,77,3102,1,0.177362
16,77,3152,1,0.262318
16,77,3202,1,0.213746
16,77,3252,1,0.267865
16,77,3302,1,0.198257
16,77,3352,1,0.163077
16,77,3402,1,0.259070
16,77,3452,1,0.104908
16,77,3502,1,0.181419
16,77,3552,1,0.299724
16,77,3602,1,0.209594
16,77,3652,1,0.321582
16,77,3702,1,0.217810
16,77,3752,1,0.241110
16,77,3802,1,0.165534
16,77,3852,1,0.156672
16,77,3902,1,0.155242
16,77,3952,1,0.290347
16,77,4002,1,0.267297
16,77,4052,1,0.293463
16,77,4102,1,0.181425
16,77,4152,1,0.138759
16,77,4202,1,0.295402
16,77,4252,1,0.269291
16,77,4302,1,0.267907
16,77,4352,1,0.151671
16,77,4402,1,0.161053
16,77,4452,1,0.200225
16,77,4502,1,0.277297
16,77,4552,1,0.276074
16,77,4602,1,0.166011
16,77,4652,1,0.282200
16,77,4702,1,0.180422
16,77,4752,1,0.300687
16,77,4802,1,0.174468
16,77,4852,1,0.234451
16,77,4902,1,0.269422
16,77,4952,1,0.261920
16,82,2,1,1.288109
16,82,52,1,0.944900
16,82,102,1,1.080040
16,82,152,1,1.272761
16,82,202,1,0.917480
16,82,252,1,0.928234
16,82,302,1,0.919909
16,82,352,1,0.760092
16,82,402,1,0.817508
16,82,452,1,0.928417
16,82,502,1,1.004261
16,82,552,1,0.737464
16,82,602,1,0.955724
16,82,652,1,1.114300
16,82,702,1,0.763511
16,82,752,1,0.948548
16,82,802,1,0.462674
16,82,852,1,0.370535
16,82,902,1,0.822613
16,82,952,1,0.918643
16,82,1002,1,0.679677
16,82,1052,1,0.770059
16,82,1102,1,0.345789
16,82,1152,1,0.464062
16,82,1202,1,0.138419
16,82,1252,1,0.464349
16,82,1302,1,0.367814
16,82,1352,1,0.493647
16,82,1402,1,0.463426
16,82,1452,1,0.356016
16,82,1502,1,0.464226
16,82,1552,1,0.962315
16,82,1602,1,0.490084
16,82,1652,1,0.291942
16,82,1702,1,0.148614
16,82,1752,1,0.275869
16,82,1802,1,0.176938
16,82,1852,1,0.299171
16,82,1902,1,0.151972
16,82,1952,1,0.110484
16,82,2002,1,0.199142
16,82,2052,1,0.494753
16,82,2102,1,0.296293
16,82,2152,1,0.250993
16,82,2202,1,0.377191
16,82,2252,1,0.332904
16,82,2302,1,0.307822
16,82,2352,1,0.316542
16,82,2402,1,0.301271
16,82,2452,1,0.170405
16,82,2502,1,0.294402
16,82,2552,1,0.324999
16,82,2602,1,0.369879
16,82,2652,1,0.226887
16,82,2702,1,0.175065
16,82,2752,1,0.315614
16,82,2802,1,0.314037
16,82,2852,1,0.130252
16,82,2902,1,0.393907
16,82,2952,1,0.322115
16,82,3002,1,0.150862
16,82,3052,1,0.364137
16,82,3102,1,0.150472
16,82,3152,1,0.333685
16,82,3202,1,0.216935
16,82,3252,1,0.139669
16,82,3302,1,0.237054
16,82,3352,1,0.206142
16,82,3402,1,0.210836
16,82,3452,1,0.130001
16,82,3502,1,0.118424
16,82,3552,1,0.191430
16,82,3602,1,0.073328
16,82,3652,1,0.171879
16,82,3702,1,0.236747
16,82,3752,1,0.324365
16,82,3802,1,0.284887
16,82,3852,1,0.127486
16,82,3902,1,0.291965
16,82,3952,1,0.338612
16,82,4002,1,0.296386
16,82,4052,1,0.180219
16,82,4102,1,0.112799
16,82,4152,1,0.318031
16,82,4202,1,0.214474
16,82,4252,1,0.165949
16,82,4302,1,0.197103
16,82,4352,1,0.328981
16,82,4402,1,0.389896
16,82,4452,1,0.319954
16,82,4502,1,0.366070
16,82,4552,1,0.297593
16,82,4602,1,0.207825
16,82,4652,1,0.364276
16,82,4702,1,0.214100
16,82,4752,1,0.415367
16,82,4802,1,0.210087
16,82,4852,1,0.213391
16,82,4902,1,0.144258
16,82,4952,1,0.122668
16,87,2,1,1.267288
16,87,52,1,0.946298
16,87,102,1,0.944361
16,87,152,1,0.929234
16,87,202,1,0.989669
16,87,252,1,0.755343
16,87,302,1,0.754640
16,87,352,1,0.997790
16,87,402,1,0.778021
16,87,452,1,0.961797
16,87,502,1,0.945246
16,87,552,1,1.139493
16,87,602,1,0.927636
16,87,652,1,0.461850
16,87,702,1,0.777869
16,87,752,1,0.966828
16,87,802,1,0.928312
16,87,852,1,0.686874
16,87,902,1,0.736804
16,87,952,1,0.769210
16,87,1002,1,0.485908
16,87,1052,1,0.460697
16,87,1102,1,0.326683
16,87,1152,1,0.787884
16,87,1202,1,0.250164
16,87,1252,1,0.364837
16,87,1302,1,0.820391
16,87,1352,1,0.341718
16,87,1402,1,0.487532
16,87,1452,1,0.777653
16,87,1502,1,0.365366
16,87,1552,1,0.291231
16,87,1602,1,0.486584
16,87,1652,1,0.339021
16,87,1702,1,0.298685
16,87,1752,1,0.470078
16,87,1802,1,0.387814
16,87,1852,1,0.297422
16,87,1902,1,0.249535
16,87,1952,1,0.288941
16,87,2002,1,0.204644
16,87,2052,1,0.143976
16,87,2102,1,0.349290
16,87,2152,1,0.215748
16,87,2202,1,0.162471
16,87,2252,1,0.424685
16,87,2302,1,0.164330
16,87,2352,1,0.325443
16,87,2402,1,0.284425
16,87,2452,1,0.351334
16,87,2502,1,0.401431
16,87,2552,1,0.164073
16,87,2602,1,0.129647
16,87,2652,1,0.380167
16,87,2702,1,0.092081
16,87,2752,1,0.339627
16,87,2802,1,0.129151
16,87,2852,1,0.233820
16,87,2902,1,0.293585
16,87,2952,1,0.188568
16,87,3002,1,0.117844
16,87,3052,1,0.362666
16,87,3102,1,0.163657
16,87,3152,1,0.179628
16,87,3202,1,0.150639
16,87,3252,1,0.205524
16,87,3302,1,0.185691
16,87,3352,1,0.115021
16,87,3402,1,0.366936
16,87,3452,1,0.194543
16,87,3502,1,0.156458
16,87,3552,1,0.220508
16,87,3602,1,0.172440
16,87,3652,1,0.371383
16,87,3702,1,0.357782
16,87,3752,1,0.173628
16,87,3802,1,0.312285
16,87,3852,1,0.336739
16,87,3902,1,0.197076
16,87,3952,1,0.175799
16,87,4002,1,0.176647
16,87,4052,1,0.170749
16,87,4102,1,0.323913
16,87,4152,1,0.329160
16,87,4202,1,0.166618
16,87,4252,1,0.292029
16,87,4302,1,0.362040
16,87,4352,1,0.149790
16,87,4402,1,0.190743
16,87,4452,1,0.218418
16,87,4502,1,0.222474
16,87,4552,1,0.077889
16,87,4602,1,0.332993
16,87,4652,1,0.162049
16,87,4702,1,0.235762
16,87,4752,1,0.199064
16,87,4802,1,0.138983
16,87,4852,1,0.151425
16,87,4902,1,0.222189
16,87,4952,1,0.268771
16,92,2,1,1.293671
16,92,52,1,1.055798
16,92,102,1,1.286130
16,92,152,1,0.980777
16,92,202,1,1.235171
16,92,252,1,1.084094
16,92,302,1,0.938665
16,92,352,1,0.955152
16,92,402,1,0.593307
16,92,452,1,0.778010
16,92,502,1,0.764214
16,92,552,1,0.926975
16,92,602,1,0.462969
16,92,652,1,1.025849
16,92,702,1,0.769752
16,92,752,1,0.926954
16,92,802,1,0.849487
16,92,852,1,0.457875
16,92,902,1,0.460306
16,92,952,1,0.383261
16,92,1002,1,0.958135
16,92,1052,1,1.031468
16,92,1102,1,0.825145
16,92,1152,1,0.847245
16,92,1202,1,0.363456
16,92,1252,1,0.464277
16,92,1302,1,0.824328
16,92,1352,1,0.354177
16,92,1402,1,0.321846
16,92,1452,1,0.369623
16,92,1502,1,0.329012
16,92,1552,1,0.492205
16,92,1602,1,0.738951
16,92,1652,1,0.312335
16,92,1702,1,0.288369
16,92,1752,1,0.462720
16,92,1802,1,0.254701
16,92,1852,1,0.462449
16,92,1902,1,0.330031
16,92,1952,1,0.197143
16,92,2002,1,0.290065
16,92,2052,1,0.733132
16,92,2102,1,0.331799
16,92,2152,1,0.254359
16,92,2202,1,0.341627
16,92,2252,1,0.373719
16,92,2302,1,0.286270
16,92,2352,1,0.198672
16,92,2402,1,0.226683
16,92,2452,1,0.346242
16,92,2502,1,0.153532
16,92,2552,1,0.319567
16,92,2602,1,0.173909
16,92,2652,1,0.300843
16,92,2702,1,0.296360
16,92,2752,1,0.175644
16,92,2802,1,0.331722
16,92,2852,1,0.183417
16,92,2902,1,0.281469
16,92,2952,1,0.143845
16,92,3002,1,0.215546
16,92,3052,1,0.317431
16,92,3102,1,0.338845
16,92,3152,1,0.189788
16,92,3202,1,0.188654
16,92,3252,1,0.190563
16,92,3302,1,0.285810
16,92,3352,1,0.310030
16,92,3402,1,0.211010
16,92,3452,1,0.341775
16,92,3502,1,0.319750
16,92,3552,1,0.224984
16,92,3602,1,0.296282
16,92,3652,1,0.168328
16,92,3702,1,0.172333
16,92,3752,1,0.323998
16,92,3802,1,0.213348
16,92,3852,1,0.294000
16,92,3902,1,0.179573
16,92,3952,1,0.159338
16,92,4002,1,0.171331
16,92,4052,1,0.210011
16,92,4102,1,0.158224
16,92,4152,1,0.253085
16,92,4202,1,0.156027
16,92,4252,1,0.148348
16,92,4302,1,0.176700
16,92,4352,1,0.318240
16,92,4402,1,0.193661
16,92,4452,1,0.223793
16,92,4502,1,0.162266
16,92,4552,1,0.303798
16,92,4602,1,0.194326
16,92,4652,1,0.315966
16,92,4702,1,0.187643
16,92,4752,1,0.296743
16,92,4802,1,0.156382
16,92,4852,1,0.373710
16,92,4902,1,0.305128
16,92,4952,1,0.428009
16,97,2,1,1.314158
16,97,52,1,1.228536
16,97,102,1,1.110027
16,97,152,1,0.942071
16,97,202,1,1.111563
16,97,252,1,0.941783
16,97,302,1,0.973266
16,97,352,1,1.111099
16,97,402,1,1.020811
16,97,452,1,0.944822
16,97,502,1,0.461383
16,97,552,1,0.782916
16,97,602,1,0.947250
16,97,652,1,0.769617
16,97,702,1,0.716965
16,97,752,1,0.967652
16,97,802,1,0.936871
16,97,852,1,0.849527
16,97,902,1,0.927413
16,97,952,1,0.673079
16,97,1002,1,0.721098
16,97,1052,1,0.489428
16,97,1102,1,0.463263
16,97,1152,1,0.962134
16,97,1202,1,0.358141
16,97,1252,1,0.788615
16,97,1302,1,0.770667
16,97,1352,1,0.778124
16,97,1402,1,0.929860
16,97,1452,1,0.768121
16,97,1502,1,0.930993
16,97,1552,1,0.764388
16,97,1602,1,0.164740
16,97,1652,1,0.808516
16,97,1702,1,0.460539
16,97,1752,1,0.252235
16,97,1802,1,0.208286
16,97,1852,1,0.308352
16,97,1902,1,0.742008
16,97,1952,1,0.262651
16,97,2002,1,0.252054
16,97,2052,1,0.198188
16,97,2102,1,0.140754
16,97,2152,1,0.373697
16,97,2202,1,0.131163
16,97,2252,1,0.161531
16,97,2302,1,0.159797
16,97,2352,1,0.167830
16,97,2402,1,0.123152
16,97,2452,1,0.136021
16,97,2502,1,0.153246
16,97,2552,1,0.321569
16,97,2602,1,0.188614
16,97,2652,1,0.112432
16,97,2702,1,0.215674
16,97,2752,1,0.207342
16,97,2802,1,0.317214
16,97,2852,1,0.140934
16,97,2902,1,0.174240
16,97,2952,1,0.115174
16,97,3002,1,0.165331
16,97,3052,1,0.245611
16,97,3102,1,0.148724
16,97,3152,1,0.142535
16,97,3202,1,0.163023
16,97,3252,1,0.093411
16,97,3302,1,0.308215
16,97,3352,1,0.127195
16,97,3402,1,0.170059
16,97,3452,1,0.180148
16,97,3502,1,0.335727
16,97,3552,1,0.207450
16,97,3602,1,0.191849
16,97,3652,1,0.155262
16,97,3702,1,0.294369
16,97,3752,1,0.169612
16,97,3802,1,0.295923
16,97,3852,1,0.253144
16,97,3902,1,0.205655
16,97,3952,1,0.147643
16,97,4002,1,0.211499
16,97,4052,1,0.291755
16,97,4102,1,0.311008
16,97,4152,1,0.191135
16,97,4202,1,0.175438
16,97,4252,1,0.338418
16,97,4302,1,0.145439
16,97,4352,1,0.213917
16,97,4402,1,0.357309
16,97,4452,1,0.166750
16,97,4502,1,0.347160
16,97,4552,1,0.157556
16,97,4602,1,0.142399
16,97,4652,1,0.225932
16,97,4702,1,0.144084
16,97,4752,1,0.180228
16,97,4802,1,0.222919
16,97,4852,1,0.302037
16,97,4902,1,0.322033
16,97,4952,1,0.247248
16,102,2,1,1.296462
16,102,52,1,0.967105
16,102,102,1,1.039754
16,102,152,1,0.988265
16,102,202,1,0.937221
16,102,252,1,0.717519
16,102,302,1,0.737227
16,102,352,1,0.960832
16,102,402,1,0.994164
16,102,452,1,0.780547
16,102,502,1,0.956486
16,102,552,1,0.930437
16,102,602,1,1.038593
16,102,652,1,0.918250
16,102,702,1,0.769024
16,102,752,1,0.770740
16,102,802,1,0.508985
16,102,852,1,0.960737
16,102,902,1,0.784483
16,102,952,1,0.939806
16,102,1002,1,0.126878
16,102,1052,1,0.879806
16,102,1102,1,0.512567
16,102,1152,1,0.765533
16,102,1202,1,0.460969
16,102,1252,1,0.306842
16,102,1302,1,0.781541
16,102,1352,1,0.463773
16,102,1402,1,0.290665
16,102,1452,1,0.368989
16,102,1502,1,0.463882
16,102,1552,1,0.463146
16,102,1602,1,0.782445
16,102,1652,1,0.286687
16,102,1702,1,0.375773
16,102,1752,1,0.269541
16,102,1802,1,0.160309
16,102,1852,1,0.276479
16,102,1902,1,0.462049
16,102,1952,1,0.176840
16,102,2002,1,0.407557
16,102,2052,1,0.123456
16,102,2102,1,0.329331
16,102,2152,1,0.340235
16,102,2202,1,0.173515
16,102,2252,1,0.169220
16,102,2302,1,0.332568
16,102,2352,1,0.312825
16,102,2402,1,0.365515
16,102,2452,1,0.304526
16,102,2502,1,0.306345
16,102,2552,1,0.299403
16,102,2602,1,0.235109
16,102,2652,1,0.312409
16,102,2702,1,0.135117
16,102,2752,1,0.243411
16,102,2802,1,0.200050
16,102,2852,1,0.121968
16,102,2902,1,0.293329
16,102,2952,1,0.200916
16,102,3002,1,0.225081
16,102,3052,1,0.152724
16,102,3102,1,0.292743
16,102,3152,1,0.129855
16,102,3202,1,0.127408
16,102,3252,1,0.310960
16,102,3302,1,0.299914
16,102,3352,1,0.222252
16,102,3402,1,0.198387
16,102,3452,1,0.292904
16,102,3502,1,0.111337
16,102,3552,1,0.207304
16,102,3602,1,0.314059
16,102,3652,1,0.157826
16,102,3702,1,0.124769
16,102,3752,1,0.163299
16,102,3802,1,0.291071
16,102,3852,1,0.231501
16,102,3902,1,0.190760
16,102,3952,1,0.251367
16,102,4002,1,0.207026
16,102,4052,1,0.159065
16,102,4102,1,0.338861
16,102,4152,1,0.224161
16,102,4202,1,0.353109
16,102,4252,1,0.333687
16,102,4302,1,0.315069
16,102,4352,1,0.191607
16,102,4402,1,0.309140
16,102,4452,1,0.174132
16,102,4502,1,0.315489
16,102,4552,1,0.210366
16,102,4602,1,0.147558
16,102,4652,1,0.305134
16,102,4702,1,0.350137
16,102,4752,1,0.171643
16,102,4802,1,0.294740
16,102,4852,1,0.162369
16,102,4902,1,0.363321
16,102,4952,1,0.334104
16,107,2,1,1.284558
16,107,52,1,1.292754
16,107,102,1,0.940756
16,107,152,1,1.113582
16,107,202,1,0.990039
16,107,252,1,0.913280
16,107,302,1,0.458365
16,107,352,1,0.959397
16,107,402,1,0.927111
16,107,452,1,0.684800
16,107,502,1,0.946430
16,107,552,1,1.020189
16,107,602,1,0.718000
16,107,652,1,1.098078
16,107,702,1,0.911429
16,107,752,1,0.969886
16,107,802,1,0.775801
16,107,852,1,1.058488
16,107,902,1,0.848677
16,107,952,1,0.714331
16,107,1002,1,0.381011
16,107,1052,1,0.461066
16,107,1102,1,0.843807
16,107,1152,1,0.821006
16,107,1202,1,0.460665
16,107,1252,1,0.948288
16,107,1302,1,0.332537
16,107,1352,1,0.969627
16,107,1402,1,0.113829
16,107,1452,1,0.319070
16,107,1502,1,0.955439
16,107,1552,1,0.291119
16,107,1602,1,1.077984
16,107,1652,1,0.328936
16,107,1702,1,0.309123
16,107,1752,1,0.794752
16,107,1802,1,0.229184
16,107,1852,1,0.250939
16,107,1902,1,0.284088
16,107,1952,1,0.464438
16,107,2002,1,0.344087
16,107,2052,1,0.159342
16,107,2102,1,0.148300
16,107,2152,1,0.127322
16,107,2202,1,0.123978
16,107,2252,1,0.136970
16,107,2302,1,0.286502
16,107,2352,1,0.160542
16,107,2402,1,0.304515
16,107,2452,1,0.228741
16,107,2502,1,0.120676
16,107,2552,1,0.288812
16,107,2602,1,0.291153
16,107,2652,1,0.136109
16,107,2702,1,0.165904
16,107,2752,1,0.166053
16,107,2802,1,0.298245
16,107,2852,1,0.288740
16,107,2902,1,0.156036
16,107,2952,1,0.281467
16,107,3002,1,0.314863
16,107,3052,1,0.211072
16,107,3102,1,0.290963
16,107,3152,1,0.132912
16,107,3202,1,0.235431
16,107,3252,1,0.311665
16,107,3302,1,0.148771
16,107,3352,1,0.243826
16,107,3402,1,0.323704
16,107,3452,1,0.254721
16,107,3502,1,0.312414
16,107,3552,1,0.355506
16,107,3602,1,0.173667
16,107,3652,1,0.309760
16,107,3702,1,0.321288
16,107,3752,1,0.291789
16,107,3802,1,0.158351
16,107,3852,1,0.171360
16,107,3902,1,0.305238
16,107,3952,1,0.168932
16,107,4002,1,0.350256
16,107,4052,1,0.386466
16,107,4102,1,0.299773
16,107,4152,1,0.145223
16,107,4202,1,0.226124
16,107,4252,1,0.193372
16,107,4302,1,0.290920
16,107,4352,1,0.155730
16,107,4402,1,0.290234
16,107,4452,1,0.238353
16,107,4502,1,0.153369
16,107,4552,1,0.173145
16,107,4602,1,0.314564
16,107,4652,1,0.202817
16,107,4702,1,0.132073
16,107,4752,1,0.147748
16,107,4802,1,0.189125
16,107,4852,1,0.163220
16,107,4902,1,0.176980
16,107,4952,1,0.142021
16,112,2,1,1.340537
16,112,52,1,1.131317
16,112,102,1,0.917735
16,112,152,1,1.078567
16,112,202,1,1.241180
16,112,252,1,0.880831
16,112,302,1,0.985336
16,112,352,1,0.978859
16,112,402,1,1.014271
16,112,452,1,0.949991
16,112,502,1,0.772221
16,112,552,1,0.940327
16,112,602,1,0.995638
16,112,652,1,0.820686
16,112,702,1,1.108687
16,112,752,1,0.757913
16,112,802,1,0.386602
16,112,852,1,0.969580
16,112,902,1,0.978983
16,112,952,1,0.488047
16,112,1002,1,0.783373
16,112,1052,1,0.965602
16,112,1102,1,0.939750
16,112,1152,1,0.462064
16,112,1202,1,0.159225
16,112,1252,1,0.460118
16,112,1302,1,0.246111
16,112,1352,1,0.797170
16,112,1402,1,0.287244
16,112,1452,1,0.346532
16,112,1502,1,0.491834
16,112,1552,1,0.331298
16,112,1602,1,0.177203
16,112,1652,1,0.318695
16,112,1702,1,0.341703
16,112,1752,1,0.790354
16,112,1802,1,0.294415
16,112,1852,1,0.190772
16,112,1902,1,0.494265
16,112,1952,1,0.339614
16,112,2002,1,0.113727
16,112,2052,1,0.284858
16,112,2102,1,0.220433
16,112,2152,1,0.330492
16,112,2202,1,0.284269
16,112,2252,1,0.161952
16,112,2302,1,0.156091
16,112,2352,1,0.132376
16,112,2402,1,0.212739
16,112,2452,1,0.175160
16,112,2502,1,0.287333
16,112,2552,1,0.321218
16,112,2602,1,0.290627
16,112,2652,1,0.157496
16,112,2702,1,0.201858
16,112,2752,1,0.305575
16,112,2802,1,0.371877
16,112,2852,1,0.154505
16,112,2902,1,0.329739
16,112,2952,1,0.156834
16,112,3002,1,0.187606
16,112,3052,1,0.132456
16,112,3102,1,0.372647
16,112,3152,1,0.179035
16,112,3202,1,0.325337
16,112,3252,1,0.208099
16,112,3302,1,0.292568
16,112,3352,1,0.201528
16,112,3402,1,0.302859
16,112,3452,1,0.124701
16,112,3502,1,0.155690
16,112,3552,1,0.364684
16,112,3602,1,0.305263
16,112,3652,1,0.215000
16,112,3702,1,0.181383
16,112,3752,1,0.222931
16,112,3802,1,0.215834
16,112,3852,1,0.301146
16,112,3902,1,0.215349
16,112,3952,1,0.187984
16,112,4002,1,0.309518
16,112,4052,1,0.153499
16,112,4102,1,0.169450
16,112,4152,1,0.134278
16,112,4202,1,0.176564
16,112,4252,1,0.170672
16,112,4302,1,0.304283
16,112,4352,1,0.173465
16,112,4402,1,0.223543
16,112,4452,1,0.123847
16,112,4502,1,0.173205
16,112,4552,1,0.332806
16,112,4602,1,0.160001
16,112,4652,1,0.304927
16,112,4702,1,0.249289
16,112,4752,1,0.310641
16,112,4802,1,0.218483
16,112,4852,1,0.175947
16,112,4902,1,0.189758
16,112,4952,1,0.300978
16,117,2,1,1.284617
16,117,52,1,1.377892
16,117,102,1,1.118753
16,117,152,1,0.962293
16,117,202,1,0.943702
16,117,252,1,0.977939
16,117,302,1,0.820612
16,117,352,1,0.889224
16,117,402,1,0.831903
16,117,452,1,0.966258
16,117,502,1,0.817407
16,117,552,1,0.987725
16,117,602,1,0.774207
16,117,652,1,0.772362
16,117,702,1,0.977625
16,117,752,1,0.760399
16,117,802,1,1.135155
16,117,852,1,0.963373
16,117,902,1,0.923527
16,117,952,1,0.967095
16,117,1002,1,0.773752
16,117,1052,1,0.718841
16,117,1102,1,0.463313
16,117,1152,1,0.960916
16,117,1202,1,0.304565
16,117,1252,1,0.820972
16,117,1302,1,1.029715
16,117,1352,1,1.017038
16,117,1402,1,0.351847
16,117,1452,1,0.246784
16,117,1502,1,0.153172
16,117,1552,1,0.166880
16,117,1602,1,0.465279
16,117,1652,1,0.779308
16,117,1702,1,0.330802
16,117,1752,1,0.150977
16,117,1802,1,0.346791
16,117,1852,1,0.251585
16,117,1902,1,0.303428
16,117,1952,1,0.406996
16,117,2002,1,0.134770
16,117,2052,1,0.150370
16,117,2102,1,0.314870
16,117,2152,1,0.089801
16,117,2202,1,0.136620
16,117,2252,1,0.293340
16,117,2302,1,0.124579
16,117,2352,1,0.125996
16,117,2402,1,0.170059
16,117,2452,1,0.300332
16,117,2502,1,0.190817
16,117,2552,1,0.138945
16,117,2602,1,0.293988
16,117,2652,1,0.365402
16,117,2702,1,0.193815
16,117,2752,1,0.145005
16,117,2802,1,0.295492
16,117,2852,1,0.327320
16,117,2902,1,0.348863
16,117,2952,1,0.362089
16,117,3002,1,0.145892
16,117,3052,1,0.233905
16,117,3102,1,0.196549
16,117,3152,1,0.216405
16,117,3202,1,0.229973
16,117,3252,1,0.327037
16,117,3302,1,0.184987
16,117,3352,1,0.344232
16,117,3402,1,0.226474
16,117,3452,1,0.155916
16,117,3502,1,0.182620
16,117,3552,1,0.220228
16,117,3602,1,0.242758
16,117,3652,1,0.310989
16,117,3702,1,0.167150
16,117,3752,1,0.346699
16,117,3802,1,0.106463
16,117,3852,1,0.180667
16,117,3902,1,0.182460
16,117,3952,1,0.343339
16,117,4002,1,0.306759
16,117,4052,1,0.297585
16,117,4102,1,0.319373
16,117,4152,1,0.101498
16,117,4202,1,0.321659
16,117,4252,1,0.196702
16,117,4302,1,0.202290
16,117,4352,1,0.162653
16,117,4402,1,0.190534
16,117,4452,1,0.351807
16,117,4502,1,0.319323
16,117,4552,1,0.258801
16,117,4602,1,0.305962
16,117,4652,1,0.115537
16,117,4702,1,0.158313
16,117,4752,1,0.356914
16,117,4802,1,0.159340
16,117,4852,1,0.144155
16,117,4902,1,0.245143
16,117,4952,1,0.225761
16,122,2,1,1.311520
16,122,52,1,1.103911
16,122,102,1,1.110260
16,122,152,1,0.937575
16,122,202,1,0.928594
16,122,252,1,0.941161
16,122,302,1,0.844138
16,122,352,1,0.915757
16,122,402,1,0.932242
16,122,452,1,1.089339
16,122,502,1,0.946378
16,122,552,1,0.513402
16,122,602,1,0.488757
16,122,652,1,0.819206
16,122,702,1,1.136020
16,122,752,1,0.931907
16,122,802,1,0.773791
16,122,852,1,0.922903
16,122,902,1,0.764837
16,122,952,1,0.940295
16,122,1002,1,0.459345
16,122,1052,1,1.036465
16,122,1102,1,0.759470
16,122,1152,1,0.551132
16,122,1202,1,0.788860
16,122,1252,1,0.298269
16,122,1302,1,0.848351
16,122,1352,1,0.460261
16,122,1402,1,0.131304
16,122,1452,1,0.669801
16,122,1502,1,0.368972
16,122,1552,1,0.968170
16,122,1602,1,0.380198
16,122,1652,1,0.141351
16,122,1702,1,0.110312
16,122,1752,1,0.280718
16,122,1802,1,0.202284
16,122,1852,1,0.252234
16,122,1902,1,0.117647
16,122,1952,1,0.155635
16,122,2002,1,0.180660
16,122,2052,1,0.272727
16,122,2102,1,0.290853
16,122,2152,1,0.328411
16,122,2202,1,0.367036
16,122,2252,1,0.186665
16,122,2302,1,0.184161
16,122,2352,1,0.296707
16,122,2402,1,0.233571
16,122,2452,1,0.345036
16,122,2502,1,0.348140
16,122,2552,1,0.321804
16,122,2602,1,0.146327
16,122,2652,1,0.162519
16,122,2702,1,0.206293
16,122,2752,1,0.306154
16,122,2802,1,0.372640
16,122,2852,1,0.157503
16,122,2902,1,0.170044
16,122,2952,1,0.293644
16,122,3002,1,0.296765
16,122,3052,1,0.259002
16,122,3102,1,0.360241
16,122,3152,1,0.142196
16,122,3202,1,0.127289
16,122,3252,1,0.308928
16,122,3302,1,0.181056
16,122,3352,1,0.147201
16,122,3402,1,0.214288
16,122,3452,1,0.308249
16,122,3502,1,0.128787
16,122,3552,1,0.119862
16,122,3602,1,0.310467
16,122,3652,1,0.145312
16,122,3702,1,0.119037
16,122,3752,1,0.189987
16,122,3802,1,0.131124
16,122,3852,1,0.336734
16,122,3902,1,0.155637
16,122,3952,1,0.227469
16,122,4002,1,0.297306
16,122,4052,1,0.146663
16,122,4102,1,0.299859
16,122,4152,1,0.076388
16,122,4202,1,0.213236
16,122,4252,1,0.105268
16,122,4302,1,0.116641
16,122,4352,1,0.164993
16,122,4402,1,0.262590
16,122,4452,1,0.320965
16,122,4502,1,0.214983
16,122,4552,1,0.199828
16,122,4602,1,0.128204
16,122,4652,1,0.159321
16,122,4702,1,0.234310
16,122,4752,1,0.234463
16,122,4802,1,0.318169
16,122,4852,1,0.347354
16,122,4902,1,0.228758
16,122,4952,1,0.272149
16,127,2,1,1.290002
16,127,52,1,0.943521
16,127,102,1,0.928758
16,127,152,1,0.954502
16,127,202,1,1.247391
16,127,252,1,0.850213
16,127,302,1,0.703243
16,127,352,1,0.821748
16,127,402,1,1.007440
16,127,452,1,1.108247
16,127,502,1,0.824170
16,127,552,1,0.763071
16,127,602,1,1.108742
16,127,652,1,1.171566
16,127,702,1,0.717175
16,127,752,1,0.754493
16,127,802,1,0.464376
16,127,852,1,0.943879
16,127,902,1,0.778927
16,127,952,1,0.717327
16,127,1002,1,0.761114
16,127,1052,1,0.783993
16,127,1102,1,0.715046
16,127,1152,1,0.348211
16,127,1202,1,0.809736
16,127,1252,1,0.341964
16,127,1302,1,0.790174
16,127,1352,1,0.183730
16,127,1402,1,0.346942
16,127,1452,1,0.251427
16,127,1502,1,0.793586
16,127,1552,1,0.172062
16,127,1602,1,0.783859
16,127,1652,1,0.354601
16,127,1702,1,0.296252
16,127,1752,1,0.787248
16,127,1802,1,0.339412
16,127,1852,1,0.322100
16,127,1902,1,0.163377
16,127,1952,1,0.214566
16,127,2002,1,0.351187
16,127,2052,1,0.350193
16,127,2102,1,0.302516
16,127,2152,1,0.305690
16,127,2202,1,0.292867
16,127,2252,1,0.187922
16,127,2302,1,0.308699
16,127,2352,1,0.186725
16,127,2402,1,0.277913
16,127,2452,1,0.296641
16,127,2502,1,0.307217
16,127,2552,1,0.150421
16,127,2602,1,0.349118
16,127,2652,1,0.334866
16,127,2702,1,0.327324
16,127,2752,1,0.342949
16,127,2802,1,0.139583
16,127,2852,1,0.144371
16,127,2902,1,0.106357
16,127,2952,1,0.246066
16,127,3002,1,0.244311
16,127,3052,1,0.161036
16,127,3102,1,0.229054
16,127,3152,1,0.165892
16,127,3202,1,0.143720
16,127,3252,1,0.158809
16,127,3302,1,0.193628
16,127,3352,1,0.296200
16,127,3402,1,0.216949
16,127,3452,1,0.179134
16,127,3502,1,0.139341
16,127,3552,1,0.154137
16,127,3602,1,0.286919
16,127,3652,1,0.340665
16,127,3702,1,0.137265
16,127,3752,1,0.176767
16,127,3802,1,0.215179
16,127,3852,1,0.360969
16,127,3902,1,0.209100
16,127,3952,1,0.142603
16,127,4002,1,0.341415
16,127,4052,1,0.351943
16,127,4102,1,0.373467
16,127,4152,1,0.328939
16,127,4202,1,0.338252
16,127,4252,1,0.304479
16,127,4302,1,0.228191
16,127,4352,1,0.268935
16,127,4402,1,0.149539
16,127,4452,1,0.161558
16,127,4502,1,0.316435
16,127,4552,1,0.147060
16,127,4602,1,0.315053
16,127,4652,1,0.373184
16,127,4702,1,0.155161
16,127,4752,1,0.304578
16,127,4802,1,0.343531
16,127,4852,1,0.312326
16,127,4902,1,0.104177
16,127,4952,1,0.334723
16,132,2,1,1.268358
16,132,52,1,1.115914
16,132,102,1,1.007681
16,132,152,1,1.222763
16,132,202,1,0.944648
16,132,252,1,0.954281
16,132,302,1,1.133207
16,132,352,1,0.992112
16,132,402,1,0.943941
16,132,452,1,1.029893
16,132,502,1,0.948470
16,132,552,1,1.076811
16,132,602,1,0.782622
16,132,652,1,1.064465
16,132,702,1,0.954269
16,132,752,1,0.782946
16,132,802,1,0.456473
16,132,852,1,0.822732
16,132,902,1,0.944259
16,132,952,1,0.459214
16,132,1002,1,0.460627
16,132,1052,1,0.460447
16,132,1102,1,0.788865
16,132,1152,1,0.294629
16,132,1202,1,0.417192
16,132,1252,1,0.783950
16,132,1302,1,0.770532
16,132,1352,1,0.460659
16,132,1402,1,0.319349
16,132,1452,1,0.461698
16,132,1502,1,0.793366
16,132,1552,1,0.461561
16,132,1602,1,0.464433
16,132,1652,1,0.327984
16,132,1702,1,0.792825
16,132,1752,1,0.148877
16,132,1802,1,0.241080
16,132,1852,1,0.368683
16,132,1902,1,0.197194
16,132,1952,1,0.166434
16,132,2002,1,0.189027
16,132,2052,1,0.164888
16,132,2102,1,0.399012
16,132,2152,1,0.201709
16,132,2202,1,0.159681
16,132,2252,1,0.333572
16,132,2302,1,0.289106
16,132,2352,1,0.169909
16,132,2402,1,0.310388
16,132,2452,1,0.202771
16,132,2502,1,0.180466
16,132,2552,1,0.304347
16,132,2602,1,0.139040
16,132,2652,1,0.169256
16,132,2702,1,0.342660
16,132,2752,1,0.315760
16,132,2802,1,0.180610
16,132,2852,1,0.251223
16,132,2902,1,0.197731
16,132,2952,1,0.222410
16,132,3002,1,0.326948
16,132,3052,1,0.155346
16,132,3102,1,0.293172
16,132,3152,1,0.291114
16,132,3202,1,0.175812
16,132,3252,1,0.331300
16,132,3302,1,0.149930
16,132,3352,1,0.154442
16,132,3402,1,0.154168
16,132,3452,1,0.203561
16,132,3502,1,0.161357
16,132,3552,1,0.322598
16,132,3602,1,0.194694
16,132,3652,1,0.192680
16,132,3702,1,0.179576
16,132,3752,1,0.324200
16,132,3802,1,0.241569
16,132,3852,1,0.230994
16,132,3902,1,0.297706
16,132,3952,1,0.110930
16,132,4002,1,0.143167
16,132,4052,1,0.212734
16,132,4102,1,0.290343
16,132,4152,1,0.139267
16,132,4202,1,0.135221
16,132,4252,1,0.246396
16,132,4302,1,0.157598
16,132,4352,1,0.187350
16,132,4402,1,0.311795
16,132,4452,1,0.193145
16,132,4502,1,0.168709
16,132,4552,1,0.175995
16,132,4602,1,0.245061
16,132,4652,1,0.169019
16,132,4702,1,0.292808
16,132,4752,1,0.359631
16,132,4802,1,0.137639
16,132,4852,1,0.312047
16,132,4902,1,0.205520
16,132,4952,1,0.297479
16,137,2,1,1.280575
16,137,52,1,1.106398
16,137,102,1,0.885983
16,137,152,1,0.995301
16,137,202,1,1.085659
16,137,252,1,1.111535
16,137,302,1,0.992375
16,137,352,1,1.080989
16,137,402,1,1.018796
16,137,452,1,1.067546
16,137,502,1,1.025331
16,137,552,1,0.776247
16,137,602,1,0.806573
16,137,652,1,0.923483
16,137,702,1,0.937103
16,137,752,1,0.709031
16,137,802,1,0.484324
16,137,852,1,1.113048
16,137,902,1,0.772518
16,137,952,1,0.930708
16,137,1002,1,0.779649
16,137,1052,1,0.769804
16,137,1102,1,0.209155
16,137,1152,1,0.788931
16,137,1202,1,0.775254
16,137,1252,1,0.819319
16,137,1302,1,0.774914
16,137,1352,1,0.462974
16,137,1402,1,0.787565
16,137,1452,1,0.460760
16,137,1502,1,0.307324
16,137,1552,1,0.314248
16,137,1602,1,0.353973
16,137,1652,1,0.279531
16,137,1702,1,0.755103
16,137,1752,1,0.322286
16,137,1802,1,0.308796
16,137,1852,1,0.781158
16,137,1902,1,0.127692
16,137,1952,1,0.135561
16,137,2002,1,0.164484
16,137,2052,1,0.162532
16,137,2102,1,0.227844
16,137,2152,1,0.100596
16,137,2202,1,0.334104
16,137,2252,1,0.195765
16,137,2302,1,0.359394
16,137,2352,1,0.302830
16,137,2402,1,0.315942
16,137,2452,1,0.327124
16,137,2502,1,0.290105
16,137,2552,1,0.172939
16,137,2602,1,0.304348
16,137,2652,1,0.197723
16,137,2702,1,0.110300
16,137,2752,1,0.412512
16,137,2802,1,0.354421
16,137,2852,1,0.165319
16,137,2902,1,0.289768
16,137,2952,1,0.375868
16,137,3002,1,0.196204
16,137,3052,1,0.319976
16,137,3102,1,0.219498
16,137,3152,1,0.082584
16,137,3202,1,0.306803
16,137,3252,1,0.211786
16,137,3302,1,0.298162
16,137,3352,1,0.148443
16,137,3402,1,0.155938
16,137,3452,1,0.378649
16,137,3502,1,0.215510
16,137,3552,1,0.290238
16,137,3602,1,0.168036
16,137,3652,1,0.210982
16,137,3702,1,0.237179
16,137,3752,1,0.320198
16,137,3802,1,0.246944
16,137,3852,1,0.354343
16,137,3902,1,0.240169
16,137,3952,1,0.158667
16,137,4002,1,0.353878
16,137,4052,1,0.154589
16,137,4102,1,0.219626
16,137,4152,1,0.263377
16,137,4202,1,0.296231
16,137,4252,1,0.346112
16,137,4302,1,0.260256
16,137,4352,1,0.168238
16,137,4402,1,0.153691
16,137,4452,1,0.141464
16,137,4502,1,0.161304
16,137,4552,1,0.239474
16,137,4602,1,0.183344
16,137,4652,1,0.177016
16,137,4702,1,0.199269
16,137,4752,1,0.167760
16,137,4802,1,0.157622
16,137,4852,1,0.316187
16,137,4902,1,0.309279
16,137,4952,1,0.356505
16,142,2,1,1.287039
16,142,52,1,0.821476
16,142,102,1,1.096980
16,142,152,1,0.550773
16,142,202,1,0.956160
16,142,252,1,0.994663
16,142,302,1,0.906074
16,142,352,1,0.952605
16,142,402,1,0.926692
16,142,452,1,0.944071
16,142,502,1,1.006578
16,142,552,1,0.774461
16,142,602,1,0.823510
16,142,652,1,1.041565
16,142,702,1,0.955787
16,142,752,1,0.779591
16,142,802,1,0.807732
16,142,852,1,0.455351
16,142,902,1,0.736434
16,142,952,1,0.823728
16,142,1002,1,0.778315
16,142,1052,1,0.846074
16,142,1102,1,0.290133
16,142,1152,1,0.762990
16,142,1202,1,0.775358
16,142,1252,1,0.819849
16,142,1302,1,0.774224
16,142,1352,1,0.460999
16,142,1402,1,0.464473
16,142,1452,1,0.723779
16,142,1502,1,0.395369
16,142,1552,1,0.282620
16,142,1602,1,0.215059
16,142,1652,1,0.290661
16,142,1702,1,0.338716
16,142,1752,1,0.466894
16,142,1802,1,0.368074
16,142,1852,1,0.122050
16,142,1902,1,0.320478
16,142,1952,1,0.130747
16,142,2002,1,0.326652
16,142,2052,1,0.232381
16,142,2102,1,0.337937
16,142,2152,1,0.208490
16,142,2202,1,0.264575
16,142,2252,1,0.138930
16,142,2302,1,0.335658
16,142,2352,1,0.322101
16,142,2402,1,0.151461
16,142,2452,1,0.350851
16,142,2502,1,0.320439
16,142,2552,1,0.076374
16,142,2602,1,0.282149
16,142,2652,1,0.178978
16,142,2702,1,0.221353
16,142,2752,1,0.167676
16,142,2802,1,0.212911
16,142,2852,1,0.329572
16,142,2902,1,0.416006
16,142,2952,1,0.324652
16,142,3002,1,0.299417
16,142,3052,1,0.225867
16,142,3102,1,0.141183
16,142,3152,1,0.295870
16,142,3202,1,0.350557
16,142,3252,1,0.184075
16,142,3302,1,0.288823
16,142,3352,1,0.091034
16,142,3402,1,0.337080
16,142,3452,1,0.306283
16,142,3502,1,0.131089
16,142,3552,1,0.326111
16,142,3602,1,0.199317
16,142,3652,1,0.409053
16,142,3702,1,0.155004
16,142,3752,1,0.219509
16,142,3802,1,0.311766
16,142,3852,1,0.337179
16,142,3902,1,0.321995
16,142,3952,1,0.220168
16,142,4002,1,0.207045
16,142,4052,1,0.360559
16,142,4102,1,0.299083
16,142,4152,1,0.149198
16,142,4202,1,0.282668
16,142,4252,1,0.249027
16,142,4302,1,0.290056
16,142,4352,1,0.303956
16,142,4402,1,0.149294
16,142,4452,1,0.117942
16,142,4502,1,0.147089
16,142,4552,1,0.243849
16,142,4602,1,0.357898
16,142,4652,1,0.103382
16,142,4702,1,0.302864
16,142,4752,1,0.318338
16,142,4802,1,0.232444
16,142,4852,1,0.165148
16,142,4902,1,0.105519
16,142,4952,1,0.112748
16,147,2,1,1.316793
16,147,52,1,1.097086
16,147,102,1,1.107137
16,147,152,1,1.186175
16,147,202,1,0.913800
16,147,252,1,1.054031
16,147,302,1,0.953508
16,147,352,1,1.091650
16,147,402,1,0.780050
16,147,452,1,0.933209
16,147,502,1,0.953329
16,147,552,1,0.937119
16,147,602,1,0.940522
16,147,652,1,0.775344
16,147,702,1,0.773662
16,147,752,1,0.769918
16,147,802,1,0.714039
16,147,852,1,0.816538
16,147,902,1,1.012364
16,147,952,1,0.776955
16,147,1002,1,0.767938
16,147,1052,1,0.923914
16,147,1102,1,0.245180
16,147,1152,1,0.319860
16,147,1202,1,0.165372
16,147,1252,1,0.465725
16,147,1302,1,0.778560
16,147,1352,1,0.994736
16,147,1402,1,0.459767
16,147,1452,1,0.728882
16,147,1502,1,0.154455
16,147,1552,1,0.339644
16,147,1602,1,0.301681
16,147,1652,1,0.249039
16,147,1702,1,0.193659
16,147,1752,1,0.248917
16,147,1802,1,0.148672
16,147,1852,1,0.147462
16,147,1902,1,0.340985
16,147,1952,1,0.192982
16,147,2002,1,0.303313
16,147,2052,1,0.171437
16,147,2102,1,0.358208
16,147,2152,1,0.259049
16,147,2202,1,0.691201
16,147,2252,1,0.241495
16,147,2302,1,0.221045
16,147,2352,1,0.302148
16,147,2402,1,0.196180
16,147,2452,1,0.141029
16,147,2502,1,0.142972
16,147,2552,1,0.302066
16,147,2602,1,0.166031
16,147,2652,1,0.328477
16,147,2702,1,0.345244
16,147,2752,1,0.333281
16,147,2802,1,0.285771
16,147,2852,1,0.176679
16,147,2902,1,0.328416
16,147,2952,1,0.306071
16,147,3002,1,0.131577
16,147,3052,1,0.316424
16,147,3102,1,0.182457
16,147,3152,1,0.142849
16,147,3202,1,0.270432
16,147,3252,1,0.308612
16,147,3302,1,0.220711
16,147,3352,1,0.156159
16,147,3402,1,0.292200
16,147,3452,1,0.196992
16,147,3502,1,0.196566
16,147,3552,1,0.161179
16,147,3602,1,0.132912
16,147,3652,1,0.315671
16,147,3702,1,0.332396
16,147,3752,1,0.229287
16,147,3802,1,0.283113
16,147,3852,1,0.281747
16,147,3902,1,0.152142
16,147,3952,1,0.301550
16,147,4002,1,0.219504
16,147,4052,1,0.184311
16,147,4102,1,0.293907
16,147,4152,1,0.117307
16,147,4202,1,0.295237
16,147,4252,1,0.310213
16,147,4302,1,0.218906
16,147,4352,1,0.099334
16,147,4402,1,0.316776
16,147,4452,1,0.425262
16,147,4502,1,0.298565
16,147,4552,1,0.371299
16,147,4602,1,0.346127
16,147,4652,1,0.339078
16,147,4702,1,0.221568
16,147,4752,1,0.160758
16,147,4802,1,0.227144
16,147,4852,1,0.193345
16,147,4902,1,0.166745
16,147,4952,1,0.234467
16,152,2,1,1.348538
16,152,52,1,1.093081
16,152,102,1,1.071119
16,152,152,1,1.111097
16,152,202,1,0.941728
16,152,252,1,0.928415
16,152,302,1,0.772797
16,152,352,1,0.598627
16,152,402,1,0.844221
16,152,452,1,1.076953
16,152,502,1,1.045598
16,152,552,1,0.941653
16,152,602,1,0.897965
16,152,652,1,1.007512
16,152,702,1,1.109499
16,152,752,1,0.765982
16,152,802,1,0.776811
16,152,852,1,0.483184
16,152,902,1,0.921674
16,152,952,1,0.768638
16,152,1002,1,0.780091
16,152,1052,1,0.729423
16,152,1102,1,0.715708
16,152,1152,1,0.764213
16,152,1202,1,0.458711
16,152,1252,1,0.293625
16,152,1302,1,0.465303
16,152,1352,1,0.319028
16,152,1402,1,0.779475
16,152,1452,1,0.177829
16,152,1502,1,0.368512
16,152,1552,1,0.970177
16,152,1602,1,0.362568
16,152,1652,1,0.576581
16,152,1702,1,0.139805
16,152,1752,1,0.260669
16,152,1802,1,0.464580
16,152,1852,1,0.368404
16,152,1902,1,0.335569
16,152,1952,1,0.339650
16,152,2002,1,0.167683
16,152,2052,1,0.288253
16,152,2102,1,0.394840
16,152,2152,1,0.258781
16,152,2202,1,0.290591
16,152,2252,1,0.319629
16,152,2302,1,0.190962
16,152,2352,1,0.219597
16,152,2402,1,0.166055
16,152,2452,1,0.374072
16,152,2502,1,0.326179
16,152,2552,1,0.298126
16,152,2602,1,0.293962
16,152,2652,1,0.189507
16,152,2702,1,0.207506
16,152,2752,1,0.186925
16,152,2802,1,0.200398
16,152,2852,1,0.185761
16,152,2902,1,0.197451
16,152,2952,1,0.317902
16,152,3002,1,0.192614
16,152,3052,1,0.207293
16,152,3102,1,0.336428
16,152,3152,1,0.149680
16,152,3202,1,0.111342
16,152,3252,1,0.171365
16,152,3302,1,0.156677
16,152,3352,1,0.320663
16,152,3402,1,0.301846
16,152,3452,1,0.336282
16,152,3502,1,0.148821
16,152,3552,1,0.175175
16,152,3602,1,0.182342
16,152,3652,1,0.191783
16,152,3702,1,0.346790
16,152,3752,1,0.105454
16,152,3802,1,0.332408
16,152,3852,1,0.181577
16,152,3902,1,0.142940
16,152,3952,1,0.352176
16,152,4002,1,0.079026
16,152,4052,1,0.102146
16,152,4102,1,0.138700
16,152,4152,1,0.348574
16,152,4202,1,0.300693
16,152,4252,1,0.159846
16,152,4302,1,0.137463
16,152,4352,1,0.214592
16,152,4402,1,0.294722
16,152,4452,1,0.169564
16,152,4502,1,0.358495
16,152,4552,1,0.236984
16,152,4602,1,0.325121
16,152,4652,1,0.172807
16,152,4702,1,0.185928
16,152,4752,1,0.186621
16,152,4802,1,0.263421
16,152,4852,1,0.188959
16,152,4902,1,0.294720
16,152,4952,1,0.296467
16,157,2,1,1.288168
16,157,52,1,0.778429
16,157,102,1,0.933776
16,157,152,1,1.070961
16,157,202,1,0.934756
16,157,252,1,0.903777
16,157,302,1,0.963352
16,157,352,1,1.102237
16,157,402,1,0.951385
16,157,452,1,0.765563
16,157,502,1,1.063033
16,157,552,1,0.949353
16,157,602,1,0.928894
16,157,652,1,0.935874
16,157,702,1,1.026533
16,157,752,1,0.941831
16,157,802,1,1.035500
16,157,852,1,0.756958
16,157,902,1,0.764058
16,157,952,1,0.767608
16,157,1002,1,0.711760
16,157,1052,1,0.775947
16,157,1102,1,0.764433
16,157,1152,1,0.811379
16,157,1202,1,0.392114
16,157,1252,1,0.786824
16,157,1302,1,0.777870
16,157,1352,1,0.278901
16,157,1402,1,0.973170
16,157,1452,1,0.776984
16,157,1502,1,0.599825
16,157,1552,1,0.952282
16,157,1602,1,0.713779
16,157,1652,1,0.726726
16,157,1702,1,0.115489
16,157,1752,1,0.320232
16,157,1802,1,0.251841
16,157,1852,1,0.459494
16,157,1902,1,0.325595
16,157,1952,1,0.297093
16,157,2002,1,0.134569
16,157,2052,1,0.491297
16,157,2102,1,0.302417
16,157,2152,1,0.312885
16,157,2202,1,0.309415
16,157,2252,1,0.142525
16,157,2302,1,0.136600
16,157,2352,1,0.144182
16,157,2402,1,0.145343
16,157,2452,1,0.162063
16,157,2502,1,0.307712
16,157,2552,1,0.415948
16,157,2602,1,0.296205
16,157,2652,1,0.286727
16,157,2702,1,0.227834
16,157,2752,1,0.165731
16,157,2802,1,0.156137
16,157,2852,1,0.130032
16,157,2902,1,0.314716
16,157,2952,1,0.332103
16,157,3002,1,0.214404
16,157,3052,1,0.173466
16,157,3102,1,0.353545
16,157,3152,1,0.230820
16,157,3202,1,0.390389
16,157,3252,1,0.368337
16,157,3302,1,0.128334
16,157,3352,1,0.129369
16,157,3402,1,0.255770
16,157,3452,1,0.304885
16,157,3502,1,0.158468
16,157,3552,1,0.318184
16,157,3602,1,0.129602
16,157,3652,1,0.147124
16,157,3702,1,0.310952
16,157,3752,1,0.300045
16,157,3802,1,0.144202
16,157,3852,1,0.145731
16,157,3902,1,0.301977
16,157,3952,1,0.141555
16,157,4002,1,0.242994
16,157,4052,1,0.296203
16,157,4102,1,0.176421
16,157,4152,1,0.159421
16,157,4202,1,0.317668
16,157,4252,1,0.300308
16,157,4302,1,0.201370
16,157,4352,1,0.127737
16,157,4402,1,0.158680
16,157,4452,1,0.296330
16,157,4502,1,0.189537
16,157,4552,1,0.174493
16,157,4602,1,0.296280
16,157,4652,1,0.149955
16,157,4702,1,0.260692
16,157,4752,1,0.213265
16,157,4802,1,0.176451
16,157,4852,1,0.111957
16,157,4902,1,0.284688
16,157,4952,1,0.203713
16,162,2,1,1.314509
16,162,52,1,1.004758
16,162,102,1,0.919874
16,162,152,1,1.197312
16,162,202,1,1.080062
16,162,252,1,0.764655
16,162,302,1,0.817290
16,162,352,1,0.933379
16,162,402,1,1.095908
16,162,452,1,0.754793
16,162,502,1,0.774208
16,162,552,1,0.939356
16,162,602,1,1.078274
16,162,652,1,0.785530
16,162,702,1,0.752994
16,162,752,1,0.712295
16,162,802,1,0.821324
16,162,852,1,0.764602
16,162,902,1,0.717340
16,162,952,1,1.016884
16,162,1002,1,0.763687
16,162,1052,1,0.930531
16,162,1102,1,0.745354
16,162,1152,1,0.170031
16,162,1202,1,0.970568
16,162,1252,1,0.329537
16,162,1302,1,0.780033
16,162,1352,1,0.135362
16,162,1402,1,0.985233
16,162,1452,1,1.011146
16,162,1502,1,0.303060
16,162,1552,1,0.148309
16,162,1602,1,0.334862
16,162,1652,1,0.342262
16,162,1702,1,0.759100
16,162,1752,1,0.190782
16,162,1802,1,0.469000
16,162,1852,1,0.308940
16,162,1902,1,0.256529
16,162,1952,1,0.294808
16,162,2002,1,0.308403
16,162,2052,1,0.301442
16,162,2102,1,0.142243
16,162,2152,1,0.475946
16,162,2202,1,0.093353
16,162,2252,1,0.360489
16,162,2302,1,0.155760
16,162,2352,1,0.357643
16,162,2402,1,0.269148
16,162,2452,1,0.348055
16,162,2502,1,0.323387
16,162,2552,1,0.315582
16,162,2602,1,0.299836
16,162,2652,1,0.411756
16,162,2702,1,0.149638
16,162,2752,1,0.215671
16,162,2802,1,0.214698
16,162,2852,1,0.355003
16,162,2902,1,0.291359
16,162,2952,1,0.325287
16,162,3002,1,0.365323
16,162,3052,1,0.160864
16,162,3102,1,0.283862
16,162,3152,1,0.305472
16,162,3202,1,0.195521
16,162,3252,1,0.158512
16,162,3302,1,0.327970
16,162,3352,1,0.300596
16,162,3402,1,0.298259
16,162,3452,1,0.137505
16,162,3502,1,0.216601
16,162,3552,1,0.221900
16,162,3602,1,0.240821
16,162,3652,1,0.365518
16,162,3702,1,0.111378
16,162,3752,1,0.202205
16,162,3802,1,0.198333
16,162,3852,1,0.178235
16,162,3902,1,0.383436
16,162,3952,1,0.304177
16,162,4002,1,0.322176
16,162,4052,1,0.182647
16,162,4102,1,0.296892
16,162,4152,1,0.181195
16,162,4202,1,0.144652
16,162,4252,1,0.141237
16,162,4302,1,0.155980
16,162,4352,1,0.130947
16,162,4402,1,0.333674
16,162,4452,1,0.143290
16,162,4502,1,0.247263
16,162,4552,1,0.126704
16,162,4602,1,0.114084
16,162,4652,1,0.319137
16,162,4702,1,0.106121
16,162,4752,1,0.322202
16,162,4802,1,0.288996
16,162,4852,1,0.289565
16,162,4902,1,0.299945
16,162,4952,1,0.148834
16,167,2,1,1.297987
16,167,52,1,1.052620
16,167,102,1,1.035358
16,167,152,1,1.184258
16,167,202,1,1.062032
16,167,252,1,0.968954
16,167,302,1,0.462551
16,167,352,1,0.954211
16,167,402,1,0.677686
16,167,452,1,0.945916
16,167,502,1,0.766511
16,167,552,1,0.483387
16,167,602,1,1.054952
16,167,652,1,0.822787
16,167,702,1,0.949616
16,167,752,1,0.776121
16,167,802,1,0.458337
16,167,852,1,0.457818
16,167,902,1,0.961472
16,167,952,1,0.753450
16,167,1002,1,0.950630
16,167,1052,1,0.773989
16,167,1102,1,0.287792
16,167,1152,1,0.784688
16,167,1202,1,0.333120
16,167,1252,1,0.465307
16,167,1302,1,0.823994
16,167,1352,1,0.361277
16,167,1402,1,0.782084
16,167,1452,1,0.321565
16,167,1502,1,0.308515
16,167,1552,1,0.380523
16,167,1602,1,0.309973
16,167,1652,1,0.383022
16,167,1702,1,0.250649
16,167,1752,1,0.248716
16,167,1802,1,0.731048
16,167,1852,1,0.284957
16,167,1902,1,0.283655
16,167,1952,1,0.366178
16,167,2002,1,0.319011
16,167,2052,1,0.341981
16,167,2102,1,0.168168
16,167,2152,1,0.320489
16,167,2202,1,0.154819
16,167,2252,1,0.174147
16,167,2302,1,0.369580
16,167,2352,1,0.313667
16,167,2402,1,0.146726
16,167,2452,1,0.256575
16,167,2502,1,0.268289
16,167,2552,1,0.209318
16,167,2602,1,0.159081
16,167,2652,1,0.156939
16,167,2702,1,0.130217
16,167,2752,1,0.282735
16,167,2802,1,0.287730
16,167,2852,1,0.302281
16,167,2902,1,0.116113
16,167,2952,1,0.168606
16,167,3002,1,0.183532
16,167,3052,1,0.373369
16,167,3102,1,0.292449
16,167,3152,1,0.332443
16,167,3202,1,0.135199
16,167,3252,1,0.189277
16,167,3302,1,0.297795
16,167,3352,1,0.195527
16,167,3402,1,0.266113
16,167,3452,1,0.300982
16,167,3502,1,0.401681
16,167,3552,1,0.209233
16,167,3602,1,0.338078
16,167,3652,1,0.334819
16,167,3702,1,0.329193
16,167,3752,1,0.259839
16,167,3802,1,0.334835
16,167,3852,1,0.315753
16,167,3902,1,0.121764
16,167,3952,1,0.212289
16,167,4002,1,0.099366
16,167,4052,1,0.195144
16,167,4102,1,0.319115
16,167,4152,1,0.209926
16,167,4202,1,0.309108
16,167,4252,1,0.171130
16,167,4302,1,0.096702
16,167,4352,1,0.362978
16,167,4402,1,0.147366
16,167,4452,1,0.164391
16,167,4502,1,0.206338
16,167,4552,1,0.129377
16,167,4602,1,0.110933
16,167,4652,1,0.156856
16,167,4702,1,0.158031
16,167,4752,1,0.128556
16,167,4802,1,0.258384
16,167,4852,1,0.379214
16,167,4902,1,0.335082
16,167,4952,1,0.162988
16,172,2,1,1.204817
16,172,52,1,1.241751
16,172,102,1,1.031340
16,172,152,1,1.074694
16,172,202,1,1.096099
16,172,252,1,1.246568
16,172,302,1,1.051248
16,172,352,1,0.843187
16,172,402,1,0.967344
16,172,452,1,1.085703
16,172,502,1,0.957522
16,172,552,1,0.758246
16,172,602,1,0.975982
16,172,652,1,0.773919
16,172,702,1,0.935305
16,172,752,1,0.764174
16,172,802,1,0.974537
16,172,852,1,0.935710
16,172,902,1,0.460469
16,172,952,1,0.340050
16,172,1002,1,0.781518
16,172,1052,1,0.277202
16,172,1102,1,1.025699
16,172,1152,1,0.491357
16,172,1202,1,0.772501
16,172,1252,1,0.820476
16,172,1302,1,0.763329
16,172,1352,1,0.765666
16,172,1402,1,0.244036
16,172,1452,1,0.790453
16,172,1502,1,0.363647
16,172,1552,1,0.159549
16,172,1602,1,0.799356
16,172,1652,1,0.285208
16,172,1702,1,0.134050
16,172,1752,1,0.797517
16,172,1802,1,0.742765
16,172,1852,1,0.299742
16,172,1902,1,0.204227
16,172,1952,1,0.213321
16,172,2002,1,0.386962
16,172,2052,1,0.356273
16,172,2102,1,0.287165
16,172,2152,1,0.164960
16,172,2202,1,0.289823
16,172,2252,1,0.380952
16,172,2302,1,0.316364
16,172,2352,1,0.293003
16,172,2402,1,0.338873
16,172,2452,1,0.091678
16,172,2502,1,0.194668
16,172,2552,1,0.284923
16,172,2602,1,0.288567
16,172,2652,1,0.134150
16,172,2702,1,0.239774
16,172,2752,1,0.337809
16,172,2802,1,0.160036
16,172,2852,1,0.309748
16,172,2902,1,0.289819
16,172,2952,1,0.145960
16,172,3002,1,0.183913
16,172,3052,1,0.374359
16,172,3102,1,0.172616
16,172,3152,1,0.328542
16,172,3202,1,0.102948
16,172,3252,1,0.153734
16,172,3302,1,0.142495
16,172,3352,1,0.127892
16,172,3402,1,0.222863
16,172,3452,1,0.318430
16,172,3502,1,0.137509
16,172,3552,1,0.217990
16,172,3602,1,0.197660
16,172,3652,1,0.311535
16,172,3702,1,0.212192
16,172,3752,1,0.336595
16,172,3802,1,0.164988
16,172,3852,1,0.193806
16,172,3902,1,0.215379
16,172,3952,1,0.309108
16,172,4002,1,0.138781
16,172,4052,1,0.312000
16,172,4102,1,0.116623
16,172,4152,1,0.324619
16,172,4202,1,0.117277
16,172,4252,1,0.306845
16,172,4302,1,0.323243
16,172,4352,1,0.166359
16,172,4402,1,0.292543
16,172,4452,1,0.216906
16,172,4502,1,0.378438
16,172,4552,1,0.421323
16,172,4602,1,0.179780
16,172,4652,1,0.297238
16,172,4702,1,0.158294
16,172,4752,1,0.183500
16,172,4802,1,0.396623
16,172,4852,1,0.187216
16,172,4902,1,0.281516
16,172,4952,1,0.301869
16,177,2,1,1.315078
16,177,52,1,1.200723
16,177,102,1,0.917589
16,177,152,1,1.088571
16,177,202,1,1.132424
16,177,252,1,1.003183
16,177,302,1,1.110666
16,177,352,1,0.943143
16,177,402,1,0.944665
16,177,452,1,0.930577
16,177,502,1,0.920209
16,177,552,1,0.775125
16,177,602,1,0.813209
16,177,652,1,1.089936
16,177,702,1,0.461539
16,177,752,1,0.460904
16,177,802,1,0.485929
16,177,852,1,0.765604
16,177,902,1,0.931508
16,177,952,1,0.781374
16,177,1002,1,0.457646
16,177,1052,1,0.787869
16,177,1102,1,0.481382
16,177,1152,1,0.263012
16,177,1202,1,0.655739
16,177,1252,1,0.458571
16,177,1302,1,0.956867
16,177,1352,1,0.777524
16,177,1402,1,0.336264
16,177,1452,1,0.380377
16,177,1502,1,0.279359
16,177,1552,1,0.464815
16,177,1602,1,0.330842
16,177,1652,1,0.334874
16,177,1702,1,0.788024
16,177,1752,1,0.722566
16,177,1802,1,0.168180
16,177,1852,1,0.193684
16,177,1902,1,0.250390
16,177,1952,1,0.335042
16,177,2002,1,0.149420
16,177,2052,1,0.182155
16,177,2102,1,0.250864
16,177,2152,1,0.388830
16,177,2202,1,0.173543
16,177,2252,1,0.224204
16,177,2302,1,0.107085
16,177,2352,1,0.315202
16,177,2402,1,0.287255
16,177,2452,1,0.278787
16,177,2502,1,0.303072
16,177,2552,1,0.181026
16,177,2602,1,0.081387
16,177,2652,1,0.207980
16,177,2702,1,0.160331
16,177,2752,1,0.306116
16,177,2802,1,0.337313
16,177,2852,1,0.154444
16,177,2902,1,0.181374
16,177,2952,1,0.186621
16,177,3002,1,0.160587
16,177,3052,1,0.159553
16,177,3102,1,0.219013
16,177,3152,1,0.355914
16,177,3202,1,0.138203
16,177,3252,1,0.217329
16,177,3302,1,0.317266
16,177,3352,1,0.286465
16,177,3402,1,0.158992
16,177,3452,1,0.210757
16,177,3502,1,0.161438
16,177,3552,1,0.312853
16,177,3602,1,0.170273
16,177,3652,1,0.343700
16,177,3702,1,0.186770
16,177,3752,1,0.109356
16,177,3802,1,0.203899
16,177,3852,1,0.146508
16,177,3902,1,0.316826
16,177,3952,1,0.283287
16,177,4002,1,0.229285
16,177,4052,1,0.144827
16,177,4102,1,0.161255
16,177,4152,1,0.201677
16,177,4202,1,0.219204
16,177,4252,1,0.136724
16,177,4302,1,0.367233
16,177,4352,1,0.307363
16,177,4402,1,0.112324
16,177,4452,1,0.100569
16,177,4502,1,0.155051
16,177,4552,1,0.258046
16,177,4602,1,0.138679
16,177,4652,1,0.301391
16,177,4702,1,0.297149
16,177,4752,1,0.333124
16,177,4802,1,0.351140
16,177,4852,1,0.187016
16,177,4902,1,0.185673
16,177,4952,1,0.296310
16,182,2,1,1.277494
16,182,52,1,1.082568
16,182,102,1,1.080828
16,182,152,1,1.052466
16,182,202,1,1.064682
16,182,252,1,0.835660
16,182,302,1,0.941440
16,182,352,1,0.934966
16,182,402,1,0.800632
16,182,452,1,0.955363
16,182,502,1,0.769857
16,182,552,1,0.959040
16,182,602,1,1.021693
16,182,652,1,0.920942
16,182,702,1,0.766509
16,182,752,1,0.820914
16,182,802,1,1.011540
16,182,852,1,1.044580
16,182,902,1,1.086802
16,182,952,1,1.014689
16,182,1002,1,0.482931
16,182,1052,1,0.733798
16,182,1102,1,0.461093
16,182,1152,1,0.362942
16,182,1202,1,0.489867
16,182,1252,1,0.776396
16,182,1302,1,1.103279
16,182,1352,1,0.461465
16,182,1402,1,0.516782
16,182,1452,1,0.779318
16,182,1502,1,0.718847
16,182,1552,1,0.341747
16,182,1602,1,0.706317
16,182,1652,1,0.126255
16,182,1702,1,0.378505
16,182,1752,1,0.160310
16,182,1802,1,0.699727
16,182,1852,1,0.253550
16,182,1902,1,0.304388
16,182,1952,1,0.317812
16,182,2002,1,0.136574
16,182,2052,1,0.351526
16,182,2102,1,0.140729
16,182,2152,1,0.155606
16,182,2202,1,0.132877
16,182,2252,1,0.319612
16,182,2302,1,0.289126
16,182,2352,1,0.299949
16,182,2402,1,0.156130
16,182,2452,1,0.202339
16,182,2502,1,0.310535
16,182,2552,1,0.299053
16,182,2602,1,0.344611
16,182,2652,1,0.358335
16,182,2702,1,0.162094
16,182,2752,1,0.083347
16,182,2802,1,0.330697
16,182,2852,1,0.304325
16,182,2902,1,0.138651
16,182,2952,1,0.192907
16,182,3002,1,0.142367
16,182,3052,1,0.130310
16,182,3102,1,0.132765
16,182,3152,1,0.302614
16,182,3202,1,0.290410
16,182,3252,1,0.337734
16,182,3302,1,0.393531
16,182,3352,1,0.107464
16,182,3402,1,0.257956
16,182,3452,1,0.287238
16,182,3502,1,0.136095
16,182,3552,1,0.230605
16,182,3602,1,0.143310
16,182,3652,1,0.181790
16,182,3702,1,0.286148
16,182,3752,1,0.298572
16,182,3802,1,0.300888
16,182,3852,1,0.358561
16,182,3902,1,0.297043
16,182,3952,1,0.320198
16,182,4002,1,0.266491
16,182,4052,1,0.212371
16,182,4102,1,0.306731
16,182,4152,1,0.207128
16,182,4202,1,0.137592
16,182,4252,1,0.321225
16,182,4302,1,0.157613
16,182,4352,1,0.316460
16,182,4402,1,0.196696
16,182,4452,1,0.294477
16,182,4502,1,0.117665
16,182,4552,1,0.325064
16,182,4602,1,0.202628
16,182,4652,1,0.201702
16,182,4702,1,0.158849
16,182,4752,1,0.339779
16,182,4802,1,0.130928
16,182,4852,1,0.189119
16,182,4902,1,0.209264
16,182,4952,1,0.097853
16,187,2,1,1.335175
16,187,52,1,1.121543
16,187,102,1,1.122072
16,187,152,1,0.904506
16,187,202,1,0.939301
16,187,252,1,0.981456
16,187,302,1,0.943462
16,187,352,1,1.084544
16,187,402,1,0.772324
16,187,452,1,0.802135
16,187,502,1,0.918593
16,187,552,1,0.983625
16,187,602,1,0.460756
16,187,652,1,0.961580
16,187,702,1,0.934408
16,187,752,1,0.921817
16,187,802,1,0.933010
16,187,852,1,0.715089
16,187,902,1,0.931038
16,187,952,1,0.247524
16,187,1002,1,0.776685
16,187,1052,1,0.347167
16,187,1102,1,0.340489
16,187,1152,1,0.791429
16,187,1202,1,0.936016
16,187,1252,1,1.002859
16,187,1302,1,0.330075
16,187,1352,1,0.789452
16,187,1402,1,0.268192
16,187,1452,1,0.394392
16,187,1502,1,0.973331
16,187,1552,1,0.363718
16,187,1602,1,0.309517
16,187,1652,1,0.790490
16,187,1702,1,0.228057
16,187,1752,1,0.965283
16,187,1802,1,0.212879
16,187,1852,1,0.178653
16,187,1902,1,0.341814
16,187,1952,1,0.328728
16,187,2002,1,0.378067
16,187,2052,1,0.161763
16,187,2102,1,0.288615
16,187,2152,1,0.306833
16,187,2202,1,0.167005
16,187,2252,1,0.285607
16,187,2302,1,0.191557
16,187,2352,1,0.172255
16,187,2402,1,0.251466
16,187,2452,1,0.184718
16,187,2502,1,0.066002
16,187,2552,1,0.380945
16,187,2602,1,0.150355
16,187,2652,1,0.107378
16,187,2702,1,0.173219
16,187,2752,1,0.134462
16,187,2802,1,0.378438
16,187,2852,1,0.153216
16,187,2902,1,0.113621
16,187,2952,1,0.182579
16,187,3002,1,0.254171
16,187,3052,1,0.311969
16,187,3102,1,0.308871
16,187,3152,1,0.208258
16,187,3202,1,0.353800
16,187,3252,1,0.138354
16,187,3302,1,0.303385
16,187,3352,1,0.370466
16,187,3402,1,0.358613
16,187,3452,1,0.160725
16,187,3502,1,0.316029
16,187,3552,1,0.331227
16,187,3602,1,0.187686
16,187,3652,1,0.159352
16,187,3702,1,0.345743
16,187,3752,1,0.189710
16,187,3802,1,0.126752
16,187,3852,1,0.378041
16,187,3902,1,0.197283
16,187,3952,1,0.150268
16,187,4002,1,0.308750
16,187,4052,1,0.141331
16,187,4102,1,0.118655
16,187,4152,1,0.108448
16,187,4202,1,0.274449
16,187,4252,1,0.140421
16,187,4302,1,0.314348
16,187,4352,1,0.210946
16,187,4402,1,0.319200
16,187,4452,1,0.144389
16,187,4502,1,0.258012
16,187,4552,1,0.129493
16,187,4602,1,0.304605
16,187,4652,1,0.200110
16,187,4702,1,0.185932
16,187,4752,1,0.307627
16,187,4802,1,0.412919
16,187,4852,1,0.223424
16,187,4902,1,0.300313
16,187,4952,1,0.140476
16,192,2,1,1.301034
16,192,52,1,1.069056
16,192,102,1,1.133975
16,192,152,1,0.962778
16,192,202,1,0.848435
16,192,252,1,0.750567
16,192,302,1,0.935185
16,192,352,1,0.934031
16,192,402,1,0.965659
16,192,452,1,0.931908
16,192,502,1,0.760696
16,192,552,1,0.951428
16,192,602,1,0.822399
16,192,652,1,0.958662
16,192,702,1,0.822248
16,192,752,1,0.772638
16,192,802,1,0.459038
16,192,852,1,0.955806
16,192,902,1,0.771542
16,192,952,1,1.108855
16,192,1002,1,0.761474
16,192,1052,1,1.041301
16,192,1102,1,0.822017
16,192,1152,1,0.344805
16,192,1202,1,0.339598
16,192,1252,1,0.518510
16,192,1302,1,0.292159
16,192,1352,1,0.754861
16,192,1402,1,0.134560
16,192,1452,1,0.490635
16,192,1502,1,0.460665
16,192,1552,1,0.825856
16,192,1602,1,0.281791
16,192,1652,1,0.284477
16,192,1702,1,0.797302
16,192,1752,1,0.722669
16,192,1802,1,0.180385
16,192,1852,1,0.119297
16,192,1902,1,0.344112
16,192,1952,1,0.106406
16,192,2002,1,0.342054
16,192,2052,1,0.755202
16,192,2102,1,0.290642
16,192,2152,1,0.212445
16,192,2202,1,0.342925
16,192,2252,1,0.326595
16,192,2302,1,0.304912
16,192,2352,1,0.301230
16,192,2402,1,0.301202
16,192,2452,1,0.300700
16,192,2502,1,0.222248
16,192,2552,1,0.130299
16,192,2602,1,0.282999
16,192,2652,1,0.220547
16,192,2702,1,0.130172
16,192,2752,1,0.207976
16,192,2802,1,0.142334
16,192,2852,1,0.375795
16,192,2902,1,0.217106
16,192,2952,1,0.333258
16,192,3002,1,0.328295
16,192,3052,1,0.335060
16,192,3102,1,0.416569
16,192,3152,1,0.172319
16,192,3202,1,0.215119
16,192,3252,1,0.381741
16,192,3302,1,0.392508
16,192,3352,1,0.160348
16,192,3402,1,0.140219
16,192,3452,1,0.315288
16,192,3502,1,0.167852
16,192,3552,1,0.214755
16,192,3602,1,0.301337
16,192,3652,1,0.296809
16,192,3702,1,0.319252
16,192,3752,1,0.288183
16,192,3802,1,0.213568
16,192,3852,1,0.142927
16,192,3902,1,0.111140
16,192,3952,1,0.107391
16,192,4002,1,0.326567
16,192,4052,1,0.169836
16,192,4102,1,0.268109
16,192,4152,1,0.119935
16,192,4202,1,0.314887
16,192,4252,1,0.202451
16,192,4302,1,0.171939
16,192,4352,1,0.295909
16,192,4402,1,0.180536
16,192,4452,1,0.398996
16,192,4502,1,0.146440
16,192,4552,1,0.202382
16,192,4602,1,0.097774
16,192,4652,1,0.381996
16,192,4702,1,0.153304
16,192,4752,1,0.160104
16,192,4802,1,0.303400
16,192,4852,1,0.202290
16,192,4902,1,0.243376
16,192,4952,1,0.187210
16,197,2,1,1.318616
16,197,52,1,1.076323
16,197,102,1,0.949256
16,197,152,1,1.122339
16,197,202,1,0.750868
16,197,252,1,1.056554
16,197,302,1,1.081508
16,197,352,1,1.154134
16,197,402,1,0.937733
16,197,452,1,0.927206
16,197,502,1,0.929650
16,197,552,1,1.003636
16,197,602,1,0.768383
16,197,652,1,0.962507
16,197,702,1,0.460240
16,197,752,1,0.461846
16,197,802,1,0.734392
16,197,852,1,0.782023
16,197,902,1,0.925882
16,197,952,1,0.489997
16,197,1002,1,0.487379
16,197,1052,1,0.782013
16,197,1102,1,0.773800
16,197,1152,1,0.345874
16,197,1202,1,0.784176
16,197,1252,1,0.336608
16,197,1302,1,0.821815
16,197,1352,1,0.935080
16,197,1402,1,0.761489
16,197,1452,1,1.024403
16,197,1502,1,0.195935
16,197,1552,1,0.754945
16,197,1602,1,0.460902
16,197,1652,1,0.958041
16,197,1702,1,0.282331
16,197,1752,1,0.548056
16,197,1802,1,0.344337
16,197,1852,1,0.217244
16,197,1902,1,0.352087
16,197,1952,1,0.199660
16,197,2002,1,0.107847
16,197,2052,1,0.328299
16,197,2102,1,0.199786
16,197,2152,1,0.285406
16,197,2202,1,0.130874
16,197,2252,1,0.333124
16,197,2302,1,0.100689
16,197,2352,1,0.474010
16,197,2402,1,0.206794
16,197,2452,1,0.278776
16,197,2502,1,0.206554
16,197,2552,1,0.254975
16,197,2602,1,0.146690
16,197,2652,1,0.297001
16,197,2702,1,0.144644
16,197,2752,1,0.182847
16,197,2802,1,0.081161
16,197,2852,1,0.313836
16,197,2902,1,0.324205
16,197,2952,1,0.212775
16,197,3002,1,0.139034
16,197,3052,1,0.158150
16,197,3102,1,0.188367
16,197,3152,1,0.143465
16,197,3202,1,0.371424
16,197,3252,1,0.377204
16,197,3302,1,0.182720
16,197,3352,1,0.257682
16,197,3402,1,0.227675
16,197,3452,1,0.155261
16,197,3502,1,0.166059
16,197,3552,1,0.369346
16,197,3602,1,0.357543
16,197,3652,1,0.151649
16,197,3702,1,0.112297
16,197,3752,1,0.204095
16,197,3802,1,0.338595
16,197,3852,1,0.164336
16,197,3902,1,0.106815
16,197,3952,1,0.219943
16,197,4002,1,0.076487
16,197,4052,1,0.146366
16,197,4102,1,0.166340
16,197,4152,1,0.219736
16,197,4202,1,0.224769
16,197,4252,1,0.230506
16,197,4302,1,0.258670
16,197,4352,1,0.172548
16,197,4402,1,0.354533
16,197,4452,1,0.080936
16,197,4502,1,0.300058
16,197,4552,1,0.394038
16,197,4602,1,0.222253
16,197,4652,1,0.163882
16,197,4702,1,0.301925
16,197,4752,1,0.137595
16,197,4802,1,0.140433
16,197,4852,1,0.210010
16,197,4902,1,0.256836
16,197,4952,1,0.097578
32,2,2,1,1.230609
32,2,52,1,1.042505
32,2,102,1,1.050793
32,2,152,1,1.042445
32,2,202,1,1.167891
32,2,252,1,1.146206
32,2,302,1,1.231752
32,2,352,1,1.145291
32,2,402,1,1.137777
32,2,452,1,1.233979
32,2,502,1,1.083172
32,2,552,1,1.290634
32,2,602,1,1.136818
32,2,652,1,1.232207
32,2,702,1,1.102396
32,2,752,1,1.139595
32,2,802,1,1.087828
32,2,852,1,1.043007
32,2,902,1,1.042767
32,2,952,1,1.147759
32,2,1002,1,1.161374
32,2,1052,1,1.148492
32,2,1102,1,1.238622
32,2,1152,1,1.236058
32,2,1202,1,1.283511
32,2,1252,1,1.144055
32,2,1302,1,1.132773
32,2,1352,1,1.133037
32,2,1402,1,1.141558
32,2,1452,1,1.242891
32,2,1502,1,1.108847
32,2,1552,1,1.044743
32,2,1602,1,1.244253
32,2,1652,1,1.281489
32,2,1702,1,1.094156
32,2,1752,1,1.055894
32,2,1802,1,1.230816
32,2,1852,1,1.090048
32,2,1902,1,1.225502
32,2,1952,1,1.101853
32,2,2002,1,1.077823
32,2,2052,1,1.164376
32,2,2102,1,1.288119
32,2,2152,1,1.090510
32,2,2202,1,1.077235
32,2,2252,1,1.289508
32,2,2302,1,1.237566
32,2,2352,1,1.042136
32,2,2402,1,1.229151
32,2,2452,1,1.089029
32,2,2502,1,1.284221
32,2,2552,1,1.237905
32,2,2602,1,1.241917
32,2,2652,1,1.239153
32,2,2702,1,1.089413
32,2,2752,1,1.289115
32,2,2802,1,1.148199
32,2,2852,1,1.238287
32,2,2902,1,1.100079
32,2,2952,1,1.089098
32,2,3002,1,1.075815
32,2,3052,1,1.147581
32,2,3102,1,1.087603
32,2,3152,1,1.106012
32,2,3202,1,1.224166
32,2,3252,1,1.097196
32,2,3302,1,1.223034
32,2,3352,1,1.101801
32,2,3402,1,1.056307
32,2,3452,1,1.051016
32,2,3502,1,1.139063
32,2,3552,1,1.235892
32,2,3602,1,1.089143
32,2,3652,1,1.291090
32,2,3702,1,1.236396
32,2,3752,1,1.236011
32,2,3802,1,1.235748
32,2,3852,1,1.147073
32,2,3902,1,1.235690
32,2,3952,1,1.287876
32,2,4002,1,1.136390
32,2,4052,1,1.084740
32,2,4102,1,1.236679
32,2,4152,1,1.239482
32,2,4202,1,1.236788
32,2,4252,1,1.235130
32,2,4302,1,1.288960
32,2,4352,1,1.219808
32,2,4402,1,1.233990
32,2,4452,1,1.137073
32,2,4502,1,1.180156
32,2,4552,1,1.143948
32,2,4602,1,1.135460
32,2,4652,1,1.233882
32,2,4702,1,1.299156
32,2,4752,1,1.235181
32,2,4802,1,1.288762
32,2,4852,1,1.157715
32,2,4902,1,1.235713
32,2,4952,1,1.236448
32,7,2,1,1.220640
32,7,52,1,1.284007
32,7,102,1,1.223461
32,7,152,1,1.237213
32,7,202,1,1.105698
32,7,252,1,1.277911
32,7,302,1,1.244557
32,7,352,1,1.294285
32,7,402,1,1.137731
32,7,452,1,1.228030
32,7,502,1,1.250445
32,7,552,1,1.282407
32,7,602,1,1.147286
32,7,652,1,1.131722
32,7,702,1,1.226411
32,7,752,1,1.241647
32,7,802,1,1.237649
32,7,852,1,1.229005
32,7,902,1,1.226494
32,7,952,1,1.321617
32,7,1002,1,1.231649
32,7,1052,1,1.235299
32,7,1102,1,1.238367
32,7,1152,1,1.144163
32,7,1202,1,1.276285
32,7,1252,1,1.241686
32,7,1302,1,1.249402
32,7,1352,1,1.248122
32,7,1402,1,1.227142
32,7,1452,1,1.231912
32,7,1502,1,1.063399
32,7,1552,1,1.249763
32,7,1602,1,1.228308
32,7,1652,1,1.236324
32,7,1702,1,1.145334
32,7,1752,1,1.137608
32,7,1802,1,1.133869
32,7,1852,1,1.133517
32,7,1902,1,1.174499
32,7,1952,1,1.227146
32,7,2002,1,1.253889
32,7,2052,1,1.249172
32,7,2102,1,1.229927
32,7,2152,1,1.271464
32,7,2202,1,1.227409
32,7,2252,1,1.240060
32,7,2302,1,1.257049
32,7,2352,1,1.284807
32,7,2402,1,1.236006
32,7,2452,1,1.147888
32,7,2502,1,1.269161
32,7,2552,1,1.078145
32,7,2602,1,1.227745
32,7,2652,1,1.148551
32,7,2702,1,1.229436
32,7,2752,1,1.082760
32,7,2802,1,1.183578
32,7,2852,1,1.238154
32,7,2902,1,1.045312
32,7,2952,1,1.285350
32,7,3002,1,1.278271
32,7,3052,1,1.229121
32,7,3102,1,1.231932
32,7,3152,1,1.275815
32,7,3202,1,1.297126
32,7,3252,1,1.145002
32,7,3302,1,1.259710
32,7,3352,1,1.052616
32,7,3402,1,1.042440
32,7,3452,1,1.117647
32,7,3502,1,1.228937
32,7,3552,1,1.105258
32,7,3602,1,1.051198
32,7,3652,1,1.098807
32,7,3702,1,1.240047
32,7,3752,1,1.100922
32,7,3802,1,1.225777
32,7,3852,1,1.270716
32,7,3902,1,1.235180
32,7,3952,1,1.148372
32,7,4002,1,1.137608
32,7,4052,1,1.073391
32,7,4102,1,1.270482
32,7,4152,1,1.095815
32,7,4202,1,1.078306
32,7,4252,1,1.237956
32,7,4302,1,1.234461
32,7,4352,1,1.237974
32,7,4402,1,1.231537
32,7,4452,1,1.090395
32,7,4502,1,1.225584
32,7,4552,1,1.075035
32,7,4602,1,1.224037
32,7,4652,1,1.053674
32,7,4702,1,1.247206
32,7,4752,1,1.155418
32,7,4802,1,1.234917
32,7,4852,1,1.226291
32,7,4902,1,1.253825
32,7,4952,1,1.235428
32,12,2,1,1.239721
32,12,52,1,0.787440
32,12,102,1,0.978648
32,12,152,1,0.788474
32,12,202,1,0.946099
32,12,252,1,0.933649
32,12,302,1,0.937172
32,12,352,1,1.133565
32,12,402,1,0.921679
32,12,452,1,1.111016
32,12,502,1,0.953561
32,12,552,1,0.937004
32,12,602,1,0.837959
32,12,652,1,0.927905
32,12,702,1,0.930174
32,12,752,1,0.995225
32,12,802,1,0.887237
32,12,852,1,0.929122
32,12,902,1,0.919244
32,12,952,1,0.929901
32,12,1002,1,0.925591
32,12,1052,1,0.938273
32,12,1102,1,0.926699
32,12,1152,1,0.930086
32,12,1202,1,0.843294
32,12,1252,1,0.941157
32,12,1302,1,0.933550
32,12,1352,1,1.081601
32,12,1402,1,0.928477
32,12,1452,1,0.945769
32,12,1502,1,0.927730
32,12,1552,1,1.080165
32,12,1602,1,0.918544
32,12,1652,1,1.061593
32,12,1702,1,1.011006
32,12,1752,1,0.928406
32,12,1802,1,0.930008
32,12,1852,1,1.039702
32,12,1902,1,0.921955
32,12,1952,1,0.922134
32,12,2002,1,0.983229
32,12,2052,1,0.928847
32,12,2102,1,0.932719
32,12,2152,1,1.107599
32,12,2202,1,0.956166
32,12,2252,1,0.973074
32,12,2302,1,0.939075
32,12,2352,1,0.969106
32,12,2402,1,0.947780
32,12,2452,1,1.112309
32,12,2502,1,0.914893
32,12,2552,1,0.918320
32,12,2602,1,0.926997
32,12,2652,1,1.108025
32,12,2702,1,1.080865
32,12,2752,1,0.924524
32,12,2802,1,1.054071
32,12,2852,1,0.936505
32,12,2902,1,1.108559
32,12,2952,1,0.927238
32,12,3002,1,0.978700
32,12,3052,1,0.930339
32,12,3102,1,0.928756
32,12,3152,1,0.979239
32,12,3202,1,0.918233
32,12,3252,1,0.927751
32,12,3302,1,0.939648
32,12,3352,1,0.991411
32,12,3402,1,1.081991
32,12,3452,1,0.940584
32,12,3502,1,0.808030
32,12,3552,1,0.939358
32,12,3602,1,0.918944
32,12,3652,1,0.917259
32,12,3702,1,0.955531
32,12,3752,1,1.054218
32,12,3802,1,0.918531
32,12,3852,1,0.927064
32,12,3902,1,0.918214
32,12,3952,1,0.967394
32,12,4002,1,0.923162
32,12,4052,1,0.983268
32,12,4102,1,0.917319
32,12,4152,1,0.929568
32,12,4202,1,0.920347
32,12,4252,1,0.918736
32,12,4302,1,0.919742
32,12,4352,1,0.923219
32,12,4402,1,0.946985
32,12,4452,1,0.915664
32,12,4502,1,0.925871
32,12,4552,1,0.929962
32,12,4602,1,0.914764
32,12,4652,1,0.922611
32,12,4702,1,1.019278
32,12,4752,1,0.936701
32,12,4802,1,1.109002
32,12,4852,1,1.084366
32,12,4902,1,0.813277
32,12,4952,1,0.987688
32,17,2,1,1.181356
32,17,52,1,0.929150
32,17,102,1,1.080750
32,17,152,1,0.932551
32,17,202,1,1.068472
32,17,252,1,0.917132
32,17,302,1,0.988629
32,17,352,1,0.976661
32,17,402,1,0.942013
32,17,452,1,0.928447
32,17,502,1,0.917333
32,17,552,1,0.791779
32,17,602,1,0.938332
32,17,652,1,1.021448
32,17,702,1,1.075553
32,17,752,1,0.913665
32,17,802,1,0.924136
32,17,852,1,0.971728
32,17,902,1,0.929620
32,17,952,1,0.938700
32,17,1002,1,1.071643
32,17,1052,1,0.961853
32,17,1102,1,1.113692
32,17,1152,1,1.034316
32,17,1202,1,0.941685
32,17,1252,1,0.926295
32,17,1302,1,1.084155
32,17,1352,1,0.930819
32,17,1402,1,0.940877
32,17,1452,1,0.945880
32,17,1502,1,0.931504
32,17,1552,1,0.820986
32,17,1602,1,0.921236
32,17,1652,1,0.934872
32,17,1702,1,1.020810
32,17,1752,1,1.077602
32,17,1802,1,0.925810
32,17,1852,1,0.935457
32,17,1902,1,0.843171
32,17,1952,1,0.938780
32,17,2002,1,0.873917
32,17,2052,1,0.939864
32,17,2102,1,0.984321
32,17,2152,1,1.085055
32,17,2202,1,0.833099
32,17,2252,1,0.940518
32,17,2302,1,0.876624
32,17,2352,1,0.913347
32,17,2402,1,1.049366
32,17,2452,1,0.919762
32,17,2502,1,0.937827
32,17,2552,1,0.938753
32,17,2602,1,0.986148
32,17,2652,1,0.927749
32,17,2702,1,1.111070
32,17,2752,1,0.922071
32,17,2802,1,0.928376
32,17,2852,1,0.924527
32,17,2902,1,1.084863
32,17,2952,1,0.967433
32,17,3002,1,0.932192
32,17,3052,1,1.086296
32,17,3102,1,0.938992
32,17,3152,1,0.943486
32,17,3202,1,0.942214
32,17,3252,1,0.931201
32,17,3302,1,0.937936
32,17,3352,1,1.132258
32,17,3402,1,1.083642
32,17,3452,1,1.088375
32,17,3502,1,0.944988
32,17,3552,1,0.935106
32,17,3602,1,0.945888
32,17,3652,1,1.065326
32,17,3702,1,0.972621
32,17,3752,1,0.845088
32,17,3802,1,0.781165
32,17,3852,1,0.914871
32,17,3902,1,0.943911
32,17,3952,1,0.939710
32,17,4002,1,0.990263
32,17,4052,1,0.927692
32,17,4102,1,0.927388
32,17,4152,1,0.927551
32,17,4202,1,0.989084
32,17,4252,1,1.008689
32,17,4302,1,0.977474
32,17,4352,1,0.951932
32,17,4402,1,0.919474
32,17,4452,1,1.082902
32,17,4502,1,0.928794
32,17,4552,1,0.927699
32,17,4602,1,0.928805
32,17,4652,1,0.985016
32,17,4702,1,0.942282
32,17,4752,1,0.929788
32,17,4802,1,0.940310
32,17,4852,1,0.923997
32,17,4902,1,0.936061
32,17,4952,1,0.935113
32,22,2,1,1.227849
32,22,52,1,1.053943
32,22,102,1,1.034646
32,22,152,1,1.141322
32,22,202,1,1.080187
32,22,252,1,0.928159
32,22,302,1,1.051824
32,22,352,1,0.741663
32,22,402,1,0.801062
32,22,452,1,0.969849
32,22,502,1,0.926591
32,22,552,1,0.958375
32,22,602,1,0.923018
32,22,652,1,0.851075
32,22,702,1,0.940467
32,22,752,1,0.702437
32,22,802,1,0.713110
32,22,852,1,0.724209
32,22,902,1,0.753185
32,22,952,1,0.782867
32,22,1002,1,0.725508
32,22,1052,1,0.921593
32,22,1102,1,0.650988
32,22,1152,1,0.715373
32,22,1202,1,0.715424
32,22,1252,1,0.747339
32,22,1302,1,0.608902
32,22,1352,1,0.716523
32,22,1402,1,0.752853
32,22,1452,1,0.818274
32,22,1502,1,0.803539
32,22,1552,1,0.807978
32,22,1602,1,0.724266
32,22,1652,1,0.723645
32,22,1702,1,0.635416
32,22,1752,1,0.716469
32,22,1802,1,0.807276
32,22,1852,1,0.662565
32,22,1902,1,0.728043
32,22,1952,1,0.773769
32,22,2002,1,0.723026
32,22,2052,1,0.782399
32,22,2102,1,0.778059
32,22,2152,1,0.720871
32,22,2202,1,0.713122
32,22,2252,1,0.721657
32,22,2302,1,0.716581
32,22,2352,1,0.602335
32,22,2402,1,0.718646
32,22,2452,1,0.777457
32,22,2502,1,0.723753
32,22,2552,1,0.725170
32,22,2602,1,0.719397
32,22,2652,1,0.715239
32,22,2702,1,0.722982
32,22,2752,1,0.719730
32,22,2802,1,0.723040
32,22,2852,1,0.711891
32,22,2902,1,0.724941
32,22,2952,1,0.711302
32,22,3002,1,0.782390
32,22,3052,1,0.715443
32,22,3102,1,0.810678
32,22,3152,1,0.703659
32,22,3202,1,0.719553
32,22,3252,1,0.723812
32,22,3302,1,0.779123
32,22,3352,1,0.722132
32,22,3402,1,0.714758
32,22,3452,1,0.606702
32,22,3502,1,0.808373
32,22,3552,1,0.754108
32,22,3602,1,0.715403
32,22,3652,1,0.708424
32,22,3702,1,0.704455
32,22,3752,1,0.803498
32,22,3802,1,0.699758
32,22,3852,1,0.704498
32,22,3902,1,0.718590
32,22,3952,1,0.801126
32,22,4002,1,0.703540
32,22,4052,1,0.715268
32,22,4102,1,0.726071
32,22,4152,1,0.704504
32,22,4202,1,0.706897
32,22,4252,1,0.716553
32,22,4302,1,0.781374
32,22,4352,1,0.707614
32,22,4402,1,0.712766
32,22,4452,1,0.805361
32,22,4502,1,0.714368
32,22,4552,1,0.716391
32,22,4602,1,0.718071
32,22,4652,1,0.716200
32,22,4702,1,0.709565
32,22,4752,1,0.713891
32,22,4802,1,0.785392
32,22,4852,1,0.714072
32,22,4902,1,0.714631
32,22,4952,1,0.713119
32,27,2,1,1.231214
32,27,52,1,1.116681
32,27,102,1,0.929017
32,27,152,1,0.942611
32,27,202,1,1.306064
32,27,252,1,0.972187
32,27,302,1,0.940219
32,27,352,1,0.933202
32,27,402,1,0.738666
32,27,452,1,0.913099
32,27,502,1,0.941783
32,27,552,1,0.645200
32,27,602,1,0.928177
32,27,652,1,0.814629
32,27,702,1,0.923073
32,27,752,1,0.983970
32,27,802,1,0.933438
32,27,852,1,0.932688
32,27,902,1,0.714862
32,27,952,1,0.807685
32,27,1002,1,0.782854
32,27,1052,1,0.762084
32,27,1102,1,0.734854
32,27,1152,1,0.826103
32,27,1202,1,0.781884
32,27,1252,1,0.783981
32,27,1302,1,0.931974
32,27,1352,1,0.739150
32,27,1402,1,0.703413
32,27,1452,1,0.718716
32,27,1502,1,0.722096
32,27,1552,1,0.727913
32,27,1602,1,0.780216
32,27,1652,1,0.715783
32,27,1702,1,0.745041
32,27,1752,1,0.718214
32,27,1802,1,0.774385
32,27,1852,1,0.709977
32,27,1902,1,0.722591
32,27,1952,1,0.706863
32,27,2002,1,0.721039
32,27,2052,1,0.753257
32,27,2102,1,0.695480
32,27,2152,1,0.557054
32,27,2202,1,0.706891
32,27,2252,1,0.811484
32,27,2302,1,0.787336
32,27,2352,1,0.758797
32,27,2402,1,0.727140
32,27,2452,1,0.714400
32,27,2502,1,0.706755
32,27,2552,1,0.814428
32,27,2602,1,0.712943
32,27,2652,1,0.724174
32,27,2702,1,0.787115
32,27,2752,1,0.720923
32,27,2802,1,0.718550
32,27,2852,1,0.720344
32,27,2902,1,0.706858
32,27,2952,1,0.718658
32,27,3002,1,0.594368
32,27,3052,1,0.776265
32,27,3102,1,0.788336
32,27,3152,1,0.720111
32,27,3202,1,0.736357
32,27,3252,1,0.729319
32,27,3302,1,0.796425
32,27,3352,1,0.731306
32,27,3402,1,0.716592
32,27,3452,1,0.719418
32,27,3502,1,0.728412
32,27,3552,1,0.594620
32,27,3602,1,0.705816
32,27,3652,1,0.726613
32,27,3702,1,0.610280
32,27,3752,1,0.732357
32,27,3802,1,0.778529
32,27,3852,1,0.728736
32,27,3902,1,0.725628
32,27,3952,1,0.718364
32,27,4002,1,0.718003
32,27,4052,1,0.607975
32,27,4102,1,0.787748
32,27,4152,1,0.786540
32,27,4202,1,0.718661
32,27,4252,1,0.714354
32,27,4302,1,0.712141
32,27,4352,1,0.710834
32,27,4402,1,0.730950
32,27,4452,1,0.723346
32,27,4502,1,0.782338
32,27,4552,1,0.777081
32,27,4602,1,0.721749
32,27,4652,1,0.723751
32,27,4702,1,0.719786
32,27,4752,1,0.719747
32,27,4802,1,0.710088
32,27,4852,1,0.712460
32,27,4902,1,0.714703
32,27,4952,1,0.724583
32,32,2,1,1.225064
32,32,52,1,0.736495
32,32,102,1,1.111587
32,32,152,1,0.914084
32,32,202,1,1.085921
32,32,252,1,0.924160
32,32,302,1,0.976107
32,32,352,1,0.931452
32,32,402,1,0.840165
32,32,452,1,1.001578
32,32,502,1,0.822185
32,32,552,1,0.820580
32,32,602,1,1.023309
32,32,652,1,1.075107
32,32,702,1,0.922183
32,32,752,1,0.950231
32,32,802,1,0.824014
32,32,852,1,0.597082
32,32,902,1,0.735110
32,32,952,1,0.836496
32,32,1002,1,0.778143
32,32,1052,1,0.774226
32,32,1102,1,0.703603
32,32,1152,1,0.597531
32,32,1202,1,0.716103
32,32,1252,1,0.720745
32,32,1302,1,0.665354
32,32,1352,1,0.818273
32,32,1402,1,0.603095
32,32,1452,1,0.705196
32,32,1502,1,0.608815
32,32,1552,1,0.606365
32,32,1602,1,0.633113
32,32,1652,1,0.608331
32,32,1702,1,0.608879
32,32,1752,1,0.606843
32,32,1802,1,0.609157
32,32,1852,1,0.790070
32,32,1902,1,0.600450
32,32,1952,1,0.605321
32,32,2002,1,0.636859
32,32,2052,1,0.609471
32,32,2102,1,0.604770
32,32,2152,1,0.610506
32,32,2202,1,0.609033
32,32,2252,1,0.608973
32,32,2302,1,0.609914
32,32,2352,1,0.633068
32,32,2402,1,0.611070
32,32,2452,1,0.608810
32,32,2502,1,0.611694
32,32,2552,1,0.610333
32,32,2602,1,0.611651
32,32,2652,1,0.606159
32,32,2702,1,0.636542
32,32,2752,1,0.635928
32,32,2802,1,0.607354
32,32,2852,1,0.607897
32,32,2902,1,0.608494
32,32,2952,1,0.634950
32,32,3002,1,0.631232
32,32,3052,1,0.608220
32,32,3102,1,0.610029
32,32,3152,1,0.610502
32,32,3202,1,0.637837
32,32,3252,1,0.608815
32,32,3302,1,0.658589
32,32,3352,1,0.606028
32,32,3402,1,0.611380
32,32,3452,1,0.610531
32,32,3502,1,0.635960
32,32,3552,1,0.611227
32,32,3602,1,0.609695
32,32,3652,1,0.634754
32,32,3702,1,0.609880
32,32,3752,1,0.608834
32,32,3802,1,0.662982
32,32,3852,1,0.633684
32,32,3902,1,0.608468
32,32,3952,1,0.607730
32,32,4002,1,0.638757
32,32,4052,1,0.636623
32,32,4102,1,0.635237
32,32,4152,1,0.609603
32,32,4202,1,0.611040
32,32,4252,1,0.607996
32,32,4302,1,0.608926
32,32,4352,1,0.596360
32,32,4402,1,0.609944
32,32,4452,1,0.551589
32,32,4502,1,0.606797
32,32,4552,1,0.636095
32,32,4602,1,0.606233
32,32,4652,1,0.512460
32,32,4702,1,0.609654
32,32,4752,1,0.609953
32,32,4802,1,0.635227
32,32,4852,1,0.609274
32,32,4902,1,0.507070
32,32,4952,1,0.636533
32,37,2,1,1.322689
32,37,52,1,0.925804
32,37,102,1,0.931890
32,37,152,1,1.049082
32,37,202,1,0.919731
32,37,252,1,1.269802
32,37,302,1,0.931433
32,37,352,1,0.776512
32,37,402,1,0.963678
32,37,452,1,0.600209
32,37,502,1,0.818801
32,37,552,1,0.997263
32,37,602,1,0.603447
32,37,652,1,0.758794
32,37,702,1,0.926784
32,37,752,1,0.780716
32,37,802,1,0.713744
32,37,852,1,0.819948
32,37,902,1,0.600793
32,37,952,1,0.495167
32,37,1002,1,0.606965
32,37,1052,1,0.633785
32,37,1102,1,0.800931
32,37,1152,1,0.603544
32,37,1202,1,0.601117
32,37,1252,1,0.608593
32,37,1302,1,0.603026
32,37,1352,1,0.602299
32,37,1402,1,1.103333
32,37,1452,1,0.591141
32,37,1502,1,0.605708
32,37,1552,1,0.610552
32,37,1602,1,0.608127
32,37,1652,1,0.607491
32,37,1702,1,0.640996
32,37,1752,1,0.607219
32,37,1802,1,0.611752
32,37,1852,1,0.610010
32,37,1902,1,0.610959
32,37,1952,1,0.611189
32,37,2002,1,0.610578
32,37,2052,1,0.660739
32,37,2102,1,0.607885
32,37,2152,1,0.610024
32,37,2202,1,0.608802
32,37,2252,1,0.608056
32,37,2302,1,0.594038
32,37,2352,1,0.606554
32,37,2402,1,0.608856
32,37,2452,1,0.608728
32,37,2502,1,0.611234
32,37,2552,1,0.607503
32,37,2602,1,0.609800
32,37,2652,1,0.610966
32,37,2702,1,0.600997
32,37,2752,1,0.609751
32,37,2802,1,0.633599
32,37,2852,1,0.638946
32,37,2902,1,0.607653
32,37,2952,1,0.634441
32,37,3002,1,0.609212
32,37,3052,1,0.611159
32,37,3102,1,0.607508
32,37,3152,1,0.610165
32,37,3202,1,0.636415
32,37,3252,1,0.622821
32,37,3302,1,0.636213
32,37,3352,1,0.610798
32,37,3402,1,0.610438
32,37,3452,1,0.609769
32,37,3502,1,0.638916
32,37,3552,1,0.637332
32,37,3602,1,0.637205
32,37,3652,1,0.634287
32,37,3702,1,0.608336
32,37,3752,1,0.610633
32,37,3802,1,0.636586
32,37,3852,1,0.615174
32,37,3902,1,0.634146
32,37,3952,1,0.531384
32,37,4002,1,0.607225
32,37,4052,1,0.611407
32,37,4102,1,0.607246
32,37,4152,1,0.628464
32,37,4202,1,0.595963
32,37,4252,1,0.607296
32,37,4302,1,0.607487
32,37,4352,1,0.611377
32,37,4402,1,0.610572
32,37,4452,1,0.663084
32,37,4502,1,0.610701
32,37,4552,1,0.607918
32,37,4602,1,0.611006
32,37,4652,1,0.621597
32,37,4702,1,0.636124
32,37,4752,1,0.622999
32,37,4802,1,0.615299
32,37,4852,1,0.606840
32,37,4902,1,0.636830
32,37,4952,1,0.591818
32,42,2,1,1.236149
32,42,52,1,1.050982
32,42,102,1,1.273148
32,42,152,1,1.217984
32,42,202,1,0.929716
32,42,252,1,1.010568
32,42,302,1,0.926828
32,42,352,1,1.082540
32,42,402,1,0.994817
32,42,452,1,0.926250
32,42,502,1,1.087444
32,42,552,1,1.067247
32,42,602,1,0.929420
32,42,652,1,0.755603
32,42,702,1,0.915983
32,42,752,1,0.748606
32,42,802,1,0.809202
32,42,852,1,0.802156
32,42,902,1,0.640634
32,42,952,1,0.606089
32,42,1002,1,0.823599
32,42,1052,1,0.785805
32,42,1102,1,0.803164
32,42,1152,1,0.607434
32,42,1202,1,0.606140
32,42,1252,1,0.609126
32,42,1302,1,0.762157
32,42,1352,1,0.942432
32,42,1402,1,0.605817
32,42,1452,1,0.946783
32,42,1502,1,0.742705
32,42,1552,1,0.585918
32,42,1602,1,0.610077
32,42,1652,1,0.605055
32,42,1702,1,0.607849
32,42,1752,1,0.610510
32,42,1802,1,0.610799
32,42,1852,1,0.611444
32,42,1902,1,0.606996
32,42,1952,1,0.660927
32,42,2002,1,0.610176
32,42,2052,1,0.635230
32,42,2102,1,0.610381
32,42,2152,1,0.611409
32,42,2202,1,0.609460
32,42,2252,1,0.595222
32,42,2302,1,0.607089
32,42,2352,1,0.636714
32,42,2402,1,0.611404
32,42,2452,1,0.662531
32,42,2502,1,0.636562
32,42,2552,1,0.608130
32,42,2602,1,0.612066
32,42,2652,1,0.611720
32,42,2702,1,0.606391
32,42,2752,1,0.608306
32,42,2802,1,0.608838
32,42,2852,1,0.636003
32,42,2902,1,0.609493
32,42,2952,1,0.612848
32,42,3002,1,0.596435
32,42,3052,1,0.610383
32,42,3102,1,0.607610
32,42,3152,1,0.608138
32,42,3202,1,0.610210
32,42,3252,1,0.607911
32,42,3302,1,0.636165
32,42,3352,1,0.599127
32,42,3402,1,0.633386
32,42,3452,1,0.610651
32,42,3502,1,0.610816
32,42,3552,1,0.611422
32,42,3602,1,0.610783
32,42,3652,1,0.657390
32,42,3702,1,0.608747
32,42,3752,1,0.611521
32,42,3802,1,0.611414
32,42,3852,1,0.611967
32,42,3902,1,0.611318
32,42,3952,1,0.610040
32,42,4002,1,0.634362
32,42,4052,1,0.606752
32,42,4102,1,0.504461
32,42,4152,1,0.607995
32,42,4202,1,0.613036
32,42,4252,1,0.611194
32,42,4302,1,0.607759
32,42,4352,1,0.608920
32,42,4402,1,0.610815
32,42,4452,1,0.611753
32,42,4502,1,0.610304
32,42,4552,1,0.611739
32,42,4602,1,0.608049
32,42,4652,1,0.611308
32,42,4702,1,0.611170
32,42,4752,1,0.612050
32,42,4802,1,0.611039
32,42,4852,1,0.635708
32,42,4902,1,0.611894
32,42,4952,1,0.508001
32,47,2,1,1.259334
32,47,52,1,1.106524
32,47,102,1,0.817244
32,47,152,1,0.596382
32,47,202,1,1.081302
32,47,252,1,1.036284
32,47,302,1,0.935674
32,47,352,1,1.108809
32,47,402,1,0.933637
32,47,452,1,0.730702
32,47,502,1,0.547430
32,47,552,1,1.012557
32,47,602,1,0.758353
32,47,652,1,0.933467
32,47,702,1,0.943850
32,47,752,1,0.713880
32,47,802,1,1.000793
32,47,852,1,0.751779
32,47,902,1,0.594585
32,47,952,1,0.805711
32,47,1002,1,0.607779
32,47,1052,1,0.825247
32,47,1102,1,0.647801
32,47,1152,1,0.610744
32,47,1202,1,0.631380
32,47,1252,1,0.777163
32,47,1302,1,0.720530
32,47,1352,1,0.604225
32,47,1402,1,0.608493
32,47,1452,1,0.637365
32,47,1502,1,0.608553
32,47,1552,1,0.611403
32,47,1602,1,0.611336
32,47,1652,1,0.610376
32,47,1702,1,0.610793
32,47,1752,1,0.612121
32,47,1802,1,0.606200
32,47,1852,1,0.635100
32,47,1902,1,0.610729
32,47,1952,1,0.611832
32,47,2002,1,0.637759
32,47,2052,1,0.611142
32,47,2102,1,0.613036
32,47,2152,1,0.610867
32,47,2202,1,0.609595
32,47,2252,1,0.611443
32,47,2302,1,0.610253
32,47,2352,1,0.636964
32,47,2402,1,0.610726
32,47,2452,1,0.638471
32,47,2502,1,0.610929
32,47,2552,1,0.607037
32,47,2602,1,0.607704
32,47,2652,1,0.608740
32,47,2702,1,0.618025
32,47,2752,1,0.612435
32,47,2802,1,0.637369
32,47,2852,1,0.612338
32,47,2902,1,0.608777
32,47,2952,1,0.608733
32,47,3002,1,0.640126
32,47,3052,1,0.612771
32,47,3102,1,0.635428
32,47,3152,1,0.611500
32,47,3202,1,0.611893
32,47,3252,1,0.611090
32,47,3302,1,0.609136
32,47,3352,1,0.635474
32,47,3402,1,0.610537
32,47,3452,1,0.610261
32,47,3502,1,0.632548
32,47,3552,1,0.610612
32,47,3602,1,0.611959
32,47,3652,1,0.608959
32,47,3702,1,0.620660
32,47,3752,1,0.610457
32,47,3802,1,0.613074
32,47,3852,1,0.607661
32,47,3902,1,0.637876
32,47,3952,1,0.608798
32,47,4002,1,0.612582
32,47,4052,1,0.612014
32,47,4102,1,0.610502
32,47,4152,1,0.609951
32,47,4202,1,0.610003
32,47,4252,1,0.607626
32,47,4302,1,0.611464
32,47,4352,1,0.611730
32,47,4402,1,0.611607
32,47,4452,1,0.610469
32,47,4502,1,0.637474
32,47,4552,1,0.608593
32,47,4602,1,0.638970
32,47,4652,1,0.636695
32,47,4702,1,0.611730
32,47,4752,1,0.613258
32,47,4802,1,0.508020
32,47,4852,1,0.610497
32,47,4902,1,0.510411
32,47,4952,1,0.500412
32,52,2,1,1.336608
32,52,52,1,1.049098
32,52,102,1,0.933171
32,52,152,1,1.099470
32,52,202,1,0.930020
32,52,252,1,0.929315
32,52,302,1,1.012494
32,52,352,1,1.044481
32,52,402,1,0.911949
32,52,452,1,0.917993
32,52,502,1,0.937561
32,52,552,1,0.814931
32,52,602,1,0.874040
32,52,652,1,0.604256
32,52,702,1,0.823421
32,52,752,1,0.829201
32,52,802,1,0.515079
32,52,852,1,0.727634
32,52,902,1,0.600499
32,52,952,1,0.758337
32,52,1002,1,0.749828
32,52,1052,1,0.846808
32,52,1102,1,0.631406
32,52,1152,1,0.607865
32,52,1202,1,0.826020
32,52,1252,1,0.595334
32,52,1302,1,0.604558
32,52,1352,1,0.726713
32,52,1402,1,0.608799
32,52,1452,1,0.612306
32,52,1502,1,0.609867
32,52,1552,1,0.613222
32,52,1602,1,0.611569
32,52,1652,1,0.630631
32,52,1702,1,0.611849
32,52,1752,1,0.611927
32,52,1802,1,0.610822
32,52,1852,1,0.612823
32,52,1902,1,0.612193
32,52,1952,1,0.637351
32,52,2002,1,0.612748
32,52,2052,1,0.610552
32,52,2102,1,0.609499
32,52,2152,1,0.612987
32,52,2202,1,0.520443
32,52,2252,1,0.611213
32,52,2302,1,0.608708
32,52,2352,1,0.638786
32,52,2402,1,0.612585
32,52,2452,1,0.612081
32,52,2502,1,0.613574
32,52,2552,1,0.609099
32,52,2602,1,0.612745
32,52,2652,1,0.638230
32,52,2702,1,0.609107
32,52,2752,1,0.509357
32,52,2802,1,0.505900
32,52,2852,1,0.609175
32,52,2902,1,0.612147
32,52,2952,1,0.609956
32,52,3002,1,0.606581
32,52,3052,1,0.609228
32,52,3102,1,0.612434
32,52,3152,1,0.611959
32,52,3202,1,0.613508
32,52,3252,1,0.639645
32,52,3302,1,0.612797
32,52,3352,1,0.613155
32,52,3402,1,0.613751
32,52,3452,1,0.610888
32,52,3502,1,0.637081
32,52,3552,1,0.612187
32,52,3602,1,0.612094
32,52,3652,1,0.639653
32,52,3702,1,0.611933
32,52,3752,1,0.637839
32,52,3802,1,0.639300
32,52,3852,1,0.613472
32,52,3902,1,0.511079
32,52,3952,1,0.608943
32,52,4002,1,0.639159
32,52,4052,1,0.613182
32,52,4102,1,0.610433
32,52,4152,1,0.612535
32,52,4202,1,0.609670
32,52,4252,1,0.639196
32,52,4302,1,0.607963
32,52,4352,1,0.638583
32,52,4402,1,0.610393
32,52,4452,1,0.508758
32,52,4502,1,0.611444
32,52,4552,1,0.606220
32,52,4602,1,0.620970
32,52,4652,1,0.612308
32,52,4702,1,0.646453
32,52,4752,1,0.610772
32,52,4802,1,0.612180
32,52,4852,1,0.609849
32,52,4902,1,0.639149
32,52,4952,1,0.609847
32,57,2,1,1.248581
32,57,52,1,1.067364
32,57,102,1,1.226306
32,57,152,1,0.924505
32,57,202,1,0.985347
32,57,252,1,1.051064
32,57,302,1,0.815882
32,57,352,1,0.923615
32,57,402,1,1.127738
32,57,452,1,1.002982
32,57,502,1,0.934223
32,57,552,1,1.112779
32,57,602,1,1.195134
32,57,652,1,0.819503
32,57,702,1,0.940184
32,57,752,1,0.997569
32,57,802,1,0.773215
32,57,852,1,0.915125
32,57,902,1,0.821733
32,57,952,1,0.773099
32,57,1002,1,0.756122
32,57,1052,1,0.818586
32,57,1102,1,0.717475
32,57,1152,1,0.361510
32,57,1202,1,0.824915
32,57,1252,1,0.756893
32,57,1302,1,0.461016
32,57,1352,1,0.737313
32,57,1402,1,0.462544
32,57,1452,1,0.462109
32,57,1502,1,0.395109
32,57,1552,1,0.371555
32,57,1602,1,0.356197
32,57,1652,1,0.462769
32,57,1702,1,0.388790
32,57,1752,1,0.724219
32,57,1802,1,0.391188
32,57,1852,1,0.391586
32,57,1902,1,0.366695
32,57,1952,1,0.382892
32,57,2002,1,0.377548
32,57,2052,1,0.408625
32,57,2102,1,0.386009
32,57,2152,1,0.392612
32,57,2202,1,0.402452
32,57,2252,1,0.376787
32,57,2302,1,0.368390
32,57,2352,1,0.368149
32,57,2402,1,0.380251
32,57,2452,1,0.375017
32,57,2502,1,0.413403
32,57,2552,1,0.365568
32,57,2602,1,0.413055
32,57,2652,1,0.355219
32,57,2702,1,0.370821
32,57,2752,1,0.402656
32,57,2802,1,0.380397
32,57,2852,1,0.415870
32,57,2902,1,0.379964
32,57,2952,1,0.374221
32,57,3002,1,0.372667
32,57,3052,1,0.369312
32,57,3102,1,0.382877
32,57,3152,1,0.363057
32,57,3202,1,0.368963
32,57,3252,1,0.368439
32,57,3302,1,0.386194
32,57,3352,1,0.383711
32,57,3402,1,0.393257
32,57,3452,1,0.379813
32,57,3502,1,0.376329
32,57,3552,1,0.407732
32,57,3602,1,0.366450
32,57,3652,1,0.408875
32,57,3702,1,0.377902
32,57,3752,1,0.359509
32,57,3802,1,0.365008
32,57,3852,1,0.353865
32,57,3902,1,0.392214
32,57,3952,1,0.375408
32,57,4002,1,0.389146
32,57,4052,1,0.374139
32,57,4102,1,0.380349
32,57,4152,1,0.388002
32,57,4202,1,0.378097
32,57,4252,1,0.412187
32,57,4302,1,0.372095
32,57,4352,1,0.382277
32,57,4402,1,0.360630
32,57,4452,1,0.364315
32,57,4502,1,0.376779
32,57,4552,1,0.370027
32,57,4602,1,0.378906
32,57,4652,1,0.367345
32,57,4702,1,0.378585
32,57,4752,1,0.376458
32,57,4802,1,0.386646
32,57,4852,1,0.374680
32,57,4902,1,0.379713
32,57,4952,1,0.375210
32,62,2,1,1.283435
32,62,52,1,1.166604
32,62,102,1,1.380188
32,62,152,1,1.084760
32,62,202,1,1.049706
32,62,252,1,0.819344
32,62,302,1,0.940356
32,62,352,1,0.723645
32,62,402,1,0.930074
32,62,452,1,0.926047
32,62,502,1,0.927733
32,62,552,1,0.991631
32,62,602,1,0.959913
32,62,652,1,0.334506
32,62,702,1,0.782494
32,62,752,1,0.458148
32,62,802,1,0.779041
32,62,852,1,0.558994
32,62,902,1,1.036544
32,62,952,1,0.463045
32,62,1002,1,0.733600
32,62,1052,1,0.762489
32,62,1102,1,0.759143
32,62,1152,1,0.781437
32,62,1202,1,0.342245
32,62,1252,1,0.966016
32,62,1302,1,0.461275
32,62,1352,1,0.390319
32,62,1402,1,0.409179
32,62,1452,1,0.518320
32,62,1502,1,0.375213
32,62,1552,1,0.389388
32,62,1602,1,0.400621
32,62,1652,1,0.363720
32,62,1702,1,0.365671
32,62,1752,1,0.774214
32,62,1802,1,0.368940
32,62,1852,1,0.353454
32,62,1902,1,0.340013
32,62,1952,1,0.363660
32,62,2002,1,0.385342
32,62,2052,1,0.360320
32,62,2102,1,0.400368
32,62,2152,1,0.384876
32,62,2202,1,0.385483
32,62,2252,1,0.384219
32,62,2302,1,0.352657
32,62,2352,1,0.367879
32,62,2402,1,0.387155
32,62,2452,1,0.365676
32,62,2502,1,0.369149
32,62,2552,1,0.375177
32,62,2602,1,0.369126
32,62,2652,1,0.390740
32,62,2702,1,0.376384
32,62,2752,1,0.392352
32,62,2802,1,0.404280
32,62,2852,1,0.368486
32,62,2902,1,0.365653
32,62,2952,1,0.366332
32,62,3002,1,0.349323
32,62,3052,1,0.385662
32,62,3102,1,0.404142
32,62,3152,1,0.360505
32,62,3202,1,0.407428
32,62,3252,1,0.384371
32,62,3302,1,0.377093
32,62,3352,1,0.399758
32,62,3402,1,0.386459
32,62,3452,1,0.394325
32,62,3502,1,0.376716
32,62,3552,1,0.391266
32,62,3602,1,0.369532
32,62,3652,1,0.385996
32,62,3702,1,0.413155
32,62,3752,1,0.400858
32,62,3802,1,0.383767
32,62,3852,1,0.377167
32,62,3902,1,0.386353
32,62,3952,1,0.385350
32,62,4002,1,0.365329
32,62,4052,1,0.377480
32,62,4102,1,0.392792
32,62,4152,1,0.384235
32,62,4202,1,0.384863
32,62,4252,1,0.379609
32,62,4302,1,0.405717
32,62,4352,1,0.371531
32,62,4402,1,0.380195
32,62,4452,1,0.379177
32,62,4502,1,0.374894
32,62,4552,1,0.366679
32,62,4602,1,0.372891
32,62,4652,1,0.378919
32,62,4702,1,0.396014
32,62,4752,1,0.377456
32,62,4802,1,0.381340
32,62,4852,1,0.362825
32,62,4902,1,0.383905
32,62,4952,1,0.368190
32,67,2,1,1.324930
32,67,52,1,1.043514
32,67,102,1,0.926206
32,67,152,1,0.927382
32,67,202,1,0.940220
32,67,252,1,0.512944
32,67,302,1,1.103875
32,67,352,1,0.958495
32,67,402,1,0.954399
32,67,452,1,0.823436
32,67,502,1,0.457460
32,67,552,1,0.785843
32,67,602,1,0.793984
32,67,652,1,0.767262
32,67,702,1,0.370890
32,67,752,1,0.463860
32,67,802,1,0.968343
32,67,852,1,0.710605
32,67,902,1,1.068463
32,67,952,1,0.367849
32,67,1002,1,0.597115
32,67,1052,1,0.942135
32,67,1102,1,0.464248
32,67,1152,1,0.462745
32,67,1202,1,0.820078
32,67,1252,1,0.778758
32,67,1302,1,0.315611
32,67,1352,1,0.495757
32,67,1402,1,1.059787
32,67,1452,1,0.374036
32,67,1502,1,0.806571
32,67,1552,1,0.929463
32,67,1602,1,0.362731
32,67,1652,1,0.351917
32,67,1702,1,0.361108
32,67,1752,1,0.325329
32,67,1802,1,0.335377
32,67,1852,1,0.316951
32,67,1902,1,0.757500
32,67,1952,1,0.335505
32,67,2002,1,0.346417
32,67,2052,1,0.363331
32,67,2102,1,0.357415
32,67,2152,1,0.374096
32,67,2202,1,0.371951
32,67,2252,1,0.386209
32,67,2302,1,0.302628
32,67,2352,1,0.335076
32,67,2402,1,0.354834
32,67,2452,1,0.368126
32,67,2502,1,0.382695
32,67,2552,1,0.358970
32,67,2602,1,0.355637
32,67,2652,1,0.339242
32,67,2702,1,0.280159
32,67,2752,1,0.324120
32,67,2802,1,0.351918
32,67,2852,1,0.381460
32,67,2902,1,0.334723
32,67,2952,1,0.341194
32,67,3002,1,0.365482
32,67,3052,1,0.324066
32,67,3102,1,0.368452
32,67,3152,1,0.359995
32,67,3202,1,0.373651
32,67,3252,1,0.367352
32,67,3302,1,0.362532
32,67,3352,1,0.338533
32,67,3402,1,0.367955
32,67,3452,1,0.376649
32,67,3502,1,0.379655
32,67,3552,1,0.355266
32,67,3602,1,0.358676
32,67,3652,1,0.373510
32,67,3702,1,0.385165
32,67,3752,1,0.338616
32,67,3802,1,0.347652
32,67,3852,1,0.325293
32,67,3902,1,0.363059
32,67,3952,1,0.348086
32,67,4002,1,0.360412
32,67,4052,1,0.386420
32,67,4102,1,0.364554
32,67,4152,1,0.362448
32,67,4202,1,0.371126
32,67,4252,1,0.341086
32,67,4302,1,0.398391
32,67,4352,1,0.328775
32,67,4402,1,0.330280
32,67,4452,1,0.367859
32,67,4502,1,0.365568
32,67,4552,1,0.341693
32,67,4602,1,0.365471
32,67,4652,1,0.377556
32,67,4702,1,0.365352
32,67,4752,1,0.366031
32,67,4802,1,0.335280
32,67,4852,1,0.342588
32,67,4902,1,0.333249
32,67,4952,1,0.355707
32,72,2,1,1.213843
32,72,52,1,0.957329
32,72,102,1,0.937735
32,72,152,1,1.092677
32,72,202,1,1.004129
32,72,252,1,0.944635
32,72,302,1,1.111871
32,72,352,1,1.085387
32,72,402,1,0.939452
32,72,452,1,0.935054
32,72,502,1,0.955277
32,72,552,1,0.777446
32,72,602,1,1.024447
32,72,652,1,0.821579
32,72,702,1,0.808137
32,72,752,1,0.723257
32,72,802,1,0.774071
32,72,852,1,1.051430
32,72,902,1,0.796686
32,72,952,1,1.053177
32,72,1002,1,0.486431
32,72,1052,1,0.459638
32,72,1102,1,0.959928
32,72,1152,1,0.489045
32,72,1202,1,0.725569
32,72,1252,1,0.717787
32,72,1302,1,0.347154
32,72,1352,1,0.329249
32,72,1402,1,0.496257
32,72,1452,1,0.326395
32,72,1502,1,0.347333
32,72,1552,1,0.394547
32,72,1602,1,0.344737
32,72,1652,1,0.465897
32,72,1702,1,0.371864
32,72,1752,1,0.416275
32,72,1802,1,0.326651
32,72,1852,1,0.354024
32,72,1902,1,0.334954
32,72,1952,1,0.371314
32,72,2002,1,0.360077
32,72,2052,1,0.325052
32,72,2102,1,0.365545
32,72,2152,1,0.397100
32,72,2202,1,0.322761
32,72,2252,1,0.346009
32,72,2302,1,0.359474
32,72,2352,1,0.340749
32,72,2402,1,0.341443
32,72,2452,1,0.356806
32,72,2502,1,0.381636
32,72,2552,1,0.350508
32,72,2602,1,0.349902
32,72,2652,1,0.386541
32,72,2702,1,0.366651
32,72,2752,1,0.347545
32,72,2802,1,0.339890
32,72,2852,1,0.365554
32,72,2902,1,0.347605
32,72,2952,1,0.337470
32,72,3002,1,0.341195
32,72,3052,1,0.335440
32,72,3102,1,0.348217
32,72,3152,1,0.355361
32,72,3202,1,0.364227
32,72,3252,1,0.338592
32,72,3302,1,0.328153
32,72,3352,1,0.356916
32,72,3402,1,0.347828
32,72,3452,1,0.387060
32,72,3502,1,0.344605
32,72,3552,1,0.354843
32,72,3602,1,0.342318
32,72,3652,1,0.379596
32,72,3702,1,0.381953
32,72,3752,1,0.303454
32,72,3802,1,0.377613
32,72,3852,1,0.349899
32,72,3902,1,0.376884
32,72,3952,1,0.300607
32,72,4002,1,0.344257
32,72,4052,1,0.391179
32,72,4102,1,0.327315
32,72,4152,1,0.334193
32,72,4202,1,0.335529
32,72,4252,1,0.350517
32,72,4302,1,0.333821
32,72,4352,1,0.360412
32,72,4402,1,0.350193
32,72,4452,1,0.349189
32,72,4502,1,0.377761
32,72,4552,1,0.357910
32,72,4602,1,0.322450
32,72,4652,1,0.332546
32,72,4702,1,0.295023
32,72,4752,1,0.333444
32,72,4802,1,0.359378
32,72,4852,1,0.358854
32,72,4902,1,0.365812
32,72,4952,1,0.357417
32,77,2,1,1.292598
32,77,52,1,1.347359
32,77,102,1,0.923929
32,77,152,1,1.024026
32,77,202,1,1.024639
32,77,252,1,0.988525
32,77,302,1,1.062312
32,77,352,1,0.985379
32,77,402,1,0.765160
32,77,452,1,0.942025
32,77,502,1,0.460287
32,77,552,1,1.067896
32,77,602,1,0.753242
32,77,652,1,0.919741
32,77,702,1,0.647991
32,77,752,1,0.776359
32,77,802,1,0.763109
32,77,852,1,0.780128
32,77,902,1,0.923497
32,77,952,1,0.463068
32,77,1002,1,0.956658
32,77,1052,1,0.747918
32,77,1102,1,0.334407
32,77,1152,1,0.161897
32,77,1202,1,0.309176
32,77,1252,1,0.795644
32,77,1302,1,0.764483
32,77,1352,1,0.215260
32,77,1402,1,0.627425
32,77,1452,1,0.325078
32,77,1502,1,0.486481
32,77,1552,1,0.208822
32,77,1602,1,0.461460
32,77,1652,1,0.491750
32,77,1702,1,0.253790
32,77,1752,1,0.752184
32,77,1802,1,0.217210
32,77,1852,1,0.259620
32,77,1902,1,0.144350
32,77,1952,1,0.287277
32,77,2002,1,0.207866
32,77,2052,1,0.780880
32,77,2102,1,0.141479
32,77,2152,1,0.259951
32,77,2202,1,0.317830
32,77,2252,1,0.173710
32,77,2302,1,0.266421
32,77,2352,1,0.152890
32,77,2402,1,0.255257
32,77,2452,1,0.226817
32,77,2502,1,0.253964
32,77,2552,1,0.114878
32,77,2602,1,0.147788
32,77,2652,1,0.202010
32,77,2702,1,0.244185
32,77,2752,1,0.161591
32,77,2802,1,0.269404
32,77,2852,1,0.213567
32,77,2902,1,0.205550
32,77,2952,1,0.202368
32,77,3002,1,0.157791
32,77,3052,1,0.271536
32,77,3102,1,0.211486
32,77,3152,1,0.212781
32,77,3202,1,0.311262
32,77,3252,1,0.239761
32,77,3302,1,0.242869
32,77,3352,1,0.218534
32,77,3402,1,0.136460
32,77,3452,1,0.280563
32,77,3502,1,0.263230
32,77,3552,1,0.264707
32,77,3602,1,0.123765
32,77,3652,1,0.264797
32,77,3702,1,0.179183
32,77,3752,1,0.227196
32,77,3802,1,0.210422
32,77,3852,1,0.143521
32,77,3902,1,0.232692
32,77,3952,1,0.239988
32,77,4002,1,0.263650
32,77,4052,1,0.225688
32,77,4102,1,0.275424
32,77,4152,1,0.253090
32,77,4202,1,0.138235
32,77,4252,1,0.226982
32,77,4302,1,0.266756
32,77,4352,1,0.207422
32,77,4402,1,0.269784
32,77,4452,1,0.204185
32,77,4502,1,0.230757
32,77,4552,1,0.129058
32,77,4602,1,0.163695
32,77,4652,1,0.190009
32,77,4702,1,0.256677
32,77,4752,1,0.253781
32,77,4802,1,0.268443
32,77,4852,1,0.148437
32,77,4902,1,0.280407
32,77,4952,1,0.257363
32,82,2,1,1.342367
32,82,52,1,1.272973
32,82,102,1,1.106574
32,82,152,1,0.750565
32,82,202,1,0.948035
32,82,252,1,0.937186
32,82,302,1,0.794846
32,82,352,1,1.001514
32,82,402,1,1.124482
32,82,452,1,0.817606
32,82,502,1,1.081247
32,82,552,1,0.947522
32,82,602,1,0.758496
32,82,652,1,0.930090
32,82,702,1,0.462251
32,82,752,1,0.778736
32,82,802,1,0.813038
32,82,852,1,0.748404
32,82,902,1,nan
32,82,952,1,0.777417
32,82,1002,1,0.767979
32,82,1052,1,0.510655
32,82,1102,1,1.055076
32,82,1152,1,1.033760
32,82,1202,1,0.752162
32,82,1252,1,1.053632
32,82,1302,1,0.718515
32,82,1352,1,0.348183
32,82,1402,1,0.311393
32,82,1452,1,0.461971
32,82,1502,1,0.284218
32,82,1552,1,0.972797
32,82,1602,1,0.358578
32,82,1652,1,0.343960
32,82,1702,1,0.326827
32,82,1752,1,0.374015
32,82,1802,1,0.160267
32,82,1852,1,0.377142
32,82,1902,1,0.323364
32,82,1952,1,0.257019
32,82,2002,1,0.204577
32,82,2052,1,0.292921
32,82,2102,1,0.347654
32,82,2152,1,0.327955
32,82,2202,1,0.205815
32,82,2252,1,0.334793
32,82,2302,1,0.133770
32,82,2352,1,0.315686
32,82,2402,1,0.289293
32,82,2452,1,0.363111
32,82,2502,1,0.389362
32,82,2552,1,0.158853
32,82,2602,1,0.312134
32,82,2652,1,0.296814
32,82,2702,1,0.399469
32,82,2752,1,0.305934
32,82,2802,1,0.341600
32,82,2852,1,0.210747
32,82,2902,1,0.160135
32,82,2952,1,0.333519
32,82,3002,1,0.182749
32,82,3052,1,0.260154
32,82,3102,1,0.171247
32,82,3152,1,0.144546
32,82,3202,1,0.311290
32,82,3252,1,0.128212
32,82,3302,1,0.300407
32,82,3352,1,0.302900
32,82,3402,1,0.297046
32,82,3452,1,0.192143
32,82,3502,1,0.188417
32,82,3552,1,0.336601
32,82,3602,1,0.145945
32,82,3652,1,0.399587
32,82,3702,1,0.350941
32,82,3752,1,0.366489
32,82,3802,1,0.129528
32,82,3852,1,0.358443
32,82,3902,1,0.373722
32,82,3952,1,0.150362
32,82,4002,1,0.330705
32,82,4052,1,0.389977
32,82,4102,1,0.306388
32,82,4152,1,0.369205
32,82,4202,1,0.340742
32,82,4252,1,0.365668
32,82,4302,1,0.373548
32,82,4352,1,0.292985
32,82,4402,1,0.361847
32,82,4452,1,0.193744
32,82,4502,1,0.289091
32,82,4552,1,0.201290
32,82,4602,1,0.364265
32,82,4652,1,0.300361
32,82,4702,1,0.256043
32,82,4752,1,0.317328
32,82,4802,1,0.199872
32,82,4852,1,0.147532
32,82,4902,1,0.308823
32,82,4952,1,0.105868
32,87,2,1,1.324623
32,87,52,1,0.918046
32,87,102,1,0.966144
32,87,152,1,1.026147
32,87,202,1,1.086246
32,87,252,1,0.925861
32,87,302,1,1.077736
32,87,352,1,0.649739
32,87,402,1,0.924564
32,87,452,1,0.730164
32,87,502,1,0.950098
32,87,552,1,0.937574
32,87,602,1,0.768602
32,87,652,1,0.768829
32,87,702,1,0.656836
32,87,752,1,0.940431
32,87,802,1,0.768944
32,87,852,1,0.761490
32,87,902,1,0.483017
32,87,952,1,0.759155
32,87,1002,1,0.244991
32,87,1052,1,0.958105
32,87,1102,1,0.764246
32,87,1152,1,0.332295
32,87,1202,1,0.352545
32,87,1252,1,0.825636
32,87,1302,1,0.363750
32,87,1352,1,0.309830
32,87,1402,1,0.973540
32,87,1452,1,0.361311
32,87,1502,1,0.308033
32,87,1552,1,0.335312
32,87,1602,1,0.392089
32,87,1652,1,0.137271
32,87,1702,1,0.148267
32,87,1752,1,0.295384
32,87,1802,1,0.363534
32,87,1852,1,0.752313
32,87,1902,1,0.343950
32,87,1952,1,0.204359
32,87,2002,1,0.309298
32,87,2052,1,0.333224
32,87,2102,1,0.375795
32,87,2152,1,0.178954
32,87,2202,1,0.302988
32,87,2252,1,0.338402
32,87,2302,1,0.336193
32,87,2352,1,0.134254
32,87,2402,1,0.195255
32,87,2452,1,0.359432
32,87,2502,1,0.241804
32,87,2552,1,0.347812
32,87,2602,1,0.297543
32,87,2652,1,0.372525
32,87,2702,1,0.407581
32,87,2752,1,0.371483
32,87,2802,1,0.326626
32,87,2852,1,0.181774
32,87,2902,1,0.307490
32,87,2952,1,0.174250
32,87,3002,1,0.362629
32,87,3052,1,0.129738
32,87,3102,1,0.321565
32,87,3152,1,0.389818
32,87,3202,1,0.289477
32,87,3252,1,0.147155
32,87,3302,1,0.374659
32,87,3352,1,0.314829
32,87,3402,1,0.301451
32,87,3452,1,0.146076
32,87,3502,1,0.335313
32,87,3552,1,0.234476
32,87,3602,1,0.207224
32,87,3652,1,0.152800
32,87,3702,1,0.290548
32,87,3752,1,0.330869
32,87,3802,1,0.374950
32,87,3852,1,0.406006
32,87,3902,1,0.133153
32,87,3952,1,0.198395
32,87,4002,1,0.160253
32,87,4052,1,0.221675
32,87,4102,1,0.181964
32,87,4152,1,0.314921
32,87,4202,1,0.269637
32,87,4252,1,0.176013
32,87,4302,1,0.168072
32,87,4352,1,0.298721
32,87,4402,1,0.328797
32,87,4452,1,0.320889
32,87,4502,1,0.192990
32,87,4552,1,0.176143
32,87,4602,1,0.327621
32,87,4652,1,0.196036
32,87,4702,1,0.212927
32,87,4752,1,0.355820
32,87,4802,1,0.320755
32,87,4852,1,0.120430
32,87,4902,1,0.382479
32,87,4952,1,0.347400
32,92,2,1,1.133464
32,92,52,1,1.219234
32,92,102,1,0.915439
32,92,152,1,0.742580
32,92,202,1,1.051528
32,92,252,1,1.119822
32,92,302,1,0.749281
32,92,352,1,0.926861
32,92,402,1,1.184255
32,92,452,1,0.924597
32,92,502,1,0.717633
32,92,552,1,0.400899
32,92,602,1,0.968466
32,92,652,1,0.763510
32,92,702,1,0.959264
32,92,752,1,0.821367
32,92,802,1,0.458781
32,92,852,1,0.777180
32,92,902,1,nan
32,92,952,1,0.463237
32,92,1002,1,0.296320
32,92,1052,1,0.811197
32,92,1102,1,0.498332
32,92,1152,1,0.727931
32,92,1202,1,1.114300
32,92,1252,1,0.854393
32,92,1302,1,0.277476
32,92,1352,1,0.749103
32,92,1402,1,0.371863
32,92,1452,1,0.334234
32,92,1502,1,0.305622
32,92,1552,1,0.376033
32,92,1602,1,0.370790
32,92,1652,1,0.462923
32,92,1702,1,0.311002
32,92,1752,1,0.284093
32,92,1802,1,0.359638
32,92,1852,1,0.328045
32,92,1902,1,0.333187
32,92,1952,1,0.290451
32,92,2002,1,0.313216
32,92,2052,1,0.283157
32,92,2102,1,0.185664
32,92,2152,1,0.370251
32,92,2202,1,0.368220
32,92,2252,1,0.171120
32,92,2302,1,0.198104
32,92,2352,1,0.329719
32,92,2402,1,0.156550
32,92,2452,1,0.283550
32,92,2502,1,0.257940
32,92,2552,1,0.358655
32,92,2602,1,0.335716
32,92,2652,1,0.347768
32,92,2702,1,0.136607
32,92,2752,1,0.331412
32,92,2802,1,0.295980
32,92,2852,1,0.299397
32,92,2902,1,0.137706
32,92,2952,1,0.228698
32,92,3002,1,0.149447
32,92,3052,1,0.253677
32,92,3102,1,0.406924
32,92,3152,1,0.187950
32,92,3202,1,0.364047
32,92,3252,1,0.158479
32,92,3302,1,0.335615
32,92,3352,1,0.314289
32,92,3402,1,0.292938
32,92,3452,1,0.293794
32,92,3502,1,0.389716
32,92,3552,1,0.309235
32,92,3602,1,0.198594
32,92,3652,1,0.422952
32,92,3702,1,0.416118
32,92,3752,1,0.149613
32,92,3802,1,0.164509
32,92,3852,1,0.140724
32,92,3902,1,0.346930
32,92,3952,1,0.166165
32,92,4002,1,0.364975
32,92,4052,1,0.156905
32,92,4102,1,0.191341
32,92,4152,1,0.367412
32,92,4202,1,0.349853
32,92,4252,1,0.167470
32,92,4302,1,0.289269
32,92,4352,1,0.128068
32,92,4402,1,0.377237
32,92,4452,1,0.217252
32,92,4502,1,0.328378
32,92,4552,1,0.163071
32,92,4602,1,0.373649
32,92,4652,1,0.280979
32,92,4702,1,0.311418
32,92,4752,1,0.375430
32,92,4802,1,0.388086
32,92,4852,1,0.304325
32,92,4902,1,0.421393
32,92,4952,1,0.305781
32,97,2,1,1.255984
32,97,52,1,0.932956
32,97,102,1,0.940624
32,97,152,1,1.053283
32,97,202,1,0.919930
32,97,252,1,1.111621
32,97,302,1,0.926031
32,97,352,1,0.788573
32,97,402,1,0.714929
32,97,452,1,1.225704
32,97,502,1,0.955695
32,97,552,1,1.084401
32,97,602,1,0.749195
32,97,652,1,0.928912
32,97,702,1,0.746607
32,97,752,1,0.820030
32,97,802,1,0.754980
32,97,852,1,0.937903
32,97,902,1,0.363917
32,97,952,1,0.967258
32,97,1002,1,0.742921
32,97,1052,1,1.048582
32,97,1102,1,0.380380
32,97,1152,1,1.114264
32,97,1202,1,0.360363
32,97,1252,1,0.491045
32,97,1302,1,0.337755
32,97,1352,1,0.362873
32,97,1402,1,0.976024
32,97,1452,1,0.211239
32,97,1502,1,0.463221
32,97,1552,1,0.744680
32,97,1602,1,0.327794
32,97,1652,1,0.366460
32,97,1702,1,0.315138
32,97,1752,1,0.340298
32,97,1802,1,0.385473
32,97,1852,1,0.340104
32,97,1902,1,0.249664
32,97,1952,1,0.158427
32,97,2002,1,0.332523
32,97,2052,1,0.330022
32,97,2102,1,0.340651
32,97,2152,1,0.140557
32,97,2202,1,0.365670
32,97,2252,1,0.136217
32,97,2302,1,0.314663
32,97,2352,1,0.200655
32,97,2402,1,0.296125
32,97,2452,1,0.286482
32,97,2502,1,0.345960
32,97,2552,1,0.339168
32,97,2602,1,0.216410
32,97,2652,1,0.334850
32,97,2702,1,0.365086
32,97,2752,1,0.364951
32,97,2802,1,0.308723
32,97,2852,1,0.147977
32,97,2902,1,0.243786
32,97,2952,1,0.151835
32,97,3002,1,0.321010
32,97,3052,1,0.347005
32,97,3102,1,0.310411
32,97,3152,1,0.180987
32,97,3202,1,0.290868
32,97,3252,1,0.330737
32,97,3302,1,0.172909
32,97,3352,1,0.305871
32,97,3402,1,0.154647
32,97,3452,1,0.316005
32,97,3502,1,0.314459
32,97,3552,1,0.340411
32,97,3602,1,0.295956
32,97,3652,1,0.165664
32,97,3702,1,0.344039
32,97,3752,1,0.336753
32,97,3802,1,0.134133
32,97,3852,1,0.340999
32,97,3902,1,0.331817
32,97,3952,1,0.202637
32,97,4002,1,0.360150
32,97,4052,1,0.298065
32,97,4102,1,0.321108
32,97,4152,1,0.406655
32,97,4202,1,0.315049
32,97,4252,1,0.325611
32,97,4302,1,0.293601
32,97,4352,1,0.305274
32,97,4402,1,0.167723
32,97,4452,1,0.311160
32,97,4502,1,0.222626
32,97,4552,1,0.373781
32,97,4602,1,0.292729
32,97,4652,1,0.150502
32,97,4702,1,0.313934
32,97,4752,1,0.159329
32,97,4802,1,0.138354
32,97,4852,1,0.355596
32,97,4902,1,0.255824
32,97,4952,1,0.299151
32,102,2,1,1.250101
32,102,52,1,0.937419
32,102,102,1,0.949484
32,102,152,1,0.920197
32,102,202,1,0.925158
32,102,252,1,0.931949
32,102,302,1,1.045913
32,102,352,1,0.912895
32,102,402,1,0.940910
32,102,452,1,0.948914
32,102,502,1,0.507438
32,102,552,1,0.771351
32,102,602,1,0.642226
32,102,652,1,0.515044
32,102,702,1,0.768336
32,102,752,1,0.818273
32,102,802,1,0.457632
32,102,852,1,0.949232
32,102,902,1,0.741153
32,102,952,1,0.926817
32,102,1002,1,0.298990
32,102,1052,1,0.462742
32,102,1102,1,0.951705
32,102,1152,1,0.327518
32,102,1202,1,0.731721
32,102,1252,1,0.819491
32,102,1302,1,0.776541
32,102,1352,1,0.323370
32,102,1402,1,0.372200
32,102,1452,1,0.461006
32,102,1502,1,0.338950
32,102,1552,1,0.353651
32,102,1602,1,0.490825
32,102,1652,1,0.350669
32,102,1702,1,0.749632
32,102,1752,1,0.240787
32,102,1802,1,0.284507
32,102,1852,1,0.131073
32,102,1902,1,0.753020
32,102,1952,1,0.336059
32,102,2002,1,0.352355
32,102,2052,1,0.285445
32,102,2102,1,0.193978
32,102,2152,1,0.310046
32,102,2202,1,0.326603
32,102,2252,1,0.137372
32,102,2302,1,0.105806
32,102,2352,1,0.345556
32,102,2402,1,0.148725
32,102,2452,1,0.384664
32,102,2502,1,0.350401
32,102,2552,1,0.322461
32,102,2602,1,0.249220
32,102,2652,1,0.306988
32,102,2702,1,0.378890
32,102,2752,1,0.336895
32,102,2802,1,0.292964
32,102,2852,1,0.164361
32,102,2902,1,0.298355
32,102,2952,1,0.179585
32,102,3002,1,0.303368
32,102,3052,1,0.344037
32,102,3102,1,0.332251
32,102,3152,1,0.311250
32,102,3202,1,0.208114
32,102,3252,1,0.312505
32,102,3302,1,0.325208
32,102,3352,1,0.332417
32,102,3402,1,0.155449
32,102,3452,1,0.344683
32,102,3502,1,0.127835
32,102,3552,1,0.384112
32,102,3602,1,0.183077
32,102,3652,1,0.384895
32,102,3702,1,0.213384
32,102,3752,1,0.331878
32,102,3802,1,0.188125
32,102,3852,1,0.129607
32,102,3902,1,0.205455
32,102,3952,1,0.145868
32,102,4002,1,0.363719
32,102,4052,1,0.305459
32,102,4102,1,0.143318
32,102,4152,1,0.375441
32,102,4202,1,0.342568
32,102,4252,1,0.128203
32,102,4302,1,0.156466
32,102,4352,1,0.319930
32,102,4402,1,0.119375
32,102,4452,1,0.342899
32,102,4502,1,0.336471
32,102,4552,1,0.362866
32,102,4602,1,0.203976
32,102,4652,1,0.153632
32,102,4702,1,0.256215
32,102,4752,1,0.389450
32,102,4802,1,0.176323
32,102,4852,1,0.173531
32,102,4902,1,0.359858
32,102,4952,1,0.329179
32,107,2,1,1.308217
32,107,52,1,1.079295
32,107,102,1,1.079393
32,107,152,1,1.048343
32,107,202,1,0.943435
32,107,252,1,0.822310
32,107,302,1,1.080843
32,107,352,1,0.944400
32,107,402,1,0.960745
32,107,452,1,1.009554
32,107,502,1,0.937252
32,107,552,1,0.950485
32,107,602,1,0.932453
32,107,652,1,1.059888
32,107,702,1,0.697360
32,107,752,1,0.758421
32,107,802,1,0.456708
32,107,852,1,0.499415
32,107,902,1,0.779029
32,107,952,1,0.843365
32,107,1002,1,0.736485
32,107,1052,1,0.333748
32,107,1102,1,0.459951
32,107,1152,1,0.781921
32,107,1202,1,0.460488
32,107,1252,1,0.320236
32,107,1302,1,0.787294
32,107,1352,1,0.720237
32,107,1402,1,0.243809
32,107,1452,1,0.182051
32,107,1502,1,0.794470
32,107,1552,1,0.710086
32,107,1602,1,0.321912
32,107,1652,1,0.332057
32,107,1702,1,0.335826
32,107,1752,1,0.332190
32,107,1802,1,0.799533
32,107,1852,1,0.367203
32,107,1902,1,0.347608
32,107,1952,1,0.744335
32,107,2002,1,0.383162
32,107,2052,1,0.497011
32,107,2102,1,0.365468
32,107,2152,1,0.151124
32,107,2202,1,0.146788
32,107,2252,1,0.378516
32,107,2302,1,0.237133
32,107,2352,1,0.152860
32,107,2402,1,0.407440
32,107,2452,1,0.136685
32,107,2502,1,0.296131
32,107,2552,1,0.350437
32,107,2602,1,0.155757
32,107,2652,1,0.218057
32,107,2702,1,0.169510
32,107,2752,1,0.347977
32,107,2802,1,0.162937
32,107,2852,1,0.371590
32,107,2902,1,0.377947
32,107,2952,1,0.378784
32,107,3002,1,0.187982
32,107,3052,1,0.343029
32,107,3102,1,0.328056
32,107,3152,1,0.302706
32,107,3202,1,0.293261
32,107,3252,1,0.177498
32,107,3302,1,0.350961
32,107,3352,1,0.311811
32,107,3402,1,0.301728
32,107,3452,1,0.309003
32,107,3502,1,0.376920
32,107,3552,1,0.319210
32,107,3602,1,0.191281
32,107,3652,1,0.217490
32,107,3702,1,0.402272
32,107,3752,1,0.156250
32,107,3802,1,0.195565
32,107,3852,1,0.339778
32,107,3902,1,0.415833
32,107,3952,1,0.155976
32,107,4002,1,0.353161
32,107,4052,1,0.345981
32,107,4102,1,0.327951
32,107,4152,1,0.339993
32,107,4202,1,0.357378
32,107,4252,1,0.167266
32,107,4302,1,0.293118
32,107,4352,1,0.247802
32,107,4402,1,0.352948
32,107,4452,1,0.334450
32,107,4502,1,0.160521
32,107,4552,1,0.159069
32,107,4602,1,0.347188
32,107,4652,1,0.241535
32,107,4702,1,0.173952
32,107,4752,1,0.302741
32,107,4802,1,0.351340
32,107,4852,1,0.340857
32,107,4902,1,0.257219
32,107,4952,1,0.313424
32,112,2,1,1.282373
32,112,52,1,1.055879
32,112,102,1,0.919303
32,112,152,1,0.948953
32,112,202,1,1.242354
32,112,252,1,0.780694
32,112,302,1,1.087727
32,112,352,1,1.000023
32,112,402,1,0.748967
32,112,452,1,0.936638
32,112,502,1,0.789311
32,112,552,1,0.748519
32,112,602,1,0.773280
32,112,652,1,0.483767
32,112,702,1,0.488480
32,112,752,1,0.492565
32,112,802,1,0.459369
32,112,852,1,0.340795
32,112,902,1,0.785971
32,112,952,1,0.458403
32,112,1002,1,0.676344
32,112,1052,1,0.324547
32,112,1102,1,0.747504
32,112,1152,1,0.352325
32,112,1202,1,0.783700
32,112,1252,1,0.486103
32,112,1302,1,0.354755
32,112,1352,1,0.260470
32,112,1402,1,0.362521
32,112,1452,1,0.407821
32,112,1502,1,0.288415
32,112,1552,1,0.353154
32,112,1602,1,0.306924
32,112,1652,1,0.800461
32,112,1702,1,0.185424
32,112,1752,1,0.979857
32,112,1802,1,0.370931
32,112,1852,1,0.297672
32,112,1902,1,0.346028
32,112,1952,1,0.337609
32,112,2002,1,0.156416
32,112,2052,1,0.259144
32,112,2102,1,0.294386
32,112,2152,1,0.307849
32,112,2202,1,0.304324
32,112,2252,1,0.344208
32,112,2302,1,0.128772
32,112,2352,1,0.323470
32,112,2402,1,0.169820
32,112,2452,1,0.323547
32,112,2502,1,0.143698
32,112,2552,1,0.357658
32,112,2602,1,0.330017
32,112,2652,1,0.316099
32,112,2702,1,0.167558
32,112,2752,1,0.317117
32,112,2802,1,0.186769
32,112,2852,1,0.329667
32,112,2902,1,0.356774
32,112,2952,1,0.361791
32,112,3002,1,0.256058
32,112,3052,1,0.330866
32,112,3102,1,0.213846
32,112,3152,1,0.340273
32,112,3202,1,0.363939
32,112,3252,1,0.148743
32,112,3302,1,0.333484
32,112,3352,1,0.337843
32,112,3402,1,0.221657
32,112,3452,1,0.329363
32,112,3502,1,0.303673
32,112,3552,1,0.364387
32,112,3602,1,0.388241
32,112,3652,1,0.155364
32,112,3702,1,0.349869
32,112,3752,1,0.371403
32,112,3802,1,0.189270
32,112,3852,1,0.362222
32,112,3902,1,0.202272
32,112,3952,1,0.361237
32,112,4002,1,0.191618
32,112,4052,1,0.362021
32,112,4102,1,0.122502
32,112,4152,1,0.326919
32,112,4202,1,0.302855
32,112,4252,1,0.193943
32,112,4302,1,0.356049
32,112,4352,1,0.162749
32,112,4402,1,0.340806
32,112,4452,1,0.152750
32,112,4502,1,0.161493
32,112,4552,1,0.320708
32,112,4602,1,0.218208
32,112,4652,1,0.228611
32,112,4702,1,0.209595
32,112,4752,1,0.356413
32,112,4802,1,0.161648
32,112,4852,1,0.368717
32,112,4902,1,0.386499
32,112,4952,1,0.312070
32,117,2,1,1.275308
32,117,52,1,0.932831
32,117,102,1,0.918843
32,117,152,1,1.110426
32,117,202,1,0.923726
32,117,252,1,0.996383
32,117,302,1,0.946681
32,117,352,1,0.479494
32,117,402,1,0.949044
32,117,452,1,1.077468
32,117,502,1,0.947044
32,117,552,1,0.936379
32,117,602,1,1.089833
32,117,652,1,0.761045
32,117,702,1,1.082729
32,117,752,1,0.931964
32,117,802,1,0.705772
32,117,852,1,0.759398
32,117,902,1,0.755545
32,117,952,1,0.923336
32,117,1002,1,0.701400
32,117,1052,1,0.356490
32,117,1102,1,0.491122
32,117,1152,1,0.359071
32,117,1202,1,0.466306
32,117,1252,1,0.314890
32,117,1302,1,0.377879
32,117,1352,1,0.464547
32,117,1402,1,0.358436
32,117,1452,1,0.465422
32,117,1502,1,0.338073
32,117,1552,1,0.792103
32,117,1602,1,0.351840
32,117,1652,1,0.126600
32,117,1702,1,0.312457
32,117,1752,1,0.183612
32,117,1802,1,0.331735
32,117,1852,1,0.364739
32,117,1902,1,0.466883
32,117,1952,1,0.374770
32,117,2002,1,0.294687
32,117,2052,1,0.148087
32,117,2102,1,0.290762
32,117,2152,1,0.306811
32,117,2202,1,0.205064
32,117,2252,1,0.301086
32,117,2302,1,0.362254
32,117,2352,1,0.371447
32,117,2402,1,0.163237
32,117,2452,1,0.323110
32,117,2502,1,0.353517
32,117,2552,1,0.331243
32,117,2602,1,0.314494
32,117,2652,1,0.291740
32,117,2702,1,0.294510
32,117,2752,1,0.308768
32,117,2802,1,0.164784
32,117,2852,1,0.342507
32,117,2902,1,0.391271
32,117,2952,1,0.335963
32,117,3002,1,0.279248
32,117,3052,1,0.367096
32,117,3102,1,0.254699
32,117,3152,1,0.324504
32,117,3202,1,0.185548
32,117,3252,1,0.127724
32,117,3302,1,0.290282
32,117,3352,1,0.361552
32,117,3402,1,0.296652
32,117,3452,1,0.293605
32,117,3502,1,0.343129
32,117,3552,1,0.339092
32,117,3602,1,0.140778
32,117,3652,1,0.382815
32,117,3702,1,0.338961
32,117,3752,1,0.212864
32,117,3802,1,0.359522
32,117,3852,1,0.309075
32,117,3902,1,0.184070
32,117,3952,1,0.294838
32,117,4002,1,0.314942
32,117,4052,1,0.188290
32,117,4102,1,0.135298
32,117,4152,1,0.298679
32,117,4202,1,0.216904
32,117,4252,1,0.179397
32,117,4302,1,0.189637
32,117,4352,1,0.186976
32,117,4402,1,0.204577
32,117,4452,1,0.350794
32,117,4502,1,0.324441
32,117,4552,1,0.220111
32,117,4602,1,0.399680
32,117,4652,1,0.341010
32,117,4702,1,0.246051
32,117,4752,1,0.219617
32,117,4802,1,0.356154
32,117,4852,1,0.173849
32,117,4902,1,0.351571
32,117,4952,1,0.341440
32,122,2,1,1.269176
32,122,52,1,1.085734
32,122,102,1,1.082321
32,122,152,1,1.300000
32,122,202,1,1.140666
32,122,252,1,1.037815
32,122,302,1,0.929701
32,122,352,1,1.066016
32,122,402,1,0.933094
32,122,452,1,0.766700
32,122,502,1,1.040526
32,122,552,1,0.791032
32,122,602,1,0.468923
32,122,652,1,0.820830
32,122,702,1,1.101962
32,122,752,1,0.759870
32,122,802,1,0.748493
32,122,852,1,0.730983
32,122,902,1,0.804388
32,122,952,1,0.756897
32,122,1002,1,0.761802
32,122,1052,1,0.819205
32,122,1102,1,0.456924
32,122,1152,1,0.344048
32,122,1202,1,0.804180
32,122,1252,1,1.074359
32,122,1302,1,0.327237
32,122,1352,1,0.771580
32,122,1402,1,0.819884
32,122,1452,1,0.511825
32,122,1502,1,0.342069
32,122,1552,1,0.347888
32,122,1602,1,0.985924
32,122,1652,1,0.213462
32,122,1702,1,0.337288
32,122,1752,1,0.328655
32,122,1802,1,0.324743
32,122,1852,1,0.376154
32,122,1902,1,0.280718
32,122,1952,1,0.326248
32,122,2002,1,0.290399
32,122,2052,1,0.412328
32,122,2102,1,0.242567
32,122,2152,1,0.163735
32,122,2202,1,0.291844
32,122,2252,1,0.326839
32,122,2302,1,0.291026
32,122,2352,1,0.356613
32,122,2402,1,0.391838
32,122,2452,1,0.191430
32,122,2502,1,0.317817
32,122,2552,1,0.157602
32,122,2602,1,0.293161
32,122,2652,1,0.159336
32,122,2702,1,0.304294
32,122,2752,1,0.381011
32,122,2802,1,0.135247
32,122,2852,1,0.245176
32,122,2902,1,0.339943
32,122,2952,1,0.220735
32,122,3002,1,0.193677
32,122,3052,1,0.156917
32,122,3102,1,0.135937
32,122,3152,1,0.301445
32,122,3202,1,0.347473
32,122,3252,1,0.313501
32,122,3302,1,0.208995
32,122,3352,1,0.305392
32,122,3402,1,0.300485
32,122,3452,1,0.387571
32,122,3502,1,0.365571
32,122,3552,1,0.310349
32,122,3602,1,0.320046
32,122,3652,1,0.169259
32,122,3702,1,0.181591
32,122,3752,1,0.290049
32,122,3802,1,0.319069
32,122,3852,1,0.313728
32,122,3902,1,0.337241
32,122,3952,1,0.171573
32,122,4002,1,0.365958
32,122,4052,1,0.158492
32,122,4102,1,0.163009
32,122,4152,1,0.159302
32,122,4202,1,0.219184
32,122,4252,1,0.155103
32,122,4302,1,0.322631
32,122,4352,1,0.326121
32,122,4402,1,0.189310
32,122,4452,1,0.147533
32,122,4502,1,0.353404
32,122,4552,1,0.301085
32,122,4602,1,0.116183
32,122,4652,1,0.229364
32,122,4702,1,0.326488
32,122,4752,1,0.275074
32,122,4802,1,0.355903
32,122,4852,1,0.116601
32,122,4902,1,0.304364
32,122,4952,1,0.301183
32,127,2,1,1.292666
32,127,52,1,1.278775
32,127,102,1,1.036484
32,127,152,1,0.928513
32,127,202,1,0.929656
32,127,252,1,0.743491
32,127,302,1,0.747060
32,127,352,1,0.816135
32,127,402,1,0.923960
32,127,452,1,0.937445
32,127,502,1,0.797152
32,127,552,1,0.945658
32,127,602,1,0.751947
32,127,652,1,0.787415
32,127,702,1,0.791399
32,127,752,1,0.820306
32,127,802,1,0.490590
32,127,852,1,1.049964
32,127,902,1,0.927469
32,127,952,1,0.924794
32,127,1002,1,0.461515
32,127,1052,1,0.823495
32,127,1102,1,0.812044
32,127,1152,1,0.973509
32,127,1202,1,0.355404
32,127,1252,1,0.757057
32,127,1302,1,0.284948
32,127,1352,1,0.282336
32,127,1402,1,0.798003
32,127,1452,1,0.365451
32,127,1502,1,0.367870
32,127,1552,1,0.155057
32,127,1602,1,0.287206
32,127,1652,1,0.175661
32,127,1702,1,0.321442
32,127,1752,1,0.369566
32,127,1802,1,0.168690
32,127,1852,1,0.147144
32,127,1902,1,0.251611
32,127,1952,1,0.799580
32,127,2002,1,0.180688
32,127,2052,1,0.350010
32,127,2102,1,0.122942
32,127,2152,1,0.298377
32,127,2202,1,0.299735
32,127,2252,1,0.338321
32,127,2302,1,0.297214
32,127,2352,1,0.193753
32,127,2402,1,0.331151
32,127,2452,1,0.239058
32,127,2502,1,0.342972
32,127,2552,1,0.332439
32,127,2602,1,0.347420
32,127,2652,1,0.159518
32,127,2702,1,0.337459
32,127,2752,1,0.318351
32,127,2802,1,0.310364
32,127,2852,1,0.293082
32,127,2902,1,0.286393
32,127,2952,1,0.328192
32,127,3002,1,0.150253
32,127,3052,1,0.328499
32,127,3102,1,0.200699
32,127,3152,1,0.170655
32,127,3202,1,0.304226
32,127,3252,1,0.327344
32,127,3302,1,0.341795
32,127,3352,1,0.298794
32,127,3402,1,0.331288
32,127,3452,1,0.345724
32,127,3502,1,0.146345
32,127,3552,1,0.160331
32,127,3602,1,0.399407
32,127,3652,1,0.262732
32,127,3702,1,0.311100
32,127,3752,1,0.312800
32,127,3802,1,0.185448
32,127,3852,1,0.374668
32,127,3902,1,0.141187
32,127,3952,1,0.154305
32,127,4002,1,0.187855
32,127,4052,1,0.309631
32,127,4102,1,0.310743
32,127,4152,1,0.312802
32,127,4202,1,0.390091
32,127,4252,1,0.298525
32,127,4302,1,0.210242
32,127,4352,1,0.364098
32,127,4402,1,0.216079
32,127,4452,1,0.235884
32,127,4502,1,0.149151
32,127,4552,1,0.334927
32,127,4602,1,0.210344
32,127,4652,1,0.418194
32,127,4702,1,0.315238
32,127,4752,1,0.185779
32,127,4802,1,0.160881
32,127,4852,1,0.365349
32,127,4902,1,0.173731
32,127,4952,1,0.317521
32,132,2,1,1.281751
32,132,52,1,0.988181
32,132,102,1,1.126866
32,132,152,1,1.041052
32,132,202,1,0.993165
32,132,252,1,0.928920
32,132,302,1,0.758440
32,132,352,1,0.918981
32,132,402,1,0.939394
32,132,452,1,0.939894
32,132,502,1,1.111309
32,132,552,1,0.726318
32,132,602,1,0.485198
32,132,652,1,0.962693
32,132,702,1,0.948204
32,132,752,1,0.920659
32,132,802,1,0.248242
32,132,852,1,0.786555
32,132,902,1,0.933780
32,132,952,1,0.719704
32,132,1002,1,0.320318
32,132,1052,1,0.824064
32,132,1102,1,0.328462
32,132,1152,1,0.506359
32,132,1202,1,0.749513
32,132,1252,1,0.356014
32,132,1302,1,0.744637
32,132,1352,1,0.295800
32,132,1402,1,0.365662
32,132,1452,1,0.242044
32,132,1502,1,0.378781
32,132,1552,1,0.970457
32,132,1602,1,0.352995
32,132,1652,1,0.370854
32,132,1702,1,0.326405
32,132,1752,1,0.353704
32,132,1802,1,0.396280
32,132,1852,1,0.254710
32,132,1902,1,0.487292
32,132,1952,1,0.776931
32,132,2002,1,0.268586
32,132,2052,1,0.289904
32,132,2102,1,0.306399
32,132,2152,1,0.271579
32,132,2202,1,0.150813
32,132,2252,1,0.197424
32,132,2302,1,0.155227
32,132,2352,1,0.288626
32,132,2402,1,0.344741
32,132,2452,1,0.310078
32,132,2502,1,0.295588
32,132,2552,1,0.303315
32,132,2602,1,0.377175
32,132,2652,1,0.251127
32,132,2702,1,0.241889
32,132,2752,1,0.338411
32,132,2802,1,0.371914
32,132,2852,1,0.311251
32,132,2902,1,0.354045
32,132,2952,1,0.302082
32,132,3002,1,0.164029
32,132,3052,1,0.222358
32,132,3102,1,0.222014
32,132,3152,1,0.217661
32,132,3202,1,0.358193
32,132,3252,1,0.409288
32,132,3302,1,0.335717
32,132,3352,1,0.112273
32,132,3402,1,0.171077
32,132,3452,1,0.175360
32,132,3502,1,0.208603
32,132,3552,1,0.155362
32,132,3602,1,0.179668
32,132,3652,1,0.323854
32,132,3702,1,0.302721
32,132,3752,1,0.365007
32,132,3802,1,0.333554
32,132,3852,1,0.351643
32,132,3902,1,0.148198
32,132,3952,1,0.286776
32,132,4002,1,0.236123
32,132,4052,1,0.238249
32,132,4102,1,0.192357
32,132,4152,1,0.168157
32,132,4202,1,0.198842
32,132,4252,1,0.354348
32,132,4302,1,0.138780
32,132,4352,1,0.261207
32,132,4402,1,0.313832
32,132,4452,1,0.226285
32,132,4502,1,0.213972
32,132,4552,1,0.163469
32,132,4602,1,0.351181
32,132,4652,1,0.260513
32,132,4702,1,0.400117
32,132,4752,1,0.335782
32,132,4802,1,0.317261
32,132,4852,1,0.317160
32,132,4902,1,0.208441
32,132,4952,1,0.318128
32,137,2,1,1.290416
32,137,52,1,1.239992
32,137,102,1,1.037480
32,137,152,1,1.061446
32,137,202,1,1.080303
32,137,252,1,0.916645
32,137,302,1,1.072506
32,137,352,1,0.929611
32,137,402,1,0.843461
32,137,452,1,0.755306
32,137,502,1,0.906032
32,137,552,1,1.086386
32,137,602,1,0.753677
32,137,652,1,0.922097
32,137,702,1,0.750305
32,137,752,1,0.774300
32,137,802,1,0.466606
32,137,852,1,0.778103
32,137,902,1,0.721111
32,137,952,1,0.761091
32,137,1002,1,0.814365
32,137,1052,1,0.930745
32,137,1102,1,0.515948
32,137,1152,1,0.274110
32,137,1202,1,0.338272
32,137,1252,1,0.361321
32,137,1302,1,0.739794
32,137,1352,1,0.821734
32,137,1402,1,0.300662
32,137,1452,1,0.750152
32,137,1502,1,0.333691
32,137,1552,1,0.340081
32,137,1602,1,0.320188
32,137,1652,1,0.373674
32,137,1702,1,0.345072
32,137,1752,1,0.304036
32,137,1802,1,0.358624
32,137,1852,1,0.339539
32,137,1902,1,0.780714
32,137,1952,1,0.351759
32,137,2002,1,0.335455
32,137,2052,1,0.243344
32,137,2102,1,0.153368
32,137,2152,1,0.291442
32,137,2202,1,0.399577
32,137,2252,1,0.252016
32,137,2302,1,0.292741
32,137,2352,1,0.329473
32,137,2402,1,0.181238
32,137,2452,1,0.362141
32,137,2502,1,0.166506
32,137,2552,1,0.348672
32,137,2602,1,0.126202
32,137,2652,1,0.356025
32,137,2702,1,0.183914
32,137,2752,1,0.190101
32,137,2802,1,0.334824
32,137,2852,1,0.359594
32,137,2902,1,0.307161
32,137,2952,1,0.183649
32,137,3002,1,0.233765
32,137,3052,1,0.156996
32,137,3102,1,0.384965
32,137,3152,1,0.301492
32,137,3202,1,0.312095
32,137,3252,1,0.243622
32,137,3302,1,0.161954
32,137,3352,1,0.317626
32,137,3402,1,0.298829
32,137,3452,1,0.362098
32,137,3502,1,0.301608
32,137,3552,1,0.419007
32,137,3602,1,0.392714
32,137,3652,1,0.239442
32,137,3702,1,0.198971
32,137,3752,1,0.340642
32,137,3802,1,0.181293
32,137,3852,1,0.342066
32,137,3902,1,0.323293
32,137,3952,1,0.320447
32,137,4002,1,0.334011
32,137,4052,1,0.312499
32,137,4102,1,0.333269
32,137,4152,1,0.309966
32,137,4202,1,0.291621
32,137,4252,1,0.210870
32,137,4302,1,0.175335
32,137,4352,1,0.168271
32,137,4402,1,0.157246
32,137,4452,1,0.386853
32,137,4502,1,0.110528
32,137,4552,1,0.324827
32,137,4602,1,0.190403
32,137,4652,1,0.351495
32,137,4702,1,0.266792
32,137,4752,1,0.157560
32,137,4802,1,0.147629
32,137,4852,1,0.151999
32,137,4902,1,0.307490
32,137,4952,1,0.339539
32,142,2,1,1.305809
32,142,52,1,1.083435
32,142,102,1,0.931098
32,142,152,1,1.040818
32,142,202,1,0.761209
32,142,252,1,1.167114
32,142,302,1,1.052865
32,142,352,1,0.980395
32,142,402,1,0.923549
32,142,452,1,0.774643
32,142,502,1,1.074714
32,142,552,1,0.802666
32,142,602,1,1.047107
32,142,652,1,0.486119
32,142,702,1,0.777026
32,142,752,1,0.450393
32,142,802,1,0.946034
32,142,852,1,0.764654
32,142,902,1,0.761374
32,142,952,1,0.459960
32,142,1002,1,0.463819
32,142,1052,1,0.756172
32,142,1102,1,0.463392
32,142,1152,1,0.462413
32,142,1202,1,0.960512
32,142,1252,1,0.339321
32,142,1302,1,0.361193
32,142,1352,1,0.310878
32,142,1402,1,0.346935
32,142,1452,1,0.973897
32,142,1502,1,0.133477
32,142,1552,1,0.825678
32,142,1602,1,0.179244
32,142,1652,1,0.331833
32,142,1702,1,0.178665
32,142,1752,1,0.490925
32,142,1802,1,0.966470
32,142,1852,1,0.309338
32,142,1902,1,0.783135
32,142,1952,1,0.312542
32,142,2002,1,0.466825
32,142,2052,1,0.177588
32,142,2102,1,0.327246
32,142,2152,1,0.203941
32,142,2202,1,0.294391
32,142,2252,1,0.331233
32,142,2302,1,0.376077
32,142,2352,1,0.312334
32,142,2402,1,0.218884
32,142,2452,1,0.341504
32,142,2502,1,0.328539
32,142,2552,1,0.164719
32,142,2602,1,0.378003
32,142,2652,1,0.123518
32,142,2702,1,0.243479
32,142,2752,1,0.259511
32,142,2802,1,0.366199
32,142,2852,1,0.307392
32,142,2902,1,0.341829
32,142,2952,1,0.337692
32,142,3002,1,0.332456
32,142,3052,1,0.333414
32,142,3102,1,0.307226
32,142,3152,1,0.321593
32,142,3202,1,0.354245
32,142,3252,1,0.184313
32,142,3302,1,0.296169
32,142,3352,1,0.375943
32,142,3402,1,0.324493
32,142,3452,1,0.395279
32,142,3502,1,0.307407
32,142,3552,1,0.188238
32,142,3602,1,0.325202
32,142,3652,1,0.311128
32,142,3702,1,0.344839
32,142,3752,1,0.357175
32,142,3802,1,0.142728
32,142,3852,1,0.148477
32,142,3902,1,0.388082
32,142,3952,1,0.323951
32,142,4002,1,0.363650
32,142,4052,1,0.293205
32,142,4102,1,0.185569
32,142,4152,1,0.417869
32,142,4202,1,0.316013
32,142,4252,1,0.205114
32,142,4302,1,0.169936
32,142,4352,1,0.247296
32,142,4402,1,0.137935
32,142,4452,1,0.341633
32,142,4502,1,0.374085
32,142,4552,1,0.134302
32,142,4602,1,0.172799
32,142,4652,1,0.367882
32,142,4702,1,0.147545
32,142,4752,1,0.163831
32,142,4802,1,0.152460
32,142,4852,1,0.244233
32,142,4902,1,0.304234
32,142,4952,1,0.294727
32,147,2,1,1.305615
32,147,52,1,1.241658
32,147,102,1,0.918163
32,147,152,1,0.915579
32,147,202,1,0.932909
32,147,252,1,0.922975
32,147,302,1,0.804757
32,147,352,1,1.005753
32,147,402,1,0.491777
32,147,452,1,0.925459
32,147,502,1,0.596990
32,147,552,1,0.762010
32,147,602,1,0.773411
32,147,652,1,0.840484
32,147,702,1,0.745816
32,147,752,1,0.948328
32,147,802,1,0.743936
32,147,852,1,0.763875
32,147,902,1,0.344395
32,147,952,1,0.772903
32,147,1002,1,0.805608
32,147,1052,1,0.775642
32,147,1102,1,0.712988
32,147,1152,1,0.720270
32,147,1202,1,0.932145
32,147,1252,1,0.332790
32,147,1302,1,0.564789
32,147,1352,1,0.300518
32,147,1402,1,0.144307
32,147,1452,1,0.348051
32,147,1502,1,0.355542
32,147,1552,1,0.494113
32,147,1602,1,0.328163
32,147,1652,1,0.359243
32,147,1702,1,0.289018
32,147,1752,1,0.148233
32,147,1802,1,0.472935
32,147,1852,1,0.360862
32,147,1902,1,0.371178
32,147,1952,1,0.331725
32,147,2002,1,0.183339
32,147,2052,1,0.231764
32,147,2102,1,0.297742
32,147,2152,1,0.163270
32,147,2202,1,0.327169
32,147,2252,1,0.314713
32,147,2302,1,0.329119
32,147,2352,1,0.326521
32,147,2402,1,0.324540
32,147,2452,1,0.287585
32,147,2502,1,0.369231
32,147,2552,1,0.185466
32,147,2602,1,0.168299
32,147,2652,1,0.263735
32,147,2702,1,0.337305
32,147,2752,1,0.287608
32,147,2802,1,0.345522
32,147,2852,1,0.332518
32,147,2902,1,0.340788
32,147,2952,1,0.326533
32,147,3002,1,0.180637
32,147,3052,1,0.313126
32,147,3102,1,0.139167
32,147,3152,1,0.180410
32,147,3202,1,0.386483
32,147,3252,1,0.385099
32,147,3302,1,0.191557
32,147,3352,1,0.166531
32,147,3402,1,0.313733
32,147,3452,1,0.371222
32,147,3502,1,0.169763
32,147,3552,1,0.289945
32,147,3602,1,0.371224
32,147,3652,1,0.267358
32,147,3702,1,0.365059
32,147,3752,1,0.144535
32,147,3802,1,0.344070
32,147,3852,1,0.157308
32,147,3902,1,0.188195
32,147,3952,1,0.355587
32,147,4002,1,0.152654
32,147,4052,1,0.363464
32,147,4102,1,0.123951
32,147,4152,1,0.201867
32,147,4202,1,0.132674
32,147,4252,1,0.356154
32,147,4302,1,0.141005
32,147,4352,1,0.153501
32,147,4402,1,0.302567
32,147,4452,1,0.211295
32,147,4502,1,0.292072
32,147,4552,1,0.310573
32,147,4602,1,0.295746
32,147,4652,1,0.177892
32,147,4702,1,0.140864
32,147,4752,1,0.191633
32,147,4802,1,0.150447
32,147,4852,1,0.149670
32,147,4902,1,0.217570
32,147,4952,1,0.181343
32,152,2,1,1.291917
32,152,52,1,1.059275
32,152,102,1,1.236468
32,152,152,1,1.056208
32,152,202,1,0.942290
32,152,252,1,0.976951
32,152,302,1,1.086537
32,152,352,1,0.779939
32,152,402,1,0.948074
32,152,452,1,0.749032
32,152,502,1,1.063724
32,152,552,1,0.931192
32,152,602,1,0.927409
32,152,652,1,0.766167
32,152,702,1,0.731684
32,152,752,1,0.485621
32,152,802,1,0.953443
32,152,852,1,0.764588
32,152,902,1,0.503974
32,152,952,1,0.819524
32,152,1002,1,0.800597
32,152,1052,1,0.766663
32,152,1102,1,0.464157
32,152,1152,1,0.488446
32,152,1202,1,0.353943
32,152,1252,1,0.738909
32,152,1302,1,0.462048
32,152,1352,1,0.393633
32,152,1402,1,0.325300
32,152,1452,1,0.373406
32,152,1502,1,0.326778
32,152,1552,1,0.459805
32,152,1602,1,0.283349
32,152,1652,1,0.344183
32,152,1702,1,0.346141
32,152,1752,1,0.154482
32,152,1802,1,0.329639
32,152,1852,1,0.391337
32,152,1902,1,0.376982
32,152,1952,1,0.325286
32,152,2002,1,0.315515
32,152,2052,1,0.354173
32,152,2102,1,0.173988
32,152,2152,1,0.328944
32,152,2202,1,0.371768
32,152,2252,1,0.347556
32,152,2302,1,0.156740
32,152,2352,1,0.315440
32,152,2402,1,0.156903
32,152,2452,1,0.392979
32,152,2502,1,0.153815
32,152,2552,1,0.308996
32,152,2602,1,0.163005
32,152,2652,1,0.170082
32,152,2702,1,0.289333
32,152,2752,1,0.436454
32,152,2802,1,0.109147
32,152,2852,1,0.160531
32,152,2902,1,0.346729
32,152,2952,1,0.308672
32,152,3002,1,0.304685
32,152,3052,1,0.148396
32,152,3102,1,0.358521
32,152,3152,1,0.313567
32,152,3202,1,0.337524
32,152,3252,1,0.353420
32,152,3302,1,0.328459
32,152,3352,1,0.178215
32,152,3402,1,0.368210
32,152,3452,1,0.402455
32,152,3502,1,0.339570
32,152,3552,1,0.331971
32,152,3602,1,0.139237
32,152,3652,1,0.191821
32,152,3702,1,0.193069
32,152,3752,1,0.315865
32,152,3802,1,0.143937
32,152,3852,1,0.312579
32,152,3902,1,0.358767
32,152,3952,1,0.315064
32,152,4002,1,0.322893
32,152,4052,1,0.405100
32,152,4102,1,0.374265
32,152,4152,1,0.160745
32,152,4202,1,0.221526
32,152,4252,1,0.324320
32,152,4302,1,0.242217
32,152,4352,1,0.256661
32,152,4402,1,0.175524
32,152,4452,1,0.362549
32,152,4502,1,0.144255
32,152,4552,1,0.233468
32,152,4602,1,0.255210
32,152,4652,1,0.213943
32,152,4702,1,0.236601
32,152,4752,1,0.342132
32,152,4802,1,0.165148
32,152,4852,1,0.168295
32,152,4902,1,0.327002
32,152,4952,1,0.288945
32,157,2,1,1.281003
32,157,52,1,1.006573
32,157,102,1,0.887431
32,157,152,1,0.940476
32,157,202,1,0.868699
32,157,252,1,0.769801
32,157,302,1,1.016305
32,157,352,1,0.821627
32,157,402,1,0.925474
32,157,452,1,0.946583
32,157,502,1,0.943049
32,157,552,1,0.791687
32,157,602,1,1.082538
32,157,652,1,0.782098
32,157,702,1,0.751274
32,157,752,1,1.014292
32,157,802,1,0.486910
32,157,852,1,0.967893
32,157,902,1,0.748133
32,157,952,1,0.457956
32,157,1002,1,0.776141
32,157,1052,1,0.510817
32,157,1102,1,0.159026
32,157,1152,1,1.084128
32,157,1202,1,0.769437
32,157,1252,1,0.716228
32,157,1302,1,0.147782
32,157,1352,1,0.968018
32,157,1402,1,0.368133
32,157,1452,1,0.245130
32,157,1502,1,0.463222
32,157,1552,1,0.388415
32,157,1602,1,0.752964
32,157,1652,1,0.231491
32,157,1702,1,0.361539
32,157,1752,1,0.123308
32,157,1802,1,0.384538
32,157,1852,1,0.335310
32,157,1902,1,0.251830
32,157,1952,1,0.302667
32,157,2002,1,0.245087
32,157,2052,1,0.286714
32,157,2102,1,0.367846
32,157,2152,1,0.248667
32,157,2202,1,0.325843
32,157,2252,1,0.339046
32,157,2302,1,0.164113
32,157,2352,1,0.198332
32,157,2402,1,0.338514
32,157,2452,1,0.348609
32,157,2502,1,0.292182
32,157,2552,1,0.140551
32,157,2602,1,0.331139
32,157,2652,1,0.187727
32,157,2702,1,0.304135
32,157,2752,1,0.287699
32,157,2802,1,0.355581
32,157,2852,1,0.339325
32,157,2902,1,0.186570
32,157,2952,1,0.289787
32,157,3002,1,0.331045
32,157,3052,1,0.141034
32,157,3102,1,0.363184
32,157,3152,1,0.310326
32,157,3202,1,0.203764
32,157,3252,1,0.400683
32,157,3302,1,0.176931
32,157,3352,1,0.391633
32,157,3402,1,0.317880
32,157,3452,1,0.294154
32,157,3502,1,0.157763
32,157,3552,1,0.344295
32,157,3602,1,0.341597
32,157,3652,1,0.125367
32,157,3702,1,0.325333
32,157,3752,1,0.383930
32,157,3802,1,0.361691
32,157,3852,1,0.140347
32,157,3902,1,0.230034
32,157,3952,1,0.299901
32,157,4002,1,0.215022
32,157,4052,1,0.235663
32,157,4102,1,0.143188
32,157,4152,1,0.180642
32,157,4202,1,0.319834
32,157,4252,1,0.337972
32,157,4302,1,0.313408
32,157,4352,1,0.359954
32,157,4402,1,0.323489
32,157,4452,1,0.341754
32,157,4502,1,0.184836
32,157,4552,1,0.143431
32,157,4602,1,0.162573
32,157,4652,1,0.319046
32,157,4702,1,0.187277
32,157,4752,1,0.359430
32,157,4802,1,0.363080
32,157,4852,1,0.173875
32,157,4902,1,0.108187
32,157,4952,1,0.303478
32,162,2,1,1.284116
32,162,52,1,1.118898
32,162,102,1,0.927445
32,162,152,1,1.073553
32,162,202,1,1.251259
32,162,252,1,0.693377
32,162,302,1,0.944877
32,162,352,1,0.955625
32,162,402,1,0.817435
32,162,452,1,1.107756
32,162,502,1,0.775715
32,162,552,1,1.052314
32,162,602,1,0.928247
32,162,652,1,0.870864
32,162,702,1,0.932661
32,162,752,1,0.754375
32,162,802,1,0.753815
32,162,852,1,0.928854
32,162,902,1,0.460366
32,162,952,1,0.728239
32,162,1002,1,0.779646
32,162,1052,1,0.675147
32,162,1102,1,0.953814
32,162,1152,1,0.179585
32,162,1202,1,0.856559
32,162,1252,1,0.763728
32,162,1302,1,0.311010
32,162,1352,1,0.779650
32,162,1402,1,0.456919
32,162,1452,1,0.772077
32,162,1502,1,0.755695
32,162,1552,1,0.744466
32,162,1602,1,0.374326
32,162,1652,1,0.154799
32,162,1702,1,0.223961
32,162,1752,1,0.354916
32,162,1802,1,0.174099
32,162,1852,1,0.341984
32,162,1902,1,0.365353
32,162,1952,1,0.200941
32,162,2002,1,0.281938
32,162,2052,1,0.207998
32,162,2102,1,0.341481
32,162,2152,1,0.155822
32,162,2202,1,0.178616
32,162,2252,1,0.152534
32,162,2302,1,0.347127
32,162,2352,1,0.229762
32,162,2402,1,0.359775
32,162,2452,1,0.125257
32,162,2502,1,0.298262
32,162,2552,1,0.326284
32,162,2602,1,0.288196
32,162,2652,1,0.407167
32,162,2702,1,0.339119
32,162,2752,1,0.286141
32,162,2802,1,0.319207
32,162,2852,1,0.295996
32,162,2902,1,0.344064
32,162,2952,1,0.368091
32,162,3002,1,0.298335
32,162,3052,1,0.161905
32,162,3102,1,0.393604
32,162,3152,1,0.157198
32,162,3202,1,0.353634
32,162,3252,1,0.166287
32,162,3302,1,0.139576
32,162,3352,1,0.322438
32,162,3402,1,0.211042
32,162,3452,1,0.094752
32,162,3502,1,0.345530
32,162,3552,1,0.347495
32,162,3602,1,0.233952
32,162,3652,1,0.152791
32,162,3702,1,0.307197
32,162,3752,1,0.134088
32,162,3802,1,0.292457
32,162,3852,1,0.322558
32,162,3902,1,0.156965
32,162,3952,1,0.210452
32,162,4002,1,0.134380
32,162,4052,1,0.361883
32,162,4102,1,0.145212
32,162,4152,1,0.176008
32,162,4202,1,0.162821
32,162,4252,1,0.325987
32,162,4302,1,0.184817
32,162,4352,1,0.219465
32,162,4402,1,0.327266
32,162,4452,1,0.202670
32,162,4502,1,0.213991
32,162,4552,1,0.117615
32,162,4602,1,0.329448
32,162,4652,1,0.223838
32,162,4702,1,0.183840
32,162,4752,1,0.329674
32,162,4802,1,0.226262
32,162,4852,1,0.267693
32,162,4902,1,0.146331
32,162,4952,1,0.343742
32,167,2,1,1.321064
32,167,52,1,1.319665
32,167,102,1,0.756871
32,167,152,1,1.238254
32,167,202,1,0.952302
32,167,252,1,1.079345
32,167,302,1,0.764243
32,167,352,1,1.081925
32,167,402,1,0.845700
32,167,452,1,1.189085
32,167,502,1,0.734763
32,167,552,1,0.933628
32,167,602,1,0.489838
32,167,652,1,0.485272
32,167,702,1,0.463016
32,167,752,1,0.797767
32,167,802,1,0.931571
32,167,852,1,0.781858
32,167,902,1,0.466784
32,167,952,1,1.064700
32,167,1002,1,0.938960
32,167,1052,1,0.769126
32,167,1102,1,0.337318
32,167,1152,1,0.684401
32,167,1202,1,0.487096
32,167,1252,1,0.961942
32,167,1302,1,0.338088
32,167,1352,1,0.780343
32,167,1402,1,0.714112
32,167,1452,1,0.177701
32,167,1502,1,0.800670
32,167,1552,1,0.349667
32,167,1602,1,0.350446
32,167,1652,1,0.971236
32,167,1702,1,0.354172
32,167,1752,1,0.330105
32,167,1802,1,0.346955
32,167,1852,1,0.192950
32,167,1902,1,0.161358
32,167,1952,1,0.348301
32,167,2002,1,0.166287
32,167,2052,1,0.758307
32,167,2102,1,0.387618
32,167,2152,1,0.331750
32,167,2202,1,0.341681
32,167,2252,1,0.177196
32,167,2302,1,0.495909
32,167,2352,1,0.373841
32,167,2402,1,0.311749
32,167,2452,1,0.340058
32,167,2502,1,0.139185
32,167,2552,1,0.340431
32,167,2602,1,0.165531
32,167,2652,1,0.344866
32,167,2702,1,0.297273
32,167,2752,1,0.361330
32,167,2802,1,0.264737
32,167,2852,1,0.305836
32,167,2902,1,0.303343
32,167,2952,1,0.152643
32,167,3002,1,0.159317
32,167,3052,1,0.356474
32,167,3102,1,0.204826
32,167,3152,1,0.160813
32,167,3202,1,0.361680
32,167,3252,1,0.322596
32,167,3302,1,0.327709
32,167,3352,1,0.157159
32,167,3402,1,0.292155
32,167,3452,1,0.246508
32,167,3502,1,0.366583
32,167,3552,1,0.381520
32,167,3602,1,0.311076
32,167,3652,1,0.203099
32,167,3702,1,0.426788
32,167,3752,1,0.112702
32,167,3802,1,0.309333
32,167,3852,1,0.333848
32,167,3902,1,0.153623
32,167,3952,1,0.378179
32,167,4002,1,0.191854
32,167,4052,1,0.200875
32,167,4102,1,0.305598
32,167,4152,1,0.389830
32,167,4202,1,0.359415
32,167,4252,1,0.209426
32,167,4302,1,0.166894
32,167,4352,1,0.375612
32,167,4402,1,0.290993
32,167,4452,1,0.149877
32,167,4502,1,0.165397
32,167,4552,1,0.305727
32,167,4602,1,0.153661
32,167,4652,1,0.318435
32,167,4702,1,0.158334
32,167,4752,1,0.396939
32,167,4802,1,0.175934
32,167,4852,1,0.379242
32,167,4902,1,0.185548
32,167,4952,1,0.323350
32,172,2,1,1.289315
32,172,52,1,1.177185
32,172,102,1,0.914940
32,172,152,1,1.056767
32,172,202,1,0.929413
32,172,252,1,0.923834
32,172,302,1,0.927739
32,172,352,1,0.927274
32,172,402,1,0.932053
32,172,452,1,0.787397
32,172,502,1,1.055767
32,172,552,1,0.474470
32,172,602,1,0.786389
32,172,652,1,1.031860
32,172,702,1,0.781887
32,172,752,1,0.735185
32,172,802,1,1.076652
32,172,852,1,0.485395
32,172,902,1,0.819439
32,172,952,1,0.939778
32,172,1002,1,0.712217
32,172,1052,1,0.326290
32,172,1102,1,0.379764
32,172,1152,1,0.274570
32,172,1202,1,0.465625
32,172,1252,1,0.350425
32,172,1302,1,0.346751
32,172,1352,1,0.342359
32,172,1402,1,0.491055
32,172,1452,1,0.705847
32,172,1502,1,0.178357
32,172,1552,1,0.491162
32,172,1602,1,0.324511
32,172,1652,1,0.343916
32,172,1702,1,0.383136
32,172,1752,1,0.246729
32,172,1802,1,0.286773
32,172,1852,1,0.329979
32,172,1902,1,0.370853
32,172,1952,1,0.213371
32,172,2002,1,0.344211
32,172,2052,1,0.202611
32,172,2102,1,0.325807
32,172,2152,1,0.397616
32,172,2202,1,0.329886
32,172,2252,1,0.219898
32,172,2302,1,0.291950
32,172,2352,1,0.165577
32,172,2402,1,0.308324
32,172,2452,1,0.308964
32,172,2502,1,0.353538
32,172,2552,1,0.197440
32,172,2602,1,0.124203
32,172,2652,1,0.210958
32,172,2702,1,0.361213
32,172,2752,1,0.215295
32,172,2802,1,0.297581
32,172,2852,1,0.330584
32,172,2902,1,0.320001
32,172,2952,1,0.393873
32,172,3002,1,0.164867
32,172,3052,1,0.168302
32,172,3102,1,0.322172
32,172,3152,1,0.325285
32,172,3202,1,0.295757
32,172,3252,1,0.300575
32,172,3302,1,0.254358
32,172,3352,1,0.321214
32,172,3402,1,0.304189
32,172,3452,1,0.162657
32,172,3502,1,0.140788
32,172,3552,1,0.266203
32,172,3602,1,0.153369
32,172,3652,1,0.333223
32,172,3702,1,0.329246
32,172,3752,1,0.398494
32,172,3802,1,0.317337
32,172,3852,1,0.370458
32,172,3902,1,0.382682
32,172,3952,1,0.148598
32,172,4002,1,0.111244
32,172,4052,1,0.209932
32,172,4102,1,0.205929
32,172,4152,1,0.302870
32,172,4202,1,0.163092
32,172,4252,1,0.206331
32,172,4302,1,0.160344
32,172,4352,1,0.332047
32,172,4402,1,0.321897
32,172,4452,1,0.206375
32,172,4502,1,0.169246
32,172,4552,1,0.167320
32,172,4602,1,0.173247
32,172,4652,1,0.238689
32,172,4702,1,0.330906
32,172,4752,1,0.343758
32,172,4802,1,0.115009
32,172,4852,1,0.186281
32,172,4902,1,0.380816
32,172,4952,1,0.218098
32,177,2,1,1.338771
32,177,52,1,0.994604
32,177,102,1,1.223987
32,177,152,1,1.005268
32,177,202,1,0.936544
32,177,252,1,1.072538
32,177,302,1,1.053253
32,177,352,1,0.944767
32,177,402,1,0.937409
32,177,452,1,0.460694
32,177,502,1,1.125166
32,177,552,1,1.081518
32,177,602,1,0.760439
32,177,652,1,0.946154
32,177,702,1,0.461934
32,177,752,1,0.800329
32,177,802,1,1.017087
32,177,852,1,0.747889
32,177,902,1,0.458971
32,177,952,1,0.942763
32,177,1002,1,0.515339
32,177,1052,1,0.944842
32,177,1102,1,0.721427
32,177,1152,1,0.371229
32,177,1202,1,0.338438
32,177,1252,1,0.316559
32,177,1302,1,0.495295
32,177,1352,1,0.181241
32,177,1402,1,0.187489
32,177,1452,1,0.344738
32,177,1502,1,0.754704
32,177,1552,1,0.218894
32,177,1602,1,0.309363
32,177,1652,1,0.369491
32,177,1702,1,0.232023
32,177,1752,1,0.783143
32,177,1802,1,0.167997
32,177,1852,1,0.334133
32,177,1902,1,0.305180
32,177,1952,1,0.329389
32,177,2002,1,0.174513
32,177,2052,1,0.113724
32,177,2102,1,0.168796
32,177,2152,1,0.331589
32,177,2202,1,0.325570
32,177,2252,1,0.310749
32,177,2302,1,0.343295
32,177,2352,1,0.352184
32,177,2402,1,0.437087
32,177,2452,1,0.171650
32,177,2502,1,0.290216
32,177,2552,1,0.348083
32,177,2602,1,0.317524
32,177,2652,1,0.137961
32,177,2702,1,0.345077
32,177,2752,1,0.199722
32,177,2802,1,0.131101
32,177,2852,1,0.338263
32,177,2902,1,0.160254
32,177,2952,1,0.179849
32,177,3002,1,0.277549
32,177,3052,1,0.322961
32,177,3102,1,0.176720
32,177,3152,1,0.165233
32,177,3202,1,0.345607
32,177,3252,1,0.295228
32,177,3302,1,0.303018
32,177,3352,1,0.291119
32,177,3402,1,0.320001
32,177,3452,1,0.306166
32,177,3502,1,0.243892
32,177,3552,1,0.323516
32,177,3602,1,0.229924
32,177,3652,1,0.281104
32,177,3702,1,0.406709
32,177,3752,1,0.174425
32,177,3802,1,0.313666
32,177,3852,1,0.319361
32,177,3902,1,0.182269
32,177,3952,1,0.174664
32,177,4002,1,0.324394
32,177,4052,1,0.301770
32,177,4102,1,0.164158
32,177,4152,1,0.339001
32,177,4202,1,0.146030
32,177,4252,1,0.148994
32,177,4302,1,0.330992
32,177,4352,1,0.320660
32,177,4402,1,0.340672
32,177,4452,1,0.232109
32,177,4502,1,0.358266
32,177,4552,1,0.135276
32,177,4602,1,0.236931
32,177,4652,1,0.184317
32,177,4702,1,0.175035
32,177,4752,1,0.322425
32,177,4802,1,0.248872
32,177,4852,1,0.235336
32,177,4902,1,0.323952
32,177,4952,1,0.249019
32,182,2,1,1.291676
32,182,52,1,0.924205
32,182,102,1,0.930513
32,182,152,1,0.917572
32,182,202,1,0.920204
32,182,252,1,0.748274
32,182,302,1,0.926285
32,182,352,1,0.960469
32,182,402,1,0.758795
32,182,452,1,0.774662
32,182,502,1,0.997438
32,182,552,1,0.931731
32,182,602,1,0.930794
32,182,652,1,0.946601
32,182,702,1,0.461174
32,182,752,1,0.579400
32,182,802,1,0.498852
32,182,852,1,0.783431
32,182,902,1,0.935527
32,182,952,1,0.748999
32,182,1002,1,0.815666
32,182,1052,1,0.757638
32,182,1102,1,0.927891
32,182,1152,1,0.759603
32,182,1202,1,0.946967
32,182,1252,1,0.459193
32,182,1302,1,0.327256
32,182,1352,1,0.274925
32,182,1402,1,0.749996
32,182,1452,1,0.157870
32,182,1502,1,0.167831
32,182,1552,1,0.783431
32,182,1602,1,0.362826
32,182,1652,1,0.351706
32,182,1702,1,0.305839
32,182,1752,1,0.753279
32,182,1802,1,0.490569
32,182,1852,1,0.406086
32,182,1902,1,0.285614
32,182,1952,1,0.462709
32,182,2002,1,0.314977
32,182,2052,1,0.330021
32,182,2102,1,0.281037
32,182,2152,1,0.189645
32,182,2202,1,0.292426
32,182,2252,1,0.294582
32,182,2302,1,0.306366
32,182,2352,1,0.341075
32,182,2402,1,0.341920
32,182,2452,1,0.305966
32,182,2502,1,0.353720
32,182,2552,1,0.165571
32,182,2602,1,0.318132
32,182,2652,1,0.162942
32,182,2702,1,0.316825
32,182,2752,1,0.351048
32,182,2802,1,0.322029
32,182,2852,1,0.407070
32,182,2902,1,0.335499
32,182,2952,1,0.182299
32,182,3002,1,0.317458
32,182,3052,1,0.163265
32,182,3102,1,0.183000
32,182,3152,1,0.168044
32,182,3202,1,0.166452
32,182,3252,1,0.390952
32,182,3302,1,0.117695
32,182,3352,1,0.311528
32,182,3402,1,0.319071
32,182,3452,1,0.317990
32,182,3502,1,0.374205
32,182,3552,1,0.342218
32,182,3602,1,0.311497
32,182,3652,1,0.337727
32,182,3702,1,0.375569
32,182,3752,1,0.231986
32,182,3802,1,0.163996
32,182,3852,1,0.324676
32,182,3902,1,0.354626
32,182,3952,1,0.348413
32,182,4002,1,0.398177
32,182,4052,1,0.164886
32,182,4102,1,0.219779
32,182,4152,1,0.278611
32,182,4202,1,0.310727
32,182,4252,1,0.375715
32,182,4302,1,0.293313
32,182,4352,1,0.331338
32,182,4402,1,0.372755
32,182,4452,1,0.403098
32,182,4502,1,0.361937
32,182,4552,1,0.205149
32,182,4602,1,0.152208
32,182,4652,1,0.316437
32,182,4702,1,0.181847
32,182,4752,1,0.360750
32,182,4802,1,0.206639
32,182,4852,1,0.370303
32,182,4902,1,0.303158
32,182,4952,1,0.374505
32,187,2,1,1.271763
32,187,52,1,1.223376
32,187,102,1,0.978429
32,187,152,1,1.051972
32,187,202,1,1.069955
32,187,252,1,1.040201
32,187,302,1,1.104990
32,187,352,1,0.947145
32,187,402,1,0.963278
32,187,452,1,0.820638
32,187,502,1,0.815058
32,187,552,1,0.928302
32,187,602,1,1.056707
32,187,652,1,0.945775
32,187,702,1,0.938320
32,187,752,1,0.462257
32,187,802,1,1.083888
32,187,852,1,0.712230
32,187,902,1,0.342676
32,187,952,1,0.771034
32,187,1002,1,0.336028
32,187,1052,1,0.651789
32,187,1102,1,0.319713
32,187,1152,1,0.331424
32,187,1202,1,0.865116
32,187,1252,1,0.304999
32,187,1302,1,0.970266
32,187,1352,1,0.942994
32,187,1402,1,0.748994
32,187,1452,1,0.699036
32,187,1502,1,0.253166
32,187,1552,1,0.338672
32,187,1602,1,0.308163
32,187,1652,1,0.294943
32,187,1702,1,0.152244
32,187,1752,1,0.292783
32,187,1802,1,0.310139
32,187,1852,1,0.146993
32,187,1902,1,0.251039
32,187,1952,1,0.354766
32,187,2002,1,0.326482
32,187,2052,1,0.302739
32,187,2102,1,0.342826
32,187,2152,1,0.327041
32,187,2202,1,0.331492
32,187,2252,1,0.144380
32,187,2302,1,0.284590
32,187,2352,1,0.316092
32,187,2402,1,0.301442
32,187,2452,1,0.302426
32,187,2502,1,0.405756
32,187,2552,1,0.219687
32,187,2602,1,0.289262
32,187,2652,1,0.165118
32,187,2702,1,0.343887
32,187,2752,1,0.381956
32,187,2802,1,0.269582
32,187,2852,1,0.299596
32,187,2902,1,0.186361
32,187,2952,1,0.385486
32,187,3002,1,0.317531
32,187,3052,1,0.366999
32,187,3102,1,0.355745
32,187,3152,1,0.315599
32,187,3202,1,0.141312
32,187,3252,1,0.145154
32,187,3302,1,0.209688
32,187,3352,1,0.399833
32,187,3402,1,0.178331
32,187,3452,1,0.415999
32,187,3502,1,0.345545
32,187,3552,1,0.180106
32,187,3602,1,0.148704
32,187,3652,1,0.338334
32,187,3702,1,0.164294
32,187,3752,1,0.299102
32,187,3802,1,0.208658
32,187,3852,1,0.149657
32,187,3902,1,0.183554
32,187,3952,1,0.214780
32,187,4002,1,0.388376
32,187,4052,1,0.393614
32,187,4102,1,0.212757
32,187,4152,1,0.255505
32,187,4202,1,0.138738
32,187,4252,1,0.262594
32,187,4302,1,0.363129
32,187,4352,1,0.297837
32,187,4402,1,0.206687
32,187,4452,1,0.321898
32,187,4502,1,0.343946
32,187,4552,1,0.297541
32,187,4602,1,0.303430
32,187,4652,1,0.393030
32,187,4702,1,0.369047
32,187,4752,1,0.296385
32,187,4802,1,0.194444
32,187,4852,1,0.318426
32,187,4902,1,0.181171
32,187,4952,1,0.216975
32,192,2,1,1.140186
32,192,52,1,1.129952
32,192,102,1,1.111698
32,192,152,1,1.082099
32,192,202,1,0.843967
32,192,252,1,0.751957
32,192,302,1,1.107175
32,192,352,1,0.927017
32,192,402,1,0.824333
32,192,452,1,0.942845
32,192,502,1,1.086340
32,192,552,1,1.109627
32,192,602,1,0.859868
32,192,652,1,0.755526
32,192,702,1,0.757007
32,192,752,1,0.752277
32,192,802,1,0.450388
32,192,852,1,0.793270
32,192,902,1,0.761860
32,192,952,1,0.820292
32,192,1002,1,0.485473
32,192,1052,1,0.378003
32,192,1102,1,0.959530
32,192,1152,1,0.747631
32,192,1202,1,0.462793
32,192,1252,1,0.967225
32,192,1302,1,0.336593
32,192,1352,1,0.738924
32,192,1402,1,0.763868
32,192,1452,1,0.774466
32,192,1502,1,0.303207
32,192,1552,1,0.299148
32,192,1602,1,0.222013
32,192,1652,1,0.805108
32,192,1702,1,0.327271
32,192,1752,1,0.309044
32,192,1802,1,0.157806
32,192,1852,1,0.368860
32,192,1902,1,0.095400
32,192,1952,1,0.239440
32,192,2002,1,0.307891
32,192,2052,1,0.354293
32,192,2102,1,0.298741
32,192,2152,1,0.378562
32,192,2202,1,0.187599
32,192,2252,1,0.128425
32,192,2302,1,0.327536
32,192,2352,1,0.163065
32,192,2402,1,0.168313
32,192,2452,1,0.145862
32,192,2502,1,0.342500
32,192,2552,1,0.299693
32,192,2602,1,0.197006
32,192,2652,1,0.177302
32,192,2702,1,0.191874
32,192,2752,1,0.205705
32,192,2802,1,0.176336
32,192,2852,1,0.316194
32,192,2902,1,0.371839
32,192,2952,1,0.338591
32,192,3002,1,0.196389
32,192,3052,1,0.170472
32,192,3102,1,0.181370
32,192,3152,1,0.361423
32,192,3202,1,0.181005
32,192,3252,1,0.138021
32,192,3302,1,0.313233
32,192,3352,1,0.403339
32,192,3402,1,0.375229
32,192,3452,1,0.279764
32,192,3502,1,0.348410
32,192,3552,1,0.167306
32,192,3602,1,0.349172
32,192,3652,1,0.191545
32,192,3702,1,0.361098
32,192,3752,1,0.111902
32,192,3802,1,0.287639
32,192,3852,1,0.162109
32,192,3902,1,0.338286
32,192,3952,1,0.374801
32,192,4002,1,0.359951
32,192,4052,1,0.387141
32,192,4102,1,0.322401
32,192,4152,1,0.317955
32,192,4202,1,0.152961
32,192,4252,1,0.336135
32,192,4302,1,0.121766
32,192,4352,1,0.171788
32,192,4402,1,0.236149
32,192,4452,1,0.411520
32,192,4502,1,0.174118
32,192,4552,1,0.305213
32,192,4602,1,0.146375
32,192,4652,1,0.320806
32,192,4702,1,0.339916
32,192,4752,1,0.306565
32,192,4802,1,0.342962
32,192,4852,1,0.312274
32,192,4902,1,0.154894
32,192,4952,1,0.200162
32,197,2,1,1.309834
32,197,52,1,1.075483
32,197,102,1,1.007081
32,197,152,1,0.830584
32,197,202,1,0.932508
32,197,252,1,0.847432
32,197,302,1,1.075812
32,197,352,1,0.943272
32,197,402,1,0.740254
32,197,452,1,0.924356
32,197,502,1,1.082810
32,197,552,1,0.934024
32,197,602,1,0.748489
32,197,652,1,0.765060
32,197,702,1,0.918276
32,197,752,1,0.756013
32,197,802,1,0.482877
32,197,852,1,1.049336
32,197,902,1,0.462833
32,197,952,1,0.774705
32,197,1002,1,0.457924
32,197,1052,1,0.461577
32,197,1102,1,0.340909
32,197,1152,1,0.974031
32,197,1202,1,0.373165
32,197,1252,1,0.464626
32,197,1302,1,0.289944
32,197,1352,1,0.126907
32,197,1402,1,0.465262
32,197,1452,1,0.353605
32,197,1502,1,0.472783
32,197,1552,1,0.204549
32,197,1602,1,0.339715
32,197,1652,1,0.795112
32,197,1702,1,0.359235
32,197,1752,1,0.311486
32,197,1802,1,0.178792
32,197,1852,1,0.173506
32,197,1902,1,0.286551
32,197,1952,1,0.175711
32,197,2002,1,0.234459
32,197,2052,1,0.289321
32,197,2102,1,0.152222
32,197,2152,1,0.341499
32,197,2202,1,0.292100
32,197,2252,1,0.308544
32,197,2302,1,0.254473
32,197,2352,1,0.285186
32,197,2402,1,0.202319
32,197,2452,1,0.189427
32,197,2502,1,0.290991
32,197,2552,1,0.341294
32,197,2602,1,0.300790
32,197,2652,1,0.299692
32,197,2702,1,0.205522
32,197,2752,1,0.171008
32,197,2802,1,0.317826
32,197,2852,1,0.347986
32,197,2902,1,0.353992
32,197,2952,1,0.134552
32,197,3002,1,0.226844
32,197,3052,1,0.210342
32,197,3102,1,0.181106
32,197,3152,1,0.409673
32,197,3202,1,0.304121
32,197,3252,1,0.289388
32,197,3302,1,0.313558
32,197,3352,1,0.314380
32,197,3402,1,0.213596
32,197,3452,1,0.146850
32,197,3502,1,0.394682
32,197,3552,1,0.163061
32,197,3602,1,0.217560
32,197,3652,1,0.299727
32,197,3702,1,0.192384
32,197,3752,1,0.323920
32,197,3802,1,0.354492
32,197,3852,1,0.321430
32,197,3902,1,0.149061
32,197,3952,1,0.161650
32,197,4002,1,0.278686
32,197,4052,1,0.148101
32,197,4102,1,0.343317
32,197,4152,1,0.291581
32,197,4202,1,0.125180
32,197,4252,1,0.316132
32,197,4302,1,0.163922
32,197,4352,1,0.154841
32,197,4402,1,0.095374
32,197,4452,1,0.332101
32,197,4502,1,0.356963
32,197,4552,1,0.294089
32,197,4602,1,0.199114
32,197,4652,1,0.206975
32,197,4702,1,0.156084
32,197,4752,1,0.163199
32,197,4802,1,0.155089
32,197,4852,1,0.165620
32,197,4902,1,0.353733
32,197,4952,1,0.355030
